car_id,model,version_extracted,year,price_million,odo,gearbox,fuel,body_type_clean,origin_clean,exterior_color,is_single_owner,seats_clean,image_folder,description
p30_s3_1774764661,Mazda 6,Unknown,1992.0,40.0,250000.0,Số sàn,Xăng,Sedan,Khác,Đen,False,5,car_p30_s3_1774764661,mazda 626.đời 1992. mạnh.lạnh.tốt. nội thất đẹp. giá cao nhé. bốn..chục triệu. vì xe rất chuẩn...
p30_s3_1774764661,Mazda 6,Unknown,1992.0,40.0,250000.0,Số sàn,Xăng,Sedan,Khác,Đen,False,5,car_p30_s3_1774764661,mazda 626.đời 1992. mạnh.lạnh.tốt. nội thất đẹp. giá cao nhé. bốn..chục triệu. vì xe rất chuẩn...
p8_s17_1774727810,Mazda 6,Unknown,1993.0,49.0,55000.0,Số sàn,Xăng,Sedan,Nhật Bản,Khác,True,5,car_p8_s17_1774727810,Mazda 626  chính chủ  máy số bao chất  lốp mới thay 4 quả mới ken  lạnh run người
p37_s4_1774766087,Mazda 6,Unknown,1995.0,29.99,266666.0,Số sàn,Xăng,Sedan,Việt Nam,Xám,False,5,car_p37_s4_1774766087,"Mazda 626 đời 1995 màu xám, xe cổ điển, bền bỉ.  - Động cơ vận hành ổn định.  - Phù hợp cho người thích sưu tầm xe."
p38_s5_1774766303,Mazda 3,Unknown,1995.0,40.0,12345.0,Số sàn,Xăng,Sedan,Khác,Đen,False,5,car_p38_s5_1774766303,"cần bán 323,xe máy móc gầm bệ chất, k mục,sơn mới cả xe,ae mua về dùng yên tâm, bao chạy bao quây đầu"
p50_s5_1774769037,Mazda 6,MT,1995.0,58.0,20000.0,Số sàn,Xăng,Sedan,Khác,Đen,False,5,car_p50_s5_1774769037,"Bán xe Mazda 626 màu đen, số sàn.  - Xe vận hành tốt, máy móc ổn định.  - Thiết kế cổ điển, bền bỉ.  - Phù hợp cho người thích xe số sàn."
p40_s7_1774766769,Mazda 6,2.0,1996.0,55.0,270000.0,Số sàn,Xăng,Sedan,Nhật Bản,Đen,False,4,car_p40_s7_1774766769,"đổi xe nên nhượng lai em mazda 626 sx 1996, đăng ký lần đầu 1999. máy 2.0. máy móc êm ru, máy lạnh teo, cam lùi, cam hành trình, màn hình an roi đầy đủ, chỉ việc đổ xăng là đi. giá mong muốn 55 tr . mua bán trực tiếp, miễn cò mồi. hỗ trợ ký giấy ủy quyền, sang tên. lh ***, ***, xem xe tại biên hòa, đối diện bv đakhoa đn."
p47_s9_1774768338,Mazda 6,Unknown,1997.0,39.5,150000.0,Số sàn,Xăng,Sedan,Nhật Bản,Cam,False,5,car_p47_s9_1774768338,"Mazda 626 nhập Nhật 97 Máy số êm, lạnh sâu Màn hình camera de, âm thanh đầy đủ Nội ngoại thất sạch đẹp Xe mới kiểm 06/26, bảo hiểm mới Bán nhanh giá rẻ, có giao xe trong vòng 200km Mua bán bao tranh chấp toàn quốc Xin gọi hoặc nt Hải 🤩🤩🤩 Mua bán trao đổi mọi loại xe"
p29_s10_1774764365,Mazda 3,Unknown,1999.0,58.5,200000.0,Số sàn,Xăng,Sedan,Khác,Trắng,True,5,car_p29_s10_1774764365,mazda 323 1999 ❤️ máy bao êm ru nha  máy số ngon lành xe sạch sẽ như hình nha  bs bình dương chính chủ ký giấy  bao ký nha anh em  giá 58tr5  có xe che nắng che mưa nha  bên e nhận giao lưu bù trừ giá hợp lý nha  alo ***  để biết thêm chi tiết
p21_s16_1774760803,Mazda Other,Unknown,2000.0,25.0,260000.0,Số sàn,Xăng,Unknown,Khác,Vàng,False,5,car_p21_s16_1774760803,"Đổi xe 7 chỗ, nhượng lại xe này cho ae chở con đi học. Xe hoạt động tốt, đang chở con đi học hằng ngày. Bên ngoài hơi xấu nhưng máy móc hoạt động tốt."
p25_s13_1774763636,Mazda 6,Unknown,2000.0,60.0,999999.0,Số sàn,Xăng,Kiểu dáng khác,Nhật Bản,Đen,False,5,car_p25_s13_1774763636,"Mazda 626 màu đen, xe 5 chỗ, thiết kế cổ điển, động cơ bền bỉ.   - Xe chạy êm, ít hỏng vặt.   - Phù hợp cho người thích xe đời cũ, dễ sửa chữa."
p42_s14_1774767270,Mazda Other,Unknown,2000.0,32.0,290000.0,Số sàn,Xăng,Sedan,Việt Nam,Đen,False,5,car_p42_s14_1774767270,kiểm mới máy số êm ái nhẹ nhàn  xe như hình bao chạy xa xem xe gần khu du lịch đại nam  ***
p26_s1_1774763708,Mazda 6,Unknown,2001.0,65.0,200000.0,Số sàn,Xăng,Sedan,Việt Nam,Khác,False,5,car_p26_s1_1774763708,Mazda 626 2001 Máy móc êm. Gương kính chỉnh điện đầy đủ. Mới đăng kiểm mức 5.
p34_s16_1774765631,Mazda 3,MT,2001.0,39.0,350000.0,Số sàn,Xăng,Sedan,Nhật Bản,Bạc,False,5,car_p34_s16_1774765631,xe sạch đẹp kiểm mới nội thất tươi xanh máy mới làm bao chạy đường dài cho ae yên tâm  bao hành máy móc 3 tháng cho ae sử dụng zalo em xem xe bình dương
p35_s0_1774765672,Mazda 6,Unknown,2001.0,42.0,198000.0,Số sàn,Xăng,Sedan,Khác,Xám,False,5,car_p35_s0_1774765672,bán xe mada626 xe đep bao chay bắc nam lạnh lẻo màn hình adroi a e nào mua vê tập lái alo nhé
p41_s5_1774766952,Mazda 6,Unknown,2001.0,70.0,200000.0,Số sàn,Xăng,Sedan,Khác,Xám,False,5,car_p41_s5_1774766952,"mazda 626 2001 mới đăng kiểm,máy,điều hòa bao êm,giá 70tr cho ae về đi tết"
p42_s13_1774767262,Mazda 6,Unknown,2002.0,60.0,10245.0,Số sàn,Xăng,Sedan,Nhật Bản,Khác,False,5,car_p42_s13_1774767262,Xe chạy tốt. Mọi chức năng ok. Bán lại cho ae chạy tết
p16_s7_1774759536,Mazda 6,2.0MT,2003.0,128.0,360000.0,Số sàn,Xăng,Sedan,Khác,Cam,True,5,car_p16_s7_1774759536,Bán xe mazda6 2003 MT 2.0 tặg đôi dép tổ ôg với bình xăg đầy🫢🤪. 100km 7.8L . Tình trạng máy nổ êm như chó🫢. Máy lạnh siêu lạnh lock êm ru. Keo chỉ zin. Sơn đẹp. Gầm đẹp .đồ chơi nhìu. Ảndroi 9.0 oles p450 sịn. Viêtmap s2 cảh báo tốc độ phạt nguội... camde. Cam hành trình. Hiện tốc độ trên kính lái. Cảm biến lớp.... cảm ơn ace đã xem. Iu thích e nó bốc máy alo e nha. Chíh chủ. Xem xe tại trung tâm dầu tiếng HCM mới🤪🫰🫶🫶🫶
p22_s10_1774760956,Mazda 6,Unknown,2003.0,85.0,999000.0,Số sàn,Xăng,Sedan,Việt Nam,Khác,True,5,car_p22_s10_1774760956,"Mazda 626 2003 bản đủ ABS túi khí, larang đúc, vô lăng 4 chấu. Đăng kiểm 05/2026 Chính chủ, đi ít cất nhiều Lốp mới cả dàn Nhượng lại cho ae chăm sóc đam mê Giá mong muốn 85tr, xe ở Việt Trì, Phú Thọ Sdt (zalo) ***"
p26_s6_1774763762,Mazda 3,MT,2003.0,85.0,5000.0,Số sàn,Xăng,Sedan,Khác,Xanh,False,5,car_p26_s6_1774763762,"Mazda 323 màu xanh, số sàn, xe nguyên bản.  - Xe giữ gìn cẩn thận, máy móc ổn định.  - Giá hợp lý."
p33_s10_1774765391,Mazda 6,Unknown,2003.0,110.0,232552.0,Số sàn,Xăng,Sedan,Việt Nam,Đen,False,5,car_p33_s10_1774765391,"Mazda 6 2003 màu đen, xe 5 chỗ, dùng nhiên liệu xăng.   - Thiết kế sang trọng, nội thất rộng rãi.   - Vận hành êm ái.  - Xe giữ gìn cẩn thận, sẵn sàng sử dụng. - Cam lùi, màn apple carplay, gương kính chỉnh điện"
p37_s15_1774766194,Mazda 3,Unknown,2003.0,60.0,200000.0,Số sàn,Xăng,Sedan,Nhật Bản,Đen,False,5,car_p37_s15_1774766194,"Cần tiền bán gấp Mazda 323 đời 2003,mọi chức năng hoạt động ok, đi xa tốt..xe vừa hết đk..,xe e bán giấy tay bao tranh chấp nên ngày nghỉ anh chị đến mua bán vẫn được nhé..., máy chạy khỏe nên a chị lấy về đi gia đình hay tập chạy tập lái là quá OK..,xem xe ở Củ Chi, TP HCM... Anh chị em nào cần thì liên hệ với e qua sđt: ***  Em cảm ơn"
p44_s9_1774767607,Mazda 6,Unknown,2003.0,95.0,168000.0,Số sàn,Xăng,Sedan,Việt Nam,Khác,True,5,car_p44_s9_1774767607,"Cân bán xe Mazda 626 sx 2003 bản đủ phanh ABS túi khí an toan… Xe đăng ký tên tư nhân chính chủ Xe Đẹp Không Lỗi Lầm ,máy kim phun,khung gầm chắc,máy móc êm điều hoà mát lạnh, khám dài lốp đẹp,Mới bảo dưỡng ae sẵn về đi"
p2_s21_1774726589,Mazda 3,1.6 AT,2004.0,155.0,100000.0,Tự động,Xăng,Sedan,Nhật Bản,Bạc,True,5,car_p2_s21_1774726589,"Mazda 3 đời 2004 màu bạc, một chủ từ đầu, xe giữ gìn cẩn thận.  - Xe không đâm đụng, không ngập nước, máy số êm ru.  - Điều hòa mát lạnh, nội thất sạch sẽ.  - Trang bị đầy đủ phụ kiện: ghế da, lót sàn, camera lùi, camera hành trình, màn hình DVD, 4 lốp mới, mâm đúc.  - Xe sẵn sàng lăn bánh.  Xem xe: 84 Phạm Hùng, Hoà Xuân, Đà Nẵng"
p6_s12_1774727361,Mazda Other,AT,2004.0,98.0,170000.0,Tự động,Xăng,Unknown,Khác,Xanh,False,7,car_p6_s12_1774727361,7 chỗ số tự động 1.8 tiết kiệm nhiên liệu.xe nhỏ gọn cho a/e đi gia đình. xe đã trang bị màn hình cam lùi cam hành trình đầy đủ. đồng sơn máy móc Nội thất còn đẹp như mới.xe mới bảo dưỡng đã đi chơi Tết hơn 1500km .xem xe tai nhà sau giờ hành chánh. bao ký giấy mua bán cho a/e luôn ạ.
p16_s0_1774759446,Mazda 6,2.0 MT,2004.0,120.0,100000.0,Số sàn,Xăng,Sedan,Việt Nam,Đen,False,5,car_p16_s0_1774759446,"Siêu phẩm vượt thời Giang Mazda 6 2004 ( giấy tờ chuẩn chỉnh)  Xe gia đình máy số bốc, êm ru, điều hòa mát lạnh  Xem xe: 84 Phạm Hùng, Hoà Xuân, Đà Nẵng"
p18_s11_1774760056,Mazda 3,AT,2004.0,125.0,160000.0,Tự động,Xăng,Sedan,Khác,Đen,False,5,car_p18_s11_1774760056,"Mazda 3 2004 số tự động. Xe đẹp máy số k lỗi. Gầm bệ êm, nội thất sạch sẽ động cơ 1.6 tiết kiệm nhiên liệu. Dòng xe nhật bền lành tiết kiệm nhiên liệu. Uỷ quyền sang tên ok"
p18_s12_1774760068,Mazda 3,MT,2004.0,115.0,250000.0,Số sàn,Xăng,Sedan,Khác,Bạc,True,5,car_p18_s12_1774760068,"Mazda 3 sx 2004 số sàn. Xe đã bảo dưỡng toàn bộ từ máy số, gầm bệ, sơn mới. Chạy êm ru gầm bệ chắc nịch, Bao chạy bắc nam.. Đăng kiểm dài, chính chủ ký uỷ quyền or mua bán."
p19_s16_1774760359,Mazda 3,1.6 AT,2004.0,139.0,160000.0,Tự động,Xăng,Sedan,Việt Nam,Khác,False,5,car_p19_s16_1774760359,"Bán xe mazda3 2004 máy nổ còi kêu 4 bánh quay đều, mọi chức năng hoạt động bình thường, xe chạy ngon, máy số em, điều hoà mát, máy lạnh rét hơn sapa.giá có bớt nhẹ, xem xe tại Tam Kỳ!"
p24_s0_1774761302,Mazda 3,1.6 AT,2004.0,149.0,155000.0,Tự động,Xăng,Sedan,Việt Nam,Đen,False,5,car_p24_s0_1774761302,Cần bán xe : Mazda 3 số tự sx 2004 máy zin nắp cò chưa ra : xe mới dọn trong tết gần 20 tr : hộp số zin bao mượt : xe mới đi 155 ngàn km : xe chay 100 km hown 4 lit xang bao tess : xe phan khuc C : xe gốc tp gd chia lại cho ng nhà ở Đx : mình bán bao kí bao rút hồ sơ : hổ trợ ra tên : muốn uỷ quyền đi cũng dc : xe mới đk trong tết đk 1 lần là đậu ngay : xem xe chợ bến súc p tây nam tp hcm Bd củ giáp ranh địa đạo củ chi : bao ship có đổi các loại xe
p24_s1_1774761314,Mazda 3,1.6 AT,2004.0,130.0,100000.0,Số sàn,Xăng,Sedan,Việt Nam,Khác,False,5,car_p24_s1_1774761314,Cần bán gấp xe cop nha ae gia rat hop li cho ae ve chay gia dinh dich vu
p36_s8_1774765956,Mazda 3,Unknown,2004.0,110.0,123000.0,Số sàn,Xăng,Sedan,Khác,Trắng,True,5,car_p36_s8_1774765956,"Cần bán xe mazda như hình, máy móc em ru, không lỗi lầm. Xe gia đình chạy kĩ, ngoại hình đẹp. Xe chính chủ sang tên nhanh chóng"
p43_s9_1774767422,Mazda 3,1.6 AT,2004.0,139.0,131000.0,Tự động,Xăng,Sedan,Nhật Bản,Đen,False,7,car_p43_s9_1774767422,Do nhu cầu đổi xe 7 chổ bán xe mazda 3 AT 2004 . Xe đi 131 000 km được trang bị màng hình Android và camera lùi hoặc động ổn định nguyên bản.
p45_s2_1774767784,Mazda 3,AT,2004.0,165.0,153000.0,Tự động,Xăng,Sedan,Việt Nam,Khác,False,5,car_p45_s2_1774767784,"Xe danh cho khach yeu xe zin cop xe moi don them gan 20 tr de di tet : Cần bán xe Mazda 3 số tự động 2004 xe nắp cò chưa ra máy zin êm , mọi chức năng hoặc động rất chuẩn tiếc kiệm xăng máy 1.6 cm phân khíc C bản đủ xe chạy cực kì chất : xem xe p tây nam tp hcm mới bd củ giáp ranh địa đạo củ chi : bán bao rút hồ sơ : hổ trợ ship xe và đổi các loại xe"
p1_s0_1774726144,Mazda 6,AT,2005.0,89.0,150000.0,Tự động,Xăng,Sedan,Nhật Bản,Bạc,False,5,car_p1_s0_1774726144,"Mazda 6 màu bạc, xe 5 chỗ, động cơ xăng, số tự động.   - Thiết kế sang trọng, nội thất rộng rãi.   - Xe nhập khẩu từ Nhật Bản, vận hành bền bỉ.   - Cảm giác lái êm ái, tiết kiệm nhiên liệu. - Không sang tên"
p2_s0_1774726369,Mazda 6,AT,2005.0,89.0,150000.0,Tự động,Xăng,Sedan,Nhật Bản,Bạc,False,5,car_p2_s0_1774726369,"Mazda 6 màu bạc, xe 5 chỗ, động cơ xăng, số tự động.   - Thiết kế sang trọng, nội thất rộng rãi.   - Xe nhập khẩu từ Nhật Bản, vận hành bền bỉ.   - Cảm giác lái êm ái, tiết kiệm nhiên liệu. - Không sang tên"
p10_s17_1774728140,Mazda 3,Unknown,2005.0,125.0,127848.0,Tự động,Xăng,Sedan,Khác,Vàng,False,5,car_p10_s17_1774728140,Mazda 3 đời 2005 máy 1.6 xe zin máy gầm chất khám mới các bác quan tâm lh
p11_s9_1774728252,Mazda 6,AT,2005.0,165.0,125000.0,Tự động,Xăng,Sedan,Việt Nam,Bạc,True,5,car_p11_s9_1774728252,"Xe đẹp máy số zin.sùn chỉ đủ.không đâm đụng ngập nước,bao test, đã bảo dưỡng full.đi êm mượt.gốc sg chính chủ bao ký rút.nội thất ngoại thất đẹp.màn Android,4 vỏ Michelin mới keng.bao test,bao đi bắc nam.ai có nhu cầu alo.tiếp người thiện chí.xem xe chợ búng."
p17_s2_1774759733,Mazda 6,2.3 AT,2005.0,165.0,130000.0,Tự động,Xăng,Sedan,Việt Nam,Bạc,True,5,car_p17_s2_1774759733,"Bán mazda 6 đời cuối 2005 số Tự Động.gốc sg chính chủ.full đồ chơi.4 vỏ michelin date 2024,màn hình Android,camera lùi,ghế điện,máy số zin sùn chỉ đủ.đã bảo dưỡng full. bao ký rút cho a chị.ai có nhu cầu alo nhé.xem xe cầu ngang Bình Dương cũ.thaanks"
p19_s13_1774760319,Mazda 6,AT,2005.0,165.0,125000.0,Tự động,Xăng,Sedan,Việt Nam,Bạc,True,5,car_p19_s13_1774760319,"Bán mazda 6 đời cuối 2005 số Tự Động.gốc sg chính chủ.full đồ chơi.4 vỏ michelin date 2024,màn hình Android,camera lùi,ghế điện,máy số zin sùn chỉ đủ.đã bảo dưỡng full. bao ký rút cho a chị.ai có nhu cầu alo nhé.thanks"
p26_s16_1774763857,Mazda 3,1.6 MT,2005.0,105.0,21000.0,Số sàn,Xăng,Sedan,Khác,Trắng,True,5,car_p26_s16_1774763857,"Chính chủ cần bán mazda 3 , 2005.bao kí rut hồ sơ.máy gầm đẹp, máy số bao zin, siêu lành , siêu bền bỉ,ae đúng chân alo: ***."
p32_s2_1774765097,Mazda 3,Unknown,2005.0,115.0,183393.0,Số sàn,Xăng,Sedan,Việt Nam,Bạc,True,4,car_p32_s2_1774765097,mazda3 2005 xe chính chủ xe đẹp  rin từ trong ra ngoài  giá bán 115tr ***
p46_s4_1774768048,Mazda Other,Unknown,2006.0,79.0,64000.0,Tự động,Xăng,Unknown,Khác,Bạc,False,5,car_p46_s4_1774768048,Xe đep khg loi Tất cả hd tốt  Bốn vỏ moi Khg muc mot Số tu đong doi 2006
p27_s3_1774763929,Mazda 3,2.0 MT,2009.0,195.0,186979.0,Số sàn,Xăng,Sedan,Đài Loan,Khác,False,4,car_p27_s3_1774763929,Xe đã sơn đẹp cả xe và dọn nội thất sạch sẽ máy số ngon các bác xem chạy thử e đảm bảo là ưng.  Vời tầm giá 200tr đây là chiếc xe xuất sắc nhất rồi ạ Xe không lỗi có check test mọi đơn vị ạ
p40_s12_1774766825,Mazda 3,Unknown,2009.0,180.0,70000.0,Tự động,Xăng,Sedan,Đài Loan,Bạc,False,5,car_p40_s12_1774766825,"Nhu cầu nâng đời xe nên mình bán xe Mazda 3 nhập khẩu nguyên chiếc Đài Loan. Xe không lỗi lầm, chưa từng va quệt hay ngập nước. Bao check. Máy, vỏ nguyên zin giá 180 triệu có ra lộc. Xem xe tại Hạ Long"
p44_s13_1774767657,Mazda Other,AT,2009.0,180.0,10000.0,Tự động,Xăng,Unknown,Nhật Bản,Cam,False,5,car_p44_s13_1774767657,"Mazda Tribute máy 2.3 số tự động,đầy đủ option  - Xe nhập khẩu từ Nhật Bản.   - Thiết kế mạnh mẽ, vận hành ổn định.   - Phù hợp cho gia đình, đi lại hàng ngày. Xe cam kết ko đâm đụng tai nạn,ko thuỷ kích,ngập nước Hỗ trợ mọi thủ tục pháp lí liên quan Tiếp khách mua thiện chí"
p4_s3_1774726848,Mazda 3,Unknown,2010.0,232.0,75000.0,Bán tự động,Xăng,Hatchback,Khác,Khác,False,5,car_p4_s3_1774726848,"Mazda 3 nhâpi khẩu 2010 bản full cửa nóc , vô lăng tích hợp, khung gầm máy móc nguyên bản , nội thất ghế da rin theo xe , màu tím rất đẹp nhẹ nhàng cảm giác lái thể thao tiếp khách thiện chí"
p33_s14_1774765432,Mazda 3,AT,2010.0,238.0,150000.0,Tự động,Xăng,Sedan,Khác,Xanh,False,5,car_p33_s14_1774765432,Madaz3 2010 số tự động  Đổi hoặc bán  Xe ko đâm va ngập nước máy số zin  Bao ship tận nhà
p38_s15_1774766412,Mazda 3,1.6 AT,2010.0,235.0,132000.0,Tự động,Xăng,Sedan,Đài Loan,Khác,False,5,car_p38_s15_1774766412,Đổi xe mới cần bán xe madaz 3 máy móc zin xe zin ko lổi ae mua về đi gd yên tâm
p48_s2_1774768503,Mazda 3,Unknown,2010.0,250.0,75000.0,Tự động,Xăng,Sedan,Đài Loan,Khác,False,5,car_p48_s2_1774768503,"bán mazda 3 nhập khẩu 2010 mẫu mới thể thao, màu tím khoai môn cực đẹp , xe rin hết máy số khung gầm zin tiếp khách thiện chi"
p4_s9_1774726906,Mazda 2,AT,2011.0,176.0,15000.0,Tự động,Xăng,Hatchback,Khác,Trắng,False,5,car_p4_s9_1774726906,"madaz2-2011 at xe máy số còn zin, độ màn cam 360 sẵn đi cho anh em. Xem xe tại Tân Xuân Hà Nội zalo ***. Hân hạnh phục vụ quý khách"
p16_s19_1774759681,Mazda 2,AT,2011.0,195.0,92000.0,Tự động,Xăng,SUV / Cross over,Khác,Trắng,False,5,car_p16_s19_1774759681,"Mazda2 đời 2011, odo 9,2 vạn km.  - Xe số tự động, màu trắng.  - Thiết kế nhỏ gọn, dễ di chuyển trong phố. Đời xe: Sản xuất 2011 Tình trạng: Odo 9.2v km (Xe chạy giữ gìn, bảo dưỡng đều, máy móc êm). Cam kết: Bao check test toàn quốc theo yêu cầu. Xe sẵn sử dụng, không cần tốn thêm chi phí bảo dưỡng.  Giá chào bán: 195 Triệu (Có thương lượng sâu cho anh em thiện chí)."
p18_s14_1774760090,Mazda Other,Unknown,2011.0,345.0,130000.0,Tự động,Xăng,Unknown,Khác,Đen,True,7,car_p18_s14_1774760090,"mazda cx9 2011 loai 2 cầu điên một chủ sử dụng từ mới cam kết xe đẹp từ ngoài vao trong không đâm va cấn đung chỗ nào chạy đúng km bảo dưỡng thường xuyên , máy bảy màu keo chỉ zin chay êm ,không có lõi nhỏ,cần bán cho nguòi hiểu loai xe nhâp cóTL cho nguòi thiên tr mua bán nhanh í"
p27_s11_1774764004,Mazda 3,1.6 MT Sedan,2011.0,195.0,130000.0,Số sàn,Xăng,Sedan,Nhật Bản,Trắng,True,5,car_p27_s11_1774764004,Mình cần nhượng lại xe mazda3 2011 nhập khẩu Nhật. Liên hệ chính chủ ***
p6_s7_1774727303,CX-5,2.0 AT,2012.0,379.0,90000.0,Tự động,Xăng,SUV / Cross over,Nhật Bản,Đỏ,False,5,car_p6_s7_1774727303,"Mazda CX-5 màu đỏ, xe 5 chỗ, nội thất ghế da sang trọng.  - Sx 2012 nhập Nhật , xe nhập đi đại chất   - Động cơ xăng vận hành êm ái.   - Thiết kế thể thao, mạnh mẽ.   - Xe gầm cao, di chuyển linh hoạt."
p10_s16_1774728134,Mazda 2,AT,2012.0,210.0,1000.0,Tự động,Xăng,Hatchback,Khác,Trắng,False,5,car_p10_s16_1774728134,"Bán Mazda 2 màu trắng, xe 5 chỗ, số tự động, dùng xăng.  - Thiết kế trẻ trung, nhỏ gọn, dễ di chuyển trong phố.  - Nội thất tiện nghi, vận hành êm ái.  - Xe giữ gìn cẩn thận,bảo dưỡng định kỳ"
p17_s5_1774759772,Mazda 2,1.5 AT,2012.0,235.0,100000.0,Tự động,Xăng,Hatchback,Việt Nam,Trắng,True,5,car_p17_s5_1774759772,Chính chủ cần bán Mazda 2 . 2012 số tự động . Xe đã bảo dưỡng tổng thể . Tình trạng xe . Máy số keo chỉ zin . Không đâm đụg ngập nước . Phía ngoài đã sơn lại nước sơn mới . Đã độ đèn bi đi ban đêm cực sáng và an toàn . Hệ thống lái ổn định . Nội thất đã bọc ghế loại *** . Lót sàng đẹp . Trần da nỉ . Màn hình xem youtube . Cam lùi . Dán film toàn xe . Xe sẵn đi . Một chủ mua từ mới .
p27_s8_1774763971,Mazda 2,MT,2012.0,188.0,82155.0,Số sàn,Xăng,Hatchback,Khác,Trắng,False,5,car_p27_s8_1774763971,"Mazda 2 đời 2012 màu trắng, xe nhỏ gọn, phù hợp đi phố.   - Số sàn, tiết kiệm nhiên liệu.   - ODO 82155 km.   - Xe 5 chỗ, nội thất sạch sẽ.   - Động cơ xăng, vận hành ổn định. - Xe gia đình,không chạy dịch vụ dù chỉ 1h - Cực kì tiết kiệm nhiên liệu,xăng ăn như xe máy,quá phù hợp trong giai đoạn giá xăng đang tăng cao. - Giá bán:188 triệu. -ACE vừa mắt xin gọi trực tiếp mình ạ!"
p32_s8_1774765158,Mazda Other,3.7 AT 4WD,2012.0,333.0,100000.0,Tự động,Xăng,SUV / Cross over,Khác,Vàng,False,7,car_p32_s8_1774765158,"CX9 3.7AT AWD sx 2012 nhập khẩu, tên cá nhân, ghế da bò, chìa smarkey, cửa sổ trời, điều hoà auto 3 vùng độc lập, tích hợp volang, ga tự động, vân gỗ cacbon, loa bose, ghế điện nhớ 3 vị trị, bầu trời công nghệ, lốp mới, đăng kiểm vừa khám.   “Chẳng có gì là tự nhiên rẻ. Đã rẻ thì không có xe đẹp, đã đẹp thì không có rẻ” ⭐️5 TIÊU CHÍ VÀNG Tại VĨNH CƯỜNG AUTO 1.Xe không bị tai nạn. 2.Xe không đại tu động cơ và hộp số. 3.Xe không bị thuỷ kích. 4.Xe không bị phạt nguội. 5.Giấy tờ theo xe hợp lệ,đủ điều kiện mua, bán, sang tên. ⭐️HOÀN TIỀN NẾU SAI 5 TIÊU CHÍ VÀNG 👉Hỗ trợ Bank lên tới 75%. 👉Rút hồ sơ miễn phí."
p6_s1_1774727242,BT-50,3.2L 4x4 AT,2013.0,285.0,170000.0,Tự động,Dầu,Bán tải,Khác,Khác,False,5,car_p6_s1_1774727242,"🚙 BÁN MAZDA BT-50 3.2 TỰ ĐỘNG – 2 CẦU MẠNH MẼ  • Xe: Mazda BT-50 3.2 AT  • Dẫn động: 2 cầu (4x4)  • Hộp số: Tự động  • Máy dầu 3.2 mạnh mẽ, chạy khỏe, tiết kiệm  • Xe gia đình sử dụng kỹ, máy móc nguyên bản  • Nội thất sạch đẹp, hoạt động ổn định  • Phù hợp đi công trình, đi rừng, hoặc gia đình thích bán tải mạnh  📍 Xe xem tại: Đà Nẵng  💰 Giá: (285 triệu) – còn thương lượng  📞 Liên hệ: (số điện thoại của bạn)"
p15_s17_1774759409,Mazda 3,AT,2013.0,280.0,120000.0,Tự động,Xăng,Sedan,Việt Nam,Cam,False,4,car_p15_s17_1774759409,"Keo chỉ , máy móc , nguyên bản  Nội thất lung linh  Lốp dự phòng mới tinh  Cửa sổ trời  Màn hình + cam lùi"
p22_s11_1774760967,BT-50,3.2L 4x4 AT,2013.0,295.0,170000.0,Tự động,Dầu,Pick-up (bán tải),Thái Lan,Nâu,False,5,car_p22_s11_1774760967,"Cần tiền bán xe mazda bt50, sx 2013 nhập khẩu thái lan, stđ 2 cầu. Xe vừa sơn quây, máy làm lại ngon. Cột kèo keo zin, có cảm biến áp suất lốp,màn hình androi cam hành trình cam lùi đầy đủ. Giá mong muốn 295tr có thương lượng. Ac có nhu cầu lh:*** Xem xe thủ đức, tphcm."
p28_s2_1774764077,Mazda 2,1.5 AT,2013.0,245.0,50000.0,Tự động,Xăng,Hatchback,Thái Lan,Cam,False,5,car_p28_s2_1774764077,Mazda 2 S sports xe nhập khẩu  Xe nhà trùm mền it sử dụng 1.5 số tự động.  Ghế da xịn theo xe . Tất cả còn original 90% Rất êm và rất tiết kiệm nguyên liệu  Xe cá nhân. Dư dùng bán. Bảo đảm cam kết xe  Original tất cả
p38_s0_1774766251,Mazda 2,Unknown,2013.0,245.0,44000.0,Tự động,Xăng,Hatchback,Khác,Khác,True,5,car_p38_s0_1774766251,Mazda 2s -2013 -1 chủ từ dau  odo 44k km xe đẹp nhỏ gọn de thương cho quý cô dì di chợ dua đón học sinh  giá 245tr
p49_s14_1774768898,Mazda 3,S 1.6 AT Sedan,2013.0,268.0,118000.0,Tự động,Xăng,Sedan,Khác,Khác,True,5,car_p49_s14_1774768898,"Mazda 3S AT sedan 12/2013  - động cơ 1.6 số tự động. - 1 chủ mua mới  - Full lịch sử hãng - 2 chìa khoá zin - Phân khúc C chạy đầm, cửa sổ trời, chi phí sửa chữa thâp - tình trạng xe máy số zin, keo chỉ.  - pháp lý chuẩn bao rút hồ sơ  Giá 280 tr xem xe"
p50_s3_1774769014,Mazda 3,1.6 AT Sedan,2013.0,268.0,110000.0,Tự động,Xăng,Sedan,Việt Nam,Đen,True,5,car_p50_s3_1774769014,Mazda 3s 2013 đăng ký 12/2013 xe zin nguyên bản odo 11v xe zin đẹp ko lỗi ko đâm đụng ngập nước 1 chủ mua mới  bao check test bao rút hô sơ hố trợ sang tên nhanh chóng Giá 268tr thương lượng xem xe ở quân 12 tphcm Lh hoặc ib zalo
p4_s18_1774727008,Mazda 3,S 1.6 AT,2014.0,288.0,162000.0,Tự động,Xăng,Sedan,Việt Nam,Trắng,False,5,car_p4_s18_1774727008,"Chiếc Mazda 3, sản xuất năm 2014, màu trắng, là một lựa chọn tuyệt vời cho những ai tìm kiếm một chiếc sedan phong cách và đáng tin cậy. Xe có những đặc điểm nổi bật sau:  * máy số keo chỉ zin theo xe  * 🚗 Kiểu dáng Sedan thanh lịch, phù hợp cho cả gia đình và công việc. * ⚙️ Hộp số tự động giúp lái xe dễ dàng và thoải mái, đặc biệt trong điều kiện giao thông đô thị. * ⛽ Sử dụng nhiên liệu xăng, tiết kiệm chi phí vận hành. * 🇻🇳 Xuất xứ từ Việt Nam, đảm bảo chất lượng và phụ tùng thay thế dễ dàng. * 📅 Sản xuất năm 2014, đã đi được 162.000 km. * 💺 Số chỗ ngồi: 2. * 🚘 Phiên bản: 651560. * 💯 Xe được bảo dưỡng định kỳ, hoạt động ổn định. * 🌟 Màu trắng sang trọng, dễ dàng bảo quản và giữ gìn. * 👍 Mazda 3 nổi tiếng với khả năng vận hành êm ái, tiết kiệm nhiên liệu và độ bền cao. * ✨ Ngoại thất xe còn khá mới, ít trầy xước. * 🛡️ Nội thất được giữ gìn cẩn thận, sạch sẽ. * 🎶 Hệ thống giải trí đầy đủ, đáp ứng nhu cầu thư giãn trên những chuyến đi. * ✔️ Xe có đầy đủ giấy tờ, thủ tục sang tên nhanh chóng. * 🛣️ Odometer: 162000 km."
p5_s5_1774727084,Mazda 2,1.5 AT,2014.0,239.0,67000.0,Tự động,Xăng,Sedan,Việt Nam,Khác,True,5,car_p5_s5_1774727084,"Xe ngay chủ bán, mua mới từ đầu, cần bán nguoi sử dụng"
p5_s11_1774727148,Mazda 6,2.5 AT,2014.0,375.0,70000.0,Tự động,Xăng,Sedan,Khác,Cam,False,5,car_p5_s11_1774727148,"Mazda 6 2.5 AT 2014 Sản xuất 2014. Odo: 70.000km. Xe đẹp không lỗi. Bảo dưỡng đầy đủ. Xe không tai nạn, không ngập nước (cam kết văn bản Công Ty) Mua - Bán - Trao Đổi Ô Tô Đã Qua Sử Dụng."
p6_s16_1774727408,CX-5,2.0 AT,2014.0,400.0,140000.0,Tự động,Xăng,SUV,Khác,Xám,False,5,car_p6_s16_1774727408,"Mazda CX5 sản xuất 2014, màu xám, động cơ 2.0L, số tự động.  - Xe gia đình, keo chỉ zin, máy số zin.  - Cam kết không tai nạn, không ngập nước.  - Giá 408 triệu (bao rút hồ sơ).  - Xem xe tại Hải Phòng."
p9_s3_1774727865,CX-5,2.0,2014.0,410.0,111500.0,Tự động,Xăng,SUV,Khác,Trắng,False,5,car_p9_s3_1774727865,"Bán xe nhà CX5, xe màu trắng, sản xuất 2014. Bảo dưỡng hẵng đinh kỳ. Xe xăng 2.0 L, đẵ đi 130000km. Tiếp khách thiện chí. Biển số TPHCM Tặng bảo hiểm 1 năm, phù hợp cho tài mới"
p11_s6_1774728230,Mazda 2,2.0,2014.0,249.0,102000.0,Tự động,Xăng,Hatchback,Khác,Trắng,False,5,car_p11_s6_1774728230,Mazda 2 Sport sx 2014  Odo 102.000 km  Giá rao 249tr ace hợp tài chính alo Có fix cho người thiện chí xem xe tl Xem xe tại hoà xuân đà nẵng
p17_s7_1774759798,Mazda 3,S 1.6 AT,2014.0,275.0,130000.0,Tự động,Xăng,Sedan,Khác,Đỏ,False,5,car_p17_s7_1774759798,"Bán Mazda 3S 1.6 AT - SX 2014 chất lượng xe còn rất mới . Máy số keo chỉ nguyên bản , không ngập nước , keo zin từ nắp dàn cò …  - Bao check , test theo yêu cầu …"
p17_s12_1774759850,Mazda 3,S 1.6 AT,2014.0,315.0,100000.0,Tự động,Xăng,Hatchback,Việt Nam,Vàng,False,5,car_p17_s12_1774759850,"MAZDA 3S 1.6AT sx 2014, tên tư nhân, ghế da trải sàn, fim 3M, hắt kính HUB, full 2 chìa khoá, màn hình androi, cam lùi, cửa sổ trời, tích hợp volang, đèn bi auto, gạt mưa auto, lốp mới cả dàn, đăng kiểm dài. Số ngọt gầm chắc.  “Chẳng có gì là tự nhiên rẻ. Đã rẻ thì không có xe đẹp, đã đẹp thì không có rẻ” ⭐️5 TIÊU CHÍ VÀNG Tại VĨNH CƯỜNG AUTO 1.Xe không bị tai nạn. 2.Xe không đại tu động cơ và hộp số. 3.Xe không bị thuỷ kích. 4.Xe không bị phạt nguội. 5.Giấy tờ theo xe hợp lệ,đủ điều kiện mua, bán, sang tên. ⭐️HOÀN TIỀN NẾU SAI 5 TIÊU CHÍ VÀNG 👉Hỗ trợ Bank lên tới 75%. 👉Rút hồ sơ miễn phí."
p19_s14_1774760332,Mazda 6,2.5 AT,2014.0,123.46,75000.0,Tự động,Xăng,Sedan,Việt Nam,Trắng,False,5,car_p19_s14_1774760332,"Mazda 6 màu trắng, xe 5 chỗ, động cơ xăng, hộp số tự động.   - Thiết kế sang trọng, nội thất rộng rãi.   - Vận hành êm ái, tiết kiệm nhiên liệu.   - Xe giữ gìn cẩn thận, sẵn sàng sử dụng. - bảng pull 2.5 chạy bao phê (xem xe sẽ bít chất lượng và chạy thử để cảm nhận xe ) cám ơn xem tin"
p20_s12_1774760545,BT-50,2.2L 4x4 MT,2014.0,255.0,90000.0,Số sàn,Dầu,Pick-up (bán tải),Thái Lan,Trắng,True,5,car_p20_s12_1774760545,"Gia đình cần bán Mazda BT50 4x4MT 2014 một chủ từ mới. Xe 2 cầu, vừa đăng kiểm xong, xe chủ yếu đi đường thành phố, ít chở nặng, bảo dưỡng đầy đủ, đã lên full phụ kiện, không lỗi lầm gì. Giá loanh quanh 2đ."
p21_s10_1774760733,Mazda 3,Unknown,2014.0,270.0,174005.0,Tự động,Xăng,Sedan,Khác,Trắng,False,5,car_p21_s10_1774760733,"Mazda 3S 2014 xe chạy 174005 km.   - Thiết kế đẹp, nội thất rộng rãi.   - Động cơ bền bỉ, tiết kiệm. -lốp mới ,đăng kiểm dài!"
p21_s18_1774760822,Mazda Other,3.7 AT 4WD,2014.0,440.0,120000.0,Tự động,Xăng,SUV / Cross over,Nhật Bản,Khác,True,7,car_p21_s18_1774760822,"Bán xe Mazda CX9 AWD sản xuất 2014,xe nhập Nhật nguyên chiếc,1 chủ mua mới sử dụng,xe cực đẹp,bảo dưỡng kỷ,xe không lỗi,tình trạng hoạt động hoàn chỉnh không có điểm chê…Tiếp khách thiện chí và am hiểu yêu thích dòng xe này!"
p23_s3_1774761100,BT-50,2.2L 4x4 MT,2014.0,325.0,255000.0,Số sàn,Dầu,Pick-up (bán tải),Thái Lan,Đỏ,True,5,car_p23_s3_1774761100,"Ô Tô Hiếu Đắk Lắk đang có bán   🚘 Mazda Bt50 2014   👉🏻 Xe 1 chủ Đắk Lắk . Phiên bản số sàn 2 cầu   👉🏻 Xe trang bị 2 cầu điện , 4 lốp mới , ghế da . Máy móc nguyên zin chất không hơi hám , keo chỉ zin . . .  🏷️ 159 Lê Duẫn , Buôn Ma Thuột"
p28_s4_1774764093,BT-50,Unknown,2014.0,295.0,110000.0,Tự động,Dầu,Pick-up (bán tải),Thái Lan,Đỏ,False,5,car_p28_s4_1774764093,Em cần bán Mazda BT50 động cơ 3.2 full 2 cầu 2014 Máy móc nguyên zil - xe hình thức đẹp ngon  Mua về chỉ việc đi
p31_s4_1774764891,BT-50,2.2L 4x2 AT,2014.0,285.0,213000.0,Tự động,Dầu,Pick-up (bán tải),Khác,Khác,True,5,car_p31_s4_1774764891,Đổi nhu cầu ra đi em BT50 2.2 AT đk 2014 nhập Thái Máy số bao zin ko lỗi Em chính chủ bán giá tốt cho người sử dụng
p37_s14_1774766185,CX-5,2.0 AT,2014.0,410.0,110000.0,Tự động,Xăng,SUV,Khác,Xanh,False,5,car_p37_s14_1774766185,"Mazda CX5 2.0 AT 2014, màu xanh, xe cá nhân sử dụng, còn mới, vỏ nguyên, bao kiểm xe test hãng Xe trang bị: Ghế da chỉnh điện, màn hình kết nối apple carplay, cửa sổ trời, cảm biến trước sau, gương chỉnh điện, ga tự động cruise control .. Cam kết xe không thủy kích, đụng, phạt nguội. Vui lòng liên hệ sđt *** để xem xe. Cảm ơn!"
p41_s13_1774767039,Mazda 3,S 1.6 AT,2014.0,300.0,121838.0,Tự động,Xăng,Hatchback,Khác,Cam,False,5,car_p41_s13_1774767039,"Nam Dương Auto vừa xe Mazda3 S 2014 Xe nguyên bản, nội ngoại thất đẹp, đầy đủ phụ kiện theo. Xe cam kết tuyệt đối không đâm đụng va chạm ảnh hưởng đến kết cấu, khung gầm. Không thuỷ kích, ngập nước, động cơ hộp số nguyên zin, bảo dưỡng định kỳ. Khi mua sắm tại Công Ty CP Ô tô Nam Dương, Quý Khách sẽ được những quyền lợi đặc biệt sau: - Thông báo trung thực, chi tiết tình trạng, chất lượng của xe. Quý khách được ký hợp đồng với công ty để việc cam kết đúng quy định và được pháp luật bảo vệ quyền lợi. - Không cần đặt cọc, quý khách được mang xe đi check/ test bất kỳ đâu nếu ưng mới thanh toán, ký hợp đồng. - Ký hợp đồng bảo hành xe tuỳ từng xe từ 06-36 tháng. - Tặng gói bảo dưỡng xe nên quý khách sẽ không tốn thêm chi phí nào khác khi mua sắm tại Nam Dương Auto. - Kiểm tra định kỳ miễn phí và thay dầu miễn phí 1 năm. - Hỗ trợ trả góp với lãi suất thấp, nhanh gọn - Check xe và định giá miễn miễn phí cho khách hàng có nhu cầu bán hoặc đổi xe - Nhận xử lý phạt nguội, sang tên, thay thế phụ tùng Và rất nhiều chính sách hậu mãi cực kỳ tuyệt vời khác. Quý Khách vui lòng gọi điện tới Hotline hoặc qua showroom để nghe tư vấn miễn phí."
p43_s13_1774767447,Mazda 6,2.5,2014.0,389.0,70000.0,Tự động,Xăng,Sedan,Nhật Bản,Khác,False,5,car_p43_s13_1774767447,"Hàng chất khó tìm - Nhập khẩu Nhật Bản 💎Mazda 6 2.5L nhập Nhật ( lô chính hãng) ✅Công suất 188hp ✅Lẫy chuyển vô lăng, Âm thanh xịn sò 11 loa bosé ✅Cảm biến trước sau, rửa đèn, cân bằng điện tử....."
p48_s0_1774768479,Mazda 6,2.0 AT,2014.0,350.0,140000.0,Tự động,Xăng,Sedan,Khác,Đen,False,5,car_p48_s0_1774768479,"✨ Sedan hạng D – Sang trọng, đầm chắc, bền bỉ 🔹 Năm sản xuất: 2014 🔹 Động cơ: 2.0 xăng 🔹 Hộp số: Tự động    •   Máy móc – hộp số hoạt động êm ái, ổn định    •   Khung gầm chắc chắn, vận hành đầm    •   Nội ngoại thất giữ gìn, Ghế da zin theo xe. Điều hòa mát sâu, đầy đủ tiện nghi. Xe không ngập nước, không tai nạn"
p3_s7_1774726699,Mazda 3,1.5 AT,2015.0,345.0,9000.0,Tự động,Xăng,Sedan,Việt Nam,Khác,False,5,car_p3_s7_1774726699,-E Bán m3 2015 xe đẹp zin - xe về sẵn đi thôi - mời các bác qua chạy thủ xe và Chek ở đây tuỳ thích!
p4_s5_1774726871,Mazda 2,1.5 AT,2015.0,299.0,65000.0,Tự động,Xăng,Hatchback,Khác,Trắng,False,5,car_p4_s5_1774726871,"🚗 MAZDA 2 2015 – SỐ TỰ ĐỘNG – NHỎ GỌN, TIẾT KIỆM 🔹 Màu: Trắng 🔹 Odo: 65.000 km 💰 Giá bán: 299 triệu ✨ TÌNH TRẠNG XE: ✅ Xe gia đình sử dụng – giữ gìn kỹ ✅ Máy móc, hộp số nguyên bản – vận hành êm ái ✅ Không đâm đụng – không ngập nước ✅ Nội ngoại thất còn rất đẹp – sẵn chạy ngay 🛠 TRANG BỊ NỔI BẬT: • Động cơ xăng 1.5 tiết kiệm nhiên liệu • Hộp số tự động mượt mà • Nội thất sạch đẹp, ghế da/nỉ theo xe • Màn hình giải trí trung tâm • Điều hòa mát sâu • Phanh ABS – túi khí an toàn • Gương kính chỉnh điện – mâm đúc thể thao 🌟 ƯU ĐIỂM: ✔ Xe nhỏ gọn – cực kỳ dễ lái trong phố ✔ Tiết kiệm nhiên liệu – chi phí nuôi xe thấp ✔ Phù hợp gia đình nhỏ hoặc khách mua xe lần đầu 🎯 CAM KẾT: ✔ Không tai nạn ✔ Bao test hãng toàn quốc ✔ Hỗ trợ sang tên nhanh 📍 CHỢ XE Ô TÔ 362 🏢 362 Thống Nhất, P.16, Gò Vấp, TP.HCM"
p4_s13_1774726953,CX-5,2.0 AT 2WD,2015.0,435.0,79000.0,Tự động,Xăng,SUV / Cross over,Việt Nam,Vàng,True,5,car_p4_s13_1774726953,"🚗🚗🚗📢📢📢Bán gấp 1 xe CX5 -2015 -1 đời chủ màu vàng cát  Odo 79.000 đâm đụng zin từ thân vỏ đến máy móc Bản 2.0 cửa nóc- trang bị màn hình androi, cam lùi, để startop vv và vv Giá 435 xem xe thương lượng  Xem xe gần bến xe quận 8 Nhờ ad duyệt bài"
p5_s7_1774727099,CX-5,2.0 AT,2015.0,439.0,86000.0,Tự động,Xăng,SUV / Cross over,Việt Nam,Đen,False,5,car_p5_s7_1774727099,"🚗𝐌𝐚𝐳𝐝𝐚 𝐂𝐗𝟓 𝟐.𝟎𝐋 𝐀𝐖𝐃 𝟐𝟎𝟏𝟓 🎯 ✅Đ𝐨̣̂𝐧𝐠 𝐜𝐨̛: Xăng 2.0L, 155HP ✅𝐇𝐨̣̂𝐩 𝐬𝐨̂́: Số tự động ✅𝐌𝐚̀𝐮 𝐱𝐞: Đen - nội thất đen ✅𝐒𝐚̉𝐧 𝐱𝐮𝐚̂́𝐭: Việt Nam 👌𝐗𝐞 đ𝐮̛𝐨̛̣𝐜 𝐭𝐫𝐚𝐧𝐠 𝐛𝐢̣: Xe trang bị đề nút nhấn, cam 360, ga tự động, cam hành trình, đầu DVD Zestech thông minh, ghế da cao cấp, phim cách nhiệt cao cấp, báo áp suất lốp, bệ bước chân, đèn full led, cửa sổ trời... các công nghệ an toàn ABS, EBD, cân bằng xe, kiểm soát lực kéo, hỗ trợ khởi hành ngang dốc,...hàng đầu theo tiêu chuẩn an toàn quốc tế. 👌𝐓𝐢̀𝐧𝐡 𝐭𝐫𝐚̣𝐧𝐠 𝐱𝐞: Chủ xe nữ ít đi, động cơ hộp số zin mượt mà, ngoại thất và nội thất còn mới, mới thay 4 lốp mới đi Tết, 5 chỗ rộng rãi, siêu đầm chắc, chạy cực mạnh. Xe bảo hiểm mới mua, đăng kiểm đường bộ full đến 2027, khách mua về chỉ cần đổ xăng và chạy. 🤝𝐂𝐚𝐦 𝐤𝐞̂́𝐭 𝐤𝐡𝐨̂𝐧𝐠 𝐭𝐚𝐢 𝐧𝐚̣𝐧, 𝐧𝐠𝐚̣̂𝐩 𝐧𝐮̛𝐨̛́𝐜, 𝐭𝐮𝐚 đ𝐨̂̀𝐧𝐠 𝐡𝐨̂̀ 🤝Đ𝐨̣̂𝐧𝐠 𝐜𝐨̛, 𝐡𝐨̣̂𝐩 𝐬𝐨̂́ 𝐜𝐡𝐮̛𝐚 𝐛𝐮𝐧𝐠, 𝐛𝐚̉𝐨 𝐡𝐚̀𝐧𝐡 𝟓𝟎𝟎𝟎𝐤𝐦 𝐡𝐨𝐚̣̆𝐜 𝟔 𝐭𝐡𝐚́𝐧𝐠  🤝𝐁𝐚𝐨 𝐭𝐞𝐬𝐭 𝐡𝐚̃𝐧𝐠, 𝐠𝐢𝐚𝐨 𝐱𝐞 𝐭𝐨𝐚̀𝐧 𝐪𝐮𝐨̂́𝐜 💥💥💥𝐓𝐡𝐮 𝐦𝐮𝐚 đ𝐚 𝐝𝐚̣𝐧𝐠 𝐭𝐚̂́𝐭 𝐜𝐚̉ 𝐜𝐚́𝐜 𝐝𝐨̀𝐧𝐠 𝐱𝐞 𝐜𝐮̃ 𝐠𝐢𝐚́ 𝐜𝐚𝐨 !!!"
p6_s9_1774727327,Mazda 3,1.5 AT Hatchback,2015.0,345.0,130000.0,Tự động,Xăng,Hatchback,Việt Nam,Trắng,True,5,car_p6_s9_1774727327,Chính chủ tên e cần bán.  Mazda3 2015 Máy số zin. K đâm đụng ngập nước Phát hiện đâm đụng ngập nước tặng xe Xem xe tại Đông Anh. Hà Nội Giá có thương lượng cho ae thiện chí
p7_s0_1774727453,Mazda 6,2.5 AT,2015.0,420.0,100989.0,Tự động,Xăng,Sedan,Việt Nam,Khác,False,5,car_p7_s0_1774727453,"Mazda 6 2.5 AT 2015 | Odo 9 vạn km (gốc Hà Nội)  - Máy 2.5 chạy bốc, sedan đi đầm chắc - Nội thất da, ghế điện 2 bên - Cửa sổ trời, dàn loa BOSE - Cảm biến trước/sau - i-Stop, đèn AFS (liếc)  Khu vực: Long Biên – Hà Nội Liên hệ em trao đổi cụ thể ạ"
p7_s16_1774727620,Mazda 6,2.5 AT,2015.0,380.0,95000.0,Tự động,Xăng,Sedan,Khác,Khác,False,5,car_p7_s16_1774727620,"Mazda 6 2015 bản 2.5 mạnh mẽ, Odo 9,5v  Bản full 2 ghế điện, độ volang cacbon"
p10_s1_1774728001,Mazda 3,2.0 AT Sedan,2015.0,360.0,88000.0,Tự động,Xăng,Sedan,Khác,Trắng,False,5,car_p10_s1_1774728001,"Mazda 3 2.0 sx 2015 lăn bánh 88 ngàn Km, nội thất da zin theo xe còn rất đẹp, Sơn zin 90%, mới thay 4 vỏ michelin, bảo dưỡng rất kỹ  Giá: 3xx OPTION theo xe: đèn pha Full led, hệ thống rửa đèn pha, đèn gầm Led, Hud Kính ( hiển thị tốc độ trên kính chắn gió,…"
p12_s13_1774728460,Mazda Other,2.2L 4x4 MT,2015.0,370.0,126000.0,Số sàn,Dầu,Pick-up (bán tải),Nhật Bản,Khác,True,5,car_p12_s13_1774728460,"Xe BT 50 đời 2015, số sàn, máy dầu,chạy 12,6 vạn, một chủ,full lịch sử hãng,máy móc nguyên xin, không ngập nước, pháp lý rõ ràng."
p12_s14_1774728467,Mazda 2,2.0 AT,2015.0,400.0,92000.0,Tự động,Xăng,Sedan,Việt Nam,Khác,True,5,car_p12_s14_1774728467,"XE RẤT ĐẸP ! , JIN HẾT , ĐẠP LÀ BAY VÌ MÁY 2.0 KO NHƯ 1.5 , CHẠY SƯỚNG MIỄN BÀN , XE ĐƯỢC BẢO TRÌ BẢO DƯỠNG CHÍNH HẢNG ĐÚNG KM . CHÍNH CHỦ BS SỬ DỤNG TỰ LÁI TỪ LÚC MUA MỚI ĐẾN GIỜ NÊN CÒN ĐẸP LÁM ! AI CÓ DUYÊN SỞ HỮU EM NÀY THÌ TUYỆT VỜI ! MỜI CÁC BẠN CO NHU CẦU MUA XE ĐẸP VÀ JIN HÃY LH VỚI TÔI CHÍNH CHỦ BÁN KÍ CC NGAY ! CẢM ƠN VÌ ĐÃ XEM TIN !!!!"
p13_s4_1774728548,Mazda 3,1.5 AT Sedan,2015.0,350.0,20000.0,Tự động,Xăng,Sedan,Khác,Khác,True,5,car_p13_s4_1774728548,"Tôi cần bán gấp mazda 3 2015, Xe của nhà di giữ gìn không hỏng hóc gi, thay dầu bảo dưỡng đều đặn  Thiện chí mua liên hệ trực tiếp xem xe tại Trâu Quỳ, gia lâm , hà Nội"
p13_s16_1774728651,Mazda 6,2.0 AT,2015.0,360.0,69000.0,Tự động,Xăng,Sedan,Khác,Trắng,False,5,car_p13_s16_1774728651,"Mazda 6 đời 2015 phiên bản 2.0AT màu trắng 69000.  - Xe thiết kế sang trọng, nội thất rộng rãi.   - Động cơ 2.0AT vận hành êm ái, tiết kiệm nhiên liệu.   - Giá 360trđ. - LH: ***"
p14_s4_1774759020,Mazda 3,1.5 AT Sedan,2015.0,350.0,20000.0,Tự động,Xăng,Sedan,Khác,Khác,True,5,car_p14_s4_1774759020,"Tôi cần bán gấp mazda 3 2015, Xe của nhà di giữ gìn không hỏng hóc gi, thay dầu bảo dưỡng đều đặn  Thiện chí mua liên hệ trực tiếp xem xe tại Trâu Quỳ, gia lâm , hà Nội"
p14_s16_1774759159,Mazda 6,2.0 AT,2015.0,360.0,69000.0,Tự động,Xăng,Sedan,Khác,Trắng,False,5,car_p14_s16_1774759159,"Mazda 6 đời 2015 phiên bản 2.0AT màu trắng 69000.  - Xe thiết kế sang trọng, nội thất rộng rãi.   - Động cơ 2.0AT vận hành êm ái, tiết kiệm nhiên liệu.   - Giá 360trđ. - LH: ***"
p15_s12_1774759343,CX-5,Toyota Venza 2.7 AT,2015.0,435.0,79000.0,Tự động,Xăng,SUV / Cross over,Việt Nam,Cam,True,5,car_p15_s12_1774759343,"🐅🐅🐅🌹🌹🌹E bán CX5 2015 -1 đời chủ Odo 79.000 đâm đụng thì lấy xe về chạy khỏi trả tiền Bản 2.0 cửa nóc- trang bị màn hình androi, cam lùi, để startop vv và vv Sơ cua chưa sử dụng  Giá 435 xem xe thương lượng Xem xe gần bến xe quận 8"
p16_s4_1774759497,Mazda Other,2.2 MT 4WD,2015.0,355.0,118000.0,Số sàn,Dầu,Pick-up (bán tải),Thái Lan,Khác,True,5,car_p16_s4_1774759497,Xe một chủ từ đầu ĐK tháng 12/2015 sơn si đẹp nội thất nỉ theo xe sạch sẽ mới tinh máy móc gầm bệ chưa tháo một con ốc hai cầu còn đủ chạy rất khoẻ đầm chắc ACE có nhu cầu xin LH cảm ơn đã đọc tin.
p16_s13_1774759608,Mazda 6,2.0 AT,2015.0,385.0,100000.0,Tự động,Xăng,Sedan,Khác,Đỏ,False,5,car_p16_s13_1774759608,"🚘 MAZDA 6 2.0AT sx2015 đỏ 🚘 - chạy 10v(km) zin, zin từ giàn cò, nội thất còn rất mới - Đã trang bị màn hình Androis, cam hành trình.  - Giá bán: 385 triệu  ____________________ 🚘Vạn Phát Auto - 256 Nguyễn Xiển . Hà Nội🚘 Mua-bán, trao đổi Ô TÔ đã qua sử dụng Toàn Quốc"
p16_s15_1774759633,Mazda 6,2.0 AT,2015.0,385.0,100000.0,Tự động,Xăng,Sedan,Khác,Đỏ,False,5,car_p16_s15_1774759633,"🚘 MAZDA 6 2.0AT sx2015 đỏ  ✅ Chạy 10v(km) zin, zin từ giàn cò, nội thất còn rất mới ✅ Đã trang bị màn hình Androis, cam hành trình ✅ Giá bán: 385 triệu"
p17_s14_1774759877,BT-50,AT,2015.0,315.0,110000.0,Tự động,Dầu,Bán tải,Khác,Khác,True,5,car_p17_s14_1774759877,"💥💥💥 An phát auto vừa về BT 50 2.2 at tự động một sản suất 2015 chạy được 11 vạn , tên tư nhân chính chủ . Xe đẹp không lỗi"
p20_s7_1774760489,Mazda 3,Unknown,2015.0,338.0,130000.0,Bán tự động,Xăng,Sedan,Việt Nam,Vàng,True,5,car_p20_s7_1774760489,"🚗 MAZDA 3 2015 – XE 1 CHỦ VŨNG TÀU – FORM ĐẸP, MÁY ÊM, GIÁ TỐT   🔰 Mazda 3 Sedan 2015  🔰 Xe 1 chủ từ đầu, sử dụng kỹ  🔰 Odo: 130.000 km  🔰 Xe đi giữ gìn, máy móc êm ái, nội ngoại thất còn đẹp  🔰 Phù hợp đi gia đình hoặc công việc hằng ngày   ✨ Trang bị tiện nghi:  ✔ Điều hòa mát sâu  ✔ Màn hình giải trí trung tâm  ✔ Camera lùi hỗ trợ đỗ xe  ✔ Chìa khóa thông minh – Start/Stop  ✔ Tay lái trợ lực điện, vận hành nhẹ nhàng  ✔ Tiết kiệm nhiên liệu, chi phí nuôi xe thấp   📍 Xe ở: Vũng Tàu  💰 Giá bán: 3xx triệu x nhỏ (còn thương lượng)   📞 Ai cần xe đẹp, chính chu *** Đinh liên hệ xem xe trực tiếp  👉 👉 Hỗ trợ xem xe thoải mái, thiện chí bớt lộc   🔥 Mazda 3 form đẹp, giá mềm – mua về chạy ngay, không cần làm gì thêm!"
p22_s7_1774760927,Mazda 3,1.5 AT Sedan,2015.0,350.0,12800.0,Tự động,Xăng,Sedan,Khác,Trắng,False,5,car_p22_s7_1774760927,"Mazda 3 1.5 AT sx 2015 odo 12,8V km, kiểm định đến 03/2027. xe gia đình đi ít, ai thích thì tới tận nhà xem xe chạy thử thoải mái, thương lượng ae thiện chí mua sử dụng. LH *** (Mrs.Liên)"
p23_s2_1774761088,Mazda 3,AT,2015.0,348.0,125456.0,Tự động,Xăng,Sedan,Khác,Khác,False,5,car_p23_s2_1774761088,"✅E bán ✅mazda 3 hb AT full option siêu đẹp , sản xuất 2015 , xe đẹp leng keng , ko lỗi nhỏ , máy số ngon keo chỉ zin , siêu đẹp chủ đi giữ gìn kỹ , êm đầm chắc ✅   - mâm lốp đẹp   - đèn bi led siêu sáng  ✅Giá e bán chỉ 348 tr ( bao ra tên )  _________________________________________ ✅Xem xe tại ô tô hoàng long D/c : 224 Nguyễn Chí Thanh - TPBMT - tỉnh Đăk Lăk  ☘️☘️Bên em có nhận trao đổi tất cả các loại xe ace có xe cần trao đổi alo em ngay nhé ☘️☘️ 🌾🌾 cho ae trả chậm ko lãi từ 10 - 20"
p28_s6_1774764111,Mazda 6,2.0,2015.0,360.0,110000.0,Tự động,Xăng,Sedan,Khác,Đen,False,5,car_p28_s6_1774764111,"Mazda 6 bản 2.0 đời 2015 màu đen, sedan hạng D.  - Xe chạy 110.000 km, keo chỉ zin, máy móc nguyên bản.  - Đã lên dàn lốp Michelin mới, màn hình Android.  - Xe 5 chỗ, giá hơn 300 triệu. LH em để xem xe: ***"
p28_s7_1774764123,CX-5,2.0,2015.0,439.0,86000.0,Tự động,Xăng,SUV,Nhật Bản,Đen,False,5,car_p28_s7_1774764123,"Mazda CX-5 màu đen nội thất đen, xe 5 chỗ, rỗng rãi , đầm chắc, động cơ 2.0 mạnh mẽ bao mượt mà, anh chị lấy về đi gia đình cực kì thích hợp"
p28_s16_1774764219,CX-5,2.0 AT 2WD,2015.0,425.0,98000.0,Tự động,Xăng,SUV / Cross over,Việt Nam,Đen,False,5,car_p28_s16_1774764219,"🚗 𝗠𝗔𝗭𝗗𝗔 𝗖𝗫-𝟱 𝟮.𝟬𝗔𝗧 𝗦𝗫 𝟮𝟬𝟭𝟱  💰 𝘾𝙖𝙢 𝙠ế𝙩 𝙜𝙞𝙖́ 𝙩ố𝙩 - 𝙝ỗ 𝙩𝙧ợ 𝙩𝙧ả 𝙜𝙤́𝙥. ● Chỉ hơn 4 đồng, xem xe còn ra lộc.😍  📌 Tʜᴏ̂ɴɢ ᴛɪɴ ᴄʜɪ ᴛɪᴇ̂́ᴛ:  • Xuất xứ: Việt Nam • Dòng xe: CUV 5 chỗ ngồi • Thông số vận hành: Số tự động, máy xăng. • Màu: Xám ghi / Nội thất: Da đen • Odo: 98.000km ✅️ Mô tả thêm: Xe đi ít tính ra mỗi năm chưa tới 10.000km, sơm zin còn nhiều, nội thất zin còn rất mới so vố tuổi xe, 4 vỏ michealin mới thay, sơ cua chưa hạ, hỗ trợ rút hồ sơ gốc.  🏷 𝐓r𝐚n𝐠 𝐛ị f𝐮l𝐥 𝐨p𝐭i𝐨n: ✅️ Đèn bi chiếu sáng tự động, đèn led định vị, đèn hậu led tích hợp halogen, cảm biến lùi đỗ xe. ✅️ Chìa khóa thông minh, tay năm mở cửa thông minh, đề nổ start/stop. ✅️ Nội thất da cao cấp theo xe, ghế tài chỉnh điện, cửa sổ trời, vô lăng tích hợp nút điều khiển, ga tự động. ✅️ Màn hình zin theo xe, kết nối bluetooth, camera lùi đỗ xe, hệ thống giải trí loa Bose cực hay... ✅️ 6 túi khí, cảnh báo áp suất lốp, cân bằng điện tử, phanh abs,...  📞 Lh: *** em Hưng ✨️ Siêu thị ô tô Hà Nội, 389 Quốc Lộ 13 Hiệp Bình Phước, Thủ Đức, TP.HCM -------------****------------- 👌 Cam kết không đâm đụng, tai nạn, ngập nước. 👍 Bao test hãng, test thợ hoặc gara chỉ định, bảo hành 3-6 tháng hoặc 5.000- 10.000km động cơ và hộp số. 🤝 Pháp lý sang tên rõ ràng, bao rút hồ sơ gốc.  #mazdacx5 #mazda #cx5 #mazdacx52015 #Sieuthiotohanoi389 #Sieuthiotothuduc #Sieuthiotohanoi #banxecugiare #banxeototragop #muabanxeotosaigon"
p30_s13_1774764763,BT-50,AT,2015.0,320.0,170000.0,Tự động,Dầu,Pick-up (bán tải),Khác,Bạc,False,5,car_p30_s13_1774764763,Xe nhà đang sử dụng - máy móc nguyên zin Odo 17 vạn Xe đi lại ít - không còn nhu cầu sử dụng Xem xe tại nhà 147 vạn phúc hà đông
p31_s5_1774764901,Mazda 3,1.5 AT,2015.0,355.0,110000.0,Tự động,Xăng,Sedan,Khác,Trắng,False,5,car_p31_s5_1774764901,"- Bán xe Mazda3 1.5AT màu trắng, sản xuất 2015 tên cá nhân biển hà nội, chạy 11v km bảo dưỡng đầy đủ lên xe còn cực mới và đẹp, gầm bệ êm ái chắc lịch, máy số ngọt ngào, cam kết xe zin, ko đâm đụng va quyệt, keo chỉ cột kèo đinh tán zin, máy số động cơ nguyên bản, ko ra máy ko thuỷ kích ko ngập nước, check tes thoả mái... - Xe trang bị : Ghế da xịn theo xe, màn hình cam lùi, đề nổ cửa nóc, điều hoà auto, tích hợp vô lămg, ga tự động, gập gương, và nhiều tính năng khác theo xe ...!"
p33_s5_1774765339,Mazda 6,2.5 AT,2015.0,415.0,100000.0,Tự động,Xăng,Sedan,Khác,Trắng,False,5,car_p33_s5_1774765339,"🚘Mazda6 2015 2.5At ✅Odo 10 vạn chuẩn ✅Bảo dưỡng Full hãng ✅Đèn bi led ✅Cam360, cảm biến trước sau ✅4 vỏ mới  Giá 415 triệu 📲*** em Nhường"
p35_s1_1774765682,Mazda 3,Unknown,2015.0,345.0,80000.0,Tự động,Xăng,Sedan,Khác,Trắng,False,5,car_p35_s1_1774765682,"Mazda 3 2015 xe cực đẹp chạy 8v Vừa đăng kiểm xong, 4 lốp vừa thay Ai mua liên hệ trực tiếp Xin cảm ơn"
p36_s6_1774765939,BT-50,Unknown,2015.0,339.0,170000.0,Tự động,Dầu,Bán tải,Thái Lan,Đen,False,5,car_p36_s6_1774765939,Bt50 sản suất 2015 bản 1 cầu 2.2  Xe đã chạy được 17 vạn  Giá bán 339 triệu  LH ***
p39_s13_1774766633,Mazda Other,2.0 AT 2WD,2015.0,420.0,65000.0,Tự động,Xăng,SUV / Cross over,Việt Nam,Khác,False,5,car_p39_s13_1774766633,"✨ MAZDA CX-5 2.0 AT 2013 - HÀNG SIÊU CỌP, ĐẸP HIẾM CÓ ✨ Cần nhượng lại mẫu CUV đô thị cực chất, xe gia đình sử dụng kỹ, tình trạng hoàn hảo: ✅ Sản xuất: 2013 ✅ Odo: 65.000 km (Xe cực cọp so với đời) ✅ Phiên bản: 2.0 AT (Số tự động 6 cấp mượt mà) ✅ Trang bị nổi bật: • Mâm 19 inch thể thao. • Ghế lái chỉnh điện, tích hợp sấy ghế. • Cửa sổ trời thoáng đãng. • Smart Cruise Control. • Đặc biệt: Lốp dự phòng chưa hạ. ✅ Tình trạng: Nội ngoại thất nguyên bản, máy móc êm ru, bảo dưỡng đầy đủ. 💰 Giá chào: 4xx min triệu (thương lượng cho anh em nhanh gọn) 📍 Xem xe: QL13, đối diện BV Hạnh Phúc. 📞 Liên hệ Tuấn: zalo/tele/wechat"
p40_s1_1774766706,Mazda 6,2.5 AT,2015.0,380.0,150000.0,Tự động,Xăng,Sedan,Khác,Khác,True,5,car_p40_s1_1774766706,"Xe full oftion chính chủ, độ đồ chơi rất nhiều . Giá đăng cho người thực sự muốn mua nha"
p41_s0_1774766893,Mazda 6,2.5 AT,2015.0,370.0,180000.0,Tự động,Xăng,Sedan,Việt Nam,Trắng,False,5,car_p41_s0_1774766893,"Mazda 6 2.5L- màu trắng sx2015 . Mới về Odo: 18v km, xe chuẩn như quảng cáo Không đâm đụng Tình trạng: Xe đẹp, máy móc vận hành êm, nội ngoại thất sáng bóng"
p43_s0_1774767328,Mazda 6,2.5 AT,2015.0,420.0,94000.0,Tự động,Xăng,Sedan,Khác,Khác,False,5,car_p43_s0_1774767328,"#MAZDA6 2.5L 2015 Tên cá nhân biển HN từ mới Đẹp keng ko lỗi nhỏ Odo hơn 9v km Sẵn xe giao ngay Giá quanh 400 Xem xe tại Long Biên , HN Xin cảm ơn ❤️"
p45_s3_1774767796,Mazda 6,2.5 AT,2015.0,400.0,40000.0,Tự động,Xăng,Sedan,Nhật Bản,Trắng,False,5,car_p45_s3_1774767796,"Mazda 6 màu trắng, xe Nhật Bản, thiết kế sang trọng, vận hành êm ái.  - Xe 5 chỗ, hộp số tự động, dùng nhiên liệu xăng.  - Ngoại hình đẹp, nội thất tiện nghi.  - Xe sẵn sàng lăn bánh. Xe đi chuẩn 4v klm . Bao texxt dưới mọi hình thức  Xem xe hóc môn tp hcm"
p46_s16_1774768183,Mazda 3,1.5 AT Sedan,2015.0,340.0,101235.0,Tự động,Xăng,Sedan,Việt Nam,Xanh,False,5,car_p46_s16_1774768183,"Auto Phát Thịnh vừa về Mazđa 3 sx 2015 màu xanh,bản full xe cực đẹp, chủ nữ công chức sd cẩn thận nên mọi chi tiết còn zin hêt, cam kết không đâm đụng ngập nước máy móc keo chỉ zin, giá hợp lý ,xem xe tại 92 Hồng Đô, Phú Đô, gần Svđ Mỹ đình HN"
p48_s14_1774768653,Mazda 6,2.5 AT,2015.0,400.0,46272.0,Tự động,Xăng,Sedan,Việt Nam,Cam,False,5,car_p48_s14_1774768653,Mazda 6 sản xuất năm 2015  • Odo chuẩn 4v6 Trang bị:  • Loa Bose cao cấp  • Màn hình Android giải trí   • Xe không lỗi nhỏ  Cam kết 3 KHÔNG:  • Không đâm đụng  • Không ngập nước  • Không tua odo * BAO CHECK TEST MỌI NƠI  • tp Hồ Chí Minh  • Liên hệ xem xe và thương lượng giá
p50_s9_1774769077,CX-5,2.0 AT,2015.0,399.0,79000.0,Tự động,Xăng,SUV / Cross over,Việt Nam,Khác,True,5,car_p50_s9_1774769077,"Bán Mazda CX5 2.0L 5 chỗ số tự động Sx 10/2015  Xe một chủ mua mới  Xe có ghế chỉnh điện, gương gập điện, điều hoà 2 vùng độc lập, nút bấm tích hợp trên vô lăng… Xe đẹp anh chị mua xài an tâm"
p50_s12_1774769111,Mazda 3,1.5 AT Hatchback,2015.0,359.0,60000.0,Tự động,Xăng,Hatchback,Khác,Bạc,True,5,car_p50_s12_1774769111,"SẮM OTO ĐI TẾT ANH EM ƠIIIIIIII  📲MAZDA 3 2015 1.5 AT xe gốc Gia Lai 1 chủ mua mới từ đầu Odo 6 vạn chuẩn  ✴️Xe phố chính chủ dễ dàng sang tên ✴️Máy móc zin nguyên êm ru ✴️Xe chưa đâm đụng ngập nước ✴️Đã lên màu cực dễ thương  🔥NHANH TAY NÀOOOOOOO🔥  ⭕️ Giá : ib mình sẽ có giá *** nhé ➖➖➖➖➖➖➖➖➖➖➖➖➖➖ 📌 𝐇Ỗ 𝐓𝐑𝐎̛̣ 𝐓𝐑𝐀̉ 𝐆𝐎́𝐏 𝐔̛𝐔 Đ𝐀̃𝐈:   💰 Trả góp 0đ - không cần trả trước   ✔ Duyệt hs nhanh – Không thẩm định người thân   ✔ Hỗ trợ cả khách có nợ xấu  ➖➖➖➖➖➖➖➖➖➖➖➖➖➖➖ ✨ 🏪 CẦM ĐỒ NINA – CỨ ĐƯA LÀ CẦM ✨  🔒 An toàn – Minh bạch – Thủ tục nhanh gọn ➖➖➖➖➖➖➖➖➖➖➖➖➖➖➖ 📌 DỊCH VỤ ĐA DẠNG: 🛑 Công nghệ - Điện tử: • Máy tính, laptop • Máy ảnh, máy quay phim • Máy chiếu, console game • Đồ chơi công nghệ cao 🛑 Phương tiện giao thông: • Xe đạp, xe máy • Ô tô, xe tải 🛑 Tài sản giá trị: • Vàng, trang sức • Bằng lái xe các loại 🛑 Khác: • Sim số đẹp • Đồ dùng văn phòng • Đồ điện gia dụng ━━━━━━━━━━━━━━━━━━━━ 📞 GỌI NGAY/ZALO: ***-*** 📍 Địa chỉ: 106a Cách Mạng Tháng 8 - Pleiku- Gia Lai 📍 Địa chỉ: 04 Nguyễn Tất Thành - Pleiku- Gia Lai 📍 Địa chỉ: 292 Lê Duẩn - Pleiku- Gia Lai 🛡FB : CẦM ĐỒ NINA 🔰 HỖ TRỢ NHIỆT TÌNH – ĐỊNH GIÁ NHANH – BẢO QUẢN TÀI SẢN AN TOÀN #MáyTính #Laptop #Macbook #PC #MáyẢnh #MáyQuay #MáyChiếu #Loa #Amply #ConsoleGame #Nintendo #Sim #XeMáy #Ôtô #XeTải #XeĐạp #TrangSức #ĐồngHồ #Casio #MáyIn #MáyFax #Tivi #TủLạnh #MáyGiặt #ĐiềuHoà"
p1_s12_1774726262,Mazda 6,2.0 AT,2016.0,368.0,100000.0,Tự động,Xăng,Sedan,Khác,Trắng,False,5,car_p1_s12_1774726262,"Bán Mazda 6 2016 bản full số tự động cửa sổ nóc 2.0 Xe gia đình sử dụng, bao zin không lỗi Máy zin, keo chỉ đủ, cam kết không cấn đụng, không thuỷ kích Nội thất đẹp, ghế da sạch sẽ, có màn hình cam lùi đầy đủ, trần nỉ cửa sổ nóc Ngay chủ đã rút hs gốc cầm tay giá 368 triệu Xem xe ngã 4 Hoà Lợi, Bến Cát, Bình Dương Liên hệ: ***"
p2_s1_1774726376,Mazda 3,1.5 AT Sedan,2016.0,355.0,86868.0,Tự động,Xăng,Sedan,Việt Nam,Đen,False,5,car_p2_s1_1774726376,"🚘 Mazda 3 1.5AT sản xuất 2016 full đồ chơi giá 355tr.  📝 Odo 86km xe cá nhân gia đình dùng, cam kết bằng văn bản chất lượng xe không cấn đụng, không ngập nước, máy móc nguyên bản, keo chỉ nguyên bản.  🎉 Full đồ chơi: Cửa sổ trời, màn android 15inch lớn, đèn pha 4 bi led, đèn daylight led, đèn hậu led, bi gầm led, ca lăng kim cương, ốp heo, ốp lẫy số, full nt da kem, trần da lộn, film cách nhiệt, mâm sơn đen, 2 chìa khóa,...  ☎️ *** - Auto 2K ✅ Xem xe TP. Thủ Đức, HCM."
p2_s15_1774726524,BT-50,2.2L 4x2 AT,2016.0,350.0,90000.0,Tự động,Dầu,Pick-up (bán tải),Thái Lan,Khác,False,5,car_p2_s15_1774726524,"Mazda BT50 2016, số tự động, nhập Thái. Xe đi ít bảo dưỡng đầy đủ, lên full phụ kiện. Không lỗi lầm gì, xe nguyên bản cả xe chưa qua sửa chữa. Bao check test thoải mái. Giá loanh quanh 300 Ai quan tâm liên hệ ⓪➑⑥➐④➒③⑦➑⑥"
p5_s16_1774727202,Mazda 3,1.5 AT,2016.0,405.0,45000.0,Tự động,Xăng,Sedan,Việt Nam,Khác,True,5,car_p5_s16_1774727202,"KHÔNG TIẾP CÒ XE; SALE XE! Bán xe Mazda 3 sedan 1.5 sx 2016  Xe chính chủ, chủ đầu tiên Xe mới đi 45.000 km, bảo dưỡng đầy đủ. Xe nhà đi loanh quanh HCM. Xem xe tại quận Tân Phú TPHCM. Giá bán : 405 triệu."
p6_s13_1774727373,CX-5,2.0,2016.0,455.0,95000.0,Tự động,Xăng,SUV,Khác,Trắng,True,5,car_p6_s13_1774727373,mada cx5 sản xuất 2016 máy 2.0 xe 1 chủ mua mới từ đầu. xe rất đep máy zin. nôi thất zin gầm đep. mâm zin vỏ mới. xe khg lỗi
p7_s13_1774727586,CX-5,2.5 AT 2WD,2016.0,448.0,90000.0,Tự động,Xăng,SUV / Cross over,Khác,Đỏ,False,5,car_p7_s13_1774727586,"Mình cần bán Mazda CX5 2016 bản cao cấp 2.5AT xe cực đẹp , cam kết ko tai nạn ngập nước thuỷ kích, máy số nguyên bản, ai mua ko tin tưởng có thể nhờ người qua xem thoải mái ạ"
p8_s2_1774727671,Mazda Other,Unknown,2016.0,348.0,152000.0,Tự động,Dầu,Unknown,Thái Lan,Khác,False,5,car_p8_s2_1774727671,"Đổi xe nhà cần bán Bt50 2016 rất đẹp, đi đó giờ k đâm va chỉ xướt sát sơn dặm, máy móc zin, nắp thùng thấp, bảo dưỡng định kì, cách âm cực kì tốt, xe có lên màn hình bọc trần ghế đầy đủ, lốp mới, mua về chỉ chạy k phải làm gì cũng mới bảo dưỡng và đăng kiểm, ai mua liên hệ xin cảm ơn"
p8_s6_1774727716,Mazda Other,2.0 AT,2016.0,465.0,105000.0,Tự động,Xăng,SUV / Cross over,Việt Nam,Khác,True,5,car_p8_s6_1774727716,"🚘 Mazda Cx5 2.0 Sx 2016 Một Chủ Mua Mới  - Odo 10Vạn Chuẩn  - Xe Rin Ko Lỗi Máy Số Rin, Cửa Nẻo Keo Chỉ Rin  Giá 465 Triệu ( Bao Hồ Sơ ) ☎️ ***. ☎️ ***."
p8_s11_1774727759,Mazda 3,1.5 AT Sedan,2016.0,359.0,91000.0,Tự động,Xăng,Sedan,Khác,Xanh,False,5,car_p8_s11_1774727759,Xăng lên cao đi mazda3 là hêt bài . Máy 1.5 rât tiết kiệm nè  — Mazda3 sx 2016 xanh Cavansai . gốc sg chuẩn zin đét . Bánh sơ cua zin chưa dùng lần nào — Odo 9v km . 4 vỏ lốp mới thay dày cui . Xe mua về đúng nghĩa đổ xăng là đi . — Cam kết ko tai nạn - ko ngập nước . máy zin số zin - nắp dàn cò zin chưa mở - chân máy zin . Keo chỉ ko mất phân nào . 4 cửa zin ko chạm mở . Còn đủ 2 remost  — Nâng cấp đèn led siu sáng .
p8_s13_1774727777,Mazda 3,1.5 AT Sedan,2016.0,355.0,86868.0,Tự động,Xăng,Sedan,Việt Nam,Đen,False,5,car_p8_s13_1774727777,"🚘 Mazda 3 1.5AT sản xuất 2016 full đồ chơi giá 355tr.  📝 Odo 86km xe cá nhân gia đình dùng, cam kết bằng văn bản chất lượng xe không cấn đụng, không ngập nước, máy móc nguyên bản, keo chỉ nguyên bản.  🎉 Full đồ chơi: Cửa sổ trời, màn android 15inch lớn, đèn pha 4 bi led, đèn daylight led, đèn hậu led, bi gầm led, ca lăng kim cương, ốp heo, ốp lẫy số, full nt da kem, trần da lộn, film cách nhiệt, mâm sơn đen, 2 chìa khóa,...  ☎️ *** - Auto 2K ✅ Xem xe TP. Thủ Đức, HCM."
p10_s11_1774728090,Mazda 3,1.5 AT,2016.0,355.0,86000.0,Tự động,Xăng,Sedan,Việt Nam,Đen,False,5,car_p10_s11_1774728090,"🚘 Mazda 3 1.5AT sản xuất 2016 full đồ chơi giá 355tr.  📝 Odo 86km xe cá nhân gia đình dùng, cam kết bằng văn bản chất lượng xe không cấn đụng, không ngập nước, máy móc nguyên bản, keo chỉ nguyên bản.  🎉 Full đồ chơi: Cửa sổ trời, màn android 15inch lớn, đèn pha 4 bi led, đèn daylight led, đèn hậu led, bi gầm led, ca lăng kim cương, ốp heo, ốp lẫy số, full nt da kem, trần da lộn, film cách nhiệt, mâm sơn đen, 2 chìa khóa,...  ☎️*** - Auto 2K ✅ Xem xe TP. Thủ Đức, HCM."
p10_s14_1774728116,Mazda 2,1.5 AT Sedan,2016.0,300.0,56899.0,Tự động,Xăng,Sedan,Việt Nam,Trắng,True,5,car_p10_s14_1774728116,"——THÔNG TIN XE——  • Hiệu xe: Mazda2  • Moden: 2016  • Màu xe: Trắng  • Động cơ : 1.5- Số Tự Động  • ODo: 56ngan/km —————————————————— • Tình Trạng : xe zin chính chủ Gia Đình sử Dụng ít Đi , không kinh Doanh  • Trạng Bị : Màng Hình lớn Zetes Fun Chức năng + Camara Hành Trình + Camra De cảm biển + 4 Vỏ Mới thay mới..v..v… 💰💵 bay nhanh: 299tr"
p11_s3_1774728204,Mazda 6,2.5 AT,2016.0,389.0,130000.0,Tự động,Xăng,Sedan,Việt Nam,Khác,True,5,car_p11_s3_1774728204,"E chính chủ cần bán  Mazda 6 2016 2.5 AT Full kịch sàn , chạy 13 vạn xịn , bao check test hãng .  Xe 1 chủ mua mới từ đầu , Full ls bảo dưỡng hãng , xe zin không lỗi ."
p11_s7_1774728237,Mazda 3,1.5 AT Sedan,2016.0,368.0,70000.0,Tự động,Xăng,Sedan,Thái Lan,Trắng,True,5,car_p11_s7_1774728237,MAZDA 3 2016 bản tự động odo 70.000km . Xe hoàn hảo 1 chủ mua mới từ đầu nước sơn zin cả xe . Giá 3xx . 📲:***
p12_s4_1774728383,Mazda 3,Unknown,2016.0,359.0,92000.0,Tự động,Xăng,Sedan,Việt Nam,Xanh,False,5,car_p12_s4_1774728383,— Mazda3 sx 2016 xanh Cavansai . gốc sg chuẩn zin đét  — Odo 9v km . 4 vỏ lốp dày cui . Xe mua về đúng nghĩa đổ xăng là đi tết . — Cam kết ko tai nạn - ko ngập nước . máy zin số zin - nắp dàn cò zin chưa mở - chân máy zin . Keo chỉ ko mất phân nào . Còn đủ 2 remost  — Nâng cấp đèn led siu sáng . Bánh sơ cua zin chưa hạ
p12_s15_1774728476,Mazda 3,1.5 AT Sedan,2016.0,340.0,120000.0,Tự động,Xăng,Sedan,Khác,Xám,True,5,car_p12_s15_1774728476,"Mazda 3 đời 2016 màu xám, dáng sedan thể thao, sang trọng.  💥 Điểm ăn tiền: ✔️ Form thể thao, nhìn trẻ hơn tuổi ✔️ Nội thất sạch sẽ – zin từ đầu tới cuối ✔️ Máy 1.5 êm ru – tiết kiệm xăng như người yêu cũ tiếc tiền 🤣 ✔️ Đăng kiểm dài, xách đi chạy luôn 👉 Tầm tiền này mà kiếm được em sedan ngon – bổ – rẻ như này là hiếm lắm nha! 💬 Cam kết:  • Không đâm đụng, không ngập nước  • Bao check hãng thoải mái  • Mua về chỉ việc đổ xăng là chạy, không phải nghĩ 😎 👉 Xem xe trực tiếp tại 85 Nguyễn Hồng Ánh, Đà Nẵng giá cả còn thương lượng"
p12_s17_1774728494,Mazda 3,1.5 AT Hatchback,2016.0,360.0,140000.0,Tự động,Xăng,Hatchback,Việt Nam,Cam,False,5,car_p12_s17_1774728494,"💥 Mazda 3 xe tư nhân chủ đi giữ gìn sản xuất 2016 lăn bánh 2017 bản sport full kịch túi khí quanh xe -Trang bị:động cơ 1.5L máy cực tiết kiệm chỉ 6l/100 Km. - Ga tự động, gẩy số vô lăng, hệ thống dừng/khởi động i-stop, hệ thống phanh Abs 4 bánh, túi khí an toàn, 02 chế độ lái, màn hình DVD, cam lùi nguyên bản theo xe, chìa khoá thông minh sờ nổ, xi nhan trên gương, gương kính chỉnh điện… 👉 Tình trạng xe :  - Keo chỉ zin không đâm va ko ngập nước .  - Máy số zin nguyên bản theo nhà máy chưa sờ cà lê keo tai chuột nguyên bản   🔹️Niêm yết: 360 triệu (bao rút hồ sơ) 🔸Cam kết xe không đâm đụng, không ngập nước, pháp lý rõ ràng. 🔸xem xe Hải Phòng 📲☎️ ***"
p13_s3_1774728539,Mazda 3,1.5 AT Sedan,2016.0,336.0,150000.0,Tự động,Xăng,Sedan,Khác,Cam,True,5,car_p13_s3_1774728539,"Mazda 3 1.5AT - 2016  👉 Sedan hạng C, thiết kế trẻ trung, sang trọng. 👉 Động cơ 1.5L SkyActiv mạnh mẽ, vận hành êm ái, tiết kiệm xăng khoảng 6L/100km. 👉 Trang bị: cửa sổ trời, chìa khoá smartkey, đề nổ start/stop, màn hình giải trí, camera lùi, lẫy số trên vô lăng, hệ thống an toàn ABS, cân bằng điện tử, nhiều túi khí. 🤝 Xe đi kỹ, bảo dưỡng đều. Chính chủ cần bán, không qua trung gian."
p14_s3_1774759006,Mazda 3,1.5 AT Sedan,2016.0,336.0,150000.0,Tự động,Xăng,Sedan,Khác,Cam,True,5,car_p14_s3_1774759006,"Mazda 3 1.5AT - 2016  👉 Sedan hạng C, thiết kế trẻ trung, sang trọng. 👉 Động cơ 1.5L SkyActiv mạnh mẽ, vận hành êm ái, tiết kiệm xăng khoảng 6L/100km. 👉 Trang bị: cửa sổ trời, chìa khoá smartkey, đề nổ start/stop, màn hình giải trí, camera lùi, lẫy số trên vô lăng, hệ thống an toàn ABS, cân bằng điện tử, nhiều túi khí. 🤝 Xe đi kỹ, bảo dưỡng đều. Chính chủ cần bán, không qua trung gian."
p14_s13_1774759116,Mazda Other,2.2L 4x2 AT,2016.0,350.0,109000.0,Tự động,Dầu,Unknown,Thái Lan,Cam,False,5,car_p14_s13_1774759116,"Cần bán lại xe bán tải Mazda BT50 số tự động hoặc giao lưu xe 7 chổ Tặng Full đồ chơi Đèn Bi trước full led sau. bi cảng. Màn hình , cam 360 + loa sud điện  Xem xe tại Địa chỉ: 594/11C Hương Lộ 2, Phường Bình Trị Đông, (Quận Bình Tân củ) TP.HCM"
p15_s7_1774759280,Mazda 3,1.5 AT Sedan,2016.0,385.0,75000.0,Tự động,Xăng,Sedan,Việt Nam,Cam,True,5,car_p15_s7_1774759280,"Mazda 3 AT (std) 1.5 nhiều đồ cơ bản ( đăng kiểm vô tư) đời 2016 bstp chính chủ. Còn 2 rmot v..v  Dàn ngoài Mâm + heo 👉🏼 chuẩn size zin Hai ghế trước chĩnh điện 8 hướng + quạt gió Đèn trước full M6 led bi gầm siêu sáng. Đèn hậu audi cực đẹp Xinhan tích hợp trên gương Bấm mở cốp sau auto Galang carbon + lãy số tay Camera 360 quoanh xe + cam hành trình Loa bos vô 4 cánh dập bao phê Pô on off nghe bao phê v..v  👉🏼Cam kết xe ko cắn đụng ngập nước 5 cửa zin. Máy móc zin chao chưa mở, bao rút nhập sang tên cho ae, có sao nói vậy cho đỡ mất time đôi bên. Khuyến khích ae lên xem xe trực típ ở ngoài còn keng hơn nhiều👍👍  Call *** ☎️ ***"
p16_s8_1774759548,Mazda 6,2.0 AT,2016.0,398.0,160000.0,Tự động,Xăng,Sedan,Khác,Trắng,False,5,car_p16_s8_1774759548,"🚗 Mazda 6, dòng Sedan sang trọng, màu trắng tinh tế. 🚗 Sản xuất năm 2016, số tự động, động cơ xăng mạnh mẽ và tiết kiệm nhiên liệu. 🚗 Số chỗ ngồi: 5 🚗 Odometer cực thấp, chỉ 160 km, xe gần như mới. 🚗 Phiên bản 2.0 🚗 Ngoại thất xe màu trắng sang trọng, lịch lãm, phù hợp với nhiều đối tượng khách hàng. 🚗 Nội thất rộng rãi, thoải mái, được trang bị nhiều tiện nghi hiện đại. 🚗 Động cơ vận hành êm ái, mạnh mẽ, mang lại trải nghiệm lái tuyệt vời. 🚗 Hộp số tự động chuyển số mượt mà, không giật cục. 🚗 Xe được bảo dưỡng định kỳ, đảm bảo chất lượng vận hành ***. 🚗 Thích hợp cho cả nhu cầu đi lại hàng ngày và những chuyến đi xa. 🚗 Hệ thống an toàn đầy đủ, giúp bạn yên tâm trên mọi hành trình. 🚗 Khung gầm chắc chắn, mang lại cảm giác lái đầm chắc. 🚗 Xe không đâm đụng, không ngập nước, đảm bảo chất lượng. 🚗 Giấy tờ đầy đủ, hợp lệ, sang tên nhanh chóng. 🚗 Một lựa chọn tuyệt vời cho những ai đang tìm kiếm một chiếc sedan chất lượng cao với chi phí hợp lý. 🚗 Thiết kế hiện đại, không lỗi thời, luôn thu hút mọi ánh nhìn. 🚗 Tiết kiệm nhiên liệu, giảm chi phí vận hành. 🚗 Dễ dàng di chuyển trong thành phố và trên đường trường. 🚗 Mang lại sự tự tin và phong cách cho người sở hữu."
p16_s11_1774759583,Mazda 6,2.5 AT,2016.0,389.0,139000.0,Tự động,Xăng,Sedan,Khác,Trắng,True,5,car_p16_s11_1774759583,"🚗 CẦN BÁN MAZDA 6 2.5AT SX 2016 – 1 CHỦ TỪ ĐẦU 🚗  🔹 Xe gia đình sử dụng, giữ gìn kỹ, 1 chủ từ đầu 🔹 Động cơ 2.5 mạnh mẽ, vận hành êm ái,  🔹 Số tự động, full option: ghế da, màn hình, camera lùi, điều hòa auto 🔹 Nội thất sạch đẹp, ngoại thất còn zin, không tai nạn, không ngập nước 🔹 Bảo dưỡng định kỳ đầy đủ  📌 Xe chạy ổn định, mua về đi ngay   💰 Giá: thương lượng nhẹ cho anh em thiện chí 📍 Xem xe: Ô8, Đường DA6, Khu Dân Cư Vietsing, Thuận Giao, TP Hồ Chí Minh.  📞 Liên hệ: ***"
p16_s14_1774759621,Mazda 3,1.5 AT,2016.0,355.0,86000.0,Tự động,Xăng,Sedan,Việt Nam,Đen,False,5,car_p16_s14_1774759621,"🚘 Mazda 3 1.5AT sản xuất 2016 full đồ chơi giá 355tr. 📝 Odo 86km xe cá nhân gia đình dùng, cam kết bằng văn bản chất lượng xe không cấn đụng, không ngập nước, máy móc nguyên bản, keo chỉ nguyên bản. 🎉 Full đồ chơi: Cửa sổ trời, màn android 15inch lớn, đèn pha 4 bi led, đèn daylight led, đèn hậu led, bi gầm led, ca lăng kim cương, ốp heo, ốp lẫy số, full nt da kem, trần da lộn, film cách nhiệt, mâm sơn đen, 2 chìa khóa,... ☎️ *** - em Phát ✅ Xem xe TP. Thủ Đức, HCM.  #mazda32016 #mazda32017 #"
p16_s18_1774759668,Mazda 3,2.0 AT,2016.0,359.0,112000.0,Tự động,Xăng,Sedan,Việt Nam,Nâu,True,5,car_p16_s18_1774759668,"🚗 BÁN MAZDA 3 2016 – XE MỘT CHỦ SỬ DỤNG, GIÁ CHỈ 359 TRIỆU  Mazda 3 2016 form đẹp, xe gia đình sử dụng kỹ, một chủ từ đầu, vận hành êm ái – tiết kiệm nhiên liệu, phù hợp đi gia đình hoặc chạy dịch vụ.  🔹 Mazda 3 sản xuất 2016 🔹 ODO: 112.000 km 🔹 Xe một chủ sử dụng từ mới 🔹 Nội ngoại thất còn đẹp, máy móc êm ái 🔹 Option đầy đủ: màn hình Androi, camera 360 độ, camera lùi, điều hòa tự động, vô lăng tích hợp phím bấm, dàn vỏ Micheline mới thay  🔹 Xe đã kiểm tra tổng thể – zin chuẩn, sẵn sang tên  💰 Giá bán: chỉ 359 triệu - còn thương lượng   📍 Xem xe trực tiếp tại Fastcars Thủ Đức 📞 Liên hệ Thái Fastcars"
p17_s17_1774759910,Mazda 3,1.5 AT Hatchback,2016.0,368.0,100000.0,Tự động,Xăng,Hatchback,Việt Nam,Trắng,False,5,car_p17_s17_1774759910,"✔ Mazda 3 1.5 AT Hatchback ✓ Sản xuất: 2016 ✔ Odo: 10 vạn km, lịch sử bảo dưỡng định kỳ đầy đủ ✓ Biển Hà Nội , tên cá nhân, đã lên 1 số đồ chơi cần thiết …vv Cam kết xe không đâm va, không ngập nước, không phạt nguội, pháp lý xe minh bạch đầy đủ điều kiện sang tên.  Quý khách vui lòng liên hệ Ecoauto SURE để biết thêm thông tin và giá ưu đãi nhất."
p21_s1_1774760647,Mazda 3,1.5 AT Sedan,2016.0,355.0,86000.0,Tự động,Xăng,Sedan,Việt Nam,Đen,False,5,car_p21_s1_1774760647,"🚘 Mazda 3 1.5AT sản xuất 2016 full đồ chơi giá 355tr.  📝 Odo 86km xe cá nhân gia đình dùng, cam kết bằng văn bản chất lượng xe không cấn đụng, không ngập nước, máy móc nguyên bản, keo chỉ nguyên bản.  🎉 Full đồ chơi: Cửa sổ trời, màn android 15inch lớn, đèn pha 4 bi led, đèn daylight led, đèn hậu led, bi gầm led, ca lăng kim cương, ốp heo, ốp lẫy số, full nt da kem, trần da lộn, film cách nhiệt, mâm sơn đen, 2 chìa khóa,...  ☎️ *** - Auto 2K ✅ Xem xe TP. Thủ Đức, HCM."
p23_s4_1774761112,Mazda 2,Unknown,2016.0,289.0,95000.0,Tự động,Xăng,Hatchback,Khác,Xám,False,5,car_p23_s4_1774761112,"🚘🚘MASDA2 - 2016  👉Nội thất tươi gầm bệ chắc , phụ tùng sẵn dễ thay thế sẵn đồ phổ thông  bên bán cam kết xe không tai nạn, k ngập nước, máy số zin đét ạ 🏠 Địa chỉ 90 Phạm hùng đối diện tòa Keangnam nam Từ liêm Hà Nội￼ ☎️***"
p23_s16_1774761248,Mazda 3,Unknown,2016.0,369.0,90000.0,Tự động,Xăng,Sedan,Khác,Cam,True,5,car_p23_s16_1774761248,"Chưa tới 4 đồng sở hữu ngay Mazda 3 2016. Xe 1 chủ từ đầu, chỉ mới 9 vạn, chủ cũ đi giữ cực kì kĩ, bảo dưỡng Full lịch sử hãng. Cam kết Mazda 3 2016 không đâm đụng, không ngập nước, bao check hãng. Xem xe tại Quận 2."
p25_s5_1774763548,Mazda 3,1.5 AT Sedan,2016.0,345.0,81000.0,Tự động,Xăng,Sedan,Việt Nam,Trắng,False,5,car_p25_s5_1774763548,"Mazda 3 sx 2016 máy 1.5 chất xe đẹp sẵn dùng, đồ chơi kha khá, chạy ngon êm ái Xem xe quận 12 Cảm ơn ae xem tin"
p26_s5_1774763752,Mazda 3,1.5 AT Sedan,2016.0,340.0,79999.0,Tự động,Xăng,Sedan,Việt Nam,Khác,False,5,car_p26_s5_1774763752,Máy số rin. Lên nhiều đồ chơi. Nội ngoại thất Đẹp. Sẵn sử dụng. Có thương lượng thiện chí Alo.
p27_s14_1774764027,Mazda 3,1.5 AT,2016.0,415.0,44000.0,Tự động,Xăng,Sedan,Nhật Bản,Cam,True,5,car_p27_s14_1774764027,"- xe chính chủ, ít đi, nên bán lại. - đời 2016 - cam kết không va chạm, ngập nước, chết máy. - liên hệ chính chủ xem xe và thương lượng ạ, - Mình đi làm giờ hành chính nên xem xe giúp buổi tối các ngày trong tuần từ 20 giờ trở đi hoặc cả ngày thứ 7, chủ nhật ạ. - Trường hợp gọi điện mình không liên lạc được thì để lại lời nhắn mình gọi lại nhé."
p28_s18_1774764245,BT-50,AT,2016.0,435.0,169000.0,Tự động,Dầu,Bán tải,Khác,Xám,True,5,car_p28_s18_1774764245,"Mazda BT-50 2 cầu số tự động màu xám, sản xuất 2016.  - Xe một chủ từ đầu, giữ gìn cẩn thận.  - Động cơ diesel mạnh mẽ, hộp số tự động mượt mà.  - Xe 5 chỗ, rộng rãi, phù hợp gia đình hoặc công việc."
p29_s2_1774764272,Mazda Other,2.2L 4x2 AT,2016.0,340.0,125000.0,Tự động,Dầu,Unknown,Thái Lan,Khác,True,5,car_p29_s2_1774764272,Xe nhà chính chủ không dùng cần bán tình trạng xe còn mới đẹp chưa va chạm ngập nước
p29_s5_1774764308,Mazda 2,1.5 AT,2016.0,325.0,80000.0,Tự động,Xăng,Sedan,Khác,Xám,False,5,car_p29_s5_1774764308,"🚗 MAZDA 2 2016 – SỐ TỰ ĐỘNG 🔹 Màu xám sang trọng 🔹 Odo: 80.000 km 💰 Giá bán: 325 triệu ✨ TÌNH TRẠNG XE: ✅ Xe gia đình sử dụng kỹ – giữ gìn cẩn thận ✅ Nội – ngoại thất còn đẹp, sạch sẽ ✅ Máy móc zin nguyên bản – vận hành êm ái ✅ Không đâm đụng – Không ngập nước – Bao test hãng 🛠️ TRANG BỊ NỔI BẬT: Động cơ 1.5L SkyActiv tiết kiệm nhiên liệu Hộp số tự động vận hành mượt mà Hệ thống giải trí màn hình trung tâm Điều hòa mát sâu Gương kính chỉnh điện tiện lợi Hệ thống an toàn ABS – EBD – túi khí 🌟 ƯU ĐIỂM: ✔ Sedan nhỏ gọn – dễ lái – tiết kiệm xăng ✔ Phù hợp đi gia đình hoặc chạy dịch vụ ✔ Thương hiệu Mazda bền bỉ – chi phí sử dụng thấp 🎯 Giá cực tốt: 325 triệu 📌 Thu xe cũ – đổi xe bù trừ giá tốt 📌 Hỗ trợ sang tên – rút hồ sơ toàn quốc 📌 Bao test hãng hoặc gara 🏢 Chợ Xe Ô TÔ 362 📍 362 Thống Nhất, P.16, Gò Vấp, TP.HCM"
p33_s3_1774765312,CX-5,2.0,2016.0,445.0,120000.0,Tự động,Xăng,SUV,Khác,Trắng,True,5,car_p33_s3_1774765312,"Mada cx5 sx 2016 filip đông cơ 2.0 siêu tiết kiệm ,chính chủ hải phòng . Mẫu mới phanh tay điện tử mâm thể thao đa trấu kép . Xe nguyên bản ko đâm va ngập nước . Lh xem xe hai phòng"
p34_s2_1774765492,Mazda 3,Unknown,2016.0,362.0,83000.0,Tự động,Xăng,Sedan,Khác,Khác,False,5,car_p34_s2_1774765492,"Quá mới cho 1 siêu phẩm odo 8,3 vạn  Mazda 3 2016 siêu cọp zin từng con ốc  Giá 300 mấy chục triệu  Xem xe châu Đức brvt ☎️ ***"
p35_s3_1774765699,BT-50,AT,2016.0,345.0,118000.0,Tự động,Dầu,Pick-up (bán tải),Thái Lan,Bạc,True,5,car_p35_s3_1774765699,Mazda bt50 2016 số tự động 1 cầu Xe k đâm đụng náy móc nguyên bản Xe mình chính chủ đứng bán k qua ai mình đứng tên xe Nếu k lấy mâm độ bớt 10tr
p35_s6_1774765731,Mazda 3,AT,2016.0,355.0,90183.0,Tự động,Xăng,Sedan,Khác,Trắng,False,5,car_p35_s6_1774765731,"Mazda 3 màu trắng, xe 5 chỗ, động cơ xăng, hộp số tự động.   - Thiết kế hiện đại, nội thất tiện nghi.   - xe nguyên bản"
p35_s17_1774765848,CX-5,2.0 AT,2016.0,460.0,80339.0,Tự động,Xăng,SUV / Cross over,Việt Nam,Cam,False,5,car_p35_s17_1774765848,"🚙🚙🚙 MAZDA CX5 2.0, Sản xuất 2016 FL .Odo : 80.339km. Nội thất dzin theo xe rất mới. ✔️ Option : Ghế da chỉnh điện, hệ thống loa Bose, lạnh auto 2 vùng độc lập, tích hợp vô lăng, ga tự động, báo áp suất lốp, động cơ i-stop dừng 3s tắt máy, phanh tay điện tử, chế độ chạy sport, đèn pha & gạt mưa auto. Khoá thông minh khởi động bằng nút. Cửa sổ trời, màn hình Dvd tích hợp cam lùi. ✔️ Xe đã qua kiểm tra chất lượng, không lỗi."
p36_s5_1774765927,Mazda 3,1.5 AT,2016.0,369.0,90000.0,Tự động,Xăng,Sedan,Khác,Khác,True,5,car_p36_s5_1774765927,Hàng hót mới về tới 🚘Mazda3 2016 1.5At sedan ✅Odo 9 vạn chuẩn full hãng ✅Một chủ biển 51F ✅Đã lên Bi Led  ✅Bốn vỏ mới thay ✅Nội thất rất đẹp ✅Keo chỉ máy móc nguyên Zin  Giá 369 triệu 📲*** em Nhường
p36_s9_1774765964,Mazda 2,1.5 AT Sedan,2016.0,299.0,61000.0,Tự động,Xăng,Sedan,Việt Nam,Cam,False,5,car_p36_s9_1774765964,"Mazda 2 2016 xe zin Bao check test  Cam kêt ko đâm đụng ,ngập nước ,ko thủy kích"
p37_s16_1774766206,Mazda 3,1.5 AT,2016.0,370.0,97000.0,Tự động,Xăng,Sedan,Khác,Đỏ,False,5,car_p37_s16_1774766206,"Nay e có 𝐌𝐚𝐳𝐝𝐚 𝟑 fom 𝐇𝐚𝐭𝐜𝐡𝐛𝐚𝐜𝐤 𝐬𝐱𝟐𝟎𝟏𝟔. Mẫu xe 5 chổ phân khúc C rất rộng và giữ dáng. Động cơ 1.5AT tiết kiệm. Đã dán fiml, lót sàn. A/c quan tâm alo e nhé🥰   💰3xx  ☘️☘️☘️ 𝑻𝒉𝒂̀𝒏𝒉 𝑵𝒂𝒎 𝑨𝒖𝒕𝒐 𝑫𝒂̆𝒌𝑳𝒂̆𝒌 ☘️☘️☘️ - Chuyên Mua, Bán Xe Ôtô Đã Qua Sử Dụng.  - Chuyên Nghiệp - Lịch Sự - Tận Tâm   📞: *** & ***  📌𝐔𝐲 𝐓𝐢́𝐧-𝐂𝐡𝐚̂́𝐭 𝐋𝐮̛𝐨̛̣𝐧𝐠 Đ𝐚̣̆𝐭 𝐋𝐞̂𝐧 𝐇𝐚̀𝐧𝐠 Đ𝐚̂̀𝐮 📍𝟔𝟕𝟔-𝟔𝟕𝟖 𝐕𝐨̃ 𝐕𝐚̆𝐧 𝐊𝐢𝐞̣̂𝐭, 𝐏.𝐓𝐡𝐚̀𝐧𝐡 𝐍𝐡𝐚̂́𝐭 𝐃𝐚̆𝐤𝐋𝐚̆𝐤."
p38_s13_1774766386,Mazda 3,1.5 AT Sedan,2016.0,320.0,100000.0,Tự động,Xăng,Sedan,Khác,Đỏ,False,5,car_p38_s13_1774766386,"Mazda 3 2016 màu đỏ, xe số tự động,  - Thiết kế trẻ trung, thể thao.   - Nội thất tiện nghi, hiện đại.   - Vận hành êm ái, tiết kiệm nhiên liệu. - Keo chỉ zin , máy số êm . giá trên em bao ký giấy tờ mua bán"
p39_s15_1774766659,Mazda 3,Unknown,2016.0,355.0,900000.0,Tự động,Xăng,Sedan,Khác,Đỏ,False,5,car_p39_s15_1774766659,bán xe m3 xe đẹp ko lỗi cả nhà ơi chơ tốt ơi. năm sản xuất 2016 bản cao cấp. ai có nhu cầu liên hệ đt ***
p42_s3_1774767156,BT-50,3.2L 4x4 AT,2016.0,350.0,120000.0,Tự động,Dầu,Bán tải,Khác,Trắng,True,5,car_p42_s3_1774767156,"Cần bán gấp BT50 2016 Xe 1 chủ từ đầu, đã đi dk 12 vạn Xe nguyên bản và zin hết ạ Trang bị đầy đủ về sẵn đi ạ"
p42_s11_1774767240,Mazda 3,Unknown,2016.0,362.0,70000.0,Tự động,Xăng,Sedan,Khác,Trắng,False,5,car_p42_s11_1774767240,"🚘 Mazda 3 màu trắng  Odo 63.000 km ✅Năm 2016  ✅Option: Dán kính, trải sàn, camera lùi, ghế da, màn hình android,…  ✅Bảo hành chính hãng  🎯 Mua xe tại T Sure - Trung Tâm Mua Bán Xe Cũ Chính Hãng tại Toyota Hiroshima Tân Cảng: ✅Giấy tờ rõ ràng minh bạch đủ điều kiện sang tên ✅Giấy chứng nhận kiểm tra 176 hạng mục ✅ Bảo hành riêng biệt đối với từng dòng xe ✅ Hỗ trợ kỹ thuật 24/7  🏦️ CAM KẾT 3 KHÔNG:  ❌ Không đâm đụng - Không ngập nước. ❌ Không tháo rã động cơ. Không tua km. ❌ Không phạt nguội - Không tranh chấp."
p43_s6_1774767392,Mazda 3,Unknown,2016.0,370.0,80000.0,Tự động,Xăng,Sedan,Khác,Trắng,False,5,car_p43_s6_1774767392,"🚘🚘MAÁDA 3 odo 8 vạn siêu hiếm 👉cá nhân biển Hà Nội zin tuyệt đối 👉ngoại thất sơn si bóng đẹp,  👉Nội thất tươi điều hòa mát gầm bệ chắc , đăng   kiểm dài 2026 ,Chủ xe bảo dưỡng định kỳ.  💰💰giá 37x 🏠 Địa chỉ 90 Phạm hùng đối diện tòa Keangnam nam Từ liêm Hà Nội￼ ☎️***"
p44_s4_1774767560,BT-50,3.2L 4x4 AT,2016.0,395.0,97000.0,Tự động,Dầu,Pick-up (bán tải),Thái Lan,Xanh,False,5,car_p44_s4_1774767560,Bán tải BT50 STD 2 Cầu 2016 3.2 4x4 AT bản cao cấp nhất Màu Xanh mẫu mới đẹp keng chạy cực khỏe lên màn hình anroi cam lùi hành trình ghế da võ lốp dày cui (có nắp thùng thấp) Giá chỉ hơn xe 1 cầu tí 395tr bao rút hồ sơ  🆘✅ 👉 xem xe Bảo Vinh Long Khánh Đồng Nai
p44_s14_1774767674,Mazda Other,Unknown,2016.0,388.0,86000.0,Tự động,Xăng,Unknown,Khác,Đỏ,True,5,car_p44_s14_1774767674,"🚘🚘MASDA2 - 2020 sedan ( bản cao cấp đỏ phale) xe 1 chủ tên tư nhân hà nội 👉cá nhân từ đầu k phải công ty 👉ngoại thất sơn si bóng đẹp,  👉Nội thất tươi chưa thay thể hay sơn phẩy lại gì gầm bệ chắc , phụ tùng sẵn dễ thay thế  Chủ xe bảo dưỡng định kỳ.  xe không tai nạn, k ngập nước, máy số zin đét ạ 🏠 Địa chỉ 90 Phạm hùng đối diện tòa Keangnam nam Từ liêm Hà Nội￼ ☎️***"
p44_s17_1774767708,Mazda 3,1.5 AT Sedan,2016.0,358.0,110000.0,Tự động,Xăng,Sedan,Khác,Đen,False,5,car_p44_s17_1774767708,"Mình bán Mazda3 1.5AT 2016, đi rất ít mới chạy được 11 vạn, bảo dưỡng full hãng nên chất lượng xe còn rất tốt, mọi thứ đều còn nguyên bản hết, 1 dàn lốp Michelin mới  👉 Cam kết máy số nguyên bản ko tai nạn ngập nước Các bác mua nhờ ng qua check test thoải mái ạ Trên đây là hình ảnh xe mình"
p45_s12_1774767901,Mazda 6,2.5 AT,2016.0,395.0,110000.0,Tự động,Xăng,Sedan,Khác,Đỏ,True,5,car_p45_s12_1774767901,"MAZDA 6 2.5AT 2016 XE GIA ĐÌNH SỬ DỤNG RẤT KĨ, 1 CHỦ MUA MỚI XE ĐẸP MÁY SỐ ZIN 100%, LÊN FULL ĐỒ CHƠI, KHÔNG LỖI.  1️⃣ XE BÁN CÓ BẢO HÀNH 1 NĂM 2️⃣ ODO: 110.000 KM ( ĐẢM BẢO ĐÚNG ĐỒNG HỒ) 3️⃣ MÀU: ĐỎ 4️⃣ BAO RÚT HỒ SƠ THU HỒI BIỂN SỐ 5️⃣ BẢO DƯỠNG HÃNG ĐẦY ĐỦ ĐÚNG ĐỊNH KÌ. 6️⃣ HÌNH THỨC: XE CÁ NHÂN, 1 CHỦ MUA MỚI ⭕ CAM KẾT XE KHÔNG ĐÂM ĐỤN- KHÔNG NGẬP NƯỚC- KHÔNG PHẠT NGUỘI-KHÔNG TRANH CHẤP- THỦ TỤC PHÁP LÍ RÕ RÀNG MINH BẠCH  ✴️ Tình trạng xe: ♻️ SƠN ZIN CÒN 90% KHÔNG LÀM ĐỒNG HOẶC DẶM TUỐT, ĐÃ ĐƯỢC BÊN HÃNG ĐÃ KIỂM ĐỊNH,4 VỎ MỚI THAY. 👉 ĐỘNG CƠ: MÁY ZIN, ÓC 7 MÀU CÒN DẤU CỦA NHÀ SẢN XUẤT. ♻️ PHỤ KIỆN: GHẾ DA,LÓT SÀN, MÀN HÌNH LỚN, CAMMERA HÌNH TRÌNH, CAM TRƯỚC SAU, DÁN FIML,LÓT SÀN….RẤT TIỆN ÍT ♻️ FULL ĐỒ RẤT TIỆN LỢI KHÔNG PHÁT SINH THÊM CHI PHÍ NÀO. ♻️KHUNG GẦM ZIN CÒN RẤT MỚI  ☎ LH: CẢNH (XEM XE & THƯƠNG LƯỢNG GIÁ) 📍 ĐC: 251 Đ SỐ 5, P AN LẠC, Q BÌNH TÂN"
p46_s17_1774768194,Mazda 6,2.0L Premium,2016.0,398.0,92452.0,Tự động,Xăng,Sedan,Nhật Bản,Đỏ,False,5,car_p46_s17_1774768194,"Mazda 6 tự động 2016 ,xe trang bị 2 ghế điện ,nhớ ghế 2 vị trí ,của sổ trời Máy móc nguyên rin ,keo chỉ rin ,xe không đâm đụng ngập nước ,bao test thoải mái  Bao rút hồ sơ cho người mua"
p47_s5_1774768293,Mazda 3,1.5 AT Sedan,2016.0,355.0,730000.0,Tự động,Xăng,Sedan,Việt Nam,Cam,True,5,car_p47_s5_1774768293,"e cần bán mazda 3 2016 xe đẹp ko lỗi máy số zin keo chỉ zin xe đã lên full cam 360 màn zettech xịn vô lăng cabon,,led nội thất..ghế điện 2 bên..đèn trước sau full led.. pô on off nổ cực tê..mâm lốp thể thao  xe chính chủ bao uỷ quyền cho ae hoặc rút hồ sơ luôn đều được.."
p48_s6_1774768551,Mazda 2,1.5 AT Hatchback,2016.0,290.0,65000.0,Tự động,Xăng,Hatchback,Việt Nam,Vàng,True,5,car_p48_s6_1774768551,"Mazda 2 Sport , màu vàng cát, kiểu dáng hatchback rất trẻ trung, năng động.   - Biển số SG gốc 1 chủ, - Xe nhỏ gọn, dễ di chuyển trong phố.- Tiết kiệm nhiên liệu, vận hành ổn định. Máy 1.5 mazda cũng đủ mạnh khi đi đường trường.  - Đã đi 65 ngàn km (cam kết đúng km), Chú chủ xe l���� cb quân đội nên ít đi vì toàn đi xe cơ quan. - Máy số bao zin, không tai nạn hay ngập. Đã đại bảo dưỡng ở 60k (Thay 4 phuộc mới, các cao su chân máy, rotuyen càng…) Xe về chỉ đổ xăng đi không cần suy nghĩ. - Bản sport nên Option cũng nhiều, đèn led sáng, nội thất da zin đẹp. - Giá bán 3xxtr có TL ít, chỉ bán cho ngừoi dùng, (Xem xe tại p15 GV địa chỉ khớp Cavet nên an tâm nha)."
p48_s18_1774768707,Mazda 2,1.5 AT Hatchback,2016.0,289.0,65050.0,Tự động,Xăng,Hatchback,Việt Nam,Vàng,True,5,car_p48_s18_1774768707,"Xe đi cẩn thận nên đã bảo dưỡng nhiều thứ dưới gầm giá trị lên tới mấy chục triệu cách đây nửa năm. Số máy nguyên bản, chuẩn số odo 65 ngàn km, không ngập nước hay va đụng gì, keo chỉ kính zin. Chính chủ, 1 chủ sx 2016 bstp và chỉ bán cho ngừoi dùng. Giá tôt so với chất xe."
p49_s12_1774768876,Mazda 3,1.5 AT Sedan,2016.0,358.0,70000.0,Tự động,Xăng,Sedan,Việt Nam,Khác,False,5,car_p49_s12_1774768876,"Bán hoặc gluu xe Mazda 3 2016 cực đẹp đi đúng 7v km như mới,rất ít đi,máy móc nguyên zin siêu chất,keo chỉ zin cả xe ko va quệt bao h,mới thay 1 dàn lốp mít về chỉ việc đi luôn,giá 358tr ra lộc cho ae thiện chí call"
p49_s17_1774768931,Mazda 3,2.0 AT Sedan,2016.0,379.0,90000.0,Tự động,Xăng,Sedan,Việt Nam,Cam,False,5,car_p49_s17_1774768931,"Cần bán Madaza 3 2016 bản 2.0 số tự động nội thất nguyên bản theo xe . Nghế điện UD kính . Bản Full máy móc nguyên bản. Xe ko gập nước ko đâm va cam kết chất lượng.  - ODO 90.000 km, sản xuất tại Việt Nam.   - Thiết kế thể thao, nội thất tiện nghi.   -"
p50_s1_1774768983,Mazda 2,1.5 AT Hatchback,2016.0,295.0,106000.0,Tự động,Xăng,Hatchback,Việt Nam,Khác,True,5,car_p50_s1_1774768983,"Mazda 2-2016 1 chủ từ đầu  Bản spoort hatbank  1 chủ chạy kỹ bảo dưỡng full lịch sử hãng  Bao không lỗi , máy số nguyên  Zin , đẹp không tùy vết  Bstp ngay chủ bao ký giấy thu hồi liền cho ae về bấm số  Gia bán 295 tr Xem Xe quan 12 ngã tư ga  Bao check toàn quốc  Alo Dũng."
p50_s2_1774768997,Mazda 3,1.5 AT Hatchback,2016.0,348.0,68000.0,Tự động,Xăng,Hatchback,Việt Nam,Xám,True,5,car_p50_s2_1774768997,"Mazda 3 Hatchback đời 2016 màu xám, xe một chủ, bảo dưỡng đầy đủ. - Odo 68.000 Km, sơn zin, 4 vỏ mới. - Gầm máy, nội thất còn mới. - Xe 5 chỗ, tiện nghi, vận hành êm ái."
p50_s6_1774769045,Mazda 3,1.5 AT Sedan,2016.0,350.0,105000.0,Tự động,Xăng,Sedan,Khác,Vàng,False,5,car_p50_s6_1774769045,"Gia đình lên đời can bán mazda 3 AT đời 2016, odo 105 vạn"
p50_s18_1774769175,Mazda 6,2.5 AT,2016.0,395.0,109000.0,Tự động,Xăng,Sedan,Việt Nam,Cam,True,5,car_p50_s18_1774769175,Mazda 6 2.5AT sản xuất 2016 ✅ xe 1 chủ gia đình mua mới ✅4 vỏ mới tinh ✅Bảo dưỡng định kì đầy đủ ✅Option trang bị cơ bản  ✅Bán xe cam kết : không lỗi Ace nào qtam lh e
p1_s4_1774726185,Mazda 3,AT,2017.0,385.0,118000.0,Tự động,Xăng,Sedan,Khác,Trắng,False,5,car_p1_s4_1774726185,"🚗 MAZDA 3 -2017 – SỐ TỰ ĐỘNG – MÁY XĂNG . Bản philip thắng điện tử  Ⓜ️ Máy số , keo chỉ nguyên zin 💯  ✨ Form dáng thể thao, sang trọng 🧭 Full chức năng: đề start/stop, màn hình, camera, cảm biến, ga tự động, vô lăng tích hợp… 🍭Máy êm ru - Điều hoà lạnh sâu 🍃Gầm bệ chắc nịch , chạy đầm  💸Giá385🍠 bao rút hồ sơ gốc  ☎️Alo ***để xem xe  📍Xem xe ngay trạm thu phí Bình Thung Dĩ An Bình Dương"
p1_s10_1774726239,Mazda Other,2.2 AT 2WD,2017.0,385.0,120000.0,Tự động,Dầu,Pick-up (bán tải),Thái Lan,Cam,True,5,car_p1_s10_1774726239,"Hoàng Thanh Auto chào bán xe: Mazda BT50 2.2AT 2017 máy dầu số tự động, xe nhập khẩu Thái Lan tên cá nhân 1 chủ xe đẹp zin, lốp mới 4 quả Xe bán cam kết nguyên zin, không đâm đụng ngập nước Máy số zin keo chỉ khung gầm cột kèo zin Bao check test toàn quốc"
p3_s0_1774726619,Mazda 2,1.5 AT Sedan,2017.0,315.0,80000.0,Tự động,Xăng,Hatchback,Việt Nam,Xanh,False,5,car_p3_s0_1774726619,"Mazda 2 Luxury đời 2017 màu xám xanh, xe đẹp, máy móc nguyên bản.  - ODO: 80.000 km.  - Xe không đâm đụng, không ngập nước.  - Xe sẵn sàng lăn bánh.  - Xem xe tại 84 Phạm Hùng, Hoà Xuân, Đà Nẵng."
p3_s2_1774726644,Mazda 3,Unknown,2017.0,399.0,72000.0,Tự động,Xăng,Hatchback,Khác,Cam,True,5,car_p3_s2_1774726644,"Mazda 3 Hachback đời 2017 chính chủ - Ghế da zin, 4 vỏ mới, mâm phay thể thao, màn hình androi, cam de, dán full fim3M cách nhiệt, vè che mưa, mang cá spots…. - Máy số keo chỉ zin không lỗi nhỏ. Odo chuẩn 72k bao test  Xem xe tại số 5 đường 35, phường Bình Thuận, quận 7"
p4_s12_1774726940,Mazda 3,1.5 AT Sedan,2017.0,365.0,139000.0,Tự động,Xăng,Sedan,Việt Nam,Khác,False,5,car_p4_s12_1774726940,Mazda 3 FL 1.5 Hatchback đời cuối 2017 xe gia đình sử dụng kỷ còn rất mới cá nhân đứng tên ngay chủ bán xem xe tại sài gòn
p5_s9_1774727122,BT-50,2.2L 4x2 AT,2017.0,350.0,80000.0,Tự động,Dầu,Pick-up (bán tải),Thái Lan,Cam,True,5,car_p5_s9_1774727122,"👉 Madaz BT50 AT 2017 1 cầu 1 chủ sử dụng xe sẵn dùng, màn hình cam de đầy đủ… 👉 Xe nguyên rin nguyên bản, máy móc keo chỉ rin. 👉 Xe cam kết bằng văn bản ko cấn đụng, ko kích thuỷ😊😊 👉 Bảo hành máy 6 tháng hoặc theo số km 👉 Hỗ trợ bank hoặc vay tài chính ☺️ 👉 Hỗ trợ rút hồ sơ sang tên đổi biển  🏠 Xem xe trực tiếp tại cửa hàng:  🏡 ÔTÔ Ⓜ️INH 🅿️HÁT  🕹️ ĐỊA CHỈ ☝️ : 1️⃣2️⃣7️⃣ Phạm Văn Đồng - P.Tân Lập- Đaklak (Km5 QL26) 🕹️ ĐỊA CHỈ ✌️: 2️⃣2️⃣ Phạm Văn Đồng - P.Tân Lập- Đaklak (Km5 QL26)  📲📲Zalo: Minh Hạnh"
p5_s12_1774727159,Mazda 3,1.5 AT,2017.0,349.0,110567.0,Tự động,Xăng,Hatchback,Việt Nam,Vàng,False,5,car_p5_s12_1774727159,"Bán hoặc giao lưu 7 chỗ Mazda 3 216 lăn bánh 2017 hatchback màu vàng cát, xe 5 chỗ, động cơ xăng, hộp số tự động.  - Xe sản xuất tại Việt Nam.   - Thiết kế hiện đại, nội thất tiện nghi.   - Vận hành êm ái, tiết kiệm nhiên liệu. - 111.267km chuẩn full lịch sử thaco check thoải mái - Zin không mất phân chỉ nào - Máy móc nguyên zin - Không đâm đụng, ngập nước"
p6_s8_1774727316,Mazda 2,1.5 Hatchback,2017.0,318.0,77123.0,Tự động,Xăng,Hatchback,Nhật Bản,Trắng,False,5,car_p6_s8_1774727316,Xe nhà mua mới 1 đời chủ ít sử dụng . Đồng Sơn máy nội thất nguyên thủy. ACE muốn đưa lên hãng kiểm tra thì ok . Coi xe ưng ý ngay
p6_s11_1774727350,CX-5,AT,2017.0,485.0,58000.0,Tự động,Xăng,SUV,Khác,Trắng,False,5,car_p6_s11_1774727350,"Mazda CX-5 màu trắng, xe 5 chỗ, nội thất da sang trọng.   - Động cơ xăng, hộp số tự động.   - Thiết kế hiện đại, vận hành êm ái.   - Xe phù hợp cho gia đình. xe bảo dưỡng đúng định kỳ"
p6_s15_1774727396,Mazda Other,2.2L 4x2 AT,2017.0,380.0,140000.0,Tự động,Dầu,Pick-up (bán tải),Thái Lan,Cam,False,5,car_p6_s15_1774727396,"Mazda BT 50 2017 2.2L 4x2 AT - 140000 km 1chủ, đã lên rất nhiều đồ chơi. Nhập đội BT50 2017 1chủ từ mới, máy số keo chỉ rin đét, cam 360 màn hình cam lùi đầy đủ, có nắp thùng, đã đổi cavet!"
p7_s6_1774727515,BT-50,2.2 AT 2WD,2017.0,375.0,110000.0,Tự động,Dầu,Pick-up (bán tải),Khác,Đen,False,5,car_p7_s6_1774727515,Mazda BT 50 2017 2.2 AT Tự Động 1 Cầu Xe đi 11v km không đâm đụng không thuỷ kích máy số zin gầm bệ đẹp 1 dàn lốp mới
p7_s12_1774727579,Mazda 3,AT,2017.0,410.0,95000.0,Tự động,Xăng,Sedan,Việt Nam,Trắng,False,5,car_p7_s12_1774727579,"Mazda 3 FL màu trắng, xe 5 chỗ, dùng nhiên liệu xăng, sản xuất tại Việt Nam.  - Xe độ đèn full trước sau, ốp pô Mercedes, led hậu viền led Mer full xe.  - Khuyếch tán nước hoa Mer, camera hành trình HP, áp suất lốp.  - Mâm dự phòng như bánh chính, Apple CarPlay, gập gương tự động, gương sấy tích hợp xi nhan.  - Phủ gầm, kính lái xịn dán 3M.  - Đăng kiểm đến 11/2026, bảo hiểm Liberty thân vỏ mới mua đến 12/11/2026.  - Bảo dưỡng full tại hãng, chạy phần mềm Mazda tiếng Việt, set được chế độ giới hạn tốc độ. - Test thoải mái - Em bán cho người dùng trực tiếp. -Xe gia đình nên đi rất kỹ"
p7_s14_1774727598,Mazda 3,1.5 AT,2017.0,385.0,70000.0,Tự động,Xăng,Hatchback,Khác,Khác,False,5,car_p7_s14_1774727598,"Cần bán Mazda3 2017 FL thắng điện 👉 Odo chuẩn 7v  👉 Xe đã lên kha khá đồ chơi  👉 Keo chỉ , máy số zin nguyên bản, không đâm va , không ngập nước. Bao check test trước khi giao dịch."
p8_s18_1774727818,CX-5,2.5 AT 2WD,2017.0,495.0,60258.0,Tự động,Xăng,SUV / Cross over,Việt Nam,Khác,True,5,car_p8_s18_1774727818,"Bán nhanh xe Mazda cx5 2017 2.5 full cao cấp 1 chủ cực zin đẹp không tì vết 1 trước *** trên thị trường, nhìn là mê, ngắm không rời mắt, sử dụng thể hiện cá tính riêng biệt Dòng xe 5 chỗ cao cấp sang trọng cho mọi gia đình, Full chức năng, gầm máy số zin đẹp như mới nên đi cực kỳ êm sướng nhẹ bốc Xe chỉ dành cho anh chị em đam mê khos kiếm chiếc thứ 2 Có trao đổi các loại xe khác  Ai cần alô trực tiếp không nhắn tin  Bao tét hãng thợ thầy các kiểu Giấy tờ chính chủ ký giao dịch ngay"
p10_s5_1774728037,Mazda 3,AT,2017.0,315.0,6789.0,Tự động,Xăng,Sedan,Khác,Trắng,False,5,car_p10_s5_1774728037,"Mazda 3 sx 2017  Nhỏ gọn thích hợp để đi phố  Xe nguyên rin ,  Ưng kết nối em , nt zalo e  Em cơm ơn"
p11_s2_1774728194,Mazda 2,Unknown,2017.0,286.0,85000.0,Tự động,Xăng,Hatchback,Khác,Khác,True,4,car_p11_s2_1774728194,"Xe bảo dưỡng đúng định kỳ, Xài kỉ máy móc Zin. gầm Zin. sơn xi liền lạc. mua bán kí nhanh chính chủ tại nhà. tiếp thiện chí"
p11_s11_1774728270,Mazda 3,1.5 AT Sedan,2017.0,395.0,60000.0,Tự động,Xăng,Sedan,Việt Nam,Trắng,True,5,car_p11_s11_1774728270,"HÀNG HÓT LẠI VỀ, MUA MỚI MỘT CHỦ, XE TRÙM MỀN . Thông tin xe như sau: - Loại xe: Mazda 3, 1.5FL Sedan  - Năm sản xuất: 2017 model 2018, lăn bánh 01/2018 - Màu xe: Trắng Camay - Biển số: 51G-539.41, biển trắng - Số km: 60.000 km, bao test - Phụ kiện lắp thêm: dán phim, lót sàn, camera hành trình, . - Tình trạng xe: Xe không lỗi, hệ thống chức năng hoạt động tốt, vỏ xe 2023 gai cao 95%, chạy rất êm.  - Pháp lý xe: Cá nhân không kinh doanh DV. - Cam kết: Không đâm đụng, máy số zin không ngập nước, không tua km, không tranh chấp, không phạt nguội, bao rút gốc thu hồi biển số. - Giá công bố: 395 triệu - Xem xe tại 37đường 36 P. Linh Đông, TP. Thủ Đức."
p12_s5_1774728391,Mazda 3,AT,2017.0,405.0,47000.0,Tự động,Xăng,Hatchback,Khác,Trắng,True,5,car_p12_s5_1774728391,"✅Loại xe: MAZDA 3 HB FL ✅Hộp số: Số tự động ✅Năm sản xuất: 2017 (1 chủ) ✅Màu: Trắng ✅Nội thất : Đen (ghế da zin theo xe) ✅Biển số: 51G-418.47 ✅Số km: 47.000km (full lịch sử hãng) ✅Phụ kiện lắp thêm: Dán phim, thảm lót sàn, 4 lốp michelin, camera hành trình, cảm biến áp suất lốp. ✅Pháp lý xe: Cá nhân. ✅Tình trạng xe: Nội ngoại thất hoàn hảo, sạch sẽ. ✅Cam kết: Không cấn đụng, không ngập nước, không tua odo, không phạt nguội hay tranh chấp. ✅Đăng kiểm: 05/2026"
p12_s6_1774728400,CX-5,2.5 AT 2WD,2017.0,465.0,130000.0,Tự động,Xăng,SUV,Khác,Nâu,False,5,car_p12_s6_1774728400,"bán xe cx5 2017 2.5 full 2 ghế điện , cốp điện , kiếng cửa lên tự động xe đẹp zin ko lỗi nhỏ ae quan tâm xin gọi đt để xem xe"
p16_s6_1774759525,CX-5,2.5,2017.0,489.0,11000.0,Tự động,Xăng,SUV,Khác,Đen,True,5,car_p16_s6_1774759525,💥💥💥 An phát vừa về - Cx5 2.5 sx 2017 tên cá nhân một chủ từ mới  - xe đẹp zin hết không lỗi nhỏ  - lốp sơ cua chưa hạ  - Bao check test thoải mái
p17_s3_1774759748,Mazda 3,1.5 AT Sedan,2017.0,375.0,90000.0,Tự động,Xăng,Sedan,Việt Nam,Trắng,False,5,car_p17_s3_1774759748,"Mazda 3 2017 trắng zin cực chất 😍🚗Lại về siu phẩm cho AE đã bỏ lỡ😍:  ✔️ Form 2017 – dáng sang, nhìn là mê ✔️ Phanh tay điện tử + Auto Hold – tiện đi phố ✔️ Nội thất đen – ghế da còn căng, sạch đẹp ✔️ Máy 1.5 siêu tiết kiệm – chạy êm, cực lành ✔️ Màn hình trung tâm, điều hòa mát sâu 📌 Bao Không đâm đụng không ngập nước , máy móc nguyên zin 📌 Xe gia đình sử dụng kỹ – không taxi, không dịch vụ 📌 Cam kết zin từ A-Z – bao check thoải mái 📌 Giấy tờ chuẩn – sang tên nhanh gọn 💰 Giá 3Xx – quá mềm cho một em 2017 đẹp giá còn thương lượng cho ae  👉 Tầm tiền này kiếm con ngon như này không có chiếc thứ 2  🏪 Salon Auto Đăng Khoa 📍 85 Nguyễn Hồng Ánh, Đà Nẵng 📞 Liên hệ ngay – xe đẹp không đợi người chậm 😆"
p17_s11_1774759844,Mazda 3,2.0 AT,2017.0,390.0,49000.0,Tự động,Xăng,Sedan,Khác,Khác,False,5,car_p17_s11_1774759844,"MAZDA 3 ĐỜI CUỐI 2017 – PHIÊN BẢN 2.0  Xe nữ đi trong khu vực TP.HCM, ODO 49,000 km.  Xe không tai nạn, không thuỷ kích, bảo dưỡng tại hãng đầy đủ.  Mâm xe lớn 18 inch, cả 4 mâm xe còn mới không trầy xước.  Cửa sổ trời, cảm biến trước sau, cốp điện.  Ghế lái chỉnh điện, nội thất da & vô lăng bọc da, có lẫy chuyển số sau vô lăng. Xe số tự động, khởi động bằng nút bấm, có chức năng tốc độ xe hiển thị trên kính lái.  Bốn tay mở cửa bên trong bọc crome rất dày.  Giá bán 390 triệu đồng, chỉ bán cho ai mua sử dụng gia đình, không giao dịch với các anh em mua bán xe."
p18_s1_1774759953,BT-50,MT,2017.0,324.0,140000.0,Số sàn,Dầu,Pick-up (bán tải),Khác,Đen,True,5,car_p18_s1_1774759953,"Chính chủ cần bán Mazda BT-50 MT đời 2017, bản nhập khẩu, xe gia đình sử dụng kỹ, giữ gìn cẩn thận.  🔹 Thông tin xe: - Đời: 2017  - Dòng xe: Bán tải (Pickup)  - Máy dầu, tiết kiệm nhiên liệu  - Dẫn động: 4x4 mạnh mẽ  - Hộp số: số sàn  - Xe zin theo xe, không đâm đụng, không ngập nước   🔹 Trang bị nổi bật: - Điều hòa mát sâu  - Nội thất sạch đẹp  - Camera / cảm biến hỗ trợ (nếu có)  - Nắp thùng tiện dụng  - Gầm cao, đi công trình hay đi phố đều ổn  💰 Giá bán: 324 tr  📞 Liên hệ: *** 👉 Xe phù hợp cho anh em cần xe vừa chở hàng vừa đi gia đình, cực kỳ kinh tế và bền bỉ.   Nhanh tay liên hệ để xem xe trực tiếp!"
p18_s9_1774760037,Mazda 3,1.5 AT Sedan,2017.0,390.0,76000.0,Tự động,Xăng,Sedan,Khác,Bạc,True,5,car_p18_s9_1774760037,"- Phiên bản 1.5 AT sản xuất 2017 đăng kí lần đầu 2018 và vì là Facelift nên giống y bản 2018, có cửa sổ trời, thắng tay điện tử, odo 7,6 vạn km. - Tiện ích bổ sung: thay 4 lốp Bridgestone mới chạy được khoảng 30.000km, dán film 3M full xe, camera 3 mắt 170 độ, camera hành trình trước sau, cảm biến áp suất lốp tích hợp HUD Vietmap, lọc không khí Sharp, đã mở khóa Android auto, chế độ LIM (giới hạn tốc độ), tự động lên kính, đã thay cả 2 mô tơ gương hậu fix lỗi gập gương của Mazda... - Xe chính chủ, chạy kĩ, bảo dưỡng hãng - Giá ra đi: 39xtr có lui chủ chút xíu cho may mắn đầu năm, anh em vui lòng ib hoặc lh Cường *** ạ. Xem xe tại Bình Thạnh, TPHCM"
p18_s18_1774760134,Mazda 3,1.5 AT,2017.0,410.0,80000.0,Tự động,Xăng,Hatchback,Việt Nam,Trắng,True,5,car_p18_s18_1774760134,"Mazda 3 fl 2017 Xe gia đình 1 chủ từ mới ODO: 80.000 km full bảo dưỡng hãng Phụ kiện: Dán phim, lót sàn, màn hình adroi, camera hành trình, camera lùi  Giá bán 410 triệu ( Xe gia đình chuẩn 8v km giá ko hề rẻ nhưng xứng đáng) Xem xe: 84 Phạm Hùng, Hoà Xuân, Đà Nẵng"
p19_s5_1774760231,CX-5,2.5,2017.0,490.0,140000.0,Tự động,Xăng,SUV,Khác,Xanh,True,5,car_p19_s5_1774760231,"Mazda CX-5 đời 2017, màu xanh, máy 2.5, xe gia đình sử dụng.  - Xe một đời chủ, giữ gìn cẩn thận.  - Động cơ 2.5 mạnh mẽ, vận hành êm ái.  - Giá 490 triệu, có thương lượng."
p19_s8_1774760269,CX-5,2.5,2017.0,515.0,80000.0,Tự động,Xăng,SUV,Khác,Trắng,False,5,car_p19_s8_1774760269,"Mazda CX-5 2.5 sản xuất 2017 , màu trắng / đen , lăn bánh hơn 8v km zin full bảo dưỡng hãng."
p19_s11_1774760304,CX-5,2.0 AT 4WD,2017.0,568.0,75000.0,Tự động,Xăng,SUV / Cross over,Khác,Trắng,True,5,car_p19_s11_1774760304,"- Xe chính chủ - Cam kết không đâm đụng ngập nước - Máy số nguyên bản - Khung gầm sạch đẹp - Xe chạy loanh quanh đi làm - Xe có lên loa Sub + cảm biến lốp Địa chỉ xe: Khu chợ Cầu Thăng Long, Cổ Điển, Vĩnh Thanh, Hà Nội Lh: Mr. Hải (1985)"
p19_s17_1774760370,Mazda 3,AT,2017.0,385.0,119000.0,Tự động,Xăng,Sedan,Khác,Trắng,False,5,car_p19_s17_1774760370,"🚗 MAZDA 3 -2017 – SỐ TỰ ĐỘNG – MÁY XĂNG . Bản philip thắng điện tử  Ⓜ️ Máy số , keo chỉ nguyên zin 💯  ✨ Form dáng thể thao, sang trọng 🧭 Full chức năng: đề start/stop, màn hình, camera, cảm biến, ga tự động, vô lăng tích hợp… 🍭Máy êm ru - Điều hoà lạnh sâu 🍃Gầm bệ chắc nịch , chạy đầm  💸Giá385🍠 bao rút hồ sơ gốc  ☎️Alo *** để xem xe  📍Xem xe ngay trạm thu phí Bình Thung Dĩ An Bình Dương"
p19_s18_1774760380,BT-50,2.2 AT 2WD,2017.0,385.0,105000.0,Tự động,Dầu,Pick-up (bán tải),Thái Lan,Trắng,False,5,car_p19_s18_1774760380,"Em bán Mazda BT50 2.2 số tự động 1 cầu sản xuất 2017 fom mới, bản mới chạy rất sướng, đã lên màn android cam lùi,4 bi xịn sáng như audi. Đăng kiểm 1 tem mới khám, gầm bệ đẹp không sơn phủ nguyên tem nhà máy, sàn thùng không chở gì bao giờ, cam kết xe không tai nạn ngập nước, máy số zin hết, đến sai e tặng xe, e là cửa hàng chuyên bán xe ô tô cũ uy tín giá trị thật."
p20_s0_1774760419,CX-5,2.5,2017.0,490.0,85000.0,Số sàn,Xăng,SUV,Việt Nam,Trắng,False,5,car_p20_s0_1774760419,Cần bán mazda CX5 xs 2017 bản 2.5 biển HN gốc HN xe đẹp không lỗi
p20_s4_1774760458,BT-50,2.2L 4x2 AT,2017.0,435.0,101135.0,Tự động,Dầu,Pick-up (bán tải),Thái Lan,Bạc,True,5,car_p20_s4_1774760458,"Tôi chính chủ, muốn bán xe BT-50, SX 2017, nhập khẩu Thái Lan, 2.2L, số tự động. Chạy 10 vạn km, cực mượt, do lên đời nên muốn bán. Giá 435 tr (có thương lượng). Ai có nhu cầu xin liên hệ ***. Xem xe tại khu vực Ciputra, Xuân Đỉnh, Bắc Từ Liêm, Hà Nội."
p20_s5_1774760466,Mazda 3,1.5 AT,2017.0,395.0,60000.0,Tự động,Xăng,Sedan,Khác,Khác,False,5,car_p20_s5_1774760466,"Bán Mazda 3 1.5L sport AT Số tự động Hackback Xe 5 chỗ Sx 2017 Xe trang bị cửa sổ trời, phanh tay điện tử, đề Starstop, ghế da… Xe zin đẹp toàn bộ  Máy móc, hộp số, cầu láp nguyên zin 100% Anh chị mua xài an tâm"
p22_s9_1774760944,Mazda 3,1.5 Sedan,2017.0,363.0,58764.0,Tự động,Xăng,Sedan,Việt Nam,Khác,False,5,car_p22_s9_1774760944,cần bán xe masda3 xe đi giữ gìn cẩn thận sạch sẻ lh sđt. ***
p25_s2_1774763515,Mazda 3,1.5 AT,2017.0,395.0,60000.0,Tự động,Xăng,Hatchback,Khác,Trắng,False,5,car_p25_s2_1774763515,"Bán Mazda 3 1.5L AT Số tự động Hackback Xe 5 chỗ Sx 2017 Xe trang bị cửa sổ trời, phanh tay điện tử, đề Starstop, ghế da… Xe zin đẹp toàn bộ  Máy móc, hộp số, cầu láp nguyên zin 100% Anh chị mua xài an tâm"
p25_s3_1774763527,BT-50,AT,2017.0,385.0,102917.0,Tự động,Dầu,Pick-up (bán tải),Khác,Trắng,False,5,car_p25_s3_1774763527,"Mazda BT-50 màu trắng, xe bán tải 5 chỗ, động cơ dầu, số tự động.   - ODO 102.917 km.   - Xe vận hành bền bỉ, tiết kiệm nhiên liệu.   - Phù hợp cho công việc và gia đình. -có trao đổi mua bán và có bảo hành LH ***"
p25_s18_1774763677,CX-5,2.5 AT,2017.0,530.0,60000.0,Tự động,Xăng,SUV,Khác,Trắng,False,5,car_p25_s18_1774763677,"Mazda CX-5 2.5 AT sản xuất 2017 , màu trắng / đen , lăn bánh 6v km zin full bảo dưỡng hãng …"
p26_s0_1774763696,Mazda 3,AT,2017.0,365.0,69000.0,Tự động,Xăng,Sedan,Khác,Xanh,False,5,car_p26_s0_1774763696,"Mazda 3 2017 xe cực đẹp chủ đi giữ gìn, máy số keo chỉ nguyên zin không lỗi lầm.Xem xe ưng ý ngay ạ"
p26_s8_1774763783,BT-50,MT,2017.0,375.0,152000.0,Số sàn,Dầu,Pick-up (bán tải),Việt Nam,Khác,True,5,car_p26_s8_1774763783,"Chính chủ cần bán xe BT-50 sx 2017 số sàn 2 cầu, xe đẹp ko lổi, máy zin số zin, kheo chỉ zin xe ko đâm đụng, lên full đồ chơi, máy gầm êm chất ko tí hơi thừa, ae cần xem xe quảng phú daklak Bán bao rút hồ sơ toàn quốc Thank ae đả xem tin"
p27_s4_1774763940,Mazda 3,2.0 AT,2017.0,365.0,134000.0,Tự động,Xăng,Sedan,Khác,Đỏ,False,5,car_p27_s4_1774763940,"Mazda 3 màu đỏ 2017, xe 5 chỗ, động cơ xăng 2.0, hộp số tự động.   - Thiết kế thể thao, nội thất tiện nghi.   - Vận hành êm ái, tiết kiệm nhiên liệu.   - Xe sẵn sàng lăn bánh."
p27_s13_1774764016,Mazda 3,1.5 AT Sedan,2017.0,375.0,140000.0,Tự động,Xăng,Sedan,Việt Nam,Khác,True,5,car_p27_s13_1774764016,"𝐌𝐚𝐳𝐝𝐚 𝟑 𝟏.𝟓 𝐀𝐓 𝟐𝟎𝟏𝟕 𝐅𝐚𝐜𝐞𝐥𝐢𝐟𝐭 💎 Thông tin nổi bật: ✨ 1 chủ mua từ mới gốc Gia Lai, xe đẹp không lỗi, bản phanh tay điện tử,...  ✨ Ưu điểm nổi bật: ✔️ Thiết kế KODO Facelift hiện đại, dáng xe thể thao và sang trọng ✔️ Động cơ 1.5L Skyactiv bền bỉ, vận hành êm ái, tiết kiệm nhiên liệu ✔️ Hộp số tự động 6 cấp chuyển số mượt, lái rất thích ✔️ Nội thất đẹp, màn hình trung tâm, điều hòa tự động tiện nghi ✔️ Khung gầm chắc chắn, cảm giác lái đầm và ổn định ✔️ Trang bị an toàn đầy đủ: ABS, cân bằng điện tử, hỗ trợ phanh khẩn cấp  💰 Giá: 375 triệu  🎁 Bao test – hỗ trợ sang tên nhanh chóng _________________________________________ 𝐂𝐎𝐍𝐍𝐄𝐂𝐓 𝐀𝐔𝐓O 🏦 Địa chỉ: 65 Phạm Văn Đồng, TP. Pleiku, T. Gia Lai."
p28_s13_1774764187,BT-50,2.2 AT 2WD,2017.0,400.0,130000.0,Tự động,Dầu,Pick-up (bán tải),Thái Lan,Khác,False,5,car_p28_s13_1774764187,"Chiếc xe bán tải Mazda BT-50, số chỗ ngồi 5, sản xuất năm 2017, phiên bản 2.2 AT 2WD đang tìm kiếm chủ nhân mới. Xe phù hợp cho những ai cần một phương tiện vận chuyển hàng hóa mạnh mẽ và bền bỉ. * 💪 Mazda BT-50 nổi tiếng với khả năng vận hành mạnh mẽ và độ tin cậy cao, Động cơ và khung gần sử dụng chung với Ford Ranger nên rất êm ái và tiết kiệm. * ⚙️ Động cơ 2.2AT 2WD mạnh mẽ, tiết kiệm nhiên liệu, phù hợp cho cả đường trường và địa hình khó khăn. * ✔️ Ngoại thất xe được giữ gìn cẩn thận, ít trầy xước, thể hiện sự mạnh mẽ và cá tính. * 💺 Nội thất xe rộng rãi, thoải mái, tập trung vào sự tiện dụng cho người lái và hành khách. * 📻 Hệ thống giải trí cơ bản đáp ứng nhu cầu giải trí trên đường đi, giúp những chuyến đi trở nên thú vị hơn. * 🛣️ Thích hợp cho việc chở hàng, đi công trình, đi phượt hoặc sử dụng cho mục đích cá nhân. * 💯 Xe được bảo dưỡng định kỳ, đảm bảo hoạt động tốt, không gặp vấn đề gì lớn. * ✨ Thiết kế mạnh mẽ, nam tính, thể hiện phong cách riêng của chủ sở hữu, thu hút mọi ánh nhìn. * 🛠️ Khung gầm chắc chắn, chịu tải tốt, phù hợp với nhiều loại hàng hóa, từ vật liệu xây dựng đến đồ dùng cá nhân. * 🧰 Khoang chở hàng rộng rãi, đáp ứng nhu cầu vận chuyển hàng hóa lớn, giúp bạn dễ dàng vận chuyển đồ đạc. * 💯 Xe không bị tai nạn, không ngập nước, đảm bảo chất lượng, mang lại sự an tâm cho người mua. * ⚙️ Hệ thống treo hoạt động tốt, mang lại cảm giác lái êm ái, thoải mái trên mọi địa hình."
p28_s17_1774764232,Mazda Other,Unknown,2017.0,485.0,53000.0,Tự động,Xăng,SUV / Cross over,Việt Nam,Cam,True,5,car_p28_s17_1774764232,"Mazda CX5 sản xuất 2017, 1 chủ sử dụng từ đầu,dòng  odo hơn 53.000 km zin, full lịch sử bảo dưỡng hãng đúng định kỳ Xe chủ cũ cực giữ gìn, nội thất rất mới Cam kết xe không đâm đụng ngập nước, máy hộp số nguyên bản Bao check hãng hoặc gara bất kỳ theo yêu cầu Vui lòng liên hệ để biết thêm chi tiết"
p29_s0_1774764260,Mazda 3,Unknown,2017.0,430.0,120000.0,Tự động,Xăng,Sedan,Khác,Đỏ,False,5,car_p29_s0_1774764260,"Cần bán Mazda 3 sản xuất & đăng ký 2017 lên form 2018 hiện đại, dáng thể thao trẻ trung, cực kỳ hợp anh em thích xe đẹp – lái sướng – tiết kiệm nhiên liệu.  🔹 Màu đỏ nổi bật, nước sơn căng bóng 🔹 Xe đi ít, chủ sử dụng giữ gìn cẩn thận 🔹 Nội thất sạch sẽ, Vô lăng , Sàn trần đẹp zin 🔹 Động cơ hộp số chưa bổ, vận hành êm ái 🔹 Cam kết không đâm đụng, không ngập nước  Mazda 3 nổi tiếng: ✔️ Lái đầm chắc, chi phí thấp trong phân khúc ✔️ Thiết kế KODO thể thao, không lỗi mốt ✔️ Chi phí sử dụng hợp lý, tiết kiệm nhiên liệu  Anh em đang tìm một chiếc sedan hạng C đẹp – chất – giá hợp lý thì đây là lựa chọn rất đáng cân nhắc.  📞 Liên hệ ngay để xem xe trực tiếp và thương lượng giá tốt. Xe đẹp chỉ dành cho người quyết nhanh! 🚘🔥 liên hệ: ***"
p31_s3_1774764880,BT-50,MT,2017.0,390.0,140000.0,Số sàn,Dầu,Pick-up (bán tải),Khác,Xanh,False,5,car_p31_s3_1774764880,"Mazda BT-50 màu xám xanh, xe bán tải 5 chỗ, động cơ dầu tiết kiệm nhiên liệu.   - Hộp số sàn, vận hành mạnh mẽ.   - Phù hợp đi công trường, chở hàng hoặc đi gia đình."
p31_s6_1774764912,CX-5,2.0L FWD,2017.0,485.0,61000.0,Tự động,Xăng,SUV / Cross over,Việt Nam,Cam,False,5,car_p31_s6_1774764912,"- Cần bán Mazda Cx5 2.0AT 2017 cam kết odo chuẩn 62,000 km. Full lịch sử hãng. Sơn zin còn nhiều. Tình trạng gần như mới - Bánh sơ cua chưa hạ. 4 vỏ mới thay  - Trang bị full option: ghế điện, cửa sổ trời, đề Star/stop, phanh tay điện tử, đầu DVD, camera de, HUD kính hiển thị tốc độ, camera Hành Trình VietMap cảnh báo giao thông.  - Cam kết đúng km. Không đâm đụng, ngập nước, máy số zin - Bán bao rút hồ sơ gốc, bao pháp lý, phạt nguội - Thiện chí xem xe giá cả còn thương lượng"
p31_s10_1774764955,BT-50,MT,2017.0,360.0,150000.0,Số sàn,Dầu,Bán tải,Khác,Xanh,False,5,car_p31_s10_1774764955,"Mazda BT-50 2017 số sàn hai cầu màu xám xanh, dòng bán tải mạnh mẽ, bền bỉ.   - Động cơ dầu, hộp số sàn.   - Xe 5 chỗ, nội thất rộng rãi.   - Phù hợp đi công trường, chở hàng hoặc gia đình. - Bên e vừa mua vừa bán LH ***"
p36_s11_1774765985,Mazda 3,Unknown,2017.0,380.0,92000.0,Bán tự động,Xăng,Sedan,Khác,Cam,False,5,car_p36_s11_1774765985,Mazda3 2017 phom 2018 phanh tay điện tử! Xe nguyên bảng ko đâm va ngập lội cam kết Máy số nguyên zin bao check các kiểu Giá còn thương lượng cho AE thiện chí!
p36_s15_1774766033,Mazda 2,1.5 AT Sedan,2017.0,319.0,74000.0,Tự động,Xăng,Hatchback,Việt Nam,Khác,False,5,car_p36_s15_1774766033,xe gia đình cần mua bán - tiếp người mua thiện chí
p38_s6_1774766311,Mazda 3,2.5 Luxury,2017.0,405.0,47000.0,Tự động,Xăng,Hatchback,Việt Nam,Trắng,True,5,car_p38_s6_1774766311,"✅Loại xe: MAZDA 3 HB FL ✅Hộp số: Số tự động ✅Năm sản xuất: 2017 (1 chủ) ✅Màu: Trắng ✅Nội thất : Đen (ghế da zin theo xe) ✅Biển số: 51G-418.47 ✅Số km: 47.000km (full lịch sử hãng) ✅Phụ kiện lắp thêm: Dán phim, thảm lót sàn, 4 lốp michelin, camera hành trình, cảm biến áp suất lốp. ✅Pháp lý xe: Cá nhân. ✅Tình trạng xe: Nội ngoại thất hoàn hảo, sạch sẽ. ✅Cam kết: Không cấn đụng, không ngập nước, không tua odo, không phạt nguội hay tranh chấp. ✅Đăng kiểm: 05/2026 ✅Giá bán : 405 triệu."
p40_s0_1774766696,Mazda 6,Unknown,2017.0,486.0,96000.0,Tự động,Xăng,Sedan,Việt Nam,Khác,True,5,car_p40_s0_1774766696,"Xe chính chủ trùng tên trên đăng ký xe, xem xe tại nhà riêng sản xuất 2017, đăng ký 2018, ít sử dụng, nguyên bản, chưa tai nạn, ngập nước, máy móc ngon, full lịch sử hãng !"
p40_s4_1774766735,Mazda Other,2.5 AT AWD,2017.0,495.0,58000.0,Tự động,Xăng,SUV / Cross over,Việt Nam,Trắng,False,5,car_p40_s4_1774766735,Cx5 full trắng full uy tín ai chốt thì inbox em nhoa
p41_s2_1774766919,Mazda 2,AT,2017.0,310.0,33270.0,Tự động,Xăng,Hatchback,Khác,Trắng,False,5,car_p41_s2_1774766919,"Mazda 2 đời 2017 màu trắng, xe nhỏ gọn, phù hợp đi phố.   - ODO 33270 km, xe còn mới.   - Động cơ xăng, hộp số tự động.   - Tiết kiệm nhiên liệu, dễ lái."
p41_s6_1774766961,Mazda 3,1.5 AT,2017.0,389.0,106700.0,Tự động,Xăng,Hatchback,Việt Nam,Cam,False,5,car_p41_s6_1774766961,Mazda 3 AT Hatchback Facelift 2017  Odo: 106.700km Giá bán: 389 triệu  ❌❌CAM KẾT: 𝐎𝐃𝐎 𝐂𝐡𝐮𝐚̂̉𝐧 - 𝐊𝐡𝐨̂𝐧𝐠 Đ𝐚̂𝐦 Đ𝐮̣𝐧𝐠 𝐍𝐠𝐚̣̂𝐩 𝐍𝐮̛𝐨̛́𝐜 🚘Xem xe tại Cần Thơ  📞Lh zalo ***
p41_s7_1774766973,BT-50,2.2L 4x2 AT,2017.0,390.0,163000.0,Tự động,Dầu,Pick-up (bán tải),Thái Lan,Cam,False,5,car_p41_s7_1774766973,"Ô Tô Hiếu Đắk Lắk đang có bán   🚘 Mazda BT50 2017   👉🏻 Phiên bản số tự động 1 cầu máy dầu . Xe nhập Thái  👉🏻 Xe trang bị ghế da , điều hoà Auto 2 vùng độc lập , 4 lốp mới , đã nâng cấp màn hình cam hành trình . . .   🏷️ 159 Lê Duẫn , Buôn Ma Thuột"
p41_s19_1774767105,Mazda 6,Unknown,2017.0,510.0,70000.0,Tự động,Xăng,Sedan,Khác,Xanh,True,5,car_p41_s19_1774767105,"Mazda 6 màu xanh ngọc đời 2017, xe chính chủ.  - Xe nữ sử dụng, đi ít, giữ gìn cẩn thận.  - Xe nguyên bản, chưa qua sửa chữa.  - Giá 510 triệu.  - Xem xe tại Gò Vấp."
p42_s15_1774767280,BT-50,2.2L 4x2 AT,2017.0,379.0,12345.0,Tự động,Dầu,Bán tải,Thái Lan,Xám,False,5,car_p42_s15_1774767280,Đổi xe nên cân bán lại mazda bt50 2.2 số tự động sản xuất 2017. Xe hiện tại còn rất đẹp cả nội thất và ngoại thất. Các chứa năng còn hoạt động mượt mà. Xe đã trang bị đầy đủ các hạng mục cần thiết nên về chỉ việc đi ko cần phải làm thêm gì. Vậy ai thiện chí lh
p42_s16_1774767293,Mazda 3,1.5 AT Sedan,2017.0,395.0,100000.0,Tự động,Xăng,Sedan,Việt Nam,Cam,False,5,car_p42_s16_1774767293,"🚘Mazda 3 Hatchback Form Mới | Sản Xuất 2017  🛞Số Tự Động - Dung Tích 1.5 🛞Trang Bị : Màn Hình Androi , Cam Hành Trình & Cam Lùi , Phanh Tay Điện Tử , Chế Độ Lái Sport , Gương Gập Điện , Cửa Sổ Trời , Đèn Bi Led  💸Tài Chính : 3xxtr ( Có Thương Lượng ) 📝CAM KẾT VĂN BẢN  👉Xe Không Tai Nạn 👉Xe Không Bị Thuỷ Kích  👉Xe Không Bị Đại Tu Động Cơ Và Hộp Số 👉Xe Có Nguồn Gốc , Xuất Xứ Rõ Ràng 👉Đảm Bảo Giấy Tờ Hợp Lệ Để Mua Bán Sang Tên ☎️Liên Hệ : *** Tuấn Tài 🏠Địa Chỉ : Lê Duẩn - P.Trà Bá - Pleiku Gia Lai"
p46_s5_1774768058,Mazda 6,2.0 Premium,2017.0,440.0,111000.0,Tự động,Xăng,Sedan,Nhật Bản,Khác,False,5,car_p46_s5_1774768058,Hiện e cần bán xe mazda 6 gd sữ dụng bản 2.0 premium full option lên mấy chục tiền đồ Tình trạng xe máy số keu chỉ zin ko đâm đụng ngập nước odo 113 ngàn   Giá bán 440tr xem xe đà lạt lâm đồng
p46_s8_1774768099,Mazda Other,2.5 AT AWD,2017.0,470.0,97000.0,Tự động,Xăng,SUV / Cross over,Việt Nam,Khác,False,5,car_p46_s8_1774768099,"🌈 MAZDA CX5 2017 BẢN FUII 2.5.  ✔️ Dòng xe sang trọng đẳng cấp.  ✔️Tít kiệm nguyên liệu bền Bỉ.  ✔️Khung gầm chắc chắn, cứng cáp ✔️Máy móc nguyên zin êm ái ✔️Bán bảo hành máy 12 tháng. Khi mua xe 💢 Bao rút hồ sơ gốc 🚗 Bao Ship xe tận nhà 💸 Hoa hồng cao cho Quý anh/chị giới thiệu HOẶC GIAO LƯU TRAO ĐỔI CÁC LOẠI XE CỦ.  XE MÁY 🏍️ ĐỔI ÔTÔ. 🚘🚘  ✅. 25 ĐƯỜNG ĐÔNG BẮC PHƯỜNG TÂN CHÁNH HIỆP QUẬN 12. TP.HCM"
p46_s13_1774768147,Mazda Other,1.5 AT Sedan,2017.0,378.0,65000.0,Tự động,Xăng,Sedan,Việt Nam,Khác,False,5,car_p46_s13_1774768147,Tư nhân sử dụng sx 2017 Số tự động xe đẹp máy số nguyên bản a chị có nhu cầu lh xem xe
p46_s19_1774768217,CX-5,2.5 AT,2017.0,475.0,97847.0,Tự động,Xăng,SUV,Khác,Xanh,False,5,car_p46_s19_1774768217,"Bán Xe Mazda CX-5 2017 Bản 2.5G AT AWD màu xanh, xe 5 chỗ, nội thất bọc da sang trọng.   - Động cơ xăng, hộp số tự động.   - Thiết kế hiện đại, vận hành êm ái.   - Xe gầm cao, phù hợp nhiều địa hình."
p47_s6_1774768304,CX-5,2.5,2017.0,495.0,85000.0,Tự động,Xăng,SUV,Khác,Khác,True,5,car_p47_s6_1774768304,"e bán chiếc xe chính chủ cx5-2017 phanh tay điện tử Awd bản 2.5 full kịch. xe nguyên bản,check tét thoải mái.xe chính chủ liên hệ trực tiếp ạ."
p47_s12_1774768372,Mazda 3,AT,2017.0,370.0,90000.0,Tự động,Xăng,Sedan,Khác,Khác,True,5,car_p47_s12_1774768372,"Đổi xe nên cần bán mazda3 sản xuất 2017 lăn bánh 2018, xe chính chủ chạy đi học hàng ngày, xe zin 98% do nước sơn có trầy ít. Dòng xe có cửa sổ trời thắng tay điện tử, có trang bị thêm đèn biled, lót sàn, gập gương tự động lên kính, dán cách âm cách nhiệt, xe vừa mới bảo dưỡng hết 10tr"
p48_s9_1774768593,Mazda 3,1.5 AT Sedan,2017.0,379.0,114000.0,Tự động,Xăng,Sedan,Khác,Đỏ,True,5,car_p48_s9_1774768593,"Mazda 3 1.5L AT sedan Xe sử dụng cá nhân đúng 1 chủ từ đầu mới mua đến nay, ko đâm đụng ngập nước, xe có dặm tút do trầy xước, bảo dưỡng chính hãng suốt từ lúc mua mới, trang bị thêm film cách nhiệt, áp suất lốp vs cảnh váo điểm mù tích hợp màn hình, dán bảo về sơn PDf quý khqchd có nhu cầu mua xe vui lòng gọi trực tiếp ạh"
p48_s12_1774768628,Mazda Other,2.2L 4x2 AT,2017.0,368.8,80000.0,Tự động,Dầu,Pick-up (bán tải),Thái Lan,Xanh,True,5,car_p48_s12_1774768628,"Bán tải Mazda BT50 số tự động – 1 chủ đập thùng Siu keng cọp   • Đăng ký lần đầu 2017 – biển Sài Gòn • 1 chủ từ đầu, xe còn zin, form cực đẹp • Màu xanh nhớt hiếm • Ae nhìn kỹ nắp thùng, gầm, máy, ốc tán bảy màu còn nguyên, trần còn keng → xe đẹp hiếm gặp  Trang bị thêm: • Màn hình Android • Vỏ zin hết date chủ thay 4 Michelin mới keng  📍 Xem xe: 1268 Kha Vạn Cân, Thủ Đức 🤝 Có giao lưu – trả góp đầy đủ  💰 Zá : 3xx (Chi tiết gọi trực tiếp cho nhanh) 📞 *** — Xe nhà dùng, để bán khách, không sang lái nha ae"
p49_s2_1774768759,Mazda Other,2.5 AT 2WD,2017.0,540.0,75000.0,Tự động,Xăng,SUV / Cross over,Việt Nam,Khác,True,5,car_p49_s2_1774768759,"Cx5 2.5 1cầu sản xuất 2017 đăng ký T12/2017 tư nhân 1 chủ sử dụng từ mới,xe zin toàn bộ xe anh chị em thiện chí alo em ạ!"
p49_s8_1774768832,Mazda 6,2.0 Premium,2017.0,475.0,85000.0,Tự động,Xăng,Sedan,Việt Nam,Cam,True,5,car_p49_s8_1774768832,Em bán Mazda 6 2.0 premium . Xe một chủ bssg .  Xe đẹp bảo dưỡng kĩ nội thất giữ gìn.  Đã vừa bảo dưỡng mốc 8v chính hãng mazda .  Cam kết km chuẩn không tua. Xe đẹp đã bảo dưỡng vỏ lốp new và trang bị film cách nhiệt + camera xịn. Khách thiện chí liên hệ trực tiếp xem xe thương lượng cho khách nhanh gọn. Cam kết odo chuẩnvà chất lượng xe đâm đụng tai nạn thuỷ kích bằng văn bản. bao rút hố sơ cho khách mua giao xe tận nơi KV Gần Miền Nam
p49_s9_1774768842,Mazda Other,Unknown,2017.0,369.0,104000.0,Tự động,Xăng,Unknown,Khác,Đỏ,False,5,car_p49_s9_1774768842,Mazda 3 Sporty 2017 full lịch sử hãng Odo chuẩn 104.000km không 1 lỗi nhỏ 369tr bao sang tên toàn quốc Sơn zin đẹp long lanh như Hiếu Thứ Tư Nhận trao đổi giao lưu lên đời tất cả các dòng Alo em nhanh để lấy xe về ***
p49_s13_1774768886,Mazda Other,AT,2017.0,378.0,80000.0,Tự động,Dầu,Unknown,Thái Lan,Cam,False,5,car_p49_s13_1774768886,"Bán Mazda BT-50 số tự động – sản xuất 2017 🚗 Xe đi 80.000 km, sử dụng kỹ ✨ Sơn zin còn rất đẹp, bóng loáng 🔧 Máy số zin nguyên bản, vận hành êm ái ❌ Cam kết không cấn đụng – không ngập nước 💰 Giá bán: 378 triệu"
p50_s8_1774769066,Mazda 3,1.5 AT Sedan,2017.0,400.0,12000.0,Tự động,Xăng,Sedan,Việt Nam,Cam,False,5,car_p50_s8_1774769066,"Ban xe Mazda 3 cuối 2017 bản pilip phanh tay điện tử , xe nguyên bản từ a_z bảo dưỡng định kỳ  Xe bán cam kết nguyên bản bao chếch tét toan quoc , xem xe tại Hải phòng"
p1_s17_1774726318,CX-5,AT,2018.0,568.0,63000.0,Tự động,Xăng,SUV,Việt Nam,Đen,True,5,car_p1_s17_1774726318,"Mazda CX5 màu xanh đen, xe 5 chỗ, động cơ xăng, hộp số tự động.   - Thiết kế hiện đại, nội thất rộng rãi.   - Xe sản xuất tại Việt Nam.   - Vận hành êm ái, tiết kiệm nhiên liệu. Xe chính chủ đứng tên Bảo dưởng đúng định kỳ"
p1_s18_1774726329,BT-50,2.2 AT 2WD,2018.0,398.0,116000.0,Tự động,Dầu,Pick-up (bán tải),Thái Lan,Bạc,True,5,car_p1_s18_1774726329,"LÊ CAN AUTO BÁN XE  - MAZDA BT 50 SX 2018 TỰ ĐỘNG 1 CẦU, 1 CHỦ MUA MỚI XE LÊN NHIỀU PHỤ KIỆN CỰC ĐẸP  - TRANG BỊ : GHẾ DA ZIN, TRẦN NI LÔNG, MÀN HÌNH ZETECH, NẮP THÙNG CAO , LÓT SÀN, ĐĂNG KIỂM BẢO HIỂM CÒN DÀI …. - FULL LỊCH SỬ BẢO DƯỠNG - ODO 1116000 KM(CHUẨN 100%) - XE ĐẸP NGUYÊN ZIN BAO KO CẤN ĐỤNG, KO THUỶ KÍCH, KO PHẠT NGUỘI , BAO TEST TOÀN QUỐC - 4 VÕ MỚI THAY CÒN DÀY CUI GHẦM MÁY CỰC CHẤT - BẢO HÀNH1 NĂM HOẶC 20.000KM( ĐỘNG CƠ VÀ HỘP SỐ) - BANK HỖ TRỢ 50-70% ( KO CẦN CM THU NHẬP) - PHÁP LÝ RÕ RÀNG MINH BẠCH - BAO QUÝ KHÁCH HÀNG RÚT GỐC VÀ HỖ TRỢ SANG TÊN  - HỖ TRỢ THU XE LẠI GIÁ *** KHI QUÝ KHÁCH MUA XE TẠI CỬA HÀNG VÀ TRAO ĐỔI XE ĐÃ QUA SỬ DỤNG VỚI GIÁ TỐT HƠN THỊ TRƯỜNG 10-20TRIỆU -TẠI CỬA HÀNG CÒN RẤT NHIỀU XE ĐẸP GIÁ TỐT CHO QUÝ ANH CHỊ LỰA CHỌN -GIÁ CÒN THƯƠNG LƯỢNG QUÝ AC XEM XE TRỰC TIẾP - QUÝ ACE XEM XE VUI LÒNG LIÊN HỆ GẶP ( MR. CAN ) ĐỂ NHẬN ĐƯỢC SỰ TƯ VẤN VÀ HỖ TRỢ ***) - ĐỊA CHỈ : 201 LÊ CƠ, P AN LẠC QUẬN BÌNH TÂN TPHCM -TRÂN TRỌNG"
p3_s3_1774726656,Mazda 3,1.5 AT Sedan,2018.0,450.0,34000.0,Tự động,Xăng,Sedan,Nhật Bản,Đen,True,5,car_p3_s3_1774726656,"Mazda3 1.5 Luxury đời cuối 2018, màu xanh đen, xe chính chủ. - ODO 34.000 km, xe còn mới. - Giá 450 triệu, bao rút hồ sơ."
p3_s4_1774726662,Mazda Other,AT,2018.0,388.0,90000.0,Tự động,Dầu,Pick-up (bán tải),Nhật Bản,Xanh,False,5,car_p3_s4_1774726662,"🚗 Mazda BT 50 2018 AT 1 Cầu – MÁY DẦU, SỐ TỰ ĐỘNG – MẠNH MẼ   SX 2018 / DK 2019   ODO : 90 000 KM  ✨ Form dáng cứng cáp – đi phố hay công trình đều quá ổn ✨ Động cơ dầu bền bỉ  ✨ Số tự động lái nhẹ nhàng ✨ Gầm cao – đi đường xấu, đi xa cực kỳ yên tâm Xe trang bị đầy đủ tiện nghi ✔️ Điều hòa mát sâu ✔️ Màn hinh giải trí ✔️ Nội thất da zin nguyên bản   💰 Giá 388 Tr 000  📞 Liên hệ: *** (Cường)  📍Xem xe : TDM, Bình Dương"
p3_s17_1774726804,CX-5,2.5 Premium,2018.0,580.0,87000.0,Tự động,Xăng,SUV,Khác,Đỏ,True,5,car_p3_s17_1774726804,"Cx5 2018, bản 2.5 Premium  Một chủ từ đầu, đi được 87.000km Xe đẹp, cam kết không đâm đụng, ko ngập nước"
p4_s6_1774726881,BT-50,2.2L 4x2 ATH,2018.0,400.0,130000.0,Tự động,Dầu,Pick-up (bán tải),Thái Lan,Đen,False,5,car_p4_s6_1774726881,"Mazda BT50 ATH màu đen, sản xuất 2018, đăng ký lần đầu 2019.   - Bản full ATH, ghế điện, số tự động, 1 cầu.   - Màn hình và camera zin theo xe.   - Cam kết không đâm đụng, ngập nước, máy móc keo chỉ khung gầm zin 100%.   - Xe ở Đà Nẵng.   - Giá 400 triệu."
p7_s7_1774727525,CX-5,2.5,2018.0,580.0,90000.0,Tự động,Xăng,SUV,Khác,Khác,True,5,car_p7_s7_1774727525,"Mazda CX-5 sx2018 SUV 5 chổ phiên bản 2.5 odo.9,3V chính chủ - bao rút hs xe đẹp giá cũng êm lắm chỉ 580tr"
p9_s7_1774727897,CX-5,2.5 AT 2WD,2018.0,550.0,88000.0,Tự động,Xăng,SUV / Cross over,Việt Nam,Đen,True,5,car_p9_s7_1774727897,"nhập đội CX5 2018 form mới bản premium, 1 chủ từ đầu sử dụng xe full đồ chơi các kiểu dành cho dân chơi nhìn phát yêu ngay, option nhiều không đếm hết anh chị quan tâm gọi"
p10_s2_1774728011,Mazda 3,Unknown,2018.0,403.0,79000.0,Tự động,Xăng,Sedan,Khác,Khác,False,5,car_p10_s2_1774728011,🚗 Mazda 3 SX:2018 📍ODO: 7v9 km  💰Giá Bán :403Tr (Bớt Lộc)  ✅ Xe không đâm đụng – không ngập nước ✳️Bao Rút Hồ Sơ - THU XE CŨ ĐỔI XE MỚI.. ❇️NHẬN ĐẤU GIÁ BIỂN SỐ ĐẸP —————————  🔜 Liên hệ trực tiếp 24/7: Minh Tuấn 🕹 LUXCARS _ Siêu thị ô tô lướt Sài Gòn  469 QL13 Thủ Đức TP Hồ Chí Minh
p10_s3_1774728020,Mazda 2,Unknown,2018.0,315.0,131000.0,Tự động,Xăng,Hatchback,Khác,Trắng,False,5,car_p10_s3_1774728020,"Mazda 2 đời 2018 màu trắng, xe nữ đi giữ gìn cẩn thận.   - Ngoại hình đẹp, nội thất sạch sẽ.   - Xe nhỏ gọn, dễ di chuyển trong phố.   - Giá 315 triệu."
p10_s12_1774728100,Mazda 2,1.5 AT Sedan,2018.0,339.0,110000.0,Tự động,Xăng,Hatchback,Việt Nam,Đỏ,True,5,car_p10_s12_1774728100,"Em Cần Bán Mazda2 2018 1.5AT Sedan Đỏ biển hà nội , xe đẹp , chính chủ lăn bánh 11 vạn km zin siêu mới , nội thất zin căng đét , vô lăng củ số zin , trần nỉ zin mới tinh , lốp mới thay 4 quả 2025 , sơn zin còn khá nhiều Option full - ghế da - màn bình cam lùi - điều hoà auto - chìa khoá thông minh - tích hợp vô lăng - lazzang đúc thể thao - chế độ lái sport - cân bằng điện tử ...vv Xe bán cam kết bằng văn bản - máy móc nguyên bản - không tai nạn - không ngập nước - khung gầm nguyên bản Bao check test hãng hoặc gara toàn quốc - Xe bán có hỗ trợ trả góp tôi đa - Xe bán có hỗ trợ rút hồ sơ gốc - Xe bán có nhận đổi các xe cũ giá cao Anh em quan tâm liên hệ Hotline - Kiên Xe Tốt Đc : 2 Nghĩa Tân - Cầu Giấy - Hà Nội"
p13_s0_1774728513,CX-5,2.5,2018.0,570.0,68000.0,Tự động,Xăng,SUV,Khác,Đỏ,False,5,car_p13_s0_1774728513,"Mazda CX-5 2.5  sx 2018 Fom mới cực đẹp Giá chỉ 5xx máy củ Xe đẹp zin k lỗi  Fom dáng thể thao sang trọng Đi cực kỳ đầm chắc chắn Dàn vỏ lốp ken  Kiểm dài miên man Hồ sơ cầm tay sẵn sang tên ngay cho chị mau lẹ lun  Có nhận trao đổi bù trừ cao thấp , v.v.v.các loại Oto xe , xe tải , bán tải cv.v.v.   A chi có gần ghé e xem xe ạ  E gần ngã 4 chơn thành Bình Phước nhé  sdt e ạ ☎☎📱📱"
p13_s2_1774728531,Mazda 3,1.5 AT,2018.0,330.0,46000.0,Tự động,Xăng,Hatchback,Việt Nam,Trắng,True,5,car_p13_s2_1774728531,"[HÀNG CỰC NGON -GIÁ TỐT] BÁN MAZDA 3 SPORT 2018 (HATCHBACK) – 33X TRIỆU Do nhu cầu đổi xe điện, cần bán nhanh chiếc Mazda 3 Sport đời 2018 phanh tay điện tử chính chủ chăm sóc cẩn thận tại Thái Nguyên. Tình trạng: Xe không thủy kích, máy móc nguyên bản, đã nâng cấp, thay mới toàn bộ linh kiện điện (có hóa đơn hãng kèm theo). Chất lượng: Xe vận hành cực mượt, dàn điện mới tinh, bao check hãng toàn quốc cho anh em yên tâm sử dụng. Giá công khai: 33x.000.000 VNĐ (Có bớt lộc cho anh em thiện chí). 📍 Xem xe tại: Phan Đình Phùng, TP. Thái Nguyên. 📞 Liên hệ: ***"
p13_s5_1774728554,CX-5,2.0 AT,2018.0,560.0,111000.0,Tự động,Xăng,SUV / Cross over,Khác,Nâu,False,5,car_p13_s5_1774728554,"Bán xe Mazda Cx5 phiên bản động cơ 2.0, sản xuất năm 2018. Máy móc nguyên bản, không tai nạn, không ngập nước. Xe tâm huyết, đã trang bị thêm hơn 50tr tiền đồ: - Màn hình Andoid GoTech Mazda kèm Camera 360 (màn hình zin theo xe vẫn còn). - Camera hành trình trước sau loại xịn. - Cảm biến áp suất lốp (cảnh báo = giọng nói) tích hợp trên màn hình. - Gập gương lên kính tự động khi khoá xe. - Lẫy số trên vô lăng. - Phim cách nhiệt Rayno. - Vietmap gói Siêu cấp. - Phủ sàn 360 cách âm chống ồn. - Thảm sàn 6D + Thảm cốp, tấm chia cốp. - Cần số pha lê (cần số zin theo xe vẫn còn). - Xe vừa gia hạn đăng kiểm đến tháng 2/2027, bảo hiểm tháng 2; acquy vừa thay được 2 tuần. Xem xe tại tp Thanh Hoá. Cảm ơn!"
p13_s12_1774728614,Mazda 3,2.0 AT,2018.0,410.0,95682.0,Tự động,Xăng,Hatchback,Khác,Đỏ,True,5,car_p13_s12_1774728614,"Lên Đời Xe Cần Bán Xe Bán Mazda 3 2018 bản full 2.0 + Màu đỏ (sơn lại nguyên xe từ đỏ bầm qua đỏ tươi )  + Xe 5 chỗ, thiết kế thể thao, vận hành êm ái máy móc nguyên zin  + ODO 95682 km. + Xe Cty Chính Chủ 1 Đời + Nội thất rộng rãi, tiện nghi. + Xe giữ gìn cẩn thận, sẵn sàng sử dụng"
p14_s0_1774758949,CX-5,2.5,2018.0,570.0,68000.0,Tự động,Xăng,SUV,Khác,Đỏ,False,5,car_p14_s0_1774758949,"Mazda CX-5 2.5  sx 2018 Fom mới cực đẹp Giá chỉ 5xx máy củ Xe đẹp zin k lỗi  Fom dáng thể thao sang trọng Đi cực kỳ đầm chắc chắn Dàn vỏ lốp ken  Kiểm dài miên man Hồ sơ cầm tay sẵn sang tên ngay cho chị mau lẹ lun  Có nhận trao đổi bù trừ cao thấp , v.v.v.các loại Oto xe , xe tải , bán tải cv.v.v.   A chi có gần ghé e xem xe ạ  E gần ngã 4 chơn thành Bình Phước nhé  sdt e ạ ☎☎📱📱"
p14_s2_1774758995,Mazda 3,1.5 AT,2018.0,330.0,46000.0,Tự động,Xăng,Hatchback,Việt Nam,Trắng,True,5,car_p14_s2_1774758995,"[HÀNG CỰC NGON -GIÁ TỐT] BÁN MAZDA 3 SPORT 2018 (HATCHBACK) – 33X TRIỆU Do nhu cầu đổi xe điện, cần bán nhanh chiếc Mazda 3 Sport đời 2018 phanh tay điện tử chính chủ chăm sóc cẩn thận tại Thái Nguyên. Tình trạng: Xe không thủy kích, máy móc nguyên bản, đã nâng cấp, thay mới toàn bộ linh kiện điện (có hóa đơn hãng kèm theo). Chất lượng: Xe vận hành cực mượt, dàn điện mới tinh, bao check hãng toàn quốc cho anh em yên tâm sử dụng. Giá công khai: 33x.000.000 VNĐ (Có bớt lộc cho anh em thiện chí). 📍 Xem xe tại: Phan Đình Phùng, TP. Thái Nguyên. 📞 Liên hệ: ***"
p14_s5_1774759026,CX-5,2.0 AT,2018.0,560.0,111000.0,Tự động,Xăng,SUV / Cross over,Khác,Nâu,False,5,car_p14_s5_1774759026,"Bán xe Mazda Cx5 phiên bản động cơ 2.0, sản xuất năm 2018. Máy móc nguyên bản, không tai nạn, không ngập nước. Xe tâm huyết, đã trang bị thêm hơn 50tr tiền đồ: - Màn hình Andoid GoTech Mazda kèm Camera 360 (màn hình zin theo xe vẫn còn). - Camera hành trình trước sau loại xịn. - Cảm biến áp suất lốp (cảnh báo = giọng nói) tích hợp trên màn hình. - Gập gương lên kính tự động khi khoá xe. - Lẫy số trên vô lăng. - Phim cách nhiệt Rayno. - Vietmap gói Siêu cấp. - Phủ sàn 360 cách âm chống ồn. - Thảm sàn 6D + Thảm cốp, tấm chia cốp. - Cần số pha lê (cần số zin theo xe vẫn còn). - Xe vừa gia hạn đăng kiểm đến tháng 2/2027, bảo hiểm tháng 2; acquy vừa thay được 2 tuần. Xem xe tại tp Thanh Hoá. Cảm ơn!"
p14_s12_1774759105,Mazda 3,2.0 AT,2018.0,410.0,95682.0,Tự động,Xăng,Hatchback,Khác,Đỏ,True,5,car_p14_s12_1774759105,"Lên Đời Xe Cần Bán Xe Bán Mazda 3 2018 bản full 2.0 + Màu đỏ (sơn lại nguyên xe từ đỏ bầm qua đỏ tươi )  + Xe 5 chỗ, thiết kế thể thao, vận hành êm ái máy móc nguyên zin  + ODO 95682 km. + Xe Cty Chính Chủ 1 Đời + Nội thất rộng rãi, tiện nghi. + Xe giữ gìn cẩn thận, sẵn sàng sử dụng"
p15_s2_1774759227,Mazda 2,1.5 AT,2018.0,339.0,110000.0,Tự động,Xăng,Hatchback,Khác,Đỏ,False,5,car_p15_s2_1774759227,"Mazda 2 - 1.5 AT sx 2018 Xe biển cá nhân Hà Nội odo 11v km zin, đã lên cảm biến áp suất, lốp mới date 2025 Xe bán có bảo hành, có cam kết chất lượng bằng văn bản, check test thoải mái. Giá 339 tr. Lh: *** Đc: Nghĩa Đô, Hà Nội."
p15_s5_1774759256,Mazda Other,AT,2018.0,398.0,116000.0,Tự động,Dầu,Pick-up (bán tải),Khác,Cam,False,5,car_p15_s5_1774759256,"MAZDA BT 50 4x2 TỰ ĐỘNG, BẢN FULL OPTION ,xe 1 đời chủ mua mới ,bảo dưỡng full lịch sử hãng ,ko lỗi nhỏ bao test toàn quốc ,chất xe như mới 5 vỏ mới còn rất dày - trang bị : ghế da ,lót sàn ,bọc trần ,đăng kiểm ,bảo hiểm còn rất dài hạng . - odo : 116.000 km - sản xuất : 10/2018 - CAM KẾT : xe ko tai nạn ,thuỷ kích ,ko lỗi bao test hãng toàn quốc ( CÓ VĂN BẢN BẢO HÀNH 1 NĂM HOẶC 15.000 km )  - HỖ TRỢ VAY NGÂN HÀNG TPBANK 65% lãi xuất thấp ,thủ tục đơn giản ,giải ngân nhanh chóng - BAO SANG TÊN HCM - HÀ NỘI TOÀN QUỐC - HOẶC GIẢM TRỰC TIẾP TIỀN MẶT ,giao xe tận nơi ,lái thử tận nhà  - HỖ TRỢ THU XE CŨ ĐỔI XE MỚI GIÁ CAO HƠN THỊ TRƯỜNG 10-20 triệu - Vui lòng liên hệ trực tiếp để xem xe và lái thử ,giá cả còn thương lượng cho quý khách hàng đến xem xe trực tiếp  - đ/c : 201 lê cơ ,phường an lạc ,bình tân  - TUYỂN CỘNG TÁC VIẺN MUA - BÁN XE HOA HỒNG CAO CHO AE GIỚI THIỆU 🌹"
p15_s6_1774759270,Mazda 6,Unknown,2018.0,430.0,110000.0,Tự động,Xăng,Sedan,Khác,Trắng,True,5,car_p15_s6_1774759270,"Bán Mazda 6 màu trắng, xe 5 chỗ, thiết kế sang trọng, không gian rộng rãi.  - Ngoại hình đẹp, xe giữ gìn cẩn thận.  - Trang bị đầy đủ tiện nghi.  - Xe sẵn sàng lăn bánh. Đã lên mh oledpro cam360 hud kính  Xe chính chủ ký bán hay uỷ quyền đều dc anh chị xem có bớt lộc giá 430 triêu"
p17_s10_1774759832,BT-50,AT,2018.0,448.0,102000.0,Tự động,Dầu,Pick-up (bán tải),Việt Nam,Khác,True,5,car_p17_s10_1774759832,"Salon Auto Thành Trung chào bán: Bán tải MAZDA BT50 2018 ✓ Phiên bản 3.2L hai cầu, số tự động. ✓ Xe chuẩn không lỗi, động cơ hộp số nguyên bản hoạt động tốt. ✓ Một chủ mua mới từ đầu, hồ sơ cầm tay sang tên nhanh chóng. ✓ Hỗ trợ trả góp với thủ tục nhanh chóng ✓ Bao thủ tục sang tên nhanh gọn. ✓ Bên em chuyên mua bán và trao đổi, bù trừ tất cả các dòng xe. ✓ Quý khách xin liên hệ để được tư vấn biết thêm thông tin chi tiết."
p18_s5_1774759993,BT-50,Luxury,2018.0,418.0,37000.0,Tự động,Dầu,Bán tải,Khác,Khác,False,5,car_p18_s5_1774759993,"Bán BT50 AT sx 2018 bản Luxury 1 cầu , xe chạy 37 ngàn km mới 95%. Tks"
p18_s16_1774760112,CX-5,2.0 AT 2WD,2018.0,570.0,89000.0,Tự động,Xăng,SUV / Cross over,Việt Nam,Đỏ,False,5,car_p18_s16_1774760112,"🚗 MAZDA CX-5 PREMIUM 2018 - XE CỰC CHẤT, GIÁ CỰC TỐT 🚗 Cần tìm chủ mới cho siêu phẩm phân khúc C-SUV, xe gia đình sử dụng kỹ, ngoại hình còn rất mới. • Đời xe: 2018 • Phiên bản: Premium (Bản cao cấp nhất, trang bị full option, loa Bose, HUD kính, cảnh báo chệch làn...) • Số km đã đi: 89.000 km (Chuẩn chỉnh) • Giá công khai: 570 Triệu (Có thương lượng cho anh em thiện chí) ✅ Cam kết vàng: • Xe không đâm đụng, không ngập nước. • Máy móc, khung gầm nguyên bản, vận hành êm ái. • Pháp lý rõ ràng, sang tên trong ngày. 📍 Xem xe tại: 133 An Dương Vương, P. An Lạc, Q. Bình Tân, TP.HCM. 📞 Liên hệ ngay: *** để ép giá! #MazdaCX5 #xecu"
p19_s1_1774760182,Mazda 6,2.0L Premium,2018.0,439.39,86000.0,Tự động,Xăng,Sedan,Nhật Bản,Đỏ,True,5,car_p19_s1_1774760182,Mazda 6 một chủ từ mới xe đẹp máy móc nguyên zin ko tai nạn đâm đụng nặng  Giá tốt cho ae thiện chí xe về sẵn đi ko cần làm gì Lh : ***
p19_s12_1774760312,Mazda 3,1.5 AT Sedan,2018.0,385.0,120000.0,Tự động,Xăng,Sedan,Việt Nam,Đỏ,True,5,car_p19_s12_1774760312,"🚗 Mazda 3, kiểu dáng Sedan thể thao, màu Đỏ quyến rũ. 🚗 Sản xuất năm 2018 tại Việt Nam. 🚗 Số chỗ ngồi: 5 🚗 Sử dụng nhiên liệu Xăng. 🚗 Hộp số Tự động, vận hành êm ái. 🚗 Số Odo đã đi: 120.000km. 🚗 Phiên bản: 5491. 🚗 Xe được bảo dưỡng định kỳ, hoạt động ổn định. 🚗 Ngoại thất xe còn rất mới, ít trầy xước. 🚗 Nội thất rộng rãi, thoải mái cho người lái và hành khách. 🚗 Hệ thống giải trí đầy đủ tiện nghi. 🚗 Động cơ mạnh mẽ, tiết kiệm nhiên liệu. 🚗 Thích hợp cho cả gia đình và cá nhân sử dụng. 🚗 Xe đi đầm chắc, không rung lắc. 🚗 Hệ thống an toàn đầy đủ, đảm bảo an toàn trên mọi hành trình. 🚗 Gầm bệ chắc chắn, không mục mọt. 🚗 Điều hòa hoạt động tốt, làm mát nhanh. 🚗 Vô lăng trợ lực điện, lái nhẹ nhàng. 🚗 Phanh ABS an toàn, chống bó cứng phanh. 🚗 Túi khí an toàn cho người lái và hành khách. 🚗 Xe không đâm đụng, không ngập nước. 🚗 Giấy tờ đầy đủ, hợp lệ. 🚗 Xe chính chủ, sang tên nhanh chóng. 🚗 Mọi chức năng hoạt động hoàn hảo. 🚗 Xe đáng tin cậy cho những ai đang tìm kiếm một chiếc sedan chất lượng. 🚗 Xe được trang bị nhiều tính năng hiện đại. 🚗 Mang lại trải nghiệm lái xe tuyệt vời. 🚗 Phù hợp với nhiều mục đích sử dụng khác nhau. 🚗 Xe luôn được giữ gìn cẩn thận. 🚗 Sẵn sàng cho mọi hành trình."
p20_s2_1774760441,Mazda 6,Unknown,2018.0,480.0,100000.0,Tự động,Động cơ Hybrid,Sedan,Khác,Đen,False,5,car_p20_s2_1774760441,Cần bán xe maxda X6 đời 2018 Xe chạy gd rất kỹ  Mới thay bánh mới  Giá 480tr
p20_s18_1774760606,BT-50,2.2L 4x2 AT,2018.0,400.0,13000.0,Tự động,Dầu,Pick-up (bán tải),Thái Lan,Cam,False,5,car_p20_s18_1774760606,"BT50 tháng 12/2018 đk lần đầu 2019 Bản full ATH ghế điện số tự động, 1 cầu, màn hình và camera zin theo xe.  Cam kết không đâm đụng- ngập nước- máy móc keo chỉ khung gầm zin 100% . Sai cam kết đền gấp đôi. E bán 400tr tròn Xe ở Đà Nẵng Liên hệ ***"
p21_s9_1774760723,Mazda 3,1.5 AT Sedan,2018.0,400.0,62000.0,Tự động,Xăng,Sedan,Khác,Đen,False,5,car_p21_s9_1774760723,"Thông Tin Xe  - Hãng xe: Mazda 3  - Năm sản xuất: 2018  - Số km đã đi: 62.000km - Động cơ vận hành ổn định và vẫn giữ nguyên bản, chưa ghi nhận dấu hiệu can thiệp nào. Khung gầm xe cũng nguyên bản và vững chắc, đảm bảo an toàn khi di chuyển. Hệ thống lốp xe được chăm sóc tốt với 2 lốp trước mới và 2 lốp sau sản xuất năm 2018 còn sử dụng ổn định, mang lại sự yên tâm khi vận hành. Má phanh trước còn trong tình trạng tốt. Đặc biệt, xe chưa ghi nhận bất kỳ dấu hiệu bất thường nào về ngập nước. Với đời xe năm 2018 như này, tổng thể xe vẫn giữ được tình trạng tốt, đáp ứng tốt nhu cầu sử dụng hàng ngày."
p21_s11_1774760746,Mazda 3,1.5,2018.0,405.0,95000.0,Tự động,Xăng,Sedan,Khác,Trắng,False,5,car_p21_s11_1774760746,"Em bán Mazda3 1.5 2018   ----🛠️ XE ĐƯỢC CAM KẾT 🛠️---- ✅ Không tai nạn,khung sườn sắt xi nguyên bản ✅ Không ngập nước thuỷ kích  ✅ Động cơ nguyên , hộp số zin  ✅ Hỗ trợ check test bất cứ đâu khách hàng chỉ định"
p21_s12_1774760756,BT-50,AT,2018.0,398.0,116000.0,Tự động,Dầu,Pick-up (bán tải),Thái Lan,Khác,False,5,car_p21_s12_1774760756,"Mazda BT50 2.2 AT 4x2, số tự động 1cầu, sản xuất 2018, odo 116000km. Xe chuẩn không lỗi."
p21_s14_1774760780,Mazda 3,1.5 AT,2018.0,420.0,86000.0,Tự động,Xăng,Sedan,Khác,Trắng,True,5,car_p21_s14_1774760780,"🚗 BÁN MAZDA 3 1.5 FL 2018 – 1 CHỦ TỪ MỚI – XE CHẤT GIÁ TỐT 🚘  ➡️ Mazda 3 1.5 Facelift 📅 Sản xuất & đăng ký 2018 👤 Tư nhân – 1 chủ từ mới 🎨 Màu trắng ngọc trai – sang trọng, rất giữ giá 🛣 Odo chuẩn – xe đi gia đình, giữ gìn kỹ  ✨ Trang bị nổi bật: • Đèn LED, mâm hợp kim • Màn hình giải trí, camera lùi • Ghế da, vô lăng tích hợp phím điều khiển • Điều hòa tự động • Xe nguyên bản, không đâm đụng, không thủy kích  🧰 Tình trạng: ✔️ Máy số êm ái – gầm bệ chắc chắn ✔️ Nội ngoại thất rất đẹp ✔️ Hồ sơ pháp lý chuẩn – sang tên nhanh gọn  💰 Giá bán thương lượng cho khách thiện chí Odo : 86.000km Giá : 420tr"
p21_s15_1774760791,CX-5,AT,2018.0,570.0,86000.0,Tự động,Xăng,SUV,Khác,Đỏ,False,5,car_p21_s15_1774760791,"Mazda CX-5 màu đỏ, xe 5 chỗ, động cơ xăng, hộp số tự động.   - Thiết kế thể thao, nội thất tiện nghi.   - Vận hành êm ái, tiết kiệm nhiên liệu.   - Xe sẵn sàng lăn bánh."
p23_s8_1774761161,Mazda 6,2.0 Premium,2018.0,490.0,35000.0,Tự động,Xăng,Sedan,Việt Nam,Trắng,True,5,car_p23_s8_1774761161,"Chính chủ cần bán xe Mazda 6 2.0 Premium đời 2018. Đã đi được 35000km, nội ngoại thất còn rất đẹp. Máy móc nguyên bản không sửa chữa, không đâm đụng, không thuỷ kích, không phạt nguội. Xe mới bảo dưỡng sau Tết, đã đăng kiểm đến 3/2027. Giá 490tr, có ra lộc cho người thiện chí. Miễn trung gian."
p23_s18_1774761268,CX-5,2.5,2018.0,625.0,26000.0,Tự động,Xăng,SUV / Cross over,Việt Nam,Đen,True,5,car_p23_s18_1774761268,CX5 2.5 Sx 2018 Lướt 26.000km. full Lịch sữ Bão Dưỡng Một Chủ Mua Mới Từ Đầu. 5 Vỏ Lốp Rin Theo  Bao Check Test Các Đơn Vị Thứ 3  Giá 625.000.000₫ Bao Hồ Sơ  ☎️ ***. ***.
p25_s0_1774763478,Mazda Other,2.5 AT 2WD,2018.0,540.0,74913.0,Tự động,Xăng,SUV / Cross over,Việt Nam,Cam,False,5,car_p25_s0_1774763478,"Lên đèn chính Aozoom Xled pro , 2 cặp bi gầm 3 inch + 2 inch , led gầm 2 chế độ  + Cam hành trình 70 mai A810 + trước và sau + modul 4g + led gầm 2 chế độ + thảm lót sàn nhựa đúc nice car  + Gập gương lên xuống kính tự động khi khóa xe  + ốp nội thất carbon  + Bảo hiểm thân vỏ bảo việt còn 8 tháng"
p25_s14_1774763642,Mazda 2,Unknown,2018.0,339.0,16000.0,Tự động,Xăng,Sedan,Khác,Trắng,True,5,car_p25_s14_1774763642,xe gia đình 1 chủ mua mới từ 2018  trang bị full sedan - ***
p25_s15_1774763648,CX-5,2.5 AT,2018.0,550.0,110000.0,Tự động,Xăng,SUV,Việt Nam,Nâu,False,5,car_p25_s15_1774763648,"Mazda CX5 màu nâu, xe 5 chỗ, động cơ xăng, hộp số tự động.  - Máy 2.5 đầm chắc - Xe đi được 11 vạn nguyên zin - Không tai nạn, ngập nước thuỷ kích  - Thiết kế hiện đại, nội thất rộng rãi.   - Xe sản xuất tại Việt Nam.   - Vận hành êm ái, tiết kiệm nhiên liệu."
p30_s4_1774764666,Mazda 3,1.5 AT Sedan,2018.0,420.0,65000.0,Tự động,Xăng,Hatchback,Khác,Trắng,True,5,car_p30_s4_1774764666,"HỒ CHÍ MINH - Chính chủ mình cần bán chiếc Mazda 3 - 2018 Luxury - 1.5 AT, số tự động , cửa sổ trời.Odo: 65.000 km ( đi rất ít ) Xe nguyên bản , đi lại ít từ công ty về nhà. Chỉ lên lazang, lốp Michelin và Camera hành trình. Bao kiểm tra đâm đụng , thuỷ kích. A/c nào thiện chí liên hệ mình xem xe trực tiếp tại nhà .  Xin Cảm Ơn !"
p30_s9_1774764717,Mazda 6,2.0L Premium,2018.0,515.0,46000.0,Tự động,Xăng,Sedan,Việt Nam,Trắng,False,5,car_p30_s9_1774764717,"BÁN MAZDA 6 CHO ACE ĐI TẾT  Xe em đăng ký lần đầu 2019, chạy được 46k km (cam kết đúng km, bao check hãng).   Xe này Ba em chạy được 5 năm rồi, do ít đi quá nên toàn nằm trong sân. Màu trắng rất đẹp có trầy xước nhẹ chút bên ngoài ko đáng kể.  Em đã thay nhớt, bảo dưỡng đầy đủ, nên các anh chị em yên tâm chạy tết. Xe em bao đi xa bắc nam, có đảm bảo cho anh chị yên tâm, ko lỗi hay hư hỏng gì cả. Em cam kết máy móc chưa đụng hay tháo, ko tai nạn, ko ngập nước.  Các anh chị cứ trả giá thoải mái, được em bán, ko được thì vui vẻ. Em cám ơn"
p31_s1_1774764859,Mazda 2,AT,2018.0,315.0,66000.0,Tự động,Xăng,Sedan,Nhật Bản,Đỏ,False,5,car_p31_s1_1774764859,"Mazda 2 màu đỏ, xe Nhật Bản bền bỉ, thiết kế trẻ trung, năng động.  - Xe 5 chỗ, hộp số tự động, dùng nhiên liệu xăng.  - Ngoại hình đẹp, nội thất tiện nghi.  - Xe sẵn sàng lăn bánh."
p31_s2_1774764870,Mazda 3,1.5 AT,2018.0,413.0,70000.0,Tự động,Xăng,Hatchback,Khác,Xanh,True,5,car_p31_s2_1774764870,"Cần bán Mazda 3 hatchback xanh cavansite 2018.Xe gia đình nói không với dịch vụ,xe đẹp khung gầm chắc chắn, có xước dăm.Đăng kiểm còn dài.pháp lý rõ ràng chính chủ Check test thoải mái.Ae thiện chí liên hệ *** tên Nam"
p31_s14_1774765006,Mazda 3,1.5 AT,2018.0,429.0,100000.0,Tự động,Xăng,Sedan,Khác,Trắng,False,5,car_p31_s14_1774765006,"MAZDA 3 2018 – XE HẠNG C *** , GIÁ CHỈ HƠN 400 TRIỆU Nếu anh em đang tìm một chiếc xe vừa đi làm sang, vừa đi chơi lịch lãm thì không thể bỏ qua em Mazda 3 này: Đời xe: Sản xuất 2018, form dáng Kodo trẻ trung, vượt thời gian. Option nổi bật: Đã có phanh tay điện tử, chế độ lái Sport, cửa sổ trời, màn hình Mazda Connect...  Nguồn gốc: Biển Hà Nội Tình trạng: Odo 10v km (Xe chạy giữ gìn, bảo dưỡng đều, máy móc êm). Cam kết: Bao check test toàn quốc theo yêu cầu. Xe sẵn sử dụng, không cần tốn thêm chi phí bảo dưỡng.  Giá chào bán: 429 Triệu (Có thương lượng sâu cho anh em thiện chí)."
p32_s13_1774765215,Mazda 3,2.0,2018.0,470.0,49000.0,Tự động,Xăng,Sedan,Khác,Xanh,False,5,car_p32_s13_1774765215,"Mazda 3 bản 2.0L sản xuất 2018, xe đẹp, đầy đủ tiện nghi.  - Odo 49.000km, bao test.  - Màu xanh đậm sang trọng.  - Giá 470 triệu, có thương lượng."
p33_s4_1774765326,CX-5,2.5 AT,2018.0,579.0,90000.0,Tự động,Xăng,SUV / Cross over,Việt Nam,Trắng,False,5,car_p33_s4_1774765326,"Lướt đến đây quý anh chị nghỉ tay xem ngay bài này đã nhé! Biết đâu tìm từ lâu giờ mới thấy ưng ý •E có Mazda CX5 bản full 2.5 AT sx 2018 fom mới odo hơn 9v km - Chủ xe rất giữ gìn và bảo dưỡng đầy nên xe siêu mới, nội thất da căng mịn, máy số khô sạch sáng nổ êm ru, gầm bệ chắc nịch - chạy thử 1 vòng chắc chắn hài lòng - đã lên màn hình cảm ứng cỡ lớn có cam 360, Đèn viền nội thất.... Ảnh chụp mộc chưa Spa nhé •Cam kết động cơ nguyên bản, k tai nạn,k ngập nước, bao test hãng hoặc mọi gara •Giá rất hợp lý và có thương lượng sâu cho ace thiện chí •Quý anh chị hợp nhu cầu alo hoăc zalo e nhé •Cảm ơn đã xem bài"
p34_s7_1774765544,Mazda 3,Unknown,2018.0,399.0,120000.0,Tự động,Xăng,Hatchback,Khác,Đen,True,5,car_p34_s7_1774765544,"Mazda 3 đời 2018 màu đỏ, nội thất đen, xe chính chủ.  - Xe đi 120.000 km, giữ gìn cẩn thận.  - Không đâm đụng, không ngập nước.  Giá 399 triệu có thương lượng"
p34_s13_1774765603,CX-5,2.5,2018.0,590.0,96262.0,Tự động,Xăng,SUV,Nhật Bản,Trắng,True,5,car_p34_s13_1774765603,Bán xe. Mazzda cx5. Đời 2018. 2 cầu. 2.5. Chính chủ *** linh. Gia: 590tr.
p34_s17_1774765637,Mazda 3,Unknown,2018.0,470.0,49000.0,Tự động,Xăng,Sedan,Khác,Bạc,False,5,car_p34_s17_1774765637,"🚘 MAZDA 3  ✅Odo: 49,000 -2018- màu xanh ✅Option: Dán kính, trải sàn, camera lùi, ghế da, màn hình android,…  ✅Bảo hành chính hãng ✅Giấy tờ rõ ràng minh bạch đủ điều kiện sang tên ✅Giấy chứng nhận kiểm tra 176 hạng mục ✅ Bảo hành riêng biệt đối với từng dòng xe ✅ Hỗ trợ kỹ thuật 24/7  🏦️ CAM KẾT 3 KHÔNG:  ❌ Không đâm đụng - Không ngập nước. ❌ Không tháo rã động cơ - Không tua km. ❌ Không phạt nguội - Không tranh chấp."
p35_s2_1774765693,Mazda 2,Unknown,2018.0,320.0,60000.0,Tự động,Xăng,Sedan,Khác,Khác,False,5,car_p35_s2_1774765693,"Lên đời cần bán , xe chạy ổn định bảo dưỡng hãng định kỳ . Mua chỉ chạy không cần lo gì . Tks"
p35_s12_1774765798,Mazda 6,2.0,2018.0,520.0,110000.0,Tự động,Xăng,Sedan,Khác,Trắng,True,5,car_p35_s12_1774765798,"Mazda 6 bản 2.0 Full Option đời 2018 màu trắng, xe gia đình.  - ODO 110.000 km.  - Xe chính chủ, đảm bảo không ngập lụt, tai nạn.  - Giá 520 triệu."
p35_s18_1774765861,Mazda 2,1.5 AT,2018.0,325.0,59000.0,Tự động,Xăng,Hatchback,Khác,Cam,False,5,car_p35_s18_1774765861,"⚜️ MAZDA2 1.5AT 2018 – FORM ĐẸP, XE GIỮ KỸ 🚦 Odo: 59.000 km – Đi ít, còn rất mới ✅ Đề nổ Start/Stop tiện lợi ✅ Vô lăng tích hợp phím – gương kính chỉnh điện ✅ Màn hình giải trí + camera lùi + camera hành trình ✅ Nội thất da nỉ nguyên zin – sạch đẹp ✅ 4 lốp MIC còn mới – thảm lót sàn đầy đủ 🔥 Sedan hạng B – nhỏ gọn, tiết kiệm xăng, cực hợp đi phố 🔥 Xe giữ kỹ – máy số êm – gầm chắc"
p37_s7_1774766115,Mazda 3,2.0L,2018.0,435.0,80000.0,Tự động,Xăng,Sedan,Khác,Đỏ,False,5,car_p37_s7_1774766115,"✅ ACE nào tài chính hơn bốn trăm em vẫn còn Mazda 3 2018 bản 2.0 cao cấp  📌odo 8 vạn km  4 vỏ vừa thay gai gió dày cui , trang bị mâm 18 in , chỉnh điện ghế lái , hud kính lái , màn hình hỗ trợ appel carplay , androi auto .....  📌 Giá hơn bốn trăm - *** Mr Trí Chợ nổi Cái Răng, An Bình, TP Cần Thơ"
p37_s13_1774766180,Mazda 3,1.5 AT Sedan,2018.0,410.0,126624.0,Tự động,Xăng,Hatchback,Việt Nam,Trắng,False,5,car_p37_s13_1774766180,"✨ Mazda 3, kiểu dáng Sedan thanh lịch, sản xuất năm 2018. ✨ Màu sơn trắng tinh tế, phù hợp với nhiều phong cách. ✨ Xuất xứ: Việt Nam. ✨ Số chỗ ngồi: 2. ✨ Sử dụng nhiên liệu: Xăng. ✨ Hộp số: Tự động, mang lại trải nghiệm lái xe mượt mà và thoải mái. ✨ Số Odo: 126.624 km. ✨ Phiên bản: 5491. ✨ Dòng xe Sedan phù hợp cho cả gia đình và công việc. ✨ Mazda 3 nổi tiếng với thiết kế KODO hiện đại và khả năng vận hành ổn định. ✨ Nội thất rộng rãi, tiện nghi, mang đến sự thoải mái cho người sử dụng. ✨ Hệ thống giải trí đa phương tiện, kết nối thông minh. ✨ Trang bị an toàn đầy đủ, đảm bảo an tâm trên mọi hành trình. ✨ Động cơ mạnh mẽ, tiết kiệm nhiên liệu. ✨ Khung gầm chắc chắn, mang lại cảm giác lái đầm chắc. ✨ Hệ thống phanh ABS, EBD hỗ trợ tối đa. ✨ Xe được bảo dưỡng định kỳ, tình trạng hoạt động tốt. ✨ Thích hợp cho những ai tìm kiếm một chiếc xe Sedan chất lượng, bền bỉ và tiết kiệm. ✨ Mazda 3 là sự lựa chọn lý tưởng cho những ai yêu thích sự trẻ trung, năng động và tiện nghi. ✨ Xe có ngoại hình bắt mắt, thu hút mọi ánh nhìn. ✨ Không gian nội thất được thiết kế tỉ mỉ, sang trọng. ✨ Vô lăng tích hợp các nút điều khiển, giúp người lái dễ dàng thao tác. ✨ Điều hòa hoạt động tốt, làm mát nhanh chóng. ✨ Hệ thống âm thanh chất lượng cao, mang đến trải nghiệm giải trí tuyệt vời. ✨ Xe được trang bị đầy đủ các tính năng an toàn, giúp bạn yên tâm trên mọi nẻo đường. ✨ Mazda 3 là một trong những mẫu xe Sedan bán chạy nhất tại thị trường Việt Nam. ✨ Xe có khả năng vận hành linh hoạt trong đô thị và trên đường trường. ✨ Gầm xe cao ráo"
p38_s2_1774766273,Mazda 3,1.5 AT Sedan,2018.0,408.0,75000.0,Tự động,Xăng,Hatchback,Việt Nam,Cam,False,5,car_p38_s2_1774766273,"Em bán mazda3 2018FL 1.5AT  - Lăn bánh 75.000 km chuẩn , xe tư nhân sử dụng  - Xe lên hơn 60tr tiền đồ chơi : mâm độ , dàn lốp michelin 2025 , ốp phanh brembo , đèn pha led , đèn hậu led , màn hình , camera 360 , loa trung tâm , led nội thất , lót sàn nhựa , firm cách nhiệt đầy đủ  - Đăng kiểm dài , khoá 2 chìa đầy đủ - Bao an ninh pháp lí , bao phạt nguội  - check test theo yêu cầu   Anh chị quan tâm nhấc máy alo em  Xem xe Mỹ Đình , HN"
p39_s6_1774766569,Mazda Other,2.2L 4x2 AT,2018.0,390.0,180000.0,Tự động,Dầu,Pick-up (bán tải),Khác,Cam,False,5,car_p39_s6_1774766569,"Cam kết xe zin đét. K tai nạn, ngập nước. Lh ***"
p43_s2_1774767350,Mazda 3,1.5 AT Sedan,2018.0,445.0,80000.0,Tự động,Xăng,Sedan,Việt Nam,Trắng,True,5,car_p43_s2_1774767350,"Mazda 3 đời 2018 màu trắng, xe gia đình, máy móc nguyên bản.  - Xe một chủ, đi 80.000 km.  - Trang bị màn hình, điều hòa tự động, phanh tay điện tử, camera sau, ghế da.  - Mức tiêu thụ nhiên liệu khoảng 7L/100 Km.  - Bán thu hồi luôn biển số, cần bán người sử dụng"
p44_s7_1774767591,Mazda 3,2.0L,2018.0,435.0,80000.0,Tự động,Xăng,Sedan,Khác,Đỏ,False,5,car_p44_s7_1774767591,mazda 3 2018 odo 8 vạn đã lên ghếp da naspa
p44_s15_1774767686,Mazda 3,1.5 AT Sedan,2018.0,415.0,76000.0,Tự động,Xăng,Hatchback,Khác,Cam,False,5,car_p44_s15_1774767686,"Mazda3 1.5 FL Sản xuất : 2018 Odo : 76.000 km  Giá : 415 Tr Trang bị : Cruise Control , Phanh tay điện tử , Cam hành trình , Màn hình hiển thị đa thông tin....."
p45_s1_1774767770,Mazda 3,1.5 AT Sedan,2018.0,439.0,79000.0,Tự động,Xăng,Hatchback,Việt Nam,Cam,False,5,car_p45_s1_1774767770,"Mazda 3 - 1.5Sport Hatback facelift sx 2018 - biển hà nội odo 7,9v km zin, chủ xe giữ gìn cực đẹp bảo dưỡng đều gầm bệ đi chắc nịch, lên nhiều đồ hud kính, cảm biến áp suất lốp, ống xả đôi, lốp mới cả dàn... vv - xe bán cam kết chất lượng bằng văn bản, check test theo chỉ định khách hàng. Giá 439"
p45_s10_1774767872,CX-5,2.5 AT AWD,2018.0,545.0,91000.0,Tự động,Xăng,SUV / Cross over,Khác,Xanh,True,5,car_p45_s10_1774767872,"Em chào bán Mazda CX5 2018 xanh cavansine bản 2.5 2 cầu xe rất đẹp.  Xe đăng ký tên tư nhân 1 chủ từ mới, lăn bánh 9 vạn km.  Máy zin từ nắp giàn cò, hộp số zin.  Keo chỉ , cột kèo , Đinh tán nguyên bản.  Không đâm va, không ngập nước.  Nội ngoại thất mới kính koong.  Chủ xe mới thay 1 giàn lốp michelin mới cứng Lốp sơ cua chưa một lần sử dụng.  Xe không có điểm trừ.  Bao check bên thứ ba theo yêu cầu.  Quý anh chị quan tâm thì gọi cho em để xem xe và lái thử ạ.  Caill: *** Xem xe tại Phạm Hùng- Hà Nội"
p46_s0_1774768001,Mazda Other,2.0 AT,2018.0,640.0,7600.0,Tự động,Xăng,SUV / Cross over,Việt Nam,Khác,True,5,car_p46_s0_1774768001,CX5 2.0 Sản Xuất 2018 Một Chủ  ODO. 7600km Siêu Lướt Sơn Rin 100% 5 Vỏ rin Theo Như Mới  Giá 6xx Anh chị em q.tâm lh Tân  ☎️ ***. ***.
p46_s10_1774768122,CX-5,2.5 AT AWD,2018.0,555.0,86000.0,Tự động,Xăng,SUV / Cross over,Khác,Nâu,False,5,car_p46_s10_1774768122,"Mazda CX-5 sx: 2018 model 2.5 nguyên zin từng chi tiết   Chuẩn ODO: 86.000km màu nâu, xe 5 chỗ, số tự động.   - Thiết kế hiện đại, nội thất rộng rãi.   - Vận hành êm ái, tiết kiệm nhiên liệu.   - Xe sẵn sàng lăn bánh."
p46_s15_1774768172,Mazda 3,2.0 AT,2018.0,455.0,90000.0,Tự động,Xăng,Sedan,Việt Nam,Trắng,False,5,car_p46_s15_1774768172,"Gia đình mình cần bán xe Mazda3 Facelip Premium bản 2.0 Full Option màu trắng cuối 2018 đi cực thích và tiết kiệm nhiên liệu, Option đầy đủ hơn bản 1.5 rất nhiều như Hud kính lái, ghế điện, vành 18 inch..vv.. và đắt hơn 150tr lúc mua mới, xe của nhà mình cực mới & giữ gìn, chỉ đi làm trong phố 3km và cuối tuần lên nội ngoại hoặc cafe cùng bạn bè chưa đi xa bao giờ, các bạn xem qua là biết ngay, mới đi được hơn 9v km xịn, sản xuất & đ/ký cuối 2018* Biển Hà Nội 30:xxxx Đi rất có lộc & gặp nhiều may mắn * xe đi rất giữ gìn, toàn để trong nhà nên tránh được mưa và nắng, 2 khóa mới cứng, đăng kiểm & phí đường bộ đến tận cuối năm 2027 mới phải đóng, mình đã lắp thêm một số đồ hết hơn 20tr: Lên dàn loa trung tâm loại tốt nhất của Marshall nghe cực hay, lên 4 Lốp Michelin đi cực thích, mua thêm lót sàn 6D trong hãng, kích hoạt Full tính năng ẩn, hack xem Video cho màn hình trung tâm để dễ dàng điều khiển, tính cẩn thận nên mình thay dầu & bảo dưỡng định kỳ theo chế độ trong hãng Mazda, Xe nguyên bản 100% nên các bạn có thể test thoải mái ở bất kỳ đâu nếu sai mình xin tặng cả xe, trước mua mới gần 1tỷ, nay gia đình mình bán giá rất hợp lý 455tr * Có thương lượng nhiệt tình cho bạn nào mua về sử dụng * No SMS."
p46_s18_1774768207,BT-50,Unknown,2018.0,430.0,36000.0,Tự động,Dầu,Bán tải,Khác,Trắng,False,5,car_p46_s18_1774768207,"Mazda BT-50 đời 2018, phiên bản 2.2, màu trắng.   - Xe đã lắp camera 360   - xe gia đình ít sử dụng . 36.000 km  - màu sơn chưa dặm tuốt còn nguyên zin - bánh secua chưa dử dụng  - xe chưa sửa chữa ốc tán còn zin , ae thiện chí mua đến xem xe thương lượng, mình kg nhận trả giá qua tin nhắn ."
p47_s11_1774768361,Mazda 3,1.5 CVT,2018.0,424.0,12000.0,Tự động,Xăng,Sedan,Việt Nam,Cam,True,5,car_p47_s11_1774768361,"Tôi cần bán xe 1 chủ gốc HN từ mới , xe đưpj cam kết nguyên bản . Ai càn lh trực tiếp cho tôi theo sđt trên . Cảm ơn"
p49_s7_1774768820,Mazda 6,2.0L Premium,2018.0,460.0,61000.0,Tự động,Xăng,Sedan,Việt Nam,Khác,False,5,car_p49_s7_1774768820,Xe gia đình cần bán Mazda 6 bản 2.0 premium cao cấp.gia đình mua mới ít sử dụng .gầm máy còn 7 màu nội thất da zin theo xe còn như mới. Mới thay cặp vỏ đầu vỏ sao còn theo xe.vỏ dự phòng chư sử dụng.Sơn zin còn 80%.ACE có nhu cầu sử dụng ĐT trực tiếp TL xin cảm ơn.
p50_s15_1774769141,Mazda 3,1.5 AT Sedan,2018.0,420.0,80000.0,Tự động,Xăng,Hatchback,Việt Nam,Trắng,False,5,car_p50_s15_1774769141,"Mazda 3 2018 1.5AT màu trắng biển Hà Nội, xe gia đình sử dụng chạy 8 vạn km, không lỗi lầm, bao check mọi nơi theo yêu cầu"
p1_s8_1774726221,Mazda 3,Unknown,2019.0,435.0,80000.0,Tự động,Xăng,Sedan,Khác,Xanh,False,5,car_p1_s8_1774726221,Cần bán xe Mazda 3 sản xuất 2019. Xe màu xanh. Bảo dưỡng đúng hãng.  Xem xe tại quận 2.
p1_s9_1774726228,Mazda 3,1.5 Luxury,2019.0,415.0,98000.0,Tự động,Xăng,Sedan,Việt Nam,Cam,False,5,car_p1_s9_1774726228,"Xe gia đình bán  Mazda 3- 2019 - máy 1.5 luxury, cửa sổ trời  Cam kết máy số zin không lỗi nhỏ  Sơn zin còn 75% xe  Không đâm đụng ngập nước  Nọi thất zin theo xe còn khá  Bstp ngay chủ dứng tên cavet  Gầm bệ êm ái , võ lốp mới tinh  Anh chị cần qua xemnxe ngã tư ga , quân 12  Giá có bớt chonae nhanh gọn lẹ"
p2_s4_1774726413,CX-5,2.5 Signature Premium 2WD,2019.0,615.0,80000.0,Tự động,Xăng,SUV / Cross over,Việt Nam,Đỏ,False,5,car_p2_s4_1774726413,MAZDA CX5 2.5 2019 MÀU ĐỎ THỐNG SỐ XE  • ODO : 8 vạn • ĐỘNG CƠ 2.2 Máy dầu • Ghế Điện . Auto Hold . Điều hoà tự động . Cruise Control . Đề nổ . Cốp điện . Cân bằng điện tử . Cửa nóc . Loa bose . Hắt kính . Cảnh báo điểm mù  📞 𝐇𝐨𝐭𝐥𝐢𝐧𝐞 : *** — BONAUTO SAU BIG C LONG BIÊN   SỐ 8 VŨ ĐỨC THẬN - PHƯỜNG VIỆT HƯNG - LONG BIÊN - HÀ NỘI
p2_s11_1774726487,Mazda 3,1.5L Premium,2019.0,420.0,74000.0,Tự động,Xăng,Sedan,Việt Nam,Khác,False,5,car_p2_s11_1774726487,Xe bao kiểm tran đâm đụng ngập nước không có gi để chê
p3_s5_1774726675,BT-50,Premium,2019.0,560.0,50000.0,Tự động,Dầu,Pick-up (bán tải),Thái Lan,Trắng,False,5,car_p3_s5_1774726675,"- Bản Premium 4x4 (Phiên bản cao cấp nhất dòng BT-50 2019) - Chịu ngập lội 80 cm, điều khiển gương, ghế lái tự động - Đăng ký lần đầu: tháng 8/2023 – Xe chạy 5 vạn - Trang bị thêm: Màn hình Camera 360 OledPro + Độ loa nghe nhạc, Đèn bi Led, - Bảo dưỡng, bảo trì 100% trong Gara Mazda - Cam kết chưa dính ngập nước, không đâm đụng - Nội thất mới, Xe chỉ phục vụ đi lại cho gia đình nên gia đình rất giữ gìn ---------------- Giá: 5xx  Các bác có thiện mua chí vui lòng inbox mình nhé. Nếu bác nào có nhu cầu mình có đủ giấy nộp thuế trước bạ khi đăng ký lần đầu (để yên tâm về thời gian bắt đầu lăn bánh của xe), hóa đơn các lần bảo trì, bảo dưỡng nhé"
p3_s11_1774726743,BT-50,MT,2019.0,480.0,65000.0,Số sàn,Dầu,Bán tải,Thái Lan,Trắng,False,5,car_p3_s11_1774726743,"MADAZ BT50 MT4x4 - 2 cầu ( xe gia đình sử dụng kỹ, full bảo dưỡng hãng, rất hiếm có chiếc xe lành tính thứ 2 ) Năm sản xuất: 2019 đăng kí 2020 ( dòng xe cuối cùng Mazda hợp tác cùng Ford) - Odo: 65k km - Biển số: 1chủ HCM từ mới - Số sàn: 2 cầu - Xuất xứ: Nhập khẩu Thái Lan chính hãng - CAM KẾT CHẤT LƯỢNG: ✓ Máy zin – số zin – khung sườn Zin. Cam kết chưa làm than vỏ 1 tí gì luôn. ✓ Xe Full bảo dưỡng tại Mazda Gò Vấp xe bảo dưỡng 1 nơi *** từ ngày mua mới ( có thể vào hãng check thoải mái)  ✓ Keo chỉ nguyên bản, không mất 1 phân ✓ Không đâm đụng – không ngập nước – không thuỷ kích ✓ Bao check test hãng / bên thứ 3 (T3–T4) - Phát hiện lỗi chịu toàn bộ chi phí kiểm tra & đi lại - Giá mong muốn: 480tr - Trên hình ảnh là xe chưa rửa, nếu rủa đi là nhìn gần như xe mới. Mong muốn làm việc với khách thiện chí hiểu biết về xe, đang mong muốn mua 1 cái xe lành giá hợp lý về sử dụng. Không làm việc với khách thiếu thiện chí, khách muốn giá rẻ mà có xe tốt  Liên hệ: *** Mr Thăng"
p3_s13_1774726762,Mazda 3,1.5L Sport Premium,2019.0,449.0,40000.0,Tự động,Xăng,Sedan,Khác,Đỏ,False,5,car_p3_s13_1774726762,"Mazda 3 màu đỏ, xe 5 chỗ, thiết kế thể thao, vận hành êm ái.   - Ngoại hình đẹp, nội thất tiện nghi.   - Xe giữ gìn cẩn thận, sẵn sàng sử dụng. xe siêu đẹp 4vạn Rin lốp sơ cua chưa hạ, máy rin không lỗi nhỏ"
p7_s1_1774727464,CX-5,2.0 Premium,2019.0,646.0,27000.0,Tự động,Xăng,SUV / Cross over,Việt Nam,Cam,True,5,car_p7_s1_1774727464,"*** Mazda CX5 2.0L Premium 2019 *** + Động cơ xăng 2.0L Skyactive + Sản xuất 2019 + Biển số tỉnh, Xe cá nhân đứng tên 1 chủ từ đầu + Odo: 27.000km ( Full lịch sử bảo dưỡng hãng, Sai tặng xe) + Giá: 646.000.000 ( Thương Lượng khi khách hàng đến xem xe trực tiếp). + Option: Film cách nhiệt cao cấp, Lót sàn Simily, Màn hình cảm ứng - Camera de, Cửa sổ trời, Ốp inox bệ bước lên xuống,....... + Thủ tục sang tên đổi chủ nhanh gọn. + Cam kết: KHÔNG ĐÂM ĐỤNG – KHÔNG NGẬP NƯỚC – ODO ZIN ----------------------------------------------------------- +++ AUTO PHÚ MỸ HƯNG 419 Đào Trí, Phường Phú Thuận, Quận 7, TP.HCM"
p7_s8_1774727535,Mazda 3,1.5L Sport Deluxe,2019.0,410.0,92000.0,Tự động,Xăng,Sedan,Khác,Cam,False,5,car_p7_s8_1774727535,"Mazda 3 2019 1.5 AT – sedan đẹp, giá tốt Bán Mazda 3 2019 1.5 AT 💰 Giá: 410 triệu (còn thương lượng) Sedan rộng rãi, chạy êm, phù hợp gia đình Máy 1.5 tiết kiệm xăng Số tự động dễ lái Nội thất sạch sẽ, sử dụng kỹ Xe đi đầm, ổn định 💯 Cam kết: 👉Không đâm đụng, không tai nạn 👉Không ngập nước 👉Khung gầm zin, pháp lý rõ ràng 👉Máy số ổn định 🔧 Bao test check thoải mái  💰 Giá: 410 triệu (còn thương lượng) 📞 Liên hệ xem xe 85 Nguyễn Hồng Ánh, Đà Nẵng 👉 Xe sẵn – giá hợp lý – xem là dễ chốt 🔥"
p7_s15_1774727611,CX-8,Luxury,2019.0,670.0,98999.0,Tự động,Xăng,SUV / Cross over,Nhật Bản,Trắng,False,7,car_p7_s15_1774727611,"Mazda CX-8 màu trắng, xe 7 chỗ rộng rãi, phù hợp gia đình.   - Hộp số tự động, động cơ xăng vận hành êm ái.   - Thiết kế sang trọng, nội thất tiện nghi.   - Xe giữ gìn cẩn thận, sẵn sàng sử dụng."
p8_s8_1774727733,Mazda 2,Prestige 2.2 AT HTRAC,2019.0,365.0,36000.0,Tự động,Xăng,SUV / Cross over,Việt Nam,Trắng,True,7,car_p8_s8_1774727733,"Mazda2 sedan 1.5AT Luxury 2019 nhập Thái, màu trắng, xe cá nhân 1 chủ từ đầu đk T3/2020, đã đi 36 .000 Km, xe sử dụng kỹ, bảo dưỡng đầy đủ, còn mới cứng. - Xe trang bị: Ghế da pha nỉ, màn hình kết nối apple carplay, cam lùi, cảm biến lùi, đèn led , ga tự đông cruise control, … - Cam kết xe đẹp nguyên bản, bao check test toàn quốc. - Giá 365tr, còn bớt lộc khi xem xe. - Cảm ơn ac đã quan tâm LH ĐT bên dưới để xem xe"
p9_s1_1774727845,Mazda 2,Luxury,2019.0,365.0,36000.0,Tự động,Xăng,Hatchback,Việt Nam,Khác,False,5,car_p9_s1_1774727845,"CẦN BÁN MAZDA2 LUXURY 2019 XE CỌP ĐI ÍT  Ưu đãi: ✅ Hỗ trợ vay ngân hàng 60% định giá.  ✅ Bao test hãng toàn quốc.  ✅ Bảo hành từ 3 - 6 tháng.  ✅ Tặng spa bảo dưỡng, khi giao xe.  ✅ Nhận trao đổi bù trừ xe khác.  ✅ Giao xe tận nơi toàn quốc.   🚩 Xem xe tại KĐT Vạn Phúc, Thủ Đức, TpHCM.   👉 TƯ VẤN NHIỆT TÌNH - HỖ TRỢ HẾT MÌNH !!!  ☎️ Vui lòng liên hệ số điện thoại bên dưới để được tư vấn chi tiết."
p10_s4_1774728029,CX-5,2.0 Premium,2019.0,655.0,63000.0,Tự động,Xăng,SUV / Cross over,Khác,Cam,True,5,car_p10_s4_1774728029,"MAZDA CX5  Xe mới về bản 2.0 Premium sản xuất 2019.  - Xe 1 chủ từ đầu. - Do 63.000km. - Xe trang bị bao gồm: Stat/Stop, Cửa nóc, điều hoà tự động, màn hình, camera lùi, cảm biến, tích hợp điều khiển vô lăng, phanh tay điện tử, Hud kính, kết nối ngoại vi, ghế điện, nhớ ghế, cốp điện, và nhiều tính năng khác….. Bao TEST Hãng, hoặc khách hàng chỉ định ✓ Đây là Mẫu Xe Lịch Lãm Siêu Bền Bỉ & Siêu Tiết Kiệm Không Đối Thủ - Kiểu Dáng Sang Trọng- Lịch Lãm - Hiện Đại . Trang bị “Ngập “ Option: - Cam kết xe nguyên bản. - Không đâm va hay ngập nước. - Giấy tờ thủ tục pháp lý rõ ràng. - Nếu phát hiện xe tai nạn bồi hoàn 100% giá trị xe. - Hỗ trợ trả góp lên đến 75% giá trị xe. - Hỗ trợ sang ttên di chuyển cho quý khách hàng ở xa. - Quý khách liên hệ trực tiếp để biết thêm chi tiết và trả giá."
p10_s15_1774728124,Mazda 2,Premium Sedan,2019.0,378.0,30000.0,Tự động,Xăng,Sedan,Thái Lan,Khác,True,5,car_p10_s15_1774728124,"Mazda 2 2019 nhập Thái Lan một chủ mua mới từ đầu đăng ký tháng 12/2019 đi đúng 30 ngàn km bảo dưỡng full lịch sử 4 vỏ theo xe, sơ cua chưa hạ giá bán xem xe còn thương lượng"
p12_s16_1774728485,Mazda 3,1.5L Sport Deluxe,2019.0,470.0,78000.0,Tự động,Xăng,Sedan,Việt Nam,Đỏ,False,5,car_p12_s16_1774728485,"🚗 Mazda 3 Luxury 2019 đỏ đô – bản full, nhìn là chốt 😍 👉 Không cần nói nhiều, ae nhìn hình là hiểu độ đẹp 👉 Màu đỏ – form hatchback: đi phố nổi bật, trẻ trung, bao ngầu 💰 Giá cực mềm trong phân khúc – xem xe là là chốt giá còn thương lượng ✔️ Bản Luxury – option đầy đủ, đi cực sướng ✔️ Nội thất da zin – sạch, giữ kỹ ✔️ Máy 1.5 Skyactiv – êm, tiết kiệm, cực lành ✔️ Phanh tay điện tử + Auto Hold – tiện khỏi bàn 🔰 Cam kết cho ae yên tâm chốt: ✅ Không đâm đụng – không ngập nước ✅ Máy số nguyên zin  ✅ Bao check thoải mái 📌 Giấy tờ chuẩn – sang tên trong ngày 💰 Giá cực mềm trong phân khúc – xem xe là là chốt giá còn thương lượng 🔥 Con này dành cho ae thích xe đẹp – nổi – option đủ 🔥 Nói thật: xe này không nằm lâu, ai nhanh người đó có 🏠 83–85 Nguyễn Hồng Ánh, Đà Nẵng"
p13_s8_1774728578,Mazda Other,Unknown,2019.0,599.0,50000.0,Tự động,Xăng,SUV / Cross over,Việt Nam,Đen,False,5,car_p13_s8_1774728578,"Chiếc Mazda CX 5 màu đen sản xuất năm 2019 này là lựa chọn tuyệt vời cho những ai đang tìm kiếm một chiếc xe gia đình rộng rãi và thoải mái. Xe có thiết kế mạnh mẽ, nội thất tiện nghi và khả năng vận hành ổn định.  ✨ Đặc điểm nổi bật:  * Ngoại thất màu đen sang trọng, lịch lãm, dễ dàng bảo dưỡng. * Nội thất rộng rãi với 2 chỗ ngồi, phù hợp cho gia đình nhỏ hoặc những người thường xuyên di chuyển một mình. * Động cơ mạnh mẽ, vận hành êm ái, tiết kiệm nhiên liệu. * Trang bị đầy đủ các tính năng an toàn như hệ thống chống bó cứng phanh ABS, hệ thống phân phối lực phanh điện tử EBD, hệ thống cân bằng điện tử DSC,... * Hệ thống giải trí hiện đại với màn hình cảm ứng, kết nối Bluetooth, USB,... * Xe được bảo dưỡng định kỳ, đảm bảo hoạt động tốt. * Phù hợp cho cả di chuyển trong thành phố và những chuyến đi xa. * Thiết kế khí động học giúp xe vận hành ổn định ở tốc độ cao. * Hệ thống điều hòa không khí hai vùng độc lập, mang lại sự thoải mái cho tất cả hành khách. * Cốp xe rộng rãi, chứa được nhiều đồ đạc, phù hợp cho những chuyến đi du lịch hoặc mua sắm.  Chiếc xe Mazda CX 5 này chắc chắn sẽ là người bạn đồng hành đáng tin cậy trên mọi nẻo đường."
p14_s8_1774759060,Mazda Other,Unknown,2019.0,599.0,50000.0,Tự động,Xăng,SUV / Cross over,Việt Nam,Đen,False,5,car_p14_s8_1774759060,"Chiếc Mazda CX 5 màu đen sản xuất năm 2019 này là lựa chọn tuyệt vời cho những ai đang tìm kiếm một chiếc xe gia đình rộng rãi và thoải mái. Xe có thiết kế mạnh mẽ, nội thất tiện nghi và khả năng vận hành ổn định.  ✨ Đặc điểm nổi bật:  * Ngoại thất màu đen sang trọng, lịch lãm, dễ dàng bảo dưỡng. * Nội thất rộng rãi với 2 chỗ ngồi, phù hợp cho gia đình nhỏ hoặc những người thường xuyên di chuyển một mình. * Động cơ mạnh mẽ, vận hành êm ái, tiết kiệm nhiên liệu. * Trang bị đầy đủ các tính năng an toàn như hệ thống chống bó cứng phanh ABS, hệ thống phân phối lực phanh điện tử EBD, hệ thống cân bằng điện tử DSC,... * Hệ thống giải trí hiện đại với màn hình cảm ứng, kết nối Bluetooth, USB,... * Xe được bảo dưỡng định kỳ, đảm bảo hoạt động tốt. * Phù hợp cho cả di chuyển trong thành phố và những chuyến đi xa. * Thiết kế khí động học giúp xe vận hành ổn định ở tốc độ cao. * Hệ thống điều hòa không khí hai vùng độc lập, mang lại sự thoải mái cho tất cả hành khách. * Cốp xe rộng rãi, chứa được nhiều đồ đạc, phù hợp cho những chuyến đi du lịch hoặc mua sắm.  Chiếc xe Mazda CX 5 này chắc chắn sẽ là người bạn đồng hành đáng tin cậy trên mọi nẻo đường."
p15_s13_1774759358,Mazda 3,1.5L Deluxe,2019.0,455.0,90000.0,Tự động,Xăng,Sedan,Việt Nam,Đỏ,True,5,car_p15_s13_1774759358,"Mazda3 2019 deluxe Form mới 2020 ODOL 90.000 km Xe nguyên rin từ đầu đến cuối  Xem xe : 84 Phạm Hùng, Hoà Xuân, Đà Nẵng"
p15_s18_1774759420,Mazda 3,Unknown,2019.0,456.0,94000.0,Tự động,Xăng,Sedan,Việt Nam,Trắng,True,5,car_p15_s18_1774759420,e cập bến mada3 sản xuất 2019 tư nhân 1 chủ từ mới xe chạy 9v4 fun hãng xe cam kết k đâm đụng k ngập nước máy số keo chỉ nguyên bản bao chekc hỗ trợ bank 70% giá trị xe liên hệ ***
p16_s17_1774759656,Mazda 3,Unknown,2019.0,465.0,50000.0,Tự động,Xăng,Hatchback,Việt Nam,Khác,False,5,car_p16_s17_1774759656,"Cần bán mazda3 sport đời 2019  odo 5v , máy số nguyên zin , không đâm đụng ngập nc bao check test  Giá : 4xx  xem xe tại gò vấp : ***"
p17_s0_1774759704,CX-5,2.0 AT,2019.0,610.0,61000.0,Tự động,Xăng,SUV / Cross over,Việt Nam,Xanh,True,5,car_p17_s0_1774759704,"Xe Mazda CX5 2.0 2019 một đời chủ, đi 61.000km. Không đâm đụng, không thuỷ kích.   ODO: 61.000km  Xe gia đình đi nên giữ rất kỹ. Xe bóng đẹp, da còn nguyên zin, không rách. Có trầy nhẹ chỗ phần vè nhựa và cửa bên trái.  Xe có gắn thêm: - Camera 360 của Thiên Minh. - AutoKit không dây, kết nối Apple Carplay và Android Auto không dây. - Camera hành trình Omni camera của Xiaomi, kết nối thông qua 3G. Có thể kiểm tra xe trong/ngoài thông qua 3G, app của Xiaomi. - Thảm lót toàn xe Blackliner."
p17_s6_1774759785,CX-5,2.0 AT,2019.0,590.0,8000.0,Tự động,Xăng,SUV / Cross over,Việt Nam,Đỏ,True,5,car_p17_s6_1774759785,"Bán 𝐌𝐚𝐳𝐝𝐚 𝐂𝐗𝟓 𝟐.𝟎 𝐀𝐓 𝐒𝐚̉𝐧 𝐱𝐮𝐚̂́𝐭 𝟐𝟎𝟏𝟗  👉 Xe Màu đỏ pha lê mới rất đẹp 👉 Một chủ từ đầu. Xe gia đình ít đi, giữ rất kĩ, đẹp hoàn hảo. Đã qua kiểm tra chất lượng, không đâm đụng thuỷ kích, bao test toàn quốc.  👉 Xe được bảo dưỡng thường xuyên, gầm máy số cực ngon. Bánh sơ cua và phụ kiện mới 100% chưa dùng. Đầy đủ 2 chìa khoá zin, đăng kiểm dài hạn. 👉 𝐅𝐮𝐥𝐥 𝐎𝐩𝐭𝐢𝐨𝐧: Smart Key, Đề Start/stop, cửa sổ trời, cốp điện, ghế chỉnh điện, phanh tay điện tử, màn hình zin, Bluetooth, camera lùi, điều hoà 2 vùng Auto, đèn Bi Led Auto, gạt mưa Auto, chế độ lái Sport, i-Stop, cân bằng điện tử, phanh ABS, nệm da, mâm phay,... và nhiều trang bị khác."
p18_s8_1774760024,Mazda Other,Luxury,2019.0,365.0,36000.0,Tự động,Xăng,Sedan,Thái Lan,Cam,False,5,car_p18_s8_1774760024,"⭐️ Sedan rộng rãi - tiết kiệm nhiên liệu - bảo dưỡng nhẹ nhàng. Em Hưng vê được em siêu lướt phục vụ cô chú anh chị em, giá chỉ ngang Kia morning, Hyundai I10...  🚘 MAZDA 2 SEDAN LUXURY 1.5AT SX 2019 ✨️ Nhập Thái Lan, Odo 36.000km chuẩn cực mới. ✨️ Bản cao cấp full option với ghế nội thất da pha da lộn, đề nổ start/stop, lẫy số thể thao, cruise control, đèn projector siêu sáng, camera và cảm biến lùi,... ✨️ Tiêu chuẩn khí thải Mức 5 vô tư vào Trung Tâm, tiết kiệm nhiên liệu chỉ 6-8l/100km.  💥 CAM KẾT: ⚡️Xe không tai nạn ngập nước, máy số zin nguyên bản. ⚡️Bao check test toàn quốc, bảo hành 3-6 tháng hoặc 5.000-10.000km ⚡️Bao rút hồ sơ gốc - Hỗ trợ sang tên toàn quốc.  💵 Giá: 3.6.5 triệu (Hỗ trợ trả góp) Đưa trước khoảng 180tr là có thể rước em.  🤝 Xem xe tại Quốc Lộ 13, Thủ Đức, TP.HCM 📞 Lh/zl: *** em Hưng  #Mazda2 #Mazda2luxury #Mazda2sedan #Sieuthiotothuduc #Sieuthiotohanoi389 #PhongQuanAuto #Muabanxeotocu #hotrotragop #thumuaxeotocu"
p18_s10_1774760049,Mazda 3,1.5L Luxury,2019.0,458.0,52000.0,Tự động,Xăng,Sedan,Nhật Bản,Cam,False,5,car_p18_s10_1774760049,"Bán Mazda 3 2019 1.5AT – Xe gia đình đi đẹp, đi giữ gìn Cần bán Mazda 3 1.5AT sản xuất 2019, xe cá nhân sử dụng kỹ, máy móc zin nguyên bản. Động cơ 1.5L tiết kiệm xăng, vận hành êm ái, hộp số tự động đi phố cực kỳ nhẹ nhàng ￼  Xe trang bị đầy đủ tiện nghi:  • Nội thất da, vô lăng bọc da  • Màn hình giải trí, kết nối đa phương tiện  • Start/Stop, điều hoà mát sâu  • Film cách nhiệt 3M crystalline,   Led trợ sáng, Apple Carplay  Dàn lốp MICHELIN 2026,   cảm biến áp suất lốp  • Camera lùi, Camera hành trình 70mai  Cam kết: ✔ Không đâm đụng – không thuỷ kích ✔ Máy số nguyên zin ✔ Giấy tờ đầy đủ, sang tên nhanh gọn  Xe phù hợp đi gia đình hoặc chạy dịch vụ đều ổn, form dáng thể thao, tiết kiệm nhiên liệu, chi phí nuôi xe thấp.  Giá: 458trieu– có thương lượng cho người thiện chí  Liên hệ: (***)"
p19_s2_1774760193,CX-5,AT,2019.0,618.0,79000.0,Tự động,Xăng,SUV / Cross over,Khác,Cam,True,5,car_p19_s2_1774760193,"#🚘MAZDA CX5 2019 5 chổ gầm cao rất đep  - Chất xe gia đình một chủ sử dụng rất đẹp, rin không lỗi, máy rin nguyên bản,,sơ cua chưa rớt,,🌹👍  - Nội thất ngoại thất còn rất mới,,đăng kiểm dài, đèn bi led, điều hòa tự động, cửa sổ trời, ghế tài chỉnh điện, cốp điện,, đã lên màn hình androi , cam 360,,   🏡 xem xe 503 Nguyễn Văn Cừ, Tp BMT, DakLak"
p19_s9_1774760280,Mazda 3,Unknown,2019.0,460.0,90000.0,Tự động,Xăng,Sedan,Việt Nam,Trắng,True,5,car_p19_s9_1774760280,👉 Hoàn kều chào bán  - Mazda 3 sx 2019 Dk 2020 . Tư nhân 1 chủ từ mới  - Xe đẹp xuất sắc chạy vài vạn km thôi ạ  - Dàn lốp mới thay chạy êm chắc .  👉 Bao check test mọi nơi  👉 Hỗ trợ ngân hàng 65% giá trị  Bác nào nhu cầu lh e nhé !
p19_s19_1774760394,Mazda 6,Mazda 6 2.5L Premium,2019.0,500.0,68000.0,Tự động,Xăng,Sedan,Khác,Cam,False,5,car_p19_s19_1774760394,"Mazda6 2019 2.5 Premium chạy chuẩn 6v8 xe còn rất mới . -Trang bị nhiều chức năng 2 ghế điện ,cửa sổ trời ,hatch kính .cảm biến quanh xe . -Cam kết máy số keo chỉ nguyên rin,pháp lý rỏ ràng . -bao ký rút hồ sơ toàn quốc. -anh chị ai có nhu cầu mua sử dụng xin liên hệ trực tiếp."
p20_s3_1774760449,BT-50,Unknown,2019.0,430.0,110000.0,Tự động,Dầu,Pick-up (bán tải),Khác,Trắng,False,5,car_p20_s3_1774760449,BT50 2 cầu 4x4 máy 3.2 2019 - 189hp - full ốp gầm kim loại + phuộc profender - 11v km
p20_s17_1774760595,Mazda 2,1.5 AT,2019.0,379.0,30000.0,Tự động,Xăng,Sedan,Thái Lan,Trắng,False,5,car_p20_s17_1774760595,"✅️✅️✅️ BỀN BỈ, TIẾT KIỆM, LÁI ÊM.  =========  Động cơ SkyActiv-G 1.5L Công suất 109 mã  Số tự động 6 cấp i-Stop tự động tắt máy khi dừng xe.  Tiêu hao nhiên liệu khoảng 5.5 L / 100 km (đường hỗn hợp). Mâm R16  Màn hình trung tâm 7 inch Hệ thống giải trí Mazda Connect Kết nối Bluetooth / USB / AUX Hệ thống âm thanh 6 loa Điều hòa tự động Chìa khóa thông minh Smart Key Khởi động Start/Stop Vô lăng bọc da tích hợp nút điều khiển Cruise Control. Lẫy chuyển số trên vô lăng   ABS – chống bó cứng phanh DSC – cân bằng điện tử Camera lùi Cảm biến lùi Túi khí an toàn.  ================  MAZDA2 NHẬP THÁI 2019  Odo 30.000 km  Nội Ngoại thất long lanh   Bao kiểm tra hãng, rút hồ sơ gốc.  Thủ tục hồ sơ rõ ràng nhanh gọn  Hỗn hợp trợ bank 50%"
p21_s6_1774760687,Mazda Other,Premium,2019.0,652.0,100000.0,Tự động,Xăng,SUV / Cross over,Việt Nam,Đỏ,False,7,car_p21_s6_1774760687,"Mazda CX-8, màu đỏ quyến rũ, sản xuất năm 2019 tại Việt Nam. Xe thuộc dòng SUV/Crossover, số tự động, phù hợp cho gia đình hoặc những ai yêu thích sự rộng rãi và tiện nghi. 🚘🚘 Xe dc bảo dưỡng hãng bao tes odo chuẩn cam kết xe zin nguyên bản ( có sơn dặm nhiều do trầy xước và xe có bảo hiểm thân vỏ) * 🚗 Xe sử dụng nhiên liệu xăng, vận hành êm ái và tiết kiệm. * ⚙️ Hộp số tự động giúp việc lái xe trở nên dễ dàng và thoải mái, đặc biệt trong điều kiện giao thông đô thị. * 🇻🇳 Xe được sản xuất trong nước, đảm bảo chất lượng và độ bền bỉ. * 📅 Đăng ký năm 2019, quãng đường đã đi là 100.000 km. * 👨‍👩‍👧‍👦 Thiết kế 7 chỗ ngồi, không gian nội thất rộng rãi, phù hợp cho những chuyến đi dài ngày cùng gia đình và bạn bè. * 🛡️ Mazda CX-8 là sự lựa chọn đáng cân nhắc trong phân khúc SUV 7 chỗ, mang đến trải nghiệm lái xe tuyệt vời và sự an tâm trên mọi hành trình. * 🎨 Màu đỏ nổi bật, thu hút mọi ánh nhìn, thể hiện cá tính và phong cách của chủ sở hữu. * 👍 Xe được bảo dưỡng định kỳ, đảm bảo hoạt động ổn định và bền bỉ. * 💯 Ngoại thất xe còn rất mới, nội thất được giữ gìn cẩn thận. * ✨ Mazda CX-8 là mẫu xe lý tưởng cho những ai đang tìm kiếm một chiếc SUV 7 chỗ rộng rãi, tiện nghi và đáng tin cậy."
p21_s8_1774760709,Mazda 2,Premium,2019.0,375.0,44000.0,Tự động,Xăng,Hatchback,Khác,Đỏ,True,5,car_p21_s8_1774760709,"💥💥𝐂𝐀̂̀𝐍 𝐁𝐀́𝐍 𝐌𝐀𝐙𝐃𝐀 𝟐 𝐏𝐑𝐄𝐌𝐈𝐔𝐌 𝟐𝟎𝟏𝟗  ✅Odo 44.000km ✅1 chủ từ đầu , Pháp lí rỏ ràng  ✅Bảo dưỡng hãng đầy đủ.  ✅Phụ kiện: phim cách nhiệt,cam hành trình, lót sàn .  Xe đẹp bao check test Giá còn thương lượng cho anh chị thiện chí mua xe nhanh chốt lẹ ạ .  Gọi e Trinh nha"
p22_s5_1774760902,Mazda 3,1.5L Sport Premium,2019.0,430.0,90000.0,Tự động,Xăng,Hatchback,Việt Nam,Cam,True,5,car_p22_s5_1774760902,"mazda 3 hatchback sport 2019  Xe chủ gốc đăk lăk một chủ Xe rin bao test hãng Cam kết không tua km Ghế chỉnh điện, cửa trời..."
p22_s14_1774761003,Mazda 2,Unknown,2019.0,379.0,43000.0,Tự động,Xăng,Hatchback,Khác,Trắng,True,5,car_p22_s14_1774761003,"Mazda 2 sx 2019 Xe chạy chuẩn 4,3v km siêu đẹp  1 chủ sử dụng từ mới 🔰 Động cơ, hộp số, khung giằng nguyên bản 💎Cam kết chất lượng xe"
p23_s7_1774761147,CX-8,Premium,2019.0,700.0,68000.0,Tự động,Xăng,SUV / Cross over,Việt Nam,Đỏ,True,7,car_p23_s7_1774761147,"Chính chủ bán xe mazda CX8 bản bản cao nhất. Một cầu. 12/2019. Xe gia đình chủ mua mới. Bao đâm đụng, ngập nước. Xe còn rất mới ít đi. LH chính chủ: ***. Giá 700tr"
p25_s10_1774763602,Mazda 6,Premium 2.0 AT,2019.0,558.0,33000.0,Tự động,Xăng,Sedan,Khác,Trắng,False,5,car_p25_s10_1774763602,"Mazda 6 2.0 Premium đời 2019 màu trắng, biển số 60A 61825.  - Odo 33.000 km nguyên bản.  - Thiết kế sang trọng, nội thất tiện nghi.  - Động cơ 2.0 mạnh mẽ, vận hành êm ái.  - Giá 558 triệu, bao rút hồ sơ."
p26_s11_1774763811,Mazda 6,2.0 Premium,2019.0,515.0,77000.0,Tự động,Xăng,Sedan,Khác,Khác,False,5,car_p26_s11_1774763811,"ngay chủ cần bán gấp mazda 6 , máy 2.0 bản cao cấp prenium, mâm 19 inch , loa bose , vui lòng gọi đt , không dùng tin nhắn. sản xuất 2019, chạy đúng 77ng KM , Xe không đâm đụng , máy chưa mở."
p28_s0_1774764058,CX-5,Premium,2019.0,589.0,60000.0,Tự động,Xăng,SUV,Khác,Đỏ,True,5,car_p28_s0_1774764058,"Mazda CX-5 màu đỏ, bản cao cấp Premium xe 5 chỗ, nội thất bọc da sang trọng. Xe sản xuất 2019, đăng ký lần đầu 2019, một đời chủ cho tới nay, ký trực tiếp chính chủ, chưa qua cửa hàng.  - Cam kết chưa bao giờ đâm đụng, bao test hãng.  - Trang bị Full đồ chơi, độ loa Sub cao cấp, nghe nhạc cực hay. - Xe không vay Bank, công chứng trong ngày."
p28_s11_1774764168,CX-5,2.5,2019.0,550.0,200000.0,Tự động,Xăng,SUV,Khác,Đen,True,5,car_p28_s11_1774764168,madaz cx5 đời 2019 bản 2.5 full xe đi đc 20 vạn. chính chủ.
p30_s12_1774764750,Mazda 3,2.0L Premium,2019.0,485.0,62000.0,Tự động,Xăng,Hatchback,Việt Nam,Cam,False,5,car_p30_s12_1774764750,"Xe Du Xuân Cho Các Bác Đây 😍😍😍 Mazda 2019 2.0 Sport đăng kí lần đầu tháng 11/2020 Chất xe đẹp kiểu dáng thể thao,Tiết Kiệm Nhiên Liệu - Loa hay như vũ trường -Trang bị nhiều option: 2 Khoá theo xe, đèn pha xoay theo vô lăng,ga tự động,cửa sổ trời,ghế điện,cam hành trình trước sau,mâm Lốp 18ing Cam kết máy số zin,xe không tai nạn,Ngập Nước Giá 4xy Hỗ trợ trả góp 70% giá trị xe  LH:***"
p32_s1_1774765085,CX-8,Premium,2019.0,745.0,49000.0,Tự động,Xăng,SUV / Cross over,Khác,Đỏ,False,5,car_p32_s1_1774765085,"Mazda CX-8 2.5 Premium 2019 (1 cầu) màu đỏ, thiết kế sang trọng, không gian rộng rãi.  - Odo: 49.000 km, xe giữ gìn cẩn thận.  - Trang bị đầy đủ tiện nghi.  - Giá 745 triệu."
p33_s0_1774765283,Mazda 3,Unknown,2019.0,420.0,100000.0,Tự động,Xăng,Sedan,Khác,Đen,False,5,car_p33_s0_1774765283,Mazda 3 - 2019 Đi 100.000km check thoải mái không đâm đụng thuỷ kích. Liên hệ trực tiếp giá mong muốn 420tr(có thương lượng)
p33_s12_1774765413,Mazda 2,Premium Sedan,2019.0,375.0,42110.0,Tự động,Xăng,Sedan,Việt Nam,Trắng,True,5,car_p33_s12_1774765413,"Mazda 2 sx2019 1 chủ từ mới, k lỗi nhỏ Cam kết gì cũng dc, cọc bnhiu online e cũng ok, mazda 2 chạy rất hay, hơn vios city về cảm giác lái, chia sẻ từ ng buôn nhiều xe và lái quá nhiều sedan hạng B Xe đi chuẩn 4v kilomet lốp theo xe"
p34_s5_1774765523,CX-5,2.0 AT,2019.0,580.0,55000.0,Tự động,Xăng,SUV / Cross over,Khác,Đỏ,True,5,car_p34_s5_1774765523,"CX5-2.0-2019 AT Màu đỏ Pha Lê Xe đi 5,5v , chính chủ , biển Hải Phòng Giá mong muốn 5xx"
p36_s0_1774765878,Mazda 3,Sport 1.5L Luxury,2019.0,475.0,50000.0,Tự động,Xăng,Hatchback,Việt Nam,Khác,False,5,car_p36_s0_1774765878,"Cần bán mazda3 sport đời 2019  odo 5v , máy số nguyên zin , không đâm đụng ngập nc bao check test Giá : 475tr xem xe tại gò vấp : ***"
p36_s13_1774766007,Mazda 2,Luxury,2019.0,365.0,73000.0,Tự động,Xăng,Sedan,Thái Lan,Cam,False,5,car_p36_s13_1774766007,"🔰 MAZDA 2 LUXURY 2019🔰 - - - - - - - - - - - - - - - - - - - - -  ✅ Odo: 73.000Km ✅ Trang bị sẵn phụ kiện: Film cách nhiệt, ghế da, màn hình..... - - - - - - - - - - - - - - - - - - - - - - Giá chào bán: 365 - Liên hệ: *** xem xe Cần Thơ ➖➖➖➖➖➖ ✅ Bảo Hành Chính Hãng 10.000Km/6 Tháng ✅ Bảo Đảm: xe đã được kiễm tra 167 hạng mục theo tiêu chuẩn Ford Assured ✅ Bảo Tín: Cam kết thu lại với giá cao nhất thị trường.  - - - - - - - - - - - - - - - - - - - - - 🏠: Lô 11C, Võ Nguyên Giáp, P.Hưng Phú, Thành Phố Cần Thơ."
p37_s2_1774766069,CX-8,Premium,2019.0,699.0,63000.0,Tự động,Xăng,SUV,Khác,Xám,False,7,car_p37_s2_1774766069,Mazda Premium AWA 2019 Odo 63.000 km Giá 699 triệu
p37_s12_1774766171,Mazda 3,2.0L Signature Premium,2019.0,550.0,52000.0,Tự động,Xăng,Sedan,Việt Nam,Đỏ,True,5,car_p37_s12_1774766171,"Chính chủ cần bán xe mazda 2.0 sản xuất 2019; lăn bánh 2020. Đã đi được 52.000km. Xe đã được trang bị phim cách nhiệt 3M, làm sàn, bọc lại vô lăng, trang trí đèn led bên trong xe. Xe vợ đi nên giữ gìn rất kỹ. Anh/Chị nào có nhu cầu lh e (sđt trê) để xem xe."
p38_s12_1774766379,BT-50,Unknown,2019.0,419.0,100373.0,Số sàn,Dầu,Bán tải,Khác,Trắng,False,5,car_p38_s12_1774766379,💫💫 cần bán xe Như hình giá 419tr . Đời cuối 2019 .  💫💫 Xe ở ngã 3tri an gần kCN sông may . Đồng nai . LH xem xe ***
p39_s3_1774766533,Mazda Other,Luxury 2.2L 4x2 AT,2019.0,468.0,32000.0,Tự động,Dầu,Pick-up (bán tải),Thái Lan,Cam,True,5,car_p39_s3_1774766533,Xe 1 chủ mua mới từ đầu xe còn rất đẹp cửa hàng cam kết xe không đâm đụng ngập nước máy móc nguyên zin chưa mở 5 lop theo xe xe cua chưa chạm đất đã lên màn hình loa súp mua về chỉ việc sử dụng giá cả còn thương lượng chút đỉnh xe mới chạy 32.000 cây như mới
p39_s9_1774766592,Mazda 3,Unknown,2019.0,420.0,80000.0,Tự động,Xăng,Sedan,Khác,Xanh,True,5,car_p39_s9_1774766592,"Mazda 3 sx 2019 bản full, cửa nóc ghế chỉnh điện Một chủ mua mới sử dụng từ đầu Chìa khoá đủ 2 chìa theo xe Ko lỗi máy số rin"
p39_s10_1774766602,Mazda 3,Sport 1.5L Deluxe,2019.0,445.0,68000.0,Tự động,Xăng,Hatchback,Việt Nam,Khác,True,5,car_p39_s10_1774766602,- cần bán matda3 đời 2019 bản 1.5 cực mới   - chất xe thật đẹp 1 chủ ko lỗi nhỏ   - giá thơm ae qua. Tâm lh
p40_s2_1774766711,Mazda 3,AT,2019.0,425.0,80000.0,Tự động,Xăng,Sedan,Việt Nam,Xanh,True,5,car_p40_s2_1774766711,Sx2019 một chủ sd từ đầu. Chìa khoá đủ 2 chìa. Sdt***
p40_s5_1774766744,Mazda 3,Sport 1.5L Luxury,2019.0,429.0,76000.0,Tự động,Xăng,Hatchback,Việt Nam,Khác,True,5,car_p40_s5_1774766744,Xe chính chủ  Mua mới từ đầu Xe máy móc keo chỉ zin Mua về chỉ sử dụng không cần làm thêm bất cứ gì  Có hổ trợ ngân hàng
p42_s1_1774767135,CX-5,2.5 Signature Premium 2WD,2019.0,658.0,88000.0,Tự động,Xăng,SUV / Cross over,Việt Nam,Khác,True,5,car_p42_s1_1774767135,"#CX5 2.5L premium model 2020 Biển HN 1 chủ đi từ mới Odo hơn 8v km zin keng Full LS bảo dưỡng hãng Sẵn xe và hồ sơ giao ngay Giá tk 6xy còn TL tiếp Ht bank , bao check Ship xe toang quốc  Xem xe tại Long Biên , HN Xin cảm ơn ❤️"
p43_s1_1774767341,Mazda Other,2.0 Luxury,2019.0,630.0,60000.0,Tự động,Xăng,SUV / Cross over,Việt Nam,Khác,False,5,car_p43_s1_1774767341,"Cx5 luxury 2019 fom mới 6.5 Chạy 5,8v km Xe siêu đẹp, bảo dưỡng định kỳ"
p43_s4_1774767375,Mazda 3,1.5L Luxury,2019.0,430.0,130000.0,Tự động,Xăng,Sedan,Khác,Xanh,False,5,car_p43_s4_1774767375,"🚗 BÁN NHANH MAZDA 3 2019 – MÀU XANH, XE ĐẸP  Xe gia đình sử dụng, nguyên bản 100%, không đâm đụng – không ngập nước. Máy móc êm ái, gầm bệ chắc chắn, nội ngoại thất còn rất đẹp. Bảo dưỡng định kỳ đầy đủ, mua về chỉ việc đi.  💰 Giá bán nhanh, mềm hơn thị trường 📞 Liên hệ: ***"
p43_s15_1774767462,BT-50,AT,2019.0,497.0,87000.0,Tự động,Dầu,Pick-up (bán tải),Khác,Đen,False,5,car_p43_s15_1774767462,"🚙 MAZDA BT-50 2 CẦU 4x4 2019 – MÁY DẦU – SỐ TỰ ĐỘNG 🔹 Màu: Xanh đen cá tính, mạnh mẽ 🔹 Odo: 87.000 km 💰 Giá bán: 497 triệu ( trước điều chỉnh 515 triệu) ✨ TÌNH TRẠNG XE: ✅ Xe gia đình sử dụng – Giữ gìn kỹ lưỡng ✅ Máy móc, hộp số nguyên bản – Vận hành êm ái ✅ Không đâm đụng – Không ngập nước ✅ Gầm bệ chắc chắn – Sẵn chạy 🛠 TRANG BỊ NỔI BẬT: • Động cơ diesel mạnh mẽ, bền bỉ – tiết kiệm nhiên liệu• Hệ dẫn động 2 cầu 4x4 – đi công trình, offroad tốt • Hộp số tự động mượt mà• Ghế da, điều hòa mát sâu • Màn hình giải trí, camera lùi• Hệ thống an toàn: ABS, EBD, cân bằng điện tử • Mâm đúc thể thao, gương kính chỉnh điện🌟 ƯU ĐIỂM: ✔ Bán tải 2 cầu khỏe – đa dụng công việc & gia đình ✔ Máy dầu bền bỉ – chi phí vận hành thấp ✔ Giá hợp lý trong phân khúc bán tải 4x4 🎯 CAM KẾT: ✔ Không tai nạn ✔ Bao test hãng toàn quốc ✔ Hỗ trợ sang tên nhanh – vay ngân hàng đến 70% 📍 Địa chỉ: Gò Vấp, TP.HCM 📞 ***"
p43_s17_1774767485,CX-5,2.5L AT AWD,2019.0,650.0,80000.0,Tự động,Xăng,SUV / Cross over,Việt Nam,Khác,True,5,car_p43_s17_1774767485,Bán CX5 MODE 2018 ĐĂNG KÝ 2019 - BẢN 2.5 - 2 CẦU FULL KỊCH - ĐÃ LÊN MÀN HÌNH DÀI ĐẸP - ĐÈN BI CẦU- MÂM CỦA MAXDA6 THÁO XE FORM MỚI RẤT ĐẸP - XE MỚI ĐẸP ZIN KIỂM TRA THOẢI MÁI - GIÁ BÁN 650 TRIỆU BIỂN SỐ SG CHÍNH CHỦ MÌNH ĐỨNG TÊN - MUA BÁN UỶ QUYỀN HAY SANG TÊN ĐỀU OK MÌNH Ở QUẬN 8
p47_s7_1774768314,Mazda 3,Sport 1.5L Luxury,2019.0,455.0,65258.0,Tự động,Xăng,Hatchback,Việt Nam,Khác,True,5,car_p47_s7_1774768314,"Bán nhanh xe Mazda 3 2019 mẫu mới sport full cao cấp 1 chủ cực đẹp zin, xe 1 chủ cực chất nguyên zin như hãng , keo chỉ máy số zin  Dòng xe 5 chỗ cao cấp sang trọng cho mọi gia đình, Full chức năng , bảo dưỡng tốt nên gầm máy số đi cực kỳ êm sướng nhẹ bốc như mới Giá dân sử dụng như lái buôn ưu tiên bà con sử dụng Có trao đổi các loại xe khác  Hồ sơ cầm tay nhập tên chính chủ ngay nhanh gọn  Ai cần alô trực tiếp không nhắn tin  Bao tét hãng thợ thầy các kiểu Giấy tờ chính chủ ký giao dịch ngay"
p47_s15_1774768406,Mazda 3,1.5L Sport Premium,2019.0,485.0,26000.0,Tự động,Xăng,Hatchback,Việt Nam,Đỏ,True,5,car_p47_s15_1774768406,"*** Mazda 3 1.5L FL Hatchback 2019 *** + Động cơ xăng 1.5L, Phiên bản Sport Premium Hatchback + Sản xuất 2019, Màu đỏ Pha Lê. + Xe cá nhân đứng tên, 1 Chủ từ đầu, Biển TP.HCM + Odo: 26.000km ( Sai tặng xe) + Giá: 485.000.000 ( Bớt lộc khi khách hàng đến xem xe trực tiếp). + Option: Film cách nhiệt cao cấp, Lót sàn, Màn hình cảm ứng - Camera de - Camera hành trình, Cửa sổ trời, Nút đề Startop Chìa khóa thông minh,....... + Thủ tục sang tên đổi chủ nhanh gọn. + Hỗ trợ trả góp lên đến 70% giá trị xe. + Cam kết: KHÔNG ĐÂM ĐỤNG – KHÔNG NGẬP NƯỚC – ODO ZIN ----------------------------------------------------------- +++ AUTO PHÚ MỸ HƯNG 419 Đào Trí, Phường Phú Thuận, Quận 7, TP.HCM"
p48_s5_1774768540,Mazda Other,2.0 AT,2019.0,599.0,50000.0,Tự động,Xăng,SUV / Cross over,Việt Nam,Khác,False,5,car_p48_s5_1774768540,"CX5 2.0 2019 form mới xăng số tự động , trên 5 vạn zin, 599trđ.  Lh: *** trao đổi kĩ thông tin và xem xe tại 1197 Giải phóng - Hoàng Mai - Hà Nội  #CX5 #mazda"
p49_s0_1774768742,Mazda 3,1.5L Luxury,2019.0,430.0,150000.0,Tự động,Xăng,Sedan,Khác,Đen,True,5,car_p49_s0_1774768742,"Mazda 3 2019 màu xanh đen, xe 5 chỗ, động cơ xăng, số tự động.   - Thiết kế hiện đại, nội thất tiện nghi.   - Vận hành êm ái, tiết kiệm nhiên liệu.   - Xe 1 chủ từ khi mua, xem xe tại đình thôn Cam kết ko va đụng , chỉ xước sơn hàng năm sơn lại . Ko tual km ."
p49_s19_1774768951,Mazda 3,1.5L Premium,2019.0,448.0,100000.0,Tự động,Xăng,Sedan,Khác,Đỏ,True,5,car_p49_s19_1774768951,"Mazda 3 2019 1.5AT chạy 10 vạn km một chủ sử dụng từ mới. Bảo dưỡng full tại hãng. Xe không đâm, không ngập"
p50_s17_1774769166,Mazda Other,Premium 3.2L 4x4 AT,2019.0,500.0,95000.0,Tự động,Dầu,Pick-up (bán tải),Thái Lan,Khác,False,5,car_p50_s17_1774769166,"Full lịch sử bảo dưỡng hãng , 4 vỏ mới thay mới"
p1_s6_1774726206,CX-5,2.5 Signature Premium 2WD,2020.0,665.0,69000.0,Tự động,Xăng,SUV / Cross over,Việt Nam,Xanh,True,5,car_p1_s6_1774726206,"Hoàng Thanh auto chào bán xe: Mazda CX5 2.5 premium 2020 màu xanh cavansine rất đẹp, xe tên cá nhân 1 chủ, bảo dưỡng đều thường xuyên nên còn rất chất, Bản 2.5 nên đi khoẻ và thoát xe hơn bản 2.0 nhiều mà nhiên liệu tiêu hao cũng không nhiều hơn bao nhiêu"
p2_s5_1774726424,Mazda 3,1.5L Luxury,2020.0,475.0,70000.0,Tự động,Xăng,Sedan,Việt Nam,Trắng,False,5,car_p2_s5_1774726424,"cần bán Mazda 3 1.5 , sản xuất 2022 mầu trắng Xe đăng kí tên tư nhân , odo 7 vạn Km. Xe trang bị gồm: Start/Stop, màn hình, camera lùi, cảm biến, vô lăng tích hợp, điều hòa tự động, túi khí, gương gập điện, ghế điện, phanh tay điện tử, Bluetooth, USB/Ipod, CD/Radio, ABS, EBD... - Cam kết xe nguyên bản không đâm đụng, ngập nước. - Hỗ trợ mọi thủ tục vay vốn, sang tên, lãi suất ưu đãi. ae có nhu cầu alo em   xem xe tại Hạc Thành , Thanh Hoá ."
p3_s16_1774726792,CX-5,2.0 Premium,2020.0,630.0,80000.0,Tự động,Xăng,SUV / Cross over,Khác,Đỏ,True,5,car_p3_s16_1774726792,"Cần bán Mazda CX5 2.0 Premium 2020 màu đỏ. Xe 1 chủ. Gia đình sử dụng được 80 ngàn km. Cam đoan xe không đâm đụng, không ngập nước. Động cơ và nội thất nguyên zin. Bản cao cấp với nhiều hệ thống hiện đại. Sunproof, ghế chỉnh điện nhớ vị trí, HUD, cruise control, cảm biến lệch làn, hệ thống loa Bose... chìa khoá Remote (đủ 2 chìa). Hỗ trợ trả góp qua ngân hàng."
p4_s11_1774726929,Mazda 3,1.5L Deluxe,2020.0,479.0,22000.0,Tự động,Xăng,Sedan,Việt Nam,Khác,True,5,car_p4_s11_1774726929,"Em Cần Bán Mazda 3 2020 1.5AT Biển SG Cọp 22.000km 1 Chủ  ❎ 𝐂𝐚𝐦 𝐤𝐞̂́𝐭 𝐁𝐀̆̀𝐍𝐆 𝐕𝐀̆𝐍 𝐁𝐀̉𝐍 : 𝐱𝐞 𝐤𝐡𝐨̂𝐧𝐠 đ𝐚̂𝐦 đ𝐮̣𝐧𝐠, 𝐤𝐡𝐨̂𝐧𝐠 𝐧𝐠𝐚̣̂𝐩 𝐧𝐮̛𝐨̛́𝐜 ✅ 𝐆𝐢𝐚̂́𝐲 𝐭𝐨̛̀ 𝐧𝐠𝐮𝐨̂̀𝐧 𝐠𝐨̂́𝐜 𝐫𝐨̃ 𝐫𝐚̀𝐧𝐠, 𝐡𝐨̛̣𝐩 𝐥𝐞̣̂ ✅ 𝐁𝐚𝐨 𝐜𝐡𝐞𝐜𝐤 𝐡𝐚̃𝐧𝐠 𝐭𝐨𝐚̀𝐧 𝐪𝐮𝐨̂́𝐜 ✅ 𝐁𝐚̉𝐨 𝐡𝐚̀𝐧𝐡 𝟏 𝐧𝐚̆𝐦 𝐡𝐨𝐚̣̆𝐜 𝟏𝟎.𝟎𝟎𝟎𝐤𝐦 ✅ 𝐇𝐨̂̃ 𝐭𝐫𝐨̛̣ 𝐯𝐚̣̂𝐧 𝐜𝐡𝐮𝐲𝐞̂̉𝐧 𝐭𝐚̣̂𝐧 𝐧𝐡𝐚̀ ✅ 𝐇𝐨̂̉ 𝐭𝐫𝐨̛̣ 𝐁𝐚𝐧𝐤 𝐡𝐨𝐚̣̆𝐜 𝐆𝐨́𝐩 𝐭𝐚̣𝐢 𝐜𝐮̛̉𝐚 𝐡𝐚̀𝐧𝐠 ✅ 𝐓𝐡𝐮̉ 𝐭𝐮̣𝐜 𝐧𝐡𝐚𝐧𝐡 𝐠𝐨̣𝐧, 𝐧𝐡𝐚̣̂𝐧 𝐱𝐞 𝐭𝐮̛́𝐜 𝐭𝐡𝐢̀"
p4_s16_1774726986,CX-5,Luxury,2020.0,645.0,70000.0,Tự động,Xăng,SUV,Khác,Khác,False,5,car_p4_s16_1774726986,"Cx5 2020 luxury xe di 70k 4 vỏ theo xe  Bão dưỡnh full , không lỗi lầm"
p5_s3_1774727061,Mazda 6,Luxury 2.0 AT,2020.0,486.0,78000.0,Tự động,Xăng,Sedan,Việt Nam,Đỏ,False,5,car_p5_s3_1774727061,"Bán nhanh Mazda 6 Luxury model 2020 đỏ cực đẹp, lên nhiều đồ chơi Xe gia đình sử dụng, mua mới từ hãng, odo 78.000 Km, máy móc gầm bệ đi cực êm, ga đạp cực vọt, option nhớ ghế, chế độ lái sport, vô lăng tích hợp đa chức năng, cửa sổ trời, điều hòa auto.... Đã lên thêm màn hình android sịn kết nối apple car play không dây, loa sub bánh sơ cua, cách âm, cách nhiệt..... Giá bán : 486 triệu"
p5_s10_1774727136,Mazda 2,Premium AWD,2020.0,748.0,59000.0,Tự động,Xăng,SUV / Cross over,Việt Nam,Cam,True,7,car_p5_s10_1774727136,"🔥 Mazda CX8 Premium 2 Cầu – Bản Cao Nhất 🔥 Cần bán Mazda CX8 Premium AWD (2 cầu) – xe gia đình sử dụng kỹ, còn rất mới. ✅ Xe lướt 59.000 km ✅ Một chủ mua mới từ đầu ✅ Sơn zin 90% ✅ Máy số zin nguyên bản ✅ Nội thất còn mới tinh, giữ gìn kỹ ✅ Phiên bản Premium – bản cao nhất của dòng CX8 ✅ Trang bị 2 cầu AWD chạy cực đầm và an toàn 🔒 Cam kết xe không cấn đụng, không ngập nước 🔍 Bao check hãng hoặc test thoải mái cho anh em yên tâm 🤝 Còn thương lượng cho anh em thiện chí mua nhanh 🏦 Hỗ trợ vay ngân hàng nhanh gọn"
p6_s4_1774727276,Mazda Other,Premium,2020.0,745.0,75000.0,Tự động,Xăng,SUV / Cross over,Việt Nam,Cam,False,7,car_p6_s4_1774727276,"MAZDA CX8 2020 PREMIUM AWD – FULL OPTION – GIÁ CHỈ 745 TRIỆU 🚗 🔥 Dòng SUV 7 chỗ sang trọng – rộng rãi – vận hành êm ái, cực kỳ phù hợp cho gia đình & đi công việc! ✨ Thông tin chi tiết: 🚘 Mazda CX8 2020 Premium bản cao cấp nhất 🔄 Dẫn động 2 cầu AWD – chạy cực đầm, an toàn mọi cung đường ⛽ Động cơ mạnh mẽ, tiết kiệm nhiên liệu 👤 Xe gia đình sử dụng, giữ gìn kỹ ✨ Trang bị nổi bật: Nội thất da cao cấp, ghế chỉnh điện + nhớ ghế Cửa sổ trời, cốp điện thông minh Màn hình giải trí lớn, âm thanh chất lượng Camera 360, cảm biến trước sau Gói an toàn i-Activsense: cảnh báo điểm mù, giữ làn, phanh tự động… 💯 Cam kết: Không tai nạn – không ngập nước Máy móc, hộp số zin nguyên bản Bao test hãng hoặc gara thoải mái 💰 Giá bán: 745 triệu (còn thương lượng nhẹ) 🏦 Hỗ trợ trả góp ngân hàng nhanh gọn 📍 Xem xe trực tiếp – ưng là chốt ngay"
p6_s17_1774727422,Mazda 2,Luxury,2020.0,388.89,70000.0,Tự động,Xăng,Hatchback,Việt Nam,Đỏ,True,5,car_p6_s17_1774727422,"Mazda2 2020 luxury  1 chủ gốc hn phố cam kết k đâm đụng tai nạn, không ngập nước, máy số zin nguyên bản như sản xuất Giá 388 tr thương lượng khi xem xe alo em xem xe ***"
p7_s3_1774727480,CX-5,2.0 Premium,2020.0,660.0,50000.0,Tự động,Xăng,SUV / Cross over,Việt Nam,Đỏ,False,5,car_p7_s3_1774727480,"Mazda Cx5 - 2.0 Premium sx 2020 - Odo 5 vạn km zin, nội thất nguyên bản đẹp căng, gầm bệ đi chắc nịch, lốp theo xe cả dàn, sơ cua chưa hạ. - Xe bán có bảo hành, có cam kết chất lượng bằng văn bản, check test thoải mái. Giá 665 tr Lh: *** Đc: Nghĩa Đô, Hà Nộ"
p7_s17_1774727631,Mazda Other,Deluxe,2020.0,679.0,60000.0,Tự động,Xăng,SUV / Cross over,Việt Nam,Đen,False,7,car_p7_s17_1774727631,"🌸 𝐌𝐚𝐳𝐝𝐚 𝐂𝐗-𝟖 𝟐.𝟓𝐀𝐓 𝐌𝐨𝐝𝐞𝐥 𝟐𝟎𝟐𝟏 𝐒𝐢𝐞̂𝐮 Đ𝐞̣𝐩 🌸  🫐 Xe màu Đen / Nội thất Đen 🗓️ Sản xuất :2020 ⏱️ ODO: 6v km Full Ls Hãng  ⚙️ Xe trang bị: Động cơ Skyactiv-G 2.5L, Hộp số tự động 6 cấp, Hệ thống đèn full LED, Mâm hợp kim 19 inch, Ghế chỉnh điện bọc da cao cấp, Điều hoà 3 vùng độc lập, Màn hình 7 inch kết nối Apple Carplay và Android Auto, 6 Loa, Cốp điện, 6 túi khí, Camera sau,….  ⚙️ Trang bị thêm: Film cách nhiệt, Camera 360, Cam hành trình, HUD kính lái, Cốp điện, thảm lót sàn,…  🌸 Giá chào: 679 Triệu  ✨ 𝐂𝐚𝐦 𝐤𝐞̂́𝐭 bằng văn bản 📝  ⚠️Không đâm đụng  🌊Không ngập nước  ⏱️Không tua km   ✅ Động Cơ, Hộp Số nguyên bản  ✅ Bảo hành 3 tháng hoặc 5.000km  ✅ Test hãng toàn quốc, Giao xe tận nơi.  🏦 𝐇𝐨̂̃ 𝐭𝐫𝐨̛̣ 𝐯𝐚𝐲 𝐧𝐠𝐚̂𝐧 𝐡𝐚̀𝐧𝐠 𝐭𝐨̂́𝐢 đ𝐚 𝟔𝟎-𝟕𝟎% 𝐯𝐨̛́𝐢 𝐥𝐚̃𝐢 𝐬𝐮𝐚̂́𝐭 𝐭𝐨̂́𝐭 𝐧𝐡𝐚̂́𝐭  📲Liên hệ ngay để nhận thêm thông tin và thật nhiều ưu đãi nhé!"
p8_s10_1774727751,CX-5,2.0L AT Premium,2020.0,685.0,35000.0,Tự động,Xăng,SUV / Cross over,Việt Nam,Khác,False,5,car_p8_s10_1774727751,Lên cho AE siêu phẩm hiếm có khó tìm MADAZ CX5 2.0 PREMIUM T10/2020 đi đúng 35 nghìn Km Full LS Hãng sơn Zjn cả xe. Nội thất thơm phức mùi mới xe toàn để trong Hầm . Đời này mà xe nó mới như đời 2025 luôn AE ahhh. E nó là hàng Động Vật Quí Hiếm rồi. Lên AE tiêu dùng thông thái mua e này về đi thì quá là Yên Tâm luôn nhé…AE quan tâm liên hệ sớm để sở hữu e Hoa Hậu 102 này nhé. Thank
p8_s12_1774727768,CX-5,2.0L AT Premium,2020.0,669.0,68000.0,Tự động,Xăng,SUV / Cross over,Việt Nam,Cam,True,5,car_p8_s12_1774727768,"Chính chủ nâng đời cần Pass lại MADAZ CX5 2.0 Premium full kịch đồ + gói độ 20tr kín 🧸đồ chơi… Chìa khoá thông mình khởi động Startop, phanh tay điện tử, túi khí quanh xe, volang tích hợp đủ thứ, cruicontroll ga tự động, cảnh bảo va chạm, cốp điện, màn hình Androi Camera 360 độ, cam hành trình các kiểu … AE quan tâm liên hệ( xe chưa hề bị va chạm v thuỷ kích máy số zjn AE yên tâm sử dụng nhé)"
p10_s13_1774728109,Mazda 6,2.0L Luxury,2020.0,565.0,8000.0,Tự động,Xăng,Sedan,Khác,Cam,False,5,car_p10_s13_1774728109,Gia đình cần bán Mazda 6 2.0 Luxury sx 2020 model 2021 8v km. Cam kết Không đâm đụng ngập nước máy số nguyên bản xe sx 12/2020
p10_s18_1774728149,CX-8,Premium AWD,2020.0,750.0,50000.0,Tự động,Xăng,SUV / Cross over,Khác,Đỏ,True,7,car_p10_s18_1774728149,"*🚗 Mazda CX8 bản premium AWD SX:2020 1 chủ *. Odo 50000km full lịch sử bảo dưỡng *. Cam kết xe k đâm xô,ngập nước *. Động cơ và họp số rin 100% ** Bảo hành cửa hàng động cơ và họp số 10000km/6tháng ** Hổ trợ bank 60%_nhận đổi xe bù trừ *🕹️ Xem xe 390 Nguyễn hữu thọ Đà Nẵng"
p11_s0_1774728175,CX-5,2.0 Premium,2020.0,698.0,60000.0,Tự động,Xăng,SUV / Cross over,Việt Nam,Trắng,True,5,car_p11_s0_1774728175,"Ít sử dụng nên gia đình mình cần bán xe Mazda Cx5 Premium Full Option màu trắng bản cao cấp nhất đăng ký T1/2021 biển Hà Nội 30G mới đi được hơn 6v km, 4lop nguyên bản từ đầu, lốp sơ cua zin 100%,đăng kiểm đến tận năm 2028, các bạn qua xem sẽ thấy nhà mình giữ gìn thế nào. Mình đã lên một số đồ chơi hết gần 20tr : Lắp thêm cảm biến áp suất lốp loại *** trong hãng, lên mặt calang của mustang , phanh khoảng cách, lót sàn xịn nhất loại 6D..vv... Xe rất mới đầy đủ lịch sử bảo dưỡng trong hãng nên các bạn có thể test thoải mái, nay mình bán giá rất hợp lý 698tr . *Có thương lượng nhiệt tình cho bạn nào mua về sử dụng * Ko nhắn tin."
p11_s4_1774728212,Mazda 3,1.5L Luxury,2020.0,485.0,80000.0,Tự động,Xăng,Sedan,Việt Nam,Đỏ,False,5,car_p11_s4_1774728212,"Mazda 3 Luxury 2020 Đỏ Phale Rất Đẹp 🍒  Xe Odo 8v Chuẩn  Lốp Mic Mới Thay Cả Dàn / Sơ cua chưa Hạ  Xe Nguyên Rin  Gốc 47 Đẹp K Lỗi ( Bao Ckek Mọi Nơi )  Bản Luxury Trang Bị Nhiều Option Như Ghế Da , Ghế chỉnh điện , Nhớ ghế 2 vị trí , Đèn Auto ful led , Cảm Biến An toàn ....   Giá Em Bán Chỉ 485 T Hỗ Trợ Bank 60% Hoặc Trao Đổi Các Loại Xe Lh E Tín ***"
p13_s14_1774728632,CX-8,Premium,2020.0,798.0,45000.0,Tự động,Xăng,SUV / Cross over,Khác,Khác,False,7,car_p13_s14_1774728632,"Mazda CX-8 2.5 Premium 2020 (1 Cầu) biển số 93A 22501.  - Odo 45.000 km nguyên bản.  - Xe gầm cao, rộng rãi, phù hợp gia đình.  - Giá 798 triệu."
p13_s18_1774728665,CX-5,2.0L Premium,2020.0,665.0,50000.0,Tự động,Xăng,SUV / Cross over,Việt Nam,Đỏ,False,5,car_p13_s18_1774728665,"Em Cần Bán Mazda Cx5 2020 2.0Premium Đỏ pha lê , xe đẹp không lỗi , chạy 5 vạn km zin , bảo dưỡng full hãng , lốp theo xe cả dàn , sơ cua chưa hạ , nội thất zin đẹp , gầm bệ mới tinh , cá nhân sử dụng cẩn thận cực chất , xe nguyên zin nguyên bản như hãng Bản đủ option - 2 ghế điện nhớ ghế - cảnh báo vượt - cửa nóc - loa Bose - cốp điện - cảm biến quanh xe - đèn full led - phanh tay điện tử - màn hình cam lùi ...vv - Xe bán cam kết bằng văn bản - máy móc nguyên bản - không tai nạn - không ngập nước - Khung gầm nguyên bản - kilomet zin không tua Bao check test hãng hoặc gara toàn quốc - Xe bán có hỗ trợ trả góp tối đa - Xe bán có hỗ trợ rút hồ sơ gốc - Xe bán có nhận đổi các xe cũ giá cao Anh em quan tâm liên hệ Hotline - Kiên Xe Tốt  Đc : 2 Nghĩa Tân - Cầu Giấy - Hà Nội"
p14_s1_1774758981,Mazda 3,1.5L Luxury,2020.0,610.0,20000.0,Tự động,Xăng,Sedan,Việt Nam,Cam,False,5,car_p14_s1_1774758981,"Mazda -3 sx 2024 zin 💯💯 Chuẩn 2 vạn  Giá yêu hợp lý a chị về dùng  Giải trí Android đầy đủ , cam 360 quanh xe  E có nhận trao đổi bù trừ cao thấp v.v..v. Các loại xe oto , xe tải , vv.v.. Xe bán tải các loại .v.v.v A chi có gần ghé e xem xe ạ  E gần ngã 4 chơn thành Bình Phước nhé  sdt e  ạ ☎☎📱📱"
p14_s14_1774759132,CX-8,Premium,2020.0,798.0,45000.0,Tự động,Xăng,SUV / Cross over,Khác,Khác,False,7,car_p14_s14_1774759132,"Mazda CX-8 2.5 Premium 2020 (1 Cầu) biển số 93A 22501.  - Odo 45.000 km nguyên bản.  - Xe gầm cao, rộng rãi, phù hợp gia đình.  - Giá 798 triệu."
p15_s9_1774759306,Mazda 3,1.5L Deluxe,2020.0,480.0,70000.0,Tự động,Xăng,Sedan,Khác,Khác,True,5,car_p15_s9_1774759306,"🚗 Mazda 3 1.5AT – Form mới, đẹp xuất sắc, sẵn đi ngay!  💎 Thông tin chi tiết:  • Model: Mazda 3 1.5 AT  • Sản xuất: 2020 – Đăng ký: 2021  • Tên tư nhân 1 chủ Hà Nội  • Odo: 7 vạn km chuẩn zin  • Bảo dưỡng full hãng, lịch sử rõ ràng   ✨ Trang bị & tình trạng:  • Nội thất ghế da xịn, sạch đẹp  • Đã lên cảm biến trước sau  • Lốp Michelin mới cả dàn  • Máy móc – khung gầm zin, đi cực êm  • Đăng kiểm dài tới 2028  🔥 Ưu điểm nổi bật:  • Sedan hạng C form đẹp, lái sướng, tiết kiệm xăng  • Xe gia đình giữ gìn, không lỗi nhỏ  • Mua về chỉ việc đổ xăng chạy   Giá : 480tr _________________________________ 📍 Xe xem tại Hà Nội 📞 Liên hệ ngay để xem xe và thương lượng giá tốt!"
p15_s10_1774759319,Mazda 3,1.5L Luxury,2020.0,496.0,90000.0,Tự động,Xăng,Sedan,Việt Nam,Trắng,False,5,car_p15_s10_1774759319,"Chiếc Mazda 3 màu trắng, sản xuất năm 2020, là một lựa chọn tuyệt vời cho những ai đang tìm kiếm một chiếc Sedan phong cách và tiết kiệm nhiên liệu. Xe được sản xuất tại Việt Nam, đảm bảo chất lượng và phù hợp với điều kiện đường xá trong nước.  ✨Thông tin chi tiết:  * 🚗 Thương hiệu: Mazda, một thương hiệu xe hơi nổi tiếng với thiết kế KODO và công nghệ SkyActiv. * ⚪ Màu sắc: Trắng, mang đến vẻ ngoài thanh lịch, hiện đại và dễ dàng bảo quản. * 🚘 Dòng xe: 3, mẫu Sedan được ưa chuộng nhờ thiết kế thể thao và khả năng vận hành linh hoạt. * 🌍 Xuất xứ: Việt Nam, đảm bảo phụ tùng dễ dàng thay thế và bảo dưỡng. * 💺 Số chỗ ngồi: 2 chỗ, phù hợp cho những người độc thân hoặc cặp đôi. * 🚗 Loại xe: Sedan, mang lại sự thoải mái và trải nghiệm lái xe êm ái. * ⛽ Nhiên liệu: Xăng, dễ dàng tìm kiếm và sử dụng ở khắp mọi nơi. * ⚙️ Hộp số: Tự động, giúp việc lái xe trở nên dễ dàng và thoải mái hơn, đặc biệt trong điều kiện giao thông đô thị. * 📅 Năm sản xuất: 2020, xe còn khá mới và được trang bị nhiều công nghệ hiện đại. * 🛣️ Số Odo: 90000 km, cho thấy xe đã được sử dụng nhưng vẫn còn trong tình trạng hoạt động tốt. * 🔢 Phiên bản: 646673.  Chiếc Mazda 3 này hứa hẹn mang đến trải nghiệm lái xe thú vị và đáng tin cậy. Xe được thiết kế với nhiều tính năng an toàn và tiện nghi, đảm bảo sự thoải mái và an toàn cho mọi hành trình. Đây là cơ hội tuyệt vời để sở hữu một chiếc Sedan chất lượng. Xe phù hợp cho cả việc di chuyển hàng ngày trong thành phố lẫn những chuyến đi xa. Mazda 3 là một trong những dòng xe sedan hạng C được yêu thích tại thị trường Việt Nam nhờ thiết kế đẹp mắt"
p16_s10_1774759572,Mazda 3,Sedan 1.5L Luxury,2020.0,485.0,82000.0,Tự động,Xăng,Sedan,Khác,Trắng,False,5,car_p16_s10_1774759572,"Cần bán matdaz 3 bản 1.5L sx 2020 Lucxyry tư nhán sd xe đẹp ,ful đồ cam kết máy móc nguyên bản ,ko đâm dfungj ko thuỷ kích ko ngập nươc ,có hỗ trợ vay banks lên tới 70% giá trị của xe. Khung gầm đi đầm chắc lịch"
p17_s13_1774759865,Mazda 3,1.5L Deluxe,2020.0,475.0,63000.0,Tự động,Xăng,Sedan,Việt Nam,Cam,False,5,car_p17_s13_1774759865,"_ Ông Hoàng phân khúc C 𝐌𝐚𝐳𝐝𝐚 𝟑 𝟐𝟎𝟐𝟎 𝐃𝐞𝐥𝐮𝐱𝐞 . Xe lăn bánh chuẩn 6,3 vạn . Nội - ngoại thất còn nguyên rin nguyên bản 100% theo xe . Thanh toán 170 triệu nhận xe . Thời hạn vay 5 năm . Lãi suất 9,5%|năm . Gốc 5 triệu . Lãi 2tr375k . Tháng góp 7tr375k . 🍀 Option : Thiết kế theo ngôn ngữ Kodo bền đẹp theo thời gian . Động cơ Skyactive thế hệ mới bền bỉ - tiết kiệm nhiên liệu *** phân khúc , hệ thống chiếu sáng full led tự động bật tắt , chìa khoá thông minh , khởi động xe banhwf nút bấm Start Stop , phanh tay điện tử , dừng xe tự động Auto Hold , màn hình trung tâm 10 inch có kết nối Apple Carplay - Androi Auto - Bluetooth , hệ thống an toàn 6 túi khí , camera lùi , phanh điện tử ABS , hổ trợ lực phanh khẩn cấp BA và còn nhiều tính năng an toàn khác . 💥 𝐊𝐡𝐨𝐚 𝐂𝐡𝐮̛𝐨̛𝐧𝐠 𝐀𝐮𝐭𝐨 "" Đẳng cấp xe lướt"" 🔹 Bên em chuyên trao đổi ô tô đã qua sử dụng , xe ô tô đời mới (lướt) 🔹 Bảo hành khi mua xe tại showroom lên đến 2 năm  🔹 Hổ trợ vay ngân hàng lãi suất thấp - thủ tục nhanh gọn .𝐃𝐮𝐲𝐞̣̂𝐭 𝐡𝐨̂̀ 𝐬𝐨̛ 𝐯𝐚𝐲 𝐭𝐫𝐨𝐧𝐠 𝐯𝐨̀𝐧𝐠 𝟓 𝐏𝐡𝐮́𝐭 . Không cần chứng minh thu nhập. 🔹 Nói không với xe đâm đụng - ngập nước tại showroom KC Auto. 🔹 Hoàn trả 100% tiền nếu phát hiện lỗi ở toàn quốc .  🔸 Hổ trợ vay ngân hàng đối với khách hàng bị nợ xấu lãi suất tốt . --- Theo dõi Showroom để luôn cập nhật những dòng xe siêu lướt tại KC mọi người nhé .  🌎 Địa chỉ : 38-40 Nguyễn Phước Lan - TP Đà Nẵng"
p17_s15_1774759888,CX-8,Deluxe,2020.0,699.0,60000.0,Tự động,Xăng,SUV / Cross over,Việt Nam,Đen,False,7,car_p17_s15_1774759888,"Xe Đang Về !!! 🌸 𝐌𝐚𝐳𝐝𝐚 𝐂𝐗-𝟖 𝟐.𝟓𝐀𝐓 𝐌𝐨𝐝𝐞𝐥 𝟐𝟎𝟐𝟏 𝐒𝐢𝐞̂𝐮 Đ𝐞̣𝐩 🌸  🫐 Xe màu Đen / Nội thất Đen 🗓️ Sản xuất :2020 ⏱️ ODO: 6v km Full Ls Hãng  ⚙️ Xe trang bị: Động cơ Skyactiv-G 2.5L, Hộp số tự động 6 cấp, Hệ thống đèn full LED, Mâm hợp kim 19 inch, Ghế chỉnh điện bọc da cao cấp, Điều hoà 3 vùng độc lập, Màn hình 7 inch kết nối Apple Carplay và Android Auto, 6 Loa, Cốp điện, 6 túi khí, Camera sau,….  ⚙️ Trang bị thêm: Film cách nhiệt, thảm lót sàn,…  🌸 Giá chào: 719 Triệu  ✨ 𝐂𝐚𝐦 𝐤𝐞̂́𝐭 bằng văn bản 📝  ⚠️Không đâm đụng  🌊Không ngập nước  ⏱️Không tua km   ✅ Động Cơ, Hộp Số nguyên bản  ✅ Bảo hành 3 tháng hoặc 5.000km  ✅ Test hãng toàn quốc, Giao xe tận nơi.  🏦 𝐇𝐨̂̃ 𝐭𝐫𝐨̛̣ 𝐯𝐚𝐲 𝐧𝐠𝐚̂𝐧 𝐡𝐚̀𝐧𝐠 𝐭𝐨̂́𝐢 đ𝐚 𝟔𝟎-𝟕𝟎% 𝐯𝐨̛́𝐢 𝐥𝐚̃𝐢 𝐬𝐮𝐚̂́𝐭 𝐭𝐨̂́𝐭 𝐧𝐡𝐚̂́𝐭  📲Liên hệ ngay để nhận thêm thông tin và thật nhiều ưu đãi nhé!"
p18_s17_1774760123,CX-8,Premium,2020.0,669.0,113000.0,Tự động,Xăng,SUV / Cross over,Việt Nam,Xanh,False,7,car_p18_s17_1774760123,"Bán gấp Mazda CX8 Premium cao cấp đời 2020, màu xanh Cavansite. Xe ODO 113.000 km, bảo dưỡng định kỳ tại hãng, máy móc zin xe đẹp keng. Full options cao cấp : nội thất da nappa, nhớ ghế, sây sưởi làm mát, đèn pha auto, cruiser control, điều hòa 3 vùng độc lập, cửa sổ trời, 7 chỗ rộng rãi , rèm che nắng phía sau.... - Giá bán : 669 triệu"
p19_s6_1774760241,Mazda 3,Sport 1.5L Premium,2020.0,539.0,60000.0,Tự động,Xăng,Hatchback,Việt Nam,Trắng,False,5,car_p19_s6_1774760241,"Em Cần Bán Mazda 3 2020 1.5Sport Premium Trắng biển hà nội , xe đẹp không lỗi nhỏ , odo 6 vạn km zin , bảo dưỡng full hãng , nội thất mới tinh , gầm bệ nguyên bản , lốp zin cả dàn , sơn zin 99% , xe không có con thứ 2 mới hơm Bản full kịch option - Xe bán cam kết bằng văn bản - máy móc zin - xe không tai nạn - xe không ngập nước - cột kèo keo chỉ nguyên bản - kilomet zin không tua - Bao check test hãng hoặc gara toàn quốc - Xe bán có hỗ trợ trả góp tối đa - Xe bán có hỗ trợ rút hồ sơ gốc - Xe bán có nhận đổi các xe cũ giá cao Anh em quan tâm liên hệ Hotline - Kiên Xe Tốt  Đc : 88 Vũ Đức Thận - Long Biên - Hà Nội"
p20_s1_1774760430,Mazda Other,Unknown,2020.0,408.0,140000.0,Tự động,Dầu,Unknown,Thái Lan,Khác,False,5,car_p20_s1_1774760430,"Xe chở sếp đi công tác. Bt50 2020 std 1 cầu, nắp thùng cao, cty xuất hoá đơn 200tr, xe nguyên zin bảo dưỡng hãng đầy đủ, ai cần mua liên hệ cty xin cảm ơn"
p20_s8_1774760501,Mazda 3,1.5L Deluxe,2020.0,445.0,70000.0,Tự động,Xăng,Sedan,Khác,Trắng,False,5,car_p20_s8_1774760501,"✅#Mazda3_2020 máy số keo chỉ zin nguyên bản, không cấn đụng ngập nước ✅Giá: loanh quanh 4đ ☎️Lh: *** 🏘️Đc: ql25 Tuy Hoà Phú Yên ( Đắk Lắk mới)"
p20_s13_1774760553,Mazda Other,Luxury,2020.0,690.0,100000.0,Tự động,Xăng,SUV / Cross over,Việt Nam,Xám,False,7,car_p20_s13_1774760553,"Hi các b m có cx8 và vf3 muốn đổi ngang sorento  Cx8 ngon chạy 11v zin danh sách đồ đã lên dài như sớ: cam 360 màn android, bọc sàn da, lên xuống kính gập gương tự động, sấy gương, loa sub, 4 loa trên, lắp thêm loa center, ốp full nội thất. Xe chạy ngon lành như cục đất Vf3 thuê pin hơn 3v màu xám tiên phong đã độ 2 loa và lắp thêm sub, dán kính, bọc da nappa nội thất, cam lùi"
p23_s6_1774761134,Mazda 6,2.0 Premium,2020.0,565.0,40000.0,Tự động,Xăng,Sedan,Khác,Trắng,False,5,car_p23_s6_1774761134,"CHẠY ÍT ĐẸP KHÉT PHÂN KHÚC D: Mazda 6 2.0 2020 premium màu trắng chạy 4 vạn km, xe đẹp xuất sắc nguyên bản, bản Pre la răng R19inch, hub kính, phân khúc D cực kỳ đẹp, xe đẹp xuất sắc!!"
p25_s17_1774763667,CX-5,2.5,2020.0,699.0,70000.0,Tự động,Xăng,SUV,Khác,Đen,False,5,car_p25_s17_1774763667,"Mazda Cx-5 2.5 AWD sản xuất 2020 , màu xanh cavansite / đen , lăn bánh 7v km zin."
p26_s10_1774763800,Mazda 6,2.5L Signature Premium,2020.0,580.0,60000.0,Tự động,Xăng,Sedan,Việt Nam,Khác,False,5,car_p26_s10_1774763800,Xe gđ rất mới muốn đổi 7 chổ  Nay cần bán cho ng thiện chí sử dụng
p26_s14_1774763838,Mazda 3,Unknown,2020.0,520.0,1000.0,Tự động,Xăng,Sedan,Khác,Đỏ,False,5,car_p26_s14_1774763838,"Bán xe Mazda 3, xe đi gia đình chủ yếu đi làm quanh phố, bao đẹp, tiếp người có thiện chí. Liên hệ ***"
p27_s15_1774764036,Mazda Other,Deluxe,2020.0,719.0,62000.0,Tự động,Xăng,SUV / Cross over,Việt Nam,Đen,False,7,car_p27_s15_1774764036,"🌸 𝐌𝐚𝐳𝐝𝐚 𝐂𝐗-𝟖 𝟐.𝟓𝐀𝐓 𝐌𝐨𝐝𝐞𝐥 𝟐𝟎𝟐𝟏 𝐒𝐢𝐞̂𝐮 Đ𝐞̣𝐩 🌸  🫐 Xe màu Đen / Nội thất Đen 🗓️ Sản xuất :2020 ⏱️ ODO: 6v km Full Ls Hãng  ⚙️ Xe trang bị: Động cơ Skyactiv-G 2.5L, Hộp số tự động 6 cấp, Hệ thống đèn full LED, Mâm hợp kim 19 inch, Ghế chỉnh điện bọc da cao cấp, Điều hoà 3 vùng độc lập, Màn hình 7 inch kết nối Apple Carplay và Android Auto, 6 Loa, Cốp điện, 6 túi khí, Camera sau,….  ⚙️ Trang bị thêm: Film cách nhiệt, thảm lót sàn,…   𝐂𝐀𝐌 𝐊𝐄̂́𝐓:  🧑‍🔧 Không đâm đụng 💧 Không ngập nước  ⏱️ Không tua Km"
p30_s6_1774764686,Mazda 3,1.5L Luxury,2020.0,485.0,99999.0,Tự động,Xăng,Sedan,Việt Nam,Trắng,False,5,car_p30_s6_1774764686,"✨Thông tin chi tiết:  * Loại xe: Sedan, phù hợp cho cả gia đình nhỏ và cá nhân. * Năm sản xuất: 2020. * Màu sắc: Trắng, sang trọng và dễ dàng bảo quản. * Số chỗ ngồi: 5 chỗ. * Nhiên liệu: Xăng, tiết kiệm nhiên liệu và dễ dàng tìm kiếm. * Hộp số: Tự động, mang lại trải nghiệm lái xe thoải mái và dễ dàng. * Số km đã đi: 99999 km."
p32_s4_1774765114,Mazda 3,Premium,2020.0,530.0,60000.0,Tự động,Xăng,Sedan,Khác,Xanh,True,5,car_p32_s4_1774765114,"Xe all new mazda 3 premium 2020 60000km Xe gia đình 1 chủ, đi kỹ Trang bị sẵn camera hành trình cảnh báo giao thông bằng giọng nói Vietmap, đèn led viền 4 cửa, cảm biến áp suất lốp, bảo dưỡng định kỳ đầy đủ. Nay kẹt vốn nên muốn sang nhượng lại giá 530tr. KHÔNG TRẢ GIÁ, MIỄN TIẾP CÒ LÁI VÀ MUA BÁN LẠI"
p32_s15_1774765240,CX-8,2.5 Premium,2020.0,695.0,82000.0,Tự động,Xăng,SUV,Khác,Đỏ,False,7,car_p32_s15_1774765240,BÁN XE MAZDA CX8 2.5L PRENIUM SX2020 xe đẹp Odo 82 ngàn km xe không cấn đụng xe không ngập nước keo chỉ số máy nguyên zin nguyên bản gầm bệ máy êm nội ngoại thất rất mới xe đã Qua kiểm tra chất lượng giá hợp ly 695tr xe đang bán tại sàn oto thiên Hải bình dương
p33_s8_1774765369,Mazda 3,Deluxe,2020.0,485.0,90000.0,Tự động,Xăng,Sedan,Việt Nam,Trắng,False,5,car_p33_s8_1774765369,madaz3 dluxe sản xuất 2020 xem xe eakenh krong păk daklak
p33_s11_1774765402,CX-5,Luxury,2020.0,639.0,69000.0,Tự động,Xăng,SUV,Khác,Đỏ,False,5,car_p33_s11_1774765402,Mada Cx5 sản xuất 2020 luxurry sơn zin 90% . Lên full cam 360 màn zentech áp xuất lốp theo màn. Lốp mới thay dàn mới . Tai chính hơp lý cam kết xe zin bản ko đâm va ngập nước . Lh
p33_s13_1774765423,Mazda 6,Premium,2020.0,650.0,42000.0,Tự động,Xăng,Sedan,Thái Lan,Trắng,True,5,car_p33_s13_1774765423,"Tôi Chính Chủ bán lại Mazda 6 màu trắng, bản cao cấp nhất xe 5 chỗ, động cơ xăng, số tự động.  Chỉ làm Hãng Mazda   - Thiết kế sang trọng, nội thất rộng rãi.   - Vận hành êm ái, tiết kiệm nhiên liệu."
p34_s3_1774765505,Mazda 6,Premium 2.0 AT,2020.0,535.0,69000.0,Tự động,Xăng,Sedan,Việt Nam,Khác,True,5,car_p34_s3_1774765505,"Gđ cần bán Madda 6 bản premium 2020 đk 2021  1 chủ từ đầu,không thuỷ kích,keo chỉ,máy móc nguyên rin xem xe ở huế"
p34_s14_1774765607,Mazda 3,1.5L Sport Premium,2020.0,543.0,60000.0,Tự động,Xăng,Hatchback,Khác,Khác,False,5,car_p34_s14_1774765607,"Mazda3 Sport 1.5 Premium – Biển Hà Nội – Zin nguyên bản – 6 vạn km  Biển Hà Nội, tiết kiệm chi phí sang tên cho khách cùng khu vực Xe zin 100%, máy móc – khung gầm – hộp số nguyên bản Odo chuẩn 6 vạn km, không tua Bản Premium nhiều option cao cấp Thiết kế Sport Hatchback trẻ trung, giữ giá tốt Bao check hãng hoặc mọi gara theo yêu cầu Không đâm đụng, không ngập nước Nội thất và ngoại thất đẹp, giữ gìn Tiết kiệm nhiên liệu, chi phí sử dụng thấp Màu sắc và form dáng thịnh hành, dễ thanh khoản  Giá bán: 545 triệu"
p35_s14_1774765817,Mazda Other,2.0L Signature Luxury,2020.0,400.0,1256.0,Tự động,Xăng,Sedan,Khác,Khác,False,5,car_p35_s14_1774765817,"ĐỨC TRƯỞNG AUTO ĐÀ NẴNG THU MUA XE - Cửa hàng: ĐỨC TRƯỞNG AUTO ĐÀ NẴNG  - Chuyên thu mua ô tô cũ với các dòng sau: VIOS, veloz, fortuner, accent, creta, tucson, santafe, mazda 2, mazda 3, mazda cx5, kia Soluto, Cerato, Attrage, Xpander, VF3 , vf5 , XL7 ... - Giá từ : 100 triệu đến 1 tỷ  - Dịch vụ đặt biệt: Thu mua xe tại nhà, thanh toán trong ngày  code: #18001942_7"
p37_s1_1774766061,CX-5,2.0 Premium,2020.0,680.0,60000.0,Tự động,Xăng,SUV,Khác,Xanh,True,5,car_p37_s1_1774766061,"Mazda CX5 2.0 Premium màu xanh Canvansite, xe chính chủ, đời 2020.  - Đã đi hơn 6 vạn, bảo dưỡng hãng đầy đủ.  - Loa Bose - cửa sổ trời, cốp điện tử, bản full !.  - Giá 680 triệu, có bớt lộc."
p37_s6_1774766107,Mazda 3,1.5 AT,2020.0,490.0,41000.0,Tự động,Xăng,Sedan,Việt Nam,Đỏ,False,5,car_p37_s6_1774766107,"Cần bán Mazda3 1.5L sản xuất 2020, biển số TP.HCM. Xe gia đình sử dụng kỹ, đi đúng ~41.000 km, cam kết km chuẩn.  🔹 Tình trạng xe:  Máy móc nguyên zin, vận hành êm ái  Không tai nạn, không ngập nước  Bảo dưỡng định kỳ đầy đủ tại hãng  Nội thất sạch đẹp, ghế da còn mới  Sơn zin theo xe (có thể kiểm tra thoải mái)  🔹 Trang bị nổi bật:  Đèn LED full  Màn hình giải trí trung tâm  Camera lùi, cảm biến  Cruise Control  Điều hòa tự động  Chìa khóa thông minh Start/Stop  🔹 Xe sử dụng kỹ, không kinh doanh dịch vụ. 🔹 Giấy tờ đầy đủ, sang tên nhanh gọn.  💰 Giá mong muốn: 490 triệu (có thương lượng nhẹ cho khách thiện chí)  📞 Liên hệ trực tiếp: [***] Xem xe tại TP.HCM."
p38_s1_1774766262,CX-8,2.5 AT,2020.0,679.0,60000.0,Tự động,Xăng,SUV / Cross over,Việt Nam,Đen,False,7,car_p38_s1_1774766262,"🌸 𝐌𝐚𝐳𝐝𝐚 𝐂𝐗-𝟖 𝟐.𝟓𝐀𝐓 𝐌𝐨𝐝𝐞𝐥 𝟐𝟎𝟐𝟏 𝐒𝐢𝐞̂𝐮 Đ𝐞̣𝐩 🌸  🫐 Xe màu Đen / Nội thất Đen 🗓️ Sản xuất :2020 ⏱️ ODO: 6v km Full Ls Hãng  ⚙️ Xe trang bị: Động cơ Skyactiv-G 2.5L, Hộp số tự động 6 cấp, Hệ thống đèn full LED, Mâm hợp kim 19 inch, Ghế chỉnh điện bọc da cao cấp, Điều hoà 3 vùng độc lập, Màn hình 7 inch kết nối Apple Carplay và Android Auto, 6 Loa, Cốp điện, 6 túi khí, Camera sau,….  ⚙️ Trang bị thêm: Film cách nhiệt, thảm lót sàn,…   𝐂𝐀𝐌 𝐊𝐄̂́𝐓:  🧑‍🔧 Không đâm đụng 💧 Không ngập nước  ⏱️ Không tua Km"
p38_s10_1774766357,CX-5,2.0L Luxury,2020.0,635.0,79000.0,Tự động,Xăng,SUV / Cross over,Khác,Khác,False,5,car_p38_s10_1774766357,Cx5 2020 2.0 luxury đẹp căng nét. odo 79 ngàn cây  Ace quan tâm thì alo cho em ạ
p39_s12_1774766622,BT-50,MT,2020.0,430.0,170000.0,Số sàn,Dầu,Pick-up (bán tải),Khác,Nâu,False,5,car_p39_s12_1774766622,"BÁN GẤP ‼️    💫 Mazda BT-50 số sàn 2 cầu màu nâu cà phê cực chất, sản xuất 2020, đã chạy 17v. Xe máy dầu bền bỉ, cài cầu điện hoạt động tốt, leo đèo – đi công trình vô tư. Trang bị điều hòa mát sâu, kính chỉnh điện, màn hình giải trí, ghế nỉ rộng rãi. Khung gầm chắc chắn, vận hành ổn định, tiết kiệm nhiên liệu. Phù hợp đi làm, chở hàng hoặc off-road cuối tuần. Giá tốt cho anh em thiện chí! XE ĐẸP CĂNG - AE TỰ TIN NHẬN CỌC"
p42_s4_1774767169,Mazda 3,Premium,2020.0,580.0,43000.0,Tự động,Xăng,Sedan,Khác,Trắng,True,5,car_p42_s4_1774767169,"Chính chủ cần bán xe Mazda 3 Sport Premium - 2020  Xe được bảo dưỡng định kì thường xuyên, có giấy tờ đăng kiểm đầy đủ, xe chỉ đi trong nội thành nên vẫn mới.  Đã đi được khoảng 43000 km  Ai có nhu cầu mua liên hệ SDT: ***"
p43_s7_1774767404,CX-5,2.0 Premium,2020.0,685.0,1000.0,Tự động,Xăng,SUV / Cross over,Khác,Cam,False,5,car_p43_s7_1774767404,"Hàng cập bến CX5 2020 bản 2.0 Premium. Xe cam kết khung gầm keo chỉ máy móc nguyên bản. Trang bị full công nghệ, ghê lái điện, cửa sổ trời, nhớ ghế, lệch làn, cốp điện, HUD , …."
p43_s12_1774767433,CX-8,Premium,2020.0,765.0,37000.0,Tự động,Xăng,SUV / Cross over,Khác,Xám,False,7,car_p43_s12_1774767433,"🚘 MAZDA CX-8 PREMIUM 2020 🔹 Màu xám nội thất nâu sang trọng 🔹 Odo: 37.000 km – Bão dưỡng full sẵn sàng giao ngay.  ✨ TRANG BỊ NỔI BẬT: ✔️ Động cơ 2.5L SkyActiv – mạnh mẽ, tiết kiệm ✔️ Hộp số tự động 6 cấp, lẫy chuyển số vô lăng ✔️ Ghế da cao cấp, ghế lái chỉnh điện nhớ ghế ✔️ Màn hình trung tâm lớn, Apple CarPlay / Android Auto ✔️ Camera 360, cảm biến trước – sau ✔️ HUD kính lái hiển thị tốc độ ✔️ Gói an toàn i-Activsense:  • Cảnh báo điểm mù  • Hỗ trợ giữ làn  • Phanh khẩn cấp ✔️ Điều hòa 3 vùng độc lập – 7 chỗ rộng rãi 🛡️ CAM KẾT: ✔️ Không đâm đụng – không ngập nước ✔️ Máy số zin, odo chuẩn ✔️ Hồ sơ pháp lý rõ ràng ✔️ Bao test hãng / gara uy tín ✔️ Sang tên nhanh gọn 💰 Giá: 7xx triệu - Xem xe có giá ***"
p43_s18_1774767495,Mazda Other,Deluxe,2020.0,699.0,62000.0,Tự động,Xăng,SUV / Cross over,Việt Nam,Đen,False,7,car_p43_s18_1774767495,"🌸 𝐌𝐚𝐳𝐝𝐚 𝐂𝐗-𝟖 𝟐.𝟓𝐀𝐓 𝐌𝐨𝐝𝐞𝐥 𝟐𝟎𝟐𝟏 𝐒𝐢𝐞̂𝐮 Đ𝐞̣𝐩 🌸  🫐 Xe màu Đen / Nội thất Đen 🗓️ Sản xuất :2020 ⏱️ ODO: 6v km Full Ls Hãng  ⚙️ Xe trang bị: Động cơ Skyactiv-G 2.5L, Hộp số tự động 6 cấp, Hệ thống đèn full LED, Mâm hợp kim 19 inch, Ghế chỉnh điện bọc da cao cấp, Điều hoà 3 vùng độc lập, Màn hình 7 inch kết nối Apple Carplay và Android Auto, 6 Loa, Cốp điện, 6 túi khí, Camera sau,….  ⚙️ Trang bị thêm: Film cách nhiệt, thảm lót sàn,…   𝐂𝐀𝐌 𝐊𝐄̂́𝐓:  🧑‍🔧 Không đâm đụng 💧 Không ngập nước  ⏱️ Không tua Km"
p44_s2_1774767538,Mazda 3,AT,2020.0,429.0,123000.0,Tự động,Xăng,Sedan,Khác,Xám,False,5,car_p44_s2_1774767538,"Bán Mazda 3 màu xám, xe 5 chỗ, động cơ xăng, hộp số tự động.   - Thiết kế hiện đại, nội thất tiện nghi.   - Vận hành êm ái, tiết kiệm nhiên liệu.   - Xe sẵn sàng lăn bánh."
p44_s11_1774767628,CX-8,Unknown,2020.0,765.0,21000.0,Tự động,Xăng,SUV / Cross over,Khác,Khác,False,8,car_p44_s11_1774767628,"xe cx8 đời 2020 còn mới cứng mới đi được 20,000km. còn giấy tờ bảo dưỡng trong hãng, gia đình ít xài vì xe này chỉ đi khi cần chở ba mẹ vì thường ngày gia đình mình đi xe nhỏ 5 chỗ của gia đình. giá chốt 765 triệu không thương lượng nhiều nữa. địa chỉ ở Thạnh lộc q12 hcm  mà ko hiểu sao bị đăng ở long khánh và ko chỉnh dc địa chỉ"
p45_s4_1774767807,Mazda 3,Sport 1.5L Premium,2020.0,480.0,88000.0,Tự động,Xăng,Hatchback,Việt Nam,Cam,False,5,car_p45_s4_1774767807,"Mazda 3 Sport 1.5L Premium 2020  trang bị cao cấp như nội thất da cao cấp (ghế có thông hơi, ghế lái chỉnh điện nhớ vị trí), màn hình 8.8 inch, kính lái HUD, âm thanh 12 loa Bose, điều hòa 2 vùng có cửa gió sau, camera 360, 7 túi khí, và gói an toàn chủ động i-Activsense với MRCC, SBS, cảnh báo điểm mù, hỗ trợ giữ làn đường. 🛡️ Cam kết: ✅ Không đâm đụng - Không ngập nước - Hồ sơ pháp lý chuẩn  Ace quan tâm liên hệ *** ( xem xe thương lượng trực tiếp )"
p45_s8_1774767848,Mazda 2,Sport Luxury,2020.0,399.0,50000.0,Tự động,Xăng,Hatchback,Việt Nam,Trắng,False,5,car_p45_s8_1774767848,"🌸 𝐌𝐚𝐳𝐝𝐚 𝟐 𝟏.𝟓𝐋 𝐇𝐚𝐭𝐜𝐡𝐛𝐚𝐜𝐤 𝐒𝐩𝐨𝐫𝐭 𝐋𝐮𝐱𝐮𝐫𝐲 𝐌𝐨𝐝𝐞𝐥 𝟐𝟎𝟐𝟏 𝐒𝐢𝐞̂𝐮 Đ𝐞̣𝐩 🌸  🫐 Xe màu Trắng / Nội thất Xám - Đen 🗓️ Sản xuất :2020 ⏱️ ODO: 5v km Full Ls Hãng  ⚙️ Xe trang bị: Động cơ Skyactiv-G 1,5L, Hộp số tự động 6 cấp, Hệ thống đèn full LED, Hệ thống âm thanh 6 loa, Màn hình cảm ứng 7inch, Camera và cảm biến lùi, Đề nổ Start/Stop,…  ⚙️ Trang bị thêm: Film cách nhiệt, thảm lót sàn, Camera hành trình,…  🌸 Giá chào: 3xxTriệu  ✨ 𝐂𝐚𝐦 𝐤𝐞̂́𝐭 bằng văn bản 📝  ⚠️Không đâm đụng  🌊Không ngập nước  ⏱️Không tua km   ✅ Động Cơ, Hộp Số nguyên bản  ✅ Bảo hành 3 tháng hoặc 5.000km  ✅ Test hãng toàn quốc, Giao xe tận nơi.  🏦 𝐇𝐨̂̃ 𝐭𝐫𝐨̛̣ 𝐯𝐚𝐲 𝐧𝐠𝐚̂𝐧 𝐡𝐚̀𝐧𝐠 𝐭𝐨̂́𝐢 đ𝐚 𝟔𝟎-𝟕𝟎% 𝐯𝐨̛́𝐢 𝐥𝐚̃𝐢 𝐬𝐮𝐚̂́𝐭 𝐭𝐨̂́𝐭 𝐧𝐡𝐚̂́𝐭  📲Liên hệ ngay để nhận thêm thông tin và thật nhiều ưu đãi nhé!"
p45_s14_1774767925,Mazda Other,2.5 AT,2020.0,719.0,60000.0,Tự động,Xăng,SUV / Cross over,Việt Nam,Đen,False,7,car_p45_s14_1774767925,"🌸 𝐌𝐚𝐳𝐝𝐚 𝐂𝐗-𝟖 𝟐.𝟓𝐀𝐓 𝐌𝐨𝐝𝐞𝐥 𝟐𝟎𝟐𝟏 𝐒𝐢𝐞̂𝐮 Đ𝐞̣𝐩 🌸  🫐 Xe màu Đen / Nội thất Đen 🗓️ Sản xuất :2020 ⏱️ ODO: 6v km Full Ls Hãng  ⚙️ Xe trang bị: Động cơ Skyactiv-G 2.5L, Hộp số tự động 6 cấp, Hệ thống đèn full LED, Mâm hợp kim 19 inch, Ghế chỉnh điện bọc da cao cấp, Điều hoà 3 vùng độc lập, Màn hình 7 inch kết nối Apple Carplay và Android Auto, 6 Loa, Cốp điện, 6 túi khí, Camera sau,….  ⚙️ Trang bị thêm: Film cách nhiệt, thảm lót sàn,…   𝐂𝐀𝐌 𝐊𝐄̂́𝐓:  🧑‍🔧 Không đâm đụng 💧 Không ngập nước  ⏱️ Không tua Km  💵 Giá: 719 Triệu _____________________________ 𝐀𝐔𝐓𝐎 𝟗𝐗—𝐗𝐄 𝐋𝐔̛𝐎̛́𝐓 𝐕𝐈𝐄̣̂𝐓 𝐍𝐀𝐌  Đ/c: 792 Nguyễn Thị Định, P.Cát Lái, Tp.HCM (Quận 2 cũ) 📲: ***"
p45_s15_1774767936,Mazda Other,Sport Luxury,2020.0,399.0,50000.0,Tự động,Xăng,Hatchback,Khác,Trắng,False,5,car_p45_s15_1774767936,"🌸 𝐌𝐚𝐳𝐝𝐚 𝟐 𝟏.𝟓𝐋 𝐇𝐚𝐭𝐜𝐡𝐛𝐚𝐜𝐤 𝐒𝐩𝐨𝐫𝐭 𝐋𝐮𝐱𝐮𝐫𝐲 𝐌𝐨𝐝𝐞𝐥 𝟐𝟎𝟐𝟏 𝐒𝐢𝐞̂𝐮 Đ𝐞̣𝐩 🌸  🫐 Xe màu Trắng / Nội thất Xám - Đen 🗓️ Sản xuất :2020 ⏱️ ODO: 5v km Full Ls Hãng  ⚙️ Xe trang bị: Động cơ Skyactiv-G 1,5L, Hộp số tự động 6 cấp, Hệ thống đèn full LED, Hệ thống âm thanh 6 loa, Màn hình cảm ứng 7inch, Camera và cảm biến lùi, Đề nổ Start/Stop,…  ⚙️ Trang bị thêm: Film cách nhiệt, thảm lót sàn, Camera hành trình,…   𝐂𝐀𝐌 𝐊𝐄̂́𝐓:  🧑‍🔧 Không đâm đụng 💧 Không ngập nước  ⏱️ Không tua Km  💵 Giá: 399 Triệu _____________________________ 𝐀𝐔𝐓𝐎 𝟗𝐗—𝐗𝐄 𝐋𝐔̛𝐎̛́𝐓 𝐕𝐈𝐄̣̂𝐓 𝐍𝐀𝐌  Đ/c: 792 Nguyễn Thị Định, P.Cát Lái, Tp.HCM (Quận 2 cũ) 📲: ***"
p47_s8_1774768326,Mazda 3,Sport 1.5L Premium,2020.0,533.0,84119.0,Tự động,Xăng,Hatchback,Khác,Đỏ,False,5,car_p47_s8_1774768326,"Nam Dương Auto vừa về Mazda 3 Sport Premium. Xe sản xuất 2020. Xe có va chạm hông sau bên phải, cốp sau ảnh hưởng 40cm keo chỉ, thay kính chắn gió chính hãng. Không thuỷ kích, ngập nước, động cơ hộp số nguyên zin, bảo dưỡng định kỳ. Khi mua sắm tại Công Ty CP Ô tô Nam Dương, Quý Khách sẽ được những quyền lợi đặc biệt sau: - Thông báo trung thực, chi tiết tình trạng, chất lượng của xe. Quý khách được ký hợp đồng với công ty để việc cam kết đúng quy định và được pháp luật bảo vệ quyền lợi. - Không cần đặt cọc, quý khách được mang xe đi check/ test bất kỳ đâu nếu ưng mới thanh toán, ký hợp đồng. - Ký hợp đồng bảo hành xe tuỳ từng xe từ 06-36 tháng. - Tặng gói bảo dưỡng xe nên quý khách sẽ không tốn thêm chi phí nào khác khi mua sắm tại Nam Dương Auto. - Kiểm tra định kỳ miễn phí và thay dầu miễn phí 1 năm. - Hỗ trợ trả góp với lãi suất thấp, nhanh gọn - Check xe và định giá miễn miễn phí cho khách hàng có nhu cầu bán hoặc đổi xe - Nhận xử lý phạt nguội, sang tên, thay thế phụ tùng Và rất nhiều chính sách hậu mãi cực kỳ tuyệt vời khác. Quý Khách vui lòng gọi điện tới Hotline hoặc qua showroom để nghe tư vấn miễn phí."
p48_s17_1774768690,CX-8,Premium,2020.0,759.0,37000.0,Tự động,Xăng,SUV / Cross over,Việt Nam,Xám,False,7,car_p48_s17_1774768690,"🚘 MAZDA CX-8 PREMIUM 2020  🔹 Màu xám sang trọng 🔹 Odo: 37.000 km – xe gia đình đi kỹ 💰 Giá: 7xx triệu (thương lượng thiện chí)  ✨ TRANG BỊ NỔI BẬT: ✔️ Động cơ 2.5L SkyActiv – mạnh mẽ, tiết kiệm ✔️ Hộp số tự động 6 cấp, lẫy chuyển số vô lăng ✔️ Ghế da cao cấp, ghế lái chỉnh điện nhớ ghế ✔️ Màn hình trung tâm lớn, Apple CarPlay / Android Auto ✔️ Camera 360, cảm biến trước – sau ✔️ HUD kính lái hiển thị tốc độ ✔️ Gói an toàn i-Activsense:  • Cảnh báo điểm mù  • Hỗ trợ giữ làn  • Phanh khẩn cấp ✔️ Điều hòa 3 vùng độc lập – 7 chỗ rộng rãi  🛡️ CAM KẾT: ✔️ Không đâm đụng – không ngập nước ✔️ Máy số zin, odo chuẩn ✔️ Hồ sơ pháp lý rõ ràng ✔️ Bao test hãng / gara uy tín ✔️ Sang tên nhanh gọn  #MazdaCX8 #CX8Premium #SUV7Cho #XeGiaDinh #XeCuChatLuong #MazdaCu #XeDepGiaTot"
p48_s19_1774768720,CX-8,Premium FWD,2020.0,765.0,38000.0,Tự động,Xăng,SUV / Cross over,Khác,Xám,True,7,car_p48_s19_1774768720,"Mazda CX-8 2.5L Premium 2020 màu xám, xe 7 chỗ rộng rãi, tiện nghi.   - ODO 38,000 km, xe đi ít, giữ gìn cẩn thận.   - Động cơ xăng, hộp số tự động mượt mà.   - Xe sẵn sàng lăn bánh. - Xe 1 chủ mua mới, 4 lốp mới thay date 2025 - Xe công ty XHD cao"
p49_s3_1774768773,CX-8,Premium,2020.0,748.0,50000.0,Tự động,Xăng,SUV / Cross over,Việt Nam,Cam,False,7,car_p49_s3_1774768773,"THẾ GIỚI Ô TÔ về :   🚘 Mazda Cx8 Premium 1 cầu lướt 5 vạn km, sản xuất 2020 🔸Bảo dưỡng đầy đủ tại Hãng Mazda  🔸️Gói công nghệ an toàn cao cấp I -Activsense  .Động cơ xăng 2.5L, công suất tối đa 188 mã lực, mô men xoắn cực đại 251 Nm, hộp số tự động 6 cấp .Thế hệ sử dụng hệ thống điều hòa tự động 3 vùng độc lập .10 Loa Bose .Màn hình kết nối Bluetooth , AUX, USB, APPLE CARPLAY/ Android Auto  .Cảm biến trước sau , camera 360   💰: 748.000.000 đ  📍Hỗ trợ BANK - Kiểm tra xe bên đơn vị thứ 3   Cảm ơn Anh/chị đã đọc tin, vui lòng liên hệ để có thông tin chi tiết: ———————————————— SHOWROOM THẾ GIỚI Ô TÔ 🏠: 342- 344 PHẠM VĂN ĐỒNG F HẠNH THÔNG THÀNH PHỐ HỒ CHÍ MINH  ☎️Hotline: EM NINH - ***"
p49_s6_1774768809,CX-8,2.5 Premium,2020.0,748.0,60000.0,Tự động,Xăng,SUV,Khác,Cam,False,7,car_p49_s6_1774768809,"THẾ GIỚI Ô TÔ về :   🚘 Mazda Cx8 Premium 1 cầu lướt 6 vạn km, sản xuất 2020 🔹1 đời chủ sử dụng  🔸Bảo dưỡng đầy đủ tại Hãng Mazda khách làm thêm dán phim , phủ gầm, bệ bước, camera hành trình  🔸️Gói công nghệ an toàn cao cấp I -Activsense  .Động cơ xăng 2.5L, công suất tối đa 188 mã lực, mô men xoắn cực đại 251 Nm, hộp số tự động 6 cấp .Thế hệ sử dụng hệ thống điều hòa tự động 3 vùng độc lập .10 Loa Bose .Màn hình kết nối Bluetooth , AUX, USB, APPLE CARPLAY/ Android Auto  .Cảm biến trước sau , camera 360   💰: 748.000.000 đ  📍Hỗ trợ BANK - Kiểm tra xe bên đơn vị thứ 3   Cảm ơn Anh/chị đã đọc tin, vui lòng liên hệ để có thông tin chi tiết: ———————————————————— SHOWROOM THẾ GIỚI Ô TÔ 🏠: 342- 344 PHẠM VĂN ĐỒNG F HẠNH THÔNG THÀNH PHỐ HỒ CHÍ MINH  ☎️Hotline: EM NINH - ***"
p49_s15_1774768908,Mazda 3,Sport 1.5L Luxury,2020.0,500.0,80000.0,Tự động,Xăng,Sedan,Việt Nam,Khác,False,5,car_p49_s15_1774768908,"Mazda 3 1.5AT luxury SX 2020  Odo 80000km Chuẩn zin  Xe zin ko lỗi, máy số zin thuỷ kích zin  Ko tai nạn đâm đụng  ☎️ ***."
p49_s18_1774768942,BT-50,Premium 3.2L 4x4 AT,2020.0,333.33,9000.0,Tự động,Dầu,Pick-up (bán tải),Thái Lan,Đen,False,5,car_p49_s18_1774768942,"Mazda BT-50 màu đen, xe bán tải 5 chỗ nhập khẩu Thái Lan.  - Động cơ dầu mạnh mẽ, hộp số tự động.  - Thiết kế nam tính, nội thất rộng rãi.  - Phù hợp đi công trường, chở hàng hoặc gia đình."
p1_s2_1774726164,CX-8,Premium,2021.0,730.0,37665.0,Tự động,Xăng,SUV / Cross over,Nhật Bản,Khác,False,7,car_p1_s2_1774726164,Mazda Cx8 Premium Model 2021 Sản xuất 2020 Fom dáng Sang trọng đẳng cấp chạy ngon đi cực sướng rất nhiều công nghệ anh chị có nhu cầu xin liên hệ
p2_s12_1774726495,CX-3,1.5 Premium,2021.0,505.0,68776.0,Tự động,Xăng,SUV / Cross over,Thái Lan,Xám,False,5,car_p2_s12_1774726495,"Mazda CX-3 màu xám, sx: 2021 Bản Premium .  xe 5 chỗ, chạy 68776 km. Nguyên zin từng chi tiết  - Động cơ xăng, hộp số tự động.   - Thiết kế nhỏ gọn, linh hoạt di chuyển trong phố.   - Xe giữ gìn cẩn thận, nội thất sạch sẽ."
p4_s1_1774726834,Mazda 3,1.5L Deluxe,2021.0,440.0,74000.0,Tự động,Xăng,Sedan,Khác,Đỏ,False,5,car_p4_s1_1774726834,Mazda 3 1.5 Deluxe - Màu đỏ - Vin 2021 ( Đký 2022) -Odo : 74.000km Xe công ty thanh lý
p5_s4_1774727073,Mazda Other,Deluxe 2.0 AT,2021.0,628.0,46000.0,Tự động,Xăng,SUV / Cross over,Việt Nam,Cam,True,5,car_p5_s4_1774727073,"Gia đình em cần bán xe cx5 đời 2021 xe mới như xe thùng chạy đúng 4 vạn , máy số sùn chỉ rin 100% . 4 vỏ rin theo xe còn mới vỏ sơ cua chưa chạm đất , xe trang bị màn hình xịn cam 360 Cammera để màn hình đầy đủ , xe em chính chủ ký mua bán huỷ quyền điều được , em bán bao ký rút hồ sơ gốc cho khach ở xa, có bớt lộc lá cho anh chị thiện chí đến xem xe mua nhanh vui vẻ nhiệt tình"
p6_s2_1774727253,CX-30,2.0 Premium,2021.0,525.0,90000.0,Tự động,Xăng,Hatchback,Thái Lan,Đen,False,5,car_p6_s2_1774727253,"Mazda Cx30 sản xuất 2021 nhập thái / 2 remote zin hub kính - mâm lốp - heo thắng - cam360 - 2 ghế điện - cốp điện - cảnh báo làn , cảnh báo vượt trên gương - sấy sưởi nhớ 2 vị trí ghế - cần số pha lê - đèn bi led - trần sao rơi - cảng gió thể thao. Toàn đồ xịn còn nhiều đồ chơi khác... máy số keo chỉ nguyên zin / không 1 lỗi nhỏ bao check test bất kì đơn vị thứ3"
p8_s4_1774727695,CX-5,2.0 Premium,2021.0,699.0,55000.0,Tự động,Xăng,SUV / Cross over,Việt Nam,Khác,True,5,car_p8_s4_1774727695,"Chính chủ nâng đời cần Pass lại MADAZ CX5 2.0 PREMIUM T12/21 full kịch đồ mà rất mới . Xe bản Full Options: chìa khoá thông mình khởi động Startop, của nóc túi khí quanh xe, cốp điện, ghế nhớ chỉnh điện 2 bên, loa Bose, phanh tay điện tử, cruicontroll ga tự động…vvv. AE quan tâm liên hệ để sở hữu e hoa hậu Madaz"
p9_s5_1774727879,CX-5,2.0 Luxury,2021.0,685.0,70000.0,Tự động,Xăng,SUV / Cross over,Khác,Trắng,False,5,car_p9_s5_1774727879,Mazda Cx5 Luxury 2.0 AT 2021 Lăng Bánh 2022  Xe Lăng bánh Chuẩn 7v   Lốp Mới Thay Cả Dàn / Sơ Cua Chưa Hạ  Ngoại Thất Màu Trắng Sơn Rin 95% Mới Keng Nội Thất Dùng Rất kĩ Còn Mới / Siu Mới Còn Chưa Bóc  Máy Số Nguyên Rin Xe Rất Đẹp   Và Chắc Chắn K Lỗi ( Bao Ckek Mọi Nơi )   Hỗ Trợ Bank Thoai mái Hoặc Đổi Xe Ace Qtam Lh Em Tín ***  Showroom ÔTô-Xe Máy-Xe Điện Tín Sỹ
p9_s6_1774727888,CX-5,2.0 Premium,2021.0,679.0,52000.0,Tự động,Xăng,SUV / Cross over,Việt Nam,Đỏ,True,5,car_p9_s6_1774727888,"CX-5 2.0 Premium 2021 Màu Đỏ Soul Red Crystal Một Chủ Mua Mới Km: 52.000, bệ bước,Hud kính, 10 loa Bose, Cruise control, Apple Carplay,4 vỏ mới tinh, sơ cua chưa lăn, cốp điện, cửa sổ trời...Vvv Hỗ trợ Bank 70% giá trị xe  - 𝗖𝗮𝗺 𝗸𝗲̂́𝘁 𝗞𝗵𝗼̂𝗻𝗴 đ𝗮̂𝗺 đ𝘂̣𝗻𝗴, 𝗡𝗴𝗮̣̂𝗽 𝗻𝘂̛𝗼̛́𝗰 - Đ𝗼̣̂𝗻𝗴 𝗰𝗼̛,𝗵𝗼̣̂𝗽 𝘀𝗼̂́ 𝗻𝗴𝘂𝘆𝗲̂𝗻 𝗯𝗮̉𝗻 - 𝗕𝗮̉𝗼 𝗵𝗮̀𝗻𝗵 𝟲 𝘁𝗵𝗮́𝗻𝗴 𝗰𝗵𝗼 𝘅𝗲 𝗯𝗮́𝗻 𝗿𝗮  - 𝗕𝗮𝗼 𝘁𝗲𝘀𝘁 𝗵𝗮̃𝗻𝗴, 𝗚𝗶𝗮𝗼 𝘅𝗲 𝘁𝗼𝗮̀𝗻 𝗤𝘂𝗼̂́𝗰 Showroom: 655 ĐT 747, Bình Mỹ, Bắc Tân Uyên, Bình Dương • 📍https://maps.app.goo.gl/GJwKCou6quXdr7JSA?g_st=iz • 📞 Hotline:  #ÔTôQuânBồBìnhDương"
p10_s10_1774728081,CX-5,Premium,2021.0,685.0,60000.0,Tự động,Xăng,SUV,Việt Nam,Khác,True,5,car_p10_s10_1774728081,"Bán CX5 sx cuoi 2021 bản cao cap nhất, premium, 1 chủ xe zin ko lôi, trang bị 6 túi khí cân bằng điện tử, cruse ga tu dong, 2 ghế điện, nhớ vị trí ghế, gat mua tu động, cảm bien quanh xe , cảnh báo dẽ tren gương, HUD hiển thị km trên kính, loa BOSE ,gia 685 tr bao rút hồ sơ nhanh gọn thanks"
p11_s1_1774728185,Mazda Other,Premium,2021.0,740.0,37000.0,Tự động,Xăng,SUV / Cross over,Việt Nam,Khác,False,7,car_p11_s1_1774728185,Mình cần bán Mazda CX 8 Model 2021 Sản xuất 2020 Premium Siêu mới Fom dáng sang trọng đẳng cấp chạy cực ngon xe gia đình giữ gìn cẩn thận zin đét anh chị có nhu cầu xin liên hệ
p12_s0_1774728350,CX-5,Premium,2021.0,689.0,60000.0,Tự động,Xăng,SUV / Cross over,Khác,Cam,False,5,car_p12_s0_1774728350,"Cập bến CX5 premium 2021 - Mazda CX5 premium 2021 Odo 60.000km Trang bị nhiều option: Ghế chỉnh điện, nhớ ghế, cửa sổ trời, phanh tay điện tử, hub kính, cốp điện, … - Cam kết : Xe không đâm đụng, không ngập nước, máy số, khung gầm, động cơ nguyên bản. Check test thoải mái.  Hotline : *** để em hỗ trợ và tư vấn chi tiết hơn cho anh chị nhé !"
p12_s12_1774728450,Mazda 3,1.5 Luxury,2021.0,525.0,41000.0,Tự động,Xăng,Sedan,Việt Nam,Trắng,True,5,car_p12_s12_1774728450,"Bán Mazda 3 2021 bản Luxury, màu trắng. Chính chủ biển Hà Nội. Chạy 4.1 vạn còn rất mới. Ghế da theo xe, cảm biến camera lùi, điều hoà auto. Ghế điện bên lái. Máy móc zin. giá mong muốn 525 triệu"
p15_s11_1774759330,Mazda 3,Deluxe,2021.0,485.0,70000.0,Tự động,Xăng,Sedan,Khác,Vàng,False,5,car_p15_s11_1774759330,"📣📣 🚘 🚘 MAZDA 3 2021 - Lựa chọn hoàn hảo!  👉 Odo chuẩn: 7vạn 👉 Phiên bản : Deluxe 👉Tình trạng xe hiện tại : Xe zin từ máy móc đến gầm bệ, nội - ngoại thất sạch đẹp.  ✅Trang bị hiện đại: - Start/Stop tiện lợi - Đàm thoại rảnh tay - Gương kính chỉnh điện - Điều hòa auto - Hệ thống an toàn tiêu chuẩn - Vô vàng các option…  💁 Chủ cũ đã trang bị thêm dán film, cam hành trình,..  💯 Cam kết uy tín: - Không đâm đụng, không thủy kích - Bảo hành 1 năm bao quay đầu  💰 Giá ưu đãi: Chỉ từ 485tr bao rút hs gốc ( Có hỗ trợ sang tên ) 📲 xem xe trực tiếp liên hệ hotline   🔥 Nhanh tay, xe đẹp không chờ lâu!"
p15_s16_1774759393,CX-5,2.0 Premium,2021.0,689.0,60000.0,Tự động,Xăng,SUV / Cross over,Khác,Trắng,False,5,car_p15_s16_1774759393,"🚗 Mazda CX5 2021 Premium 2.0 màu trắng đẹp chuẩn nhà dùng, lăn bánh 60.000km full bảo dưỡng, Chất xe nguyên bản còn đẹp mới tinh😍  Cam kết bằng văn bản: ♻️ Xe không va chạm, không thủy kích ♻️ Động cơ, khung gầm, máy móc nguyên bản ♻️ Hồ sơ pháp lý rõ ràng, làm việc nhanh chóng ♻️ Không phạt nguội, không tranh chấp ♻️ Bảo hành động cơ hộp số 10.000km hoặc 6 tháng ♻️ Bao kiểm tra hãng  Khuyến khích xem xe trực tiếp, lái thử và cảm nhận xe. Giá cả còn thương lượng khi xem xe! _________________________ Tân Hùng Phát Auto sẵn sàng phục vụ quý khách. 📌Địa chỉ: 579 Quốc Lộ 13, Hiệp Bình Phước, Thành phố Thủ Đức"
p16_s5_1774759509,Mazda 2,Premium 1.9L 4x4 AT,2021.0,595.0,98000.0,Tự động,Dầu,Pick-up (bán tải),Thái Lan,Khác,True,5,car_p16_s5_1774759509,"Bán tải mazda bt 50 2021 2 cầu 4x4, odo 98k km. Xe chính chủ. Zin full, bao đâm đụng ngập ngước, check test ở đâu tuỳ ae lựa.  595xem xe, xe lót sàn 5d từ lúc mới mua để bảo vệ nội thất"
p19_s3_1774760206,Mazda 3,2.0L Signature Premium,2021.0,550.0,49000.0,Tự động,Xăng,Hatchback,Nhật Bản,Đỏ,True,5,car_p19_s3_1774760206,"🚗 MAZDA 3 SPORT 2021 – BẢN 2.0 SIGNATURE PREMIUM  • ODO: 49.000 km • Xe chính chủ Kiệt đứng tên • Đi phố nhẹ nhàng – xe còn rất mới, giữ kỹ  💰 Giá: 550.000.000 📞 LH: *** (Kiệt)  Mazda 3 Sport 2021 (hatchback) phiên bản 2.0L Signature Premium là dòng xe nhập khẩu/lắp ráp cao cấp, nổi bật với thiết kế Kodo quyến rũ, động cơ SkyActiv-G 2.0L mạnh mẽ và gói an toàn i-Activsense. Tại Nhật Bản, bản đặc biệt kỷ niệm 100 năm nổi bật với màu sơn đỏ Soul Red Crystal và các cải tiến về vận hành, hệ thống treo.  ￼ Điểm Nổi Bật của Mazda 3 Sport 2021 (2.0L Signature Premium):  • Động cơ & Vận hành: Động cơ 2.0L SkyActiv-G sản sinh công suất cao, kết hợp hộp số tự động 6 cấp và tùy chọn chế độ lái thể thao, mang lại trải nghiệm lái năng động.  • Thiết kế (Sport - Hatchback): Kiểu dáng Sport (hatchback) mang đậm phong cách trẻ trung, thể thao  • An toàn cao cấp: Trang bị gói i-Activsense, bao gồm hệ thống hỗ trợ lái thông minh (CTS), hỗ trợ giữ làn đường, điều khiển hành trình thích ứng (MRCC) và phanh thông minh.  • Nội thất & Tiện nghi: Nội thất sang trọng tiệm cận xe hạng sang với ghế da, màn hình 8.8 inch, màn hình HUD, dàn âm thanh Bose cao cấp. ￼  Tại Việt Nam, các phiên bản 2.0L Signature Premium được định vị là lựa chọn cao cấp nhất trong dòng Mazda 3, hướng tới khách hàng yêu thích cảm giác lái và công nghệ.  ￼ • Mazda 3 Sport 2.0L Signature Premium (Hatchback) Phiên bản này được đánh"
p21_s0_1774760637,CX-8,Premium,2021.0,870.0,29000.0,Tự động,Xăng,SUV / Cross over,Việt Nam,Xanh,False,7,car_p21_s0_1774760637,"Mazda CX-8 phiên bản Premium màu xanh đậm, xe chạy 29.000 km.  - Thiết kế sang trọng, nội thất rộng rãi.  - Trang bị nhiều tính năng an toàn, tiện nghi.  - Bảo hiểm, đăng kiểm còn dài hạn  Gọi để xem xe trực tiếp!"
p21_s2_1774760658,Mazda 2,Luxury,2021.0,399.0,70000.0,Tự động,Xăng,Hatchback,Việt Nam,Cam,False,5,car_p21_s2_1774760658,"Hàng mới về bán tết ( Còn đăng chotot là còn xe)  Mazda 2 luxury 2021 - ODO: 70.000km full lịch sử bảo dưỡng hãng, không một ngày bảo dưỡng ngoài  - Phụ kiện: dán phim, lót sàn, bảo hiểm thân vỏ  Địa chỉ : 84 Phạm Hùng, Cẩm Lệ, Đà Nẵng Chính sách bán hàng: ⚙️ Bảo hành động cơ và hộp số trong 1 năm ❌ Cam kết không tai nạn – không ngập nước – không bổ máy Chính sách bảo vệ quyền lợi khách hàng: ✅ Nếu phát hiện xe không đúng cam kết: Chúng tôi nhận lại xe – hoàn tiền 100%. Toàn bộ chi phí phát sinh, kể cả đã sang tên, cửa hàng chịu trách nhiệm và chịu mọi chi phí phát sinh ✅️Dịch vụ check xe giá 1.5 triệu - Cam kết check sai: Mua lại xe cho khách  ✅️Dịch vụ xử lý phạt nguội không giam bằng ✅️Dịch vụ xử rút hồ sơ, ra tên xe tại Đà Nẵng"
p22_s0_1774760844,BT-50,Unknown,2021.0,475.0,64000.0,Tự động,Dầu,Bán tải,Thái Lan,Cam,False,5,car_p22_s0_1774760844,🚘 Mazda BT50 2021 Nhập Thái 📌Sản xuất: 2021 📌Odo: 64.000 km  📌 Xe bán ra tại Phú Lâm Assured đầy đủ giấy tờ cam kết:   ✅ Không đâm đụng  ✅ Không ngập nước  ✅ Không tua đồng hồ odo  ✅Bảo đảm tính pháp lý. Giá: 475 triệu thương lượng Xem xe trực tiếp tại 📞***
p23_s11_1774761196,Mazda 6,2.0 Premium,2021.0,539.0,43000.0,Tự động,Xăng,Sedan,Khác,Đỏ,False,5,car_p23_s11_1774761196,"Mazda 6 2.0 Premium đời 2021 màu đỏ, xe đẹp, chạy êm.  - Odo 43.000 km.  - Động cơ xăng, hộp số tự động.  - Xe 5 chỗ, nội thất rộng rãi. - Giá bán:"
p23_s13_1774761217,Mazda 2,1.5 Luxury,2021.0,412.0,25000.0,Tự động,Xăng,Hatchback,Việt Nam,Trắng,True,5,car_p23_s13_1774761217,"bán xe mazda 2 bản luxury odo chuẩn 25000km 1 chủ sử dụng , mua và bảo dưỡng tại mazda Tân bình , ko đâm đụng bao check  xe có hỗ trợ ngân hàng trả trước 150tr"
p23_s19_1774761280,CX-5,Unknown,2021.0,688.0,60000.0,Tự động,Xăng,SUV,Khác,Đỏ,False,5,car_p23_s19_1774761280,e bán cx5 SX 2021 xe bản cao nhất. cam kết kiểm tra hãng thoải mái
p25_s6_1774763558,Mazda 6,2.0 Premium,2021.0,590.0,48000.0,Tự động,Xăng,Sedan,Việt Nam,Đen,False,5,car_p25_s6_1774763558,Mazda 6 sx 2021 bản premium cao nhất. Chạy cực ngon và đỉnh form dáng thể thao Xem xe quận 12 Cảm ơn ae xem tin
p25_s9_1774763592,BT-50,MT,2021.0,470.0,60000.0,Số sàn,Dầu,Pick-up (bán tải),Thái Lan,Trắng,True,5,car_p25_s9_1774763592,"Chính chủ cần bán Mazda BT50 số sàn 2 cầu, SX 2021 NK Thailand, Odo 6v, tình trạng mới trên 95%. Xe em đi kỹ, bảo dưỡng đầy đủ. Giá bán 470tr thương lượng. Xem Xe Linh Tây, Thủ Đức. ***."
p25_s16_1774763655,Mazda 3,1.5 Luxury,2021.0,485.0,81240.0,Tự động,Xăng,Sedan,Việt Nam,Đen,False,5,car_p25_s16_1774763655,"Mazda 3 Luxury đời 2021 màu đen, xe chạy 81.555 km.   - Thiết kế sang trọng, nội thất tiện nghi.  - Động cơ vận hành êm ái, tiết kiệm nhiên liệu.  - thích hợp vô lăng , ga tự động , sposrt tăng tốc , lẫy vô lăng , đàm thoại 2 chiều ,   - Xe giữ gìn cẩn thận, sẵn sàng sử dụng.  -Rin toàn tập, 2 khoá theo de dc 55 phước lý 9 tp dn"
p26_s9_1774763794,Mazda 3,Luxury,2021.0,520.0,65000.0,Tự động,Xăng,Sedan,Nhật Bản,Trắng,False,5,car_p26_s9_1774763794,Bán mazda 3 bản luxury 65k km xem xe tại daklak
p26_s15_1774763844,CX-8,Luxury,2021.0,695.0,79000.0,Tự động,Xăng,SUV / Cross over,Việt Nam,Khác,False,7,car_p26_s15_1774763844,"Mazda CX-8 2021 bản Luxury odo chuẩn 80ngàn bao test hãng . Xem xe tại Long Xuyên Quan tâm ae vui lòng alo trực tiếp,cảm ơn."
p26_s18_1774763878,Mazda 3,1.5 Premium,2021.0,572.0,38000.0,Tự động,Xăng,Sedan,Việt Nam,Khác,False,5,car_p26_s18_1774763878,"Mới về Mazda 3 Premium 2021   Được anh trai TP. Đà Lạt sử dụng ít, tình trạng còn rất đẹp chia sẻ lại  ✔️ Máy số, keo chỉ zin - không một lỗi nhỏ ✔️ Không đâm đụng – không ngập nước ✔️ Full lịch sử bảo dưỡng tại Mazda Đà Lạt ✔️ 5 lốp zin theo xe, lốp sơ cua chưa hạ ✔️ Nội ngoại thất giữ gìn, sạch sẽ  💰 Giá chào bán: 572 triệu (bao rút hồ sơ) 🏦 Hỗ trợ trả góp – trả trước từ 280 triệu  Xe gia đình chạy kỹ, ai đang tìm Mazda 3 bản Premium đời cao, odo thấp thì rất đáng xem!  ———————————————————————— 🎖️ Đồng Auto Đà Lạt 🏠 ĐC : 336 Hai Bà Trưng Đà Lạt Đăng tin ms Linh nhân viên bán xe và tư vấn góp   Anh chị quan tâm để lại tin nhắn hoặc lh em Linh hay anh Đồng gửi thêm hình ảnh và thông tin chi tiết về xe nha  #muabanoto #Dongautodalat #otoluot #otocu #ototragop"
p27_s0_1774763899,Mazda 3,1.5 Premium,2021.0,572.0,38000.0,Tự động,Xăng,Sedan,Việt Nam,Khác,False,5,car_p27_s0_1774763899,"Mới về Mazda 3 Premium 2021   Được anh trai TP. Đà Lạt sử dụng ít, tình trạng còn rất đẹp chia sẻ lại  ✔️ Máy số, keo chỉ zin - không một lỗi nhỏ ✔️ Không đâm đụng – không ngập nước ✔️ Full lịch sử bảo dưỡng tại Mazda Đà Lạt ✔️ 5 lốp zin theo xe, lốp sơ cua chưa hạ ✔️ Nội ngoại thất giữ gìn, sạch sẽ  💰 Giá chào bán: 572 triệu (bao rút hồ sơ) 🏦 Hỗ trợ trả góp – trả trước từ 280 triệu  Xe gia đình chạy kỹ, ai đang tìm Mazda 3 bản Premium đời cao, odo thấp thì rất đáng xem!  ———————————————————————— 🎖️ Đồng Auto Đà Lạt 🏠 ĐC : 336 Hai Bà Trưng Đà Lạt Đăng tin ms Linh nhân viên bán xe và tư vấn góp   Anh chị quan tâm để lại tin nhắn hoặc lh em Linh hay anh Đồng gửi thêm hình ảnh và thông tin chi tiết về xe nha  #muabanoto #Dongautodalat #otoluot #otocu #ototragop"
p28_s3_1774764083,CX-5,Unknown,2021.0,635.0,80000.0,Tự động,Xăng,SUV,Khác,Đỏ,False,5,car_p28_s3_1774764083,"ít sử dụng nên bán, xe có phanh điện tử, đề nổ, cửa trời, xe còn zin mới, đi kỹ giữ gìn cẩn thận, bác nào cần thì gọi cho e nhé"
p29_s4_1774764295,Mazda 3,1.5L Sport Premium,2021.0,564.0,55000.0,Tự động,Xăng,Hatchback,Khác,Cam,False,5,car_p29_s4_1774764295,"MAZDA 3 SPORT 2.0 PREMIUM 2021 - Rửa sơ là chạy.  Bản cao cấp nhất, ngập tràn công nghệ an toàn I-Activsense.  Động cơ 2.0 đạp ga là dính ghế, cảm giác lái cực sướng.  Odo 5.5 vạn km, lốp dày, gầm bệ chắc nịch.  Cam kết không lỗi , bao test hãng theo yêu cầu."
p29_s6_1774764320,BT-50,AT 4x2,2021.0,478.0,53000.0,Tự động,Dầu,SUV / Cross over,Khác,Khác,False,5,car_p29_s6_1774764320,"Mazda BT-50 2.2 4x2 AT đời 2021, số tự động, xe bán tải mạnh mẽ.  - Odo 53.000 km, xe giữ gìn cẩn thận.  - Thiết kế nam tính, nội thất rộng rãi.  - Giá 478 triệu."
p30_s16_1774764794,CX-8,Deluxe,2021.0,679.0,60000.0,Tự động,Xăng,SUV / Cross over,Việt Nam,Đen,False,7,car_p30_s16_1774764794,"✧ Bán xe Mazda CX8 Deluxe 2021, số tự động, máy xăng 2.5L, một cầu, màu đen, nội thất đen. ✧ ODO chuẩn: 60,000 KM. Full lịch sử hãng, chất xe chủ đi giữ kỹ rất mới. ✧ Xe trang bị: 7 chỗ, hệ thống đèn Full Led, ghế da chỉnh điện, màn hình giải trí, camera lùi, dán Film cách nhiệt, thảm lót sàn … ✧ TÌNH TRẠNG XE: Xe không lỗi, tuyệt vời, (động cơ, hộp số, keo chỉ, khung gầm) zin nguyên bản, nội ngoại thất sạch sẽ. ✧ XE ĐƯỢC CAM KẾT: Không tai nạn đâm đụng, không ngập nước, không tua KM, không phạt nguội. ✧ Xem xe bao thầy thợ kiểm tra và test hãng toàn quốc, bao Check theo yêu cầu người mua. ✧ Hỗ trợ vay ngân hàng. ✧ Hỗ trợ sang tên. ✧ Hỗ trợ giao xe toàn quốc. ✧ Bảo hành khi mua. ✧ Cam kết chất lượng bằng văn bản.  ✧ Có nhận giao lưu, trao đổi các dòng xe khác. ✧ Giá bán: 679,000,000 đ (còn thương lượng)."
p32_s10_1774765183,Mazda 3,1.5L Luxury,2021.0,530.0,28000.0,Tự động,Xăng,Sedan,Việt Nam,Đỏ,True,4,car_p32_s10_1774765183,"Chính chủ bán xe Mazda 3 bản Luxury đời 2021 màu đỏ, nữ dùng, đi ít (28000km). Cam kết xe không đâm đụng ngập nước, còn hạn đăng kiểm, BH thân vỏ tới T10/26. Lịch sử bảo dưỡng chính hãng. Miễn trung gian."
p32_s11_1774765191,CX-8,Luxury,2021.0,745.0,73000.0,Tự động,Xăng,SUV / Cross over,Khác,Trắng,False,7,car_p32_s11_1774765191,"Mazda CX8 bản Luxury sản xuất 2021, xe 7 chỗ rộng rãi.  - Odo 73.000km, xe còn mới.  - Màu trắng sang trọng.  - Động cơ mạnh mẽ, vận hành êm ái."
p34_s8_1774765555,CX-5,Premium,2021.0,699.0,40000.0,Tự động,Xăng,SUV,Khác,Đen,False,5,car_p34_s8_1774765555,"🇯🇵Mazda CX-5 2021 Premium ✔️ Odo: 4 vạn km – chạy chuẩn, còn rất mới ✔️ Bản Premium – full option:  • Ghế da chỉnh điện + nhớ ghế  • Cửa sổ trời  • Màn hình HUD hiển thị kính lái  • Cảnh báo điểm mù  • Cảnh báo lệch làn   Giá 699 triệu  🧰Có hỗ trợ vay ngân hàng 70% 🧰Có cam kết bằng văn bản 🧰Hỗ trợ lái thử kiểm tra hãng 📲 *** em Nhường #Cx5"
p34_s9_1774765567,Mazda 3,1.5 Premium,2021.0,567.0,27000.0,Tự động,Xăng,Sedan,Việt Nam,Trắng,False,5,car_p34_s9_1774765567,">> MAZDA 3 1.5 PREMIUM 2021 << 🚗 Năm sản xuất: 2021 - Màu: ĐỎ - Biển: TỈNH 🚗 ODO: 27.000 Km (ODO chuẩn không tua) 💰 𝗚𝗶𝗮́ 𝗖𝗼̂𝗻𝗴 𝗞𝗵𝗮𝗶 : 567 🌾 Hỗ trợ trả góp 70% - Thanh toán trước 190TR nhận xe (Thương lượng cho anh/em thiện chí luôn có giá 𝐔̛𝐮 Đ𝐚̃𝐢) ---------------------------------- 🏁 𝑯𝒐̂̃ 𝑻𝒓𝒐̛̣ 𝑳𝒂́𝒊 𝑻𝒉𝒖̛̉ 𝑻𝒂̣𝒊 𝑵𝒉𝒂̀ 𝑪𝒂̉𝒎 𝑵𝒉𝒂̣̂𝒏 𝑪𝒉𝒂̂́𝒕 𝑿𝒆 📲 𝐋𝐢𝐞̂𝐧 𝐡𝐞̣̂: (𝐌𝐫.𝐍𝐚𝐦)(𝐙𝐀𝐋𝐎) ---------------------------------- - Xe biển trắng GIA ĐÌNH - Nội thất xe còn mới - Chất xe đẹp - 4 Lốp zin theo xe, sơ cua chưa hạ  🎁 𝐏𝐡𝐮̣ 𝐊𝐢𝐞̣̂𝐧 𝐓𝐡𝐞𝐨 𝐗𝐞 - Phim cách nhiệt - Lót sàn, lót cốp, bọc vô lăng - Camera hành trình  📋 𝑪𝒂𝒎 𝑲𝒆̂́𝒕 𝑪𝒉𝒂̂́𝒕 𝑿𝒆 𝑩𝒂̆̀𝒏𝒈 𝑽𝒂̆𝒏 𝑩𝒂̉𝒏 🏅 THÔNG TIN XE MINH BẠCH 🏅 BẢO HÀNH LÊN ĐẾN 6 THÁNG HOẶC 10.000 KM 🏅 CAM KẾT XE KHÔNG ĐÂM ĐỤNG NGẬP NƯỚC 🏅 5 NGÀY LÁI THẬT CAM KẾT HOÀN TIỀN"
p36_s4_1774765914,BT-50,AT,2021.0,539.0,33000.0,Tự động,Dầu,Pick-up (bán tải),Thái Lan,Trắng,False,5,car_p36_s4_1774765914,Xe nhà ít đi nên bán  Mazda BT50 2021 4x2 số tự động  Xe đã chạy 33.000km còn mới keng   💎 Xe đã lên 300tr tiền đồ chơi 1. Mâm Black Rhino 18in 2. Vỏ Gai Bfgood rich 18in 3. Phuộc BP-51  4. Giáp gầm ARB  5. Đèn Laser Kenzo S900  6. Nắp thùng cuộn cơ  7. Phủ gầm GB  8. Fim cách nhiệt 3M Crystarlline  9. Ghế trượt điện hàng 2  10. Màn hình androi Zestech liền cam 360 phiên bản giới hạn cao cấp  11. Cảm biến áp suất lốp  12. Camera hành trình  13. Loa sub  14. Cách âm full xe  15. Trần da lộn Alcantara  16. Thảm sàn khuôn đúc  17. Cục xúc tác nhiên liệu BROQUET IN-LINE TOP FUELLER  18. Race chip công suất  19. Race chip chân ga    Xe không 1 lỗi nhỏ ( xem xe là ưng liền )  👉 Giá bán 569tr  Liên hệ xem xe trực tiếp tại số 8 đường 1A khu dân cư trung sơn xã bình hưng ( Quận 7 ) *** Đại em
p40_s15_1774766857,Mazda 3,2.0 Premium,2021.0,579.0,37000.0,Tự động,Xăng,Sedan,Khác,Cam,False,5,car_p40_s15_1774766857,Đổi mẹc GLC bán lại cho anh chị em chiếc mazda 3 bản Premium 2.0 sx 2021 rất hiếm. Xe nhà đi ít giữ gìn chỉ 37.000km. Chăm sóc bảo dưỡng định kỳ hãng.  Cam kết xe nguyên zin không đâm đụng ko ngập nước. Giá bán 5xx triệu. Ngân hàng hỗ trợ 70%. Xem xe thương lượng mua nhanh có giá ***.
p41_s11_1774767017,Mazda Other,Premium 2.0 AT,2021.0,695.0,38500.0,Tự động,Xăng,SUV / Cross over,Việt Nam,Xanh,False,5,car_p41_s11_1774767017,"🚘 Lên sóng #MAZDA_CX5 AT 2.0 Bản Premium máy xăng Date 12/2021 TP.HCM màu xanh Coban, 4 lớp thay mới, có dáng chống nhiệt 3M. bảo hiểm full xe 2 chiều còn hạn.  Odo 38.000 km đúng chuẩn full lịch sử hãng, còn 3.500 km nữa mới bảo dưỡng tiếp, Biển số TP.HCM  ✨ Máy móc bao Zin bao check hãng, Cam kết không cấn đụng , Không ngập nước Xe không lỗi lầm AE lấy về đi thôi  ✅ Option đồ chơi gồm:  👉 Camera hành trình quanh xe  👉 Màn hình  👉 Dàn đèn led  👉 Dàn thảm chân  👉 Màn hình vietmap  ✅ Giấy tờ hợp pháp, hỗ trợ sang tên toàn quốc ( thuế 2% ).   💵 Giá bán: 6xx triệu ( Sáu trăm mấy chục triệu XX lớn, Luôn hết đồ chơi )  👉 rút hồ sơ nhanh chóng và ship xe mọi miền tổ quốc  ☎️ 📞 Hotline: *** / *** (A. Phát)  📍 Xe đang nằm tại: 86 Đường 17A Bình Trị Đông B Quận Bình Tân TP.HCM   🔄 Nhận giao lưu, mua bán, trao đổi xe, hỗ trợ trả góp qua ngân hàng hoặc quẹt thẻ tín dụng.  🤝 Bao quay đầu tử 10% - 15% trong thời gian nhất định  💸 Hoa hồng hấp dẫn cho người giới thiệu"
p43_s3_1774767362,Mazda 3,1.5 Luxury,2021.0,498.0,24000.0,Tự động,Xăng,Sedan,Việt Nam,Khác,False,5,car_p43_s3_1774767362,"Bán Mazda 3 Luxury 1.5AT  Sản xuất : 2021  Lăn bánh : 24000 Km Xe cá nhân 1 đời chủ đứng tên sử dụng , chất xe nội ngoại thất đẹp như xe mới , bao check hãng hoặc garage bất kì Call / zalo : Nghĩa xem xe lái thử"
p44_s5_1774767569,BT-50,AT,2021.0,475.0,63000.0,Tự động,Dầu,Pick-up (bán tải),Thái Lan,Cam,False,5,car_p44_s5_1774767569,"BÁN TẢI NHƯ SUV - MAZDA BT-50 2021  Phiên bản 1 cầu số tự động - Nhập Thái  🔥 Cần gả em vợ hai Mazda BT-50 sản xuất 2021, bản 2.2L AT (số tự động) cho anh em thiện chí. Xe đi Odo chuẩn 63.000 Km - Bao Check  Ưu điểm: Xe đời cao, Vận hành mượt mà, cách âm tốt, trang bị sẵn nắp thùng  Cam kết: Không đâm đụng, không ngập nước, máy móc nguyên bản.  Giá bán: Chỉ 4xx triệu (Hỗ trợ trả góp nếu anh em cần).  Xem xe là ưng, lái thử là thích!"
p44_s19_1774767731,Mazda 2,Sport 1.5 Premium,2021.0,425.0,43000.0,Tự động,Xăng,Hatchback,Thái Lan,Đỏ,False,5,car_p44_s19_1774767731,"Mazda 2 Premium hatback 2021 - Màu đỏ - Nhập Thái  Mới odo 4 vạn - xe như mới Vì là bản cao nhất nên có đầy đủ tính năng an toàn (chỉ có trên bản Premium) - Màn hình HUD lái - Hệ thống cảnh báo điểm mù - Hệ thống cảnh báo phương tiện cắt ngang - Hê thống cảnh báo lệch làn đường - Hệ thống hổ trợ phanh thông minh - Hệ thống nhắc nhở người lái nghỉ ngơi ✌🏻 Chất xe mới 99% Tất cả các chi tiết nội ngoại thất như mới, rất yêu thương và giữ gìn xe, cam kết check hãng bất kỳ tuỳ chọn.  - Bảo trì bảo dưỡng định kỳ tại hãng. Full lịch sử hãng - xe mới mua bh 2 chiều tới 07/2026 Option đã lắp  ✌🏻 Đã Phủ gầm chống rỉ sét full gầm xe  ✌🏻 Thảm 6D full xe ✌🏻 Áp suất lốp cho xe ✌🏻 Bọc da tapi cửa hạn chế trầy xướt cho xe. Cam kết : tình trạng hoàn hảo, Bao soi rọi dưới mọi hình thức, bao check hãng bất kỳ  Khuyến khích khách mời thợ xịn đến hỗ trợ xem xe hoặc đưa vào hãng Mazda bất kỳ check"
p45_s9_1774767861,CX-3,Unknown,2021.0,485.0,55000.0,Tự động,Xăng,Hatchback,Thái Lan,Trắng,True,5,car_p45_s9_1774767861,"Chào bán MAZDA CX3  nhập khẩu nguyên chiếc từ thái lan tên tư nhân 1 chủ biển hà nội từ đầu cam kết xe không đâm va không ngập nước cam kết keo chỉ đinh tán nguyên zin theo nhà sản xuất cam kết máy số động cơ khung gầm nguyên bản  chạy zin 5,5 vạn kilomet ( không tua ) xe đã được trang bị thêm rất nhiều phụ kiện đồ chơi bao check bao test toàn quốc hỗ trợ bank 70% thủ tục nhanh gọn xin cảm ơn"
p45_s16_1774767948,Mazda Other,AT Luxury 4x2,2021.0,438.0,76000.0,Tự động,Dầu,SUV / Cross over,Thái Lan,Khác,False,5,car_p45_s16_1774767948,Xe nhà sử dụng cần bán MAZDA BT50 gầm mái cực êm nội thất đẹp vỏ đẹp bao xe không đâm đụng ngập nước xe zin 95% anh chị em có nhu cầu xin liên hệ
p46_s2_1774768029,Mazda Other,1.5 Luxury,2021.0,415.0,23000.0,Tự động,Xăng,Hatchback,Thái Lan,Trắng,True,5,car_p46_s2_1774768029,"Mazda 2 phiên bản 1.5 Luxury, sản xuất năm 2021, màu trắng tinh khôi. Xe 4 chỗ ngồi, phù hợp cho gia đình nhỏ hoặc di chuyển trong thành phố. Đây là một lựa chọn tuyệt vời cho những ai tìm kiếm một chiếc xe nhỏ gọn, phong cách và tiết kiệm nhiên liệu.  ✨ Xe được trang bị nhiều tính năng hiện đại, mang lại trải nghiệm lái xe thoải mái và an toàn:  * Ngoại thất màu trắng sang trọng, không tì vết. * Nội thất rộng rãi, thiết kế tinh tế. * Động cơ 1.5L mạnh mẽ, vận hành êm ái và tiết kiệm nhiên liệu. * Hộp số tự động mượt mà, dễ dàng điều khiển. * Hệ thống giải trí đa phương tiện, kết nối Bluetooth, USB. * Hệ thống an toàn đầy đủ: ABS, EBD, BA, cân bằng điện tử, hỗ trợ khởi hành ngang dốc. * Xe ít sử dụng, bảo dưỡng định kỳ. * Phù hợp cho cả nam và nữ, dễ dàng di chuyển trong phố. * Xe chính chủ, giấy tờ đầy đủ, sang tên nhanh chóng. * Kiểu dáng trẻ trung, năng động, thu hút mọi ánh nhìn.  Xe Mazda 2 1.5 Luxury 2021 là sự kết hợp hoàn hảo giữa thiết kế đẹp mắt, tính năng hiện đại và khả năng vận hành linh hoạt. Đây là một lựa chọn đáng cân nhắc cho những ai đang tìm kiếm một chiếc xe đô thị chất lượng."
p47_s0_1774768240,Mazda 2,1.5 Premium,2021.0,399.0,18000.0,Tự động,Xăng,Sedan,Thái Lan,Khác,False,5,car_p47_s0_1774768240,Xe ít đi nên mới 99% . Odo :18000km và bánh dư phòng chưa hạ
p47_s13_1774768383,CX-5,Deluxe 2.0 AT,2021.0,669.0,50000.0,Tự động,Xăng,SUV / Cross over,Việt Nam,Trắng,True,5,car_p47_s13_1774768383,"Tiếp tục về hàng hot: Mazda CX5 2.0 AT Deluxe sx 2021 - xe 1 chủ từ mới biển Hà Nội, odo 5 vạn km zin, nội ngoại thất nét căng, lốp vẫn còn theo xe sơ cua chưa hạ. - cam kết chất lượng xe bằng văn bản, check test đâu cũng được. Giá 669 tr. Đc: Nghĩa Đô, Hà Nội."
p47_s19_1774768455,Mazda 6,2.0 Premium GTCCC,2021.0,620.0,65000.0,Tự động,Xăng,Sedan,Việt Nam,Xanh,True,5,car_p47_s19_1774768455,"Mazda 6 2.0 Premium 2021, màu xanh, odo 65.000km. Xe full gói an toàn TCCC (i-Activsense), 1 chủ sử dụng, bảo dưỡng đầy đủ. Trang bị HUD, ghế da chỉnh điện nhớ ghế, phanh tay điện tử Auto Hold, màn hình CarPlay/Android Auto. Xe nguyên bản, không đâm đụng, không ngập nước. Bao check test, sang tên nhanh."
p49_s16_1774768919,BT-50,1.9 AT 4x2,2021.0,480.0,110000.0,Tự động,Dầu,Pick-up (bán tải),Khác,Cam,False,5,car_p49_s16_1774768919,"Mazda BT-50 1.9 AT Sản xuất: 2021 Xuất xứ : Thái Lan Odo : KM Giá : 480 TR Trang bị : đàm thoại rảnh tay, ra lệnh bằng giọng nói, ga tự động cruise contro, màn hình giải trí kết nối bluetooth, hỗ trợ đổ đèo, cảm biến và camera lùi, camera hành trình......  ❌Cam kết❌ ✅Bao không ngập nước, không đâm đụng. ✅Bao rút hồ sơ gốc . Hỗ trợ sang tên ✅Bao quay đầu 1 năm 10% theo giá thị trường ✅Có dán tem bảo hành ở các vị trí xung yếu ✅Hỗ trợ vay ngân hàng lãi suất ưu đãi. ✅Bảo hành 6 tháng hoặc 10.000km động cơ, máy móc.  ✅Bảo dưỡng thay nhớt một lần miễn phí trước khi giao xe.  ✅Hỗ trợ test hãng có văn bản _________________________________ ----THẮNG TRẦN AUTO---- CHUYÊN MUA BÁN - TRAO ĐỔI XE ĐÃ QUA SỬ DỤNG. XE ĐÃ QUA KIỂM ĐỊNH CHẤT LƯỢNG VÀ CÓ BẢO HÀNH ---------------------- ----------------------"
p1_s3_1774726175,CX-5,Luxury 2.0 AT,2022.0,685.0,16000.0,Tự động,Xăng,SUV / Cross over,Việt Nam,Khác,False,5,car_p1_s3_1774726175,Mình cần bán Mazda CX5 Model 2022 Sản xuất 2021 Luxury 16.000KM Siêu mới đi cực ngon Fom dáng Sang trọng đẳng cấp anh chị có nhu cầu xin liên hệ
p1_s16_1774726306,CX-5,Premium,2022.0,725.0,14000.0,Tự động,Xăng,SUV / Cross over,Việt Nam,Cam,True,5,car_p1_s16_1774726306,Mazda Cx5 premium 2022 lướt 14.000 km.  100% bảo dưỡng hãng. sơn zin cả xe. Một chủ mua mới 12/2022 thơm mùi xe mới.  Tiết kiệm hơn 200tr mua mới + phụ kiện giá trị camera màn hình 360 + film 3m + phủ Cecramic vvv Check test giao toàn quốc tận nhà khách. Xe xe tại nhà Chợ Tam Hà Thủ Đức  Anh Chị thiện chí liên hệ trực tiếp để được báo giá *** .  Vì lí do cv di chuyển không tiện trả lời tin nhắn xin thông cảm . Xin Cám ơn
p2_s7_1774726445,CX-30,Premium 2.0 AT,2022.0,635.0,90000.0,Tự động,Xăng,SUV / Cross over,Thái Lan,Đỏ,False,5,car_p2_s7_1774726445,MAZDA CX30 2022 PREMIUM MÀU ĐỎ THỐNG SỐ XE  • ODO : 9 VẠN  • ĐỘNG CƠ : 2.0 • Đề nổ . Cửa nóc . Phanh tay điện tử . Auto hold . Nhớ ghế . Cốp điện . Cảnh báo điểm mù . Điều hoà tự động .. Cruise Control . Chống trơn trượt . Màn hình cam lùi .   📞 𝐇𝐨𝐭𝐥𝐢𝐧𝐞 : *** — BONAUTO SAU BIG C LONG BIÊN   SỐ 8 VŨ ĐỨC THẬN - PHƯỜNG VIỆT HƯNG - LONG BIÊN - HÀ NỘI
p3_s10_1774726731,BT-50,MT,2022.0,450.0,50000.0,Số sàn,Dầu,Pick-up (bán tải),Khác,Đỏ,False,5,car_p3_s10_1774726731,"Mazda BT50 màu đỏ, đăng ký 2022, odo 50.000 km , 5 vỏ còn theo xe ,xe đẹp k lỗi nhỏ  - Xe số sàn, vận hành mạnh mẽ, bền bỉ.  - Thiết kế bán tải khỏe khoắn, phù hợp nhiều mục đích sử dụng.  - Xe giữ gìn cẩn thận, sẵn sàng lăn bánh."
p4_s7_1774726887,Mazda 6,Premium 2.0 AT,2022.0,679.0,29000.0,Tự động,Xăng,Sedan,Việt Nam,Khác,True,5,car_p4_s7_1774726887,"Mazda 6 bản 2.0 Premium TCCC 2022 một chủ mua mới từ đầu đi đúng 29 ngàn km 4 vỏ theo xe, sơ cua chưa hạ nguyên zin bao check toàn quốc option ngập tràn : loa Bose, Mâm lớn, ghế chỉnh điện, nhớ vị trí, làm mát ghế..v..v giá bán bao sang tên và còn thương lượng"
p4_s8_1774726899,CX-5,Premium,2022.0,735.0,30000.0,Tự động,Xăng,SUV,Việt Nam,Trắng,True,5,car_p4_s8_1774726899,"Mazda Cx5 premium sx 2022 Màu trắng/nt đen Lăn bánh: 3 vạn ( full lịch sử hãng) Một chủ từ mới,5 lốp theo xe dày bịch,sơ cua chưa hạ * Cam Kết - khung giằng,động cơ,hộp số nguyên bản - k đâm đụng ảnh hưởng kết cấu khung gầm,sắt xi,cột kèo - keo chỉ,kilomet nguyên zin - k ngập nước,thuỷ kích - pháp lý chính chủ Xin vui lòng liên hệ trực tiếp. Trân trọng cảm ơn!"
p4_s10_1774726917,CX-5,2.0 Deluxe,2022.0,675.0,58000.0,Tự động,Xăng,SUV / Cross over,Việt Nam,Trắng,True,5,car_p4_s10_1774726917,🌾 tầm tiền hơn 600tr quá hợp lý cho mẫu xe bán chạy nhất thị trường việt nam. trẻ trung gầm cao.   🚘 MAZDA CX5 2.0AT SX 2022 model 2023 lăn bánh tí km màu trắng mẹ mắng cũng mua. xe 1 chủ mua từ mới.   👉 cam kết sâu về chất lượng sơn zin 98%hỗ trợ ngân hàng đến 70% giá trị xe  👉 lh em phát giá tốt 📞 ***
p4_s14_1774726966,CX-3,Luxury,2022.0,505.0,40000.0,Tự động,Xăng,SUV,Khác,Đỏ,False,5,car_p4_s14_1774726966,Cx3 2022 luxury  odo 4 vạn km siêu đẹp  xe rất đẹp. k lỗi nhỏ  bao tes Check theo yêu cầu  nhà đang có 2 xe giống nhau  Quý khách được lựa chọn nhé
p4_s15_1774726979,Mazda Other,Premium 2.0 AT,2022.0,700.0,34000.0,Tự động,Xăng,SUV / Cross over,Việt Nam,Cam,False,5,car_p4_s15_1774726979,"Cần bán xe gia đình đang sử dụng. Xe rất ít đi, đi rất kỹ. Xe sơn zin 100% chưa dặm sơn. Lốp theo xe, sơ cua chưa hạ. Cam kết không đâm đụng ngập nước Check test hãng thoải mái. Xem xe tại nhà."
p4_s17_1774726996,CX-30,Premium,2022.0,630.0,70000.0,Tự động,Xăng,SUV,Khác,Khác,True,5,car_p4_s17_1774726996,"Mới về Mazda CX30 premium sản xuất 2022 nhập khẩu Thái Lan, full lịch sử hãng một chủ từ mới, chạy 7 vạn km hơn đẹp hết nước chấm Chất xe mới tinh nội thất cực mới không 1 lỗi nhỏ, xe mới tinh lăn bánh 850 Triệu giờ em bán chỉ 635 triệu"
p6_s10_1774727338,Mazda Other,Premium,2022.0,715.0,36000.0,Tự động,Xăng,SUV / Cross over,Việt Nam,Cam,True,5,car_p6_s10_1774727338,"Bán xe mazda cx5 sx 2022 bản premium cao cap nhat , xe 1 chủ từ mới odo 36000 km pull lịch sử hãng , xe đi dữ din cẩn thân còn như mới , cam kết nguyên bản , bao chech tet toàn quốc ."
p6_s14_1774727384,CX-30,Premium,2022.0,630.0,70000.0,Tự động,Xăng,SUV,Thái Lan,Khác,True,5,car_p6_s14_1774727384,"NHẬP KHẨU CÓ ADAS NHÉ: Mazda CX30 premium sản xuất 2022 nhập khẩu Thái Lan, full lịch sử hãng một chủ từ mới, chạy 7 vạn km hơn đẹp hết nước chấm Chất xe mới tinh nội thất cực mới không 1 lỗi nhỏ, xe có adas phanh khoảng cách an toàn xe phía trước, căn chỉnh làn đường, cruicontrol.."
p6_s18_1774727434,Mazda 6,2.0L Premium,2022.0,679.0,29000.0,Tự động,Xăng,Sedan,Việt Nam,Trắng,False,5,car_p6_s18_1774727434,"✅️✅️✅️ ĐI PHỐ ÊM, ĐI XA ỔN, THẾ LÀ ĐỦ.  ==========  Sedan hạng D Động cơ SkyActiv-G 2.0L Công suất 154 mã  Hộp số: Tự động 6 cấp  Mức tiêu hao nhiên liệu 6–7L/100km hỗn hợp  Đèn trước LED sắc nét, có tự động bật/tắt Mâm hợp kim 19 inch  Ghế da cao cấp Ghế lái chỉnh điện + nhớ 2 vị trí  Màn hình trung tâm 7 inch Hệ thống Mazda Connect Apple CarPlay / Android Auto Âm thanh 11 loa Bose cao cấp  Điều hoà tự động 2 vùng Phanh tay điện tử + Auto Hold  6 túi khí Cân bằng điện tử Camera lùi  Cảnh báo điểm mù Cảnh báo phương tiện cắt ngang Cảnh báo lệch làn  Hỗ trợ giữ làn... ==================  MAZDA 6 PREMIUM 2.0 ĐỜI 2022  Odo 29.000 km  Nội Ngoại thất long lanh   Bao kiểm tra hãng, rút hồ sơ gốc.  Thủ tục hồ sơ rõ ràng nhanh gọn  Hỗ trợ bank 65%"
p7_s10_1774727555,CX-8,2.5 Premium,2022.0,829.0,56000.0,Tự động,Xăng,SUV / Cross over,Việt Nam,Xám,False,7,car_p7_s10_1774727555,"Mazda CX8 2022 Premium 2.5L, 1 cầu,màu xám còn rất mới đẹp. - Odo 56.000 km, biển số 49 Lâm Đồng.. - Trang bị camera 360,2 ghế chỉnh điện,loa bose, cốp điện,... - Đăng kiểm đến 8/2026. * Giá bán 829 triệu còn bớt lộc. * Bao rút hồ sơ gốc. * Hỗ trợ sang tên các tỉnh. * Hỗ trợ hồ sơ trả góp ngân hàng. * Hỗ trợ giao xe tận nơi. * Thu đổi xe tận nơi giá cao.  *** Cam kết chất lượng xe bán ra : + Không tai nạn, không cháy nổ  + Không ngập nước, thủy kích. + Động cơ,hộp số, khung gầm nguyên bản. + Bảo hành 6 tháng/5000km cho động cơ, hộp số."
p8_s5_1774727706,Mazda 3,1.5L Luxury,2022.0,530.0,90000.0,Tự động,Xăng,Sedan,Khác,Đỏ,False,5,car_p8_s5_1774727706,"Mazda 3 2022 bản luxury 1 Đời Chủ Odo 9v bao chuẩn , gầm bệ khoan máy sáng bóng cực kỳ đẹp , Keo Chỉ Máy Số Zin .  Bao không đâm đụng , ngập lụt , thuỷ kích ạ . Xe Chuẩn có sơn dậm spa vài chỗ , có sao nói vậy cho khỏi mất thời gian , bao thầy thợ test check kiểu gì cũng đc hết ạ .  Giá 530tr ☎️ ***"
p11_s15_1774728305,Mazda 3,1.5L Luxury,2022.0,545.0,38000.0,Tự động,Xăng,Hatchback,Khác,Xám,False,5,car_p11_s15_1774728305,"Mazda 3 1.5 Luxury đời 2022 màu xám, xe còn mới, chạy êm.  - Odo 38.000 km, nguyên bản.  - Hộp số tự động, lái mượt.  - Giá 545 triệu."
p11_s16_1774728314,CX-8,Premium,2022.0,829.0,57000.0,Tự động,Xăng,SUV,Khác,Cam,False,7,car_p11_s16_1774728314,"🚗Mazda CX8 Premium 2022 - Odo: 57000km -Trang bị:đèn full led,cảm biến trước- sau, cảnh báo điểm mù, camera 360,mâm lốp nguyên zin theo xe,cửa sổ trời,màn hình zin theo xe, ghế da nappa,ghế tài ghế phụ chỉnh điện, nhớ ghế lái 2 vị trí, phanh tay điện tử, auto hold,cruise control,... - Giá: 829- bớt lộc, hỗ trợ bank ☎️ *** Thy"
p11_s17_1774728323,Mazda 2,Deluxe,2022.0,355.0,55000.0,Tự động,Xăng,Hatchback,Thái Lan,Xám,False,5,car_p11_s17_1774728323,*. Mazda2 deluxe sx:2022 nhập thái *. Chủ xe đã vô 50triệu option  *. Odo:55000km full lịch sử hãng *. Cam kết xe k lỗi cấn đụng ngập nước *. Bảo hành cửa hàng động cơ và họp số 6tháng/10000km *. Hổ trợ trả góp 70%_nhận đổi xe bù trừ
p13_s7_1774728568,Mazda 6,2.5 Signature,2022.0,700.0,54000.0,Tự động,Xăng,Sedan,Khác,Cam,False,5,car_p13_s7_1774728568,"🚘 Mazda6 2.5 Signature Premium GTCCC Sản xuất : 2022 Odo : 54.000 km Giá : 700tr  Trang bị : Camera hành trình , Phim cách nhiệt , Lót sàn , Da Nappa , Loa Bose , Điều hoà tự động 2 vùng độc lập , Fornt Radar ......  ❌Cam kết❌ ✅Bao không ngập nước, không đâm đụng. ✅Bao rút hồ sơ gốc . Hỗ trợ sang tên ✅Bao quay đầu 1 năm 10% theo giá thị trường ✅Có dán tem bảo hành ở các vị trí xung yếu ✅Hỗ trợ vay ngân hàng lãi suất ưu đãi. ✅Bảo hành 6 tháng hoặc 10.000km động cơ, máy móc.  ✅Bảo dưỡng thay nhớt một lần miễn phí trước khi giao xe.  ✅Hỗ trợ test hãng có văn bản _________________________________ ----THẮNG TRẦN AUTO---- CHUYÊN MUA BÁN - TRAO ĐỔI XE ĐÃ QUA SỬ DỤNG. XE ĐÃ QUA KIỂM ĐỊNH CHẤT LƯỢNG VÀ CÓ BẢO HÀNH ---------------------- ----------------------"
p13_s10_1774728597,Mazda 2,1.5L Sport Luxury,2022.0,535.0,3700.0,Tự động,Xăng,Sedan,Việt Nam,Trắng,False,5,car_p13_s10_1774728597,"Mazda3 1.5 trắng sport hatback luxury 2022, đăng ký 2023 đi 3.7 vạn 535 trđ  Lh: *** trao đổi kĩ thông tin và xem xe tại 1197 Giải phóng - Hoàng Mai - Hà Nội  #mazda3 #mazda"
p14_s7_1774759046,Mazda 6,2.5 Signature,2022.0,700.0,54000.0,Tự động,Xăng,Sedan,Khác,Cam,False,5,car_p14_s7_1774759046,"🚘 Mazda6 2.5 Signature Premium GTCCC Sản xuất : 2022 Odo : 54.000 km Giá : 700tr  Trang bị : Camera hành trình , Phim cách nhiệt , Lót sàn , Da Nappa , Loa Bose , Điều hoà tự động 2 vùng độc lập , Fornt Radar ......  ❌Cam kết❌ ✅Bao không ngập nước, không đâm đụng. ✅Bao rút hồ sơ gốc . Hỗ trợ sang tên ✅Bao quay đầu 1 năm 10% theo giá thị trường ✅Có dán tem bảo hành ở các vị trí xung yếu ✅Hỗ trợ vay ngân hàng lãi suất ưu đãi. ✅Bảo hành 6 tháng hoặc 10.000km động cơ, máy móc.  ✅Bảo dưỡng thay nhớt một lần miễn phí trước khi giao xe.  ✅Hỗ trợ test hãng có văn bản _________________________________ ----THẮNG TRẦN AUTO---- CHUYÊN MUA BÁN - TRAO ĐỔI XE ĐÃ QUA SỬ DỤNG. XE ĐÃ QUA KIỂM ĐỊNH CHẤT LƯỢNG VÀ CÓ BẢO HÀNH ---------------------- ----------------------"
p14_s10_1774759085,Mazda 2,1.5L Sport Luxury,2022.0,535.0,3700.0,Tự động,Xăng,Sedan,Việt Nam,Trắng,False,5,car_p14_s10_1774759085,"Mazda3 1.5 trắng sport hatback luxury 2022, đăng ký 2023 đi 3.7 vạn 535 trđ  Lh: *** trao đổi kĩ thông tin và xem xe tại 1197 Giải phóng - Hoàng Mai - Hà Nội  #mazda3 #mazda"
p15_s4_1774759244,Mazda Other,Premium,2022.0,765.0,59000.0,Tự động,Xăng,SUV / Cross over,Việt Nam,Khác,False,5,car_p15_s4_1774759244,Em cần bán giùm ông con xe. 1 đời chủ mua mới  Bao check tees mọi hình thức. Odo mới 59 ngìn cây Xem xe lộc ninh bình phước cũ  Ace cần cứ alo e nhé. E dẫn tới nhà Giá cả còn thương lượng
p15_s14_1774759367,CX-30,Luxury 2.0 AT,2022.0,585.0,62000.0,Tự động,Xăng,SUV / Cross over,Khác,Khác,False,5,car_p15_s14_1774759367,"🚗Mazda CX-30 Luxury 2022 – Xe Đẹp, Giá Tốt 🔥 🚗 Odo: 62.000 km 💰 Giá: 585 triệu  ✅ Keo chỉ, máy số nguyên zin ✅ Lốp theo xe, xe gia đình đi kỹ  ⚙️ Động cơ 2.0 – HUD kính lái – Cốp điện – Ghế chỉnh điện.  ✔️ Check test thoải mái ✔️ Giao xe toàn quốc – xem xe tại nhà BMT ✔️ Hỗ trợ ngân hàng 60%  📞 Hotline/Zalo: *** 💬 Inbox để xem xe chi tiết"
p16_s1_1774759460,CX-8,2.5 Premium,2022.0,870.0,43000.0,Tự động,Xăng,SUV / Cross over,Việt Nam,Xanh,True,7,car_p16_s1_1774759460,"Mazda CX 8 2.5AT 2022 bản Premium, Form mới có cửa nóc, màu xanh dương, xe cá nhân mua mới từ đầu, xe sử dụng kỹ, bảo dưỡng full, còn rất mới, vỏ sơ cua chưa hạ, bao kiểm tra test hãng toàn quốc. - Xe trang bị: Ghế da chỉnh điện, màn hình kết nối apple carplay, androi auto, cảm biến trước sau, cửa nóc, gương chỉnh điện, ga tự động Cruise Control… - Giá 870 tr, còn bớt khi xem xe. - Hỗ trợ góp qua NH - Cam kết xe không cấn đụng, thủy kích, không phạt nguội, bao kiểm tra, test hãng. - Cảm ơn ac đã quan tâm LH ĐT bên dưới để xem xe"
p16_s16_1774759645,CX-30,Premium 2.0 AT,2022.0,620.0,71268.0,Tự động,Xăng,SUV / Cross over,Thái Lan,Cam,False,5,car_p16_s16_1774759645,"🚘🚘🚘 MAZDA CX-30 Premium. Sản xuất 2022, Nhập khẩu. 5 chỗ ngồi gầm cao. Odo 7 vạn ☑️ Option : Nội thất da. Ghế chỉnh điện có nhớ vị trí ghế, Cốp điện, cửa sổ trời, Hệ thống lái thông minh sensing ( tự lái, tự thắng). Phanh tay nút, chế độ chạy sport. Lạnh auto 2 vùng riêng biệt. Khoá thông minh đề nút. Đèn pha & gạt mưa auto. Cảnh báo điểm mù, cam lùi và cảm biến. Màn hình kết nối apple carplay.  ✔️ Xe đã qua kiểm tra chất lượng. Không lỗi nhỏ.   ✔️ Hỗ trợ ngân hàng nhanh chóng."
p17_s4_1774759760,Mazda 3,1.5L Deluxe,2022.0,555.0,35000.0,Tự động,Xăng,Sedan,Khác,Trắng,False,5,car_p17_s4_1774759760,"#Mazda3 #Deluxe 2022 ĐK 11/2022 Ngọc Trinh - Biển Hà Nội  👉 Lướt 3v5 km zin - bảo dưỡng full hãng - Sơn zin đến 90%  👉 Nội thất nguyên nilon mới cứng  👉 máy móc gầm bệ cực sáng  ⛔️ có văn bản check & full ảnh check bên ô tô chữ tín 4/2025  Lốp zin theo xe dầy bịch - sơ cua mới cứng    ❌Cam kết❌  ✅Bao không ngập nước, không đâm đụng.  ✅Bao rút hồ sơ gốc . Hỗ trợ sang tên  ✅Bao quay đầu 1 năm 10% theo giá thị trường  ✅Có dán tem bảo hành ở các vị trí xung yếu  ✅Hỗ trợ vay ngân hàng lãi suất ưu đãi.  ✅Bảo hành 6 tháng hoặc 10.000km động cơ, máy móc.  ✅Hỗ trợ test hãng có văn bản  _________________________________   ----BOSS CAR----  Địa chỉ: 68 Lê Văn Lương, Thanh Xuân, Hà Nội  CHUYÊN MUA BÁN - TRAO ĐỔI XE ĐÃ QUA SỬ DỤNG.  XE ĐÃ QUA KIỂM ĐỊNH CHẤT LƯỢNG VÀ CÓ BẢO HÀNH ----------------------  ----------------------"
p20_s16_1774760584,CX-8,2.5 Premium,2022.0,865.0,50000.0,Tự động,Xăng,SUV / Cross over,Việt Nam,Đen,False,7,car_p20_s16_1774760584,"Xe gia đình đi kỹ cần bán  Mazda CX-8 Premium 2022 màu xanh đen, xe 7 chỗ rộng rãi, phù hợp gia đình.   - ODO 5v km, xe chạy xăng, số tự động.   - Thiết kế sang trọng, nội thất tiện nghi.   - Động cơ mạnh mẽ, vận hành êm ái. Full ls hãng  Xem xe tại hóc môn"
p21_s4_1774760672,Mazda 3,Luxury,2022.0,560.0,40000.0,Tự động,Xăng,Sedan,Khác,Đỏ,False,5,car_p21_s4_1774760672,Mazda 3 luxury 2022 4v km ăn xăng như ngửi Zin all xe đẹp lắm
p21_s13_1774760769,CX-3,Premium,2022.0,535.0,538266.0,Tự động,Xăng,SUV,Khác,Đỏ,False,5,car_p21_s13_1774760769,Mazda cx3 2022 pre. Rất mới. Đỏ phê pha. Chị em đi chợ hết nấc.
p21_s17_1774760810,Mazda 3,1.5L Deluxe,2022.0,525.0,35000.0,Tự động,Xăng,Sedan,Việt Nam,Khác,True,5,car_p21_s17_1774760810,"Mazda đời 2022 , xe 1 chủ từ đầu , xe ko có điểm chê , mua về như mới , odo 35ngàn , bớt ít lộc người thiện chí mua"
p22_s4_1774760889,CX-3,Luxury 1.5 AT,2022.0,515.0,30000.0,Tự động,Xăng,SUV / Cross over,Khác,Khác,False,5,car_p22_s4_1774760889,"Phúc Lâm auto chào bán  🚘 MAZDA CX3 LUXURY, ĐỜI 2022. 💲Giá: 5xx tr 👉Động cơ: 1.5L 👉ODO: 3 Vạn km 👉Số chỗ: 5 chỗ 👉Hộp số: Tự động Tới trực tiếp Showroom của PHÚC LÂM AUTO CS1: KM2 - QL 3, MAI LÂM, ĐÔNG ANH  CS2: 686 NGUYỄN VĂN CỪ, LONG BIÊN"
p22_s8_1774760935,Mazda 3,1.5L Sport Premium,2022.0,579.0,36000.0,Tự động,Xăng,Hatchback,Khác,Khác,False,5,car_p22_s8_1774760935,"MAZDA 3 SPORT PREMIUM 2022 Hatchback phân khúc C, bản cao cấp nhất:  ODO: 36.000 km (Chuẩn, bảo dưỡng hãng) Tình trạng: Xe gia đình, sơn zin nguyên bản 💰 Giá bán: 579 Triệu (Còn TL )  📍 Xem xe tại: TP. HCM 📞 Liên hệ:"
p23_s5_1774761123,CX-30,Premium 2.0 AT,2022.0,630.0,70000.0,Tự động,Xăng,SUV / Cross over,Thái Lan,Khác,True,5,car_p23_s5_1774761123,"Mới về Mazda CX30 premium sản xuất 2022 nhập khẩu Thái Lan, full lịch sử hãng một chủ từ mới, chạy 7 vạn km hơn đẹp hết nước chấm Chất xe mới tinh nội thất cực mới không 1 lỗi nhỏ, xe mới tinh lăn bánh 850 Triệu"
p23_s10_1774761183,Mazda Other,2.5 Premium AWD,2022.0,738.0,49000.0,Tự động,Xăng,SUV / Cross over,Việt Nam,Cam,True,7,car_p23_s10_1774761183,Xe 1 chủ mua mới từ đầu full lịch sử bảo dưỡng hãng mua về chỉ việc sử dụng 5 lốp theo xe dự phòng chưa chạm đất mua về chỉ việc sử dụng cửa hàng cam kết xe không đâm đụng ngập nước máy móc nguyên zin chưa mở bao Test hãng toàn quốc giá cả còn thương lượng trước đỉnh ￼￼
p23_s12_1774761208,Mazda 3,Premium,2022.0,578.0,36000.0,Tự động,Xăng,Sedan,Khác,Cam,True,5,car_p23_s12_1774761208,"Mazda 3 Sporty 2022 Premium 1 chủ HCM Odo 36.000km full lịch sử hãng Xe cam kết nguyên zin, không đâm đụng ngập nước Giá 578tr bao công chứng + rút gốc Nhận trao đổi bù trừ lên đời tất cả các dòng Alo em xem xe tại Q.Tân Bình - ***"
p23_s14_1774761224,CX-8,2.5 Premium,2022.0,899.0,30000.0,Tự động,Xăng,SUV,Khác,Xám,False,6,car_p23_s14_1774761224,"Mazda Cx8 2.5 Premium AWD 6S sản xuất 2022 , màu xám , lăn bánh 3v km zin - full bảo dưỡng hãng…"
p23_s15_1774761233,Mazda 3,Sport 1.6 AT,2022.0,525.0,69000.0,Tự động,Xăng,Sedan,Việt Nam,Trắng,False,5,car_p23_s15_1774761233,"Nhà có 1 cặp Mazda3 trắng tinh khôi ạ! 👉 M3 Sport Luxury Hatchback 5 cửa sx 2022 đăng ký 2023 odo 3,6 vạn  👉 M3 Delux AT 2022 Sedan lên nhiều đồ chơi"
p23_s17_1774761257,CX-8,2.5 Premium,2022.0,870.0,43000.0,Tự động,Xăng,SUV / Cross over,Việt Nam,Khác,False,7,car_p23_s17_1774761257,"CẦN BÁN CX8 PREMIUM 2022 FORM MỚI  Ưu đãi: ✅ Hỗ trợ vay ngân hàng 70% định giá.  ✅ Bao test hãng toàn quốc.  ✅ Bảo hành từ 3 - 6 tháng.  ✅ Tặng spa bảo dưỡng, thay nhớt khi giao xe.  ✅ Nhận trao đổi bù trừ xe khác.  ✅ Giao xe tận nơi toàn quốc.   🚩 Xem xe tại KĐT Vạn Phúc, Thủ Đức, TpHCM.   👉 TƯ VẤN NHIỆT TÌNH - HỖ TRỢ HẾT MÌNH !!!  ☎️ Vui lòng liên hệ số điện thoại bên dưới để được tư vấn chi tiết."
p25_s1_1774763506,Mazda 3,Premium,2022.0,539.0,35000.0,Tự động,Xăng,Hatchback,Việt Nam,Đỏ,False,5,car_p25_s1_1774763506,"Mazda 3 Sport Premium màu đỏ, thiết kế thể thao, nội thất sang trọng,bản cao cấp Xe bảo dưỡng full hãng bao check toàn quốc giao xe tận nơi có đổi xe hỗ trợ trả góp 70%"
p25_s7_1774763570,CX-5,2.0 Deluxe,2022.0,660.0,18668.0,Tự động,Xăng,SUV / Cross over,Khác,Đỏ,False,5,car_p25_s7_1774763570,"🚗Em chào bán”𝐌𝐚𝐳𝐝𝐚 𝐂𝐱-𝟓 𝟐𝟎𝟐𝟐 𝐃𝐞𝐥𝐮𝐱𝐞”odo chuẩn:18.000km,full lịch sử bảo dưỡng hãng,nguyên rin-nguyên bản ,sơn zin 95%,4 lốp rin theo xe,sơ cua chưa chạm đất…  🏦Hổ trợ bank 65% giá trị xe,trả trước 215tr nhận xe về ngay ạ 🥰  ✍️Có cam kết văn bản,bảo hành 12 tháng cho khách hàng.  ❌Khách hàng được checktest kiểm tra bên thứ 3 theo yêu cầu trước khi giao dịch.  --------------------------------------------------  𝐓𝐡𝐚̀𝐧𝐡 Đ𝐚̣𝐭 𝐀𝐮𝐭𝐨-𝐂𝐡𝐮𝐲𝐞̂𝐧 𝐌𝐮𝐚 𝐁𝐚́𝐧,𝐓𝐫𝐚𝐨 Đ𝐨̂̉𝐢 𝐎𝐭𝐨 𝐂𝐮̃ 𝐓𝐨𝐚̀𝐧 𝐐𝐮𝐨̂́𝐜 📍Địa chỉ:Lô 04 Lê Đức Thọ,Sơn Trà,Đà Nẵng ⌨️FB:Thành Đạt Auto-Chuyên Mua,Bán Oto Đã Qua Sử Dụng 📱Hotline:*** ( Thành)  *** (A Đạt)"
p26_s2_1774763715,Mazda 3,1.5L Luxury,2022.0,526.0,50000.0,Tự động,Xăng,Sedan,Khác,Đỏ,True,5,car_p26_s2_1774763715,"MAZDA 3 LUXURY 2022 một chủ từ mới đi hơn 4v bảo dưỡng full hãng.  Lốp theo xe cả dàn  Xe cam kết không đâm va ngập nước bao check test theo yêu cầu lỗi tặng xe.  Ace quan tâm lh: *** Xem xe tại 112, đường Bắc Nam, p. Phan Đình Phùng, Thái Nguyên."
p26_s7_1774763770,Mazda 3,Deluxe,2022.0,505.0,70000.0,Tự động,Xăng,Sedan,Khác,Vàng,False,5,car_p26_s7_1774763770,"📣📣 🚘 🚘 MAZDA 3 2022 - Lựa chọn hoàn hảo!  👉 Odo chuẩn: 7vạn 👉 Phiên bản : Deluxe 👉Tình trạng xe hiện tại : Xe zin từ máy móc đến gầm bệ, nội - ngoại thất sạch đẹp.  ✅Trang bị hiện đại: - Start/Stop tiện lợi - Đàm thoại rảnh tay - Gương kính chỉnh điện - Điều hòa auto - Hệ thống an toàn tiêu chuẩn - Vô vàng các option…  💁 Chủ cũ đã trang bị thêm dán film, cam hành trình, camera 360,...vv…  💯 Cam kết uy tín: - Không đâm đụng, không thủy kích - Bảo hành 1 năm bao quay đầu  💰 Giá ưu đãi: Chỉ từ 505tr bao rút hs gốc ( Có hỗ trợ sang tên ) 📲 xem xe trực tiếp liên hệ hotline   🔥 Nhanh tay, xe đẹp không chờ lâu!"
p29_s1_1774764266,CX-5,Signature,2022.0,725.0,30000.0,Tự động,Xăng,SUV,Khác,Đỏ,False,5,car_p29_s1_1774764266,"Mazda CX-5 Signature AWD màu đỏ, thiết kế thể thao, nội thất sang trọng. Model 2023  - Động cơ mạnh mẽ, vận hành êm ái.   - Trang bị nhiều tính năng an toàn, tiện nghi.   - Xe sẵn sàng lăn bánh."
p29_s8_1774764343,Mazda 3,Luxury,2022.0,550.0,30000.0,Tự động,Xăng,Sedan,Khác,Trắng,False,5,car_p29_s8_1774764343,"Mazda 3 luxury sản xuất 2022 30.000.000km, bao check-test  Giá 550.000.000"
p30_s10_1774764730,CX-3,Premium,2022.0,570.0,26000.0,Tự động,Xăng,SUV,Khác,Xám,False,5,car_p30_s10_1774764730,"Em có con mazda CX3 bản premium mua cuối năm 2022 còn rất mới - ô tô sạch sẽ đẹp chưa sửa chữa, ổn định Tình trạng: đi được 26.000km nữ đi ít chỉ chở con quanh thành phố ❗️ Nguyên zin, không ngập nước, không tai nạn, không lỗi 💵 5XX triệu Quan tâm ib hoặc alo em ***"
p30_s14_1774764774,CX-5,2.5 Signature,2022.0,750.0,24000.0,Bán tự động,Xăng,SUV,Khác,Xám,True,5,car_p30_s14_1774764774,"Mazda Cx5 Signature Premium 2.5 AWD sx 2022 bản đắt nhất màu xám. Xe 1 chủ từ mới lăn bánh T4/22. Odo 2,4 vạn km zin, full lịch sử bảo dưỡng hãng. Xe đẹp xuất sắc."
p31_s17_1774765043,CX-8,2.5 Luxury,2022.0,788.0,38997.0,Tự động,Xăng,SUV / Cross over,Khác,Cam,False,7,car_p31_s17_1774765043,"MAZDA CX8 2022 2.5 AT LUXURY 62A 41909 Odo: 39.000 km (nguyên bản)  Giá bán 788 triệu ( bao rút hồ sơ )  Xe có lên màn hình android + camera 360 , film cách nhiệt 3M, sàn da 5D 360"
p32_s6_1774765133,CX-8,Deluxe,2022.0,789.0,22387.0,Tự động,Xăng,SUV / Cross over,Khác,Bạc,False,7,car_p32_s6_1774765133,"🔥 MAZDA CX8 – 2022 | ĐẲNG CẤP VÀ SANG TRỌNG 🔥  • Động cơ SKYACTIV-G 2.5L • Lịch sử bảo dưỡng hãng sạch sẽ, không lỗi, không va chạm. • Xe vận hành êm ái, phù hợp đi phố lẫn đường dài.  🚘 Ngoại thất cực chất:  • Bộ mâm hợp kim 19 inch  • Lốp Yokoham chính hãng – êm ái, bám đường hoàn hảo   * Trang Bị:  • Cụm đèn trước: LED chiếu xa/gần, đèn LED chạy ban ngày  • Cụm đèn sau: Dạng LED • Gương chỉnh điện và gập điện  • Xe vận hành êm ái, phù hợp đi phố lẫn đường dài.  🛋️ Nội thất xa xỉ:  • Toàn bộ nội thất bọc da cao cấp  • Ghế Nappa, hàng ghế trước và sau gập điện tiện dụng  • Vô lăng bọc da tích hợp nút điều khiển và tính năng sưởi   • Màn hình 8”, 10 loa Bose  ❄️ Công nghệ & tiện nghi:  • Hệ thống lạnh 3 vùng độc lập – làm mát nhanh & sâu  • Hỗ trợ lái trong sương mù  📌 Thông số xe:  • Odo: 22.387 km  • Sản xuất: 2022  • Phiên bản: Deluxe  💰 Giá cực tốt – còn thương lượng cho khách mến iu ❤️  📍Xem xe tại TP.HCM. Hỗ trợ thủ tục sang tên nhanh gọn, minh bạch.  📞 Liên hệ ngay: *** (Gọi trực tiếp để xem xe)"
p34_s1_1774765484,Mazda 3,1.5L Sport Premium,2022.0,580.0,50000.0,Tự động,Xăng,Hatchback,Việt Nam,Xanh,False,5,car_p34_s1_1774765484,"Mazda 3 Sport Premium 2022 màu xanh đậm, xe đi 50.000km.   - Xe giữ gìn cẩn thận, không lỗi, không đâm đụng, không thủy kích.   - Thiết kế thể thao, nội thất tiện nghi.   - Giá 580 triệu.   - Xe đang ở Hà Nội."
p34_s12_1774765591,Mazda 3,1.5L Deluxe,2022.0,505.0,70000.0,Tự động,Xăng,Sedan,Việt Nam,Cam,False,5,car_p34_s12_1774765591,"Xe như mới Có cam360 Địa chỉ 98 song hành, tân hiệp, hóc môn"
p36_s7_1774765949,Mazda 6,2.5,2022.0,695.0,89000.0,Tự động,Xăng,Sedan,Việt Nam,Đen,False,5,car_p36_s7_1774765949,"Mazda 6 đời 2022, phiên bản 2.5 Sig cao cấp, màu đen sang trọng. - Xe gia đình sử dụng, đi 89.000 km. - Nội thất 5 chỗ rộng rãi, động cơ xăng. - Xe sản xuất tại Việt Nam, giá 695 triệu. Xem xe báo trước ạ"
p36_s10_1774765971,CX-30,Luxury 2.0 AT,2022.0,608.0,77000.0,Tự động,Xăng,SUV / Cross over,Việt Nam,Cam,True,5,car_p36_s10_1774765971,"Mazda CX30 Luxury sản xuất 2022  Xe một chủ mua từ mới đã đi được 7v7 kilomet bảo dưỡng đầy đủ tại hãng Cam kết: Không tai nạn Không ngập nước Động cơ, hộp số nguyên bản Pháp lý rõ ràng Bao kiểm tra xe toàn quốc"
p36_s14_1774766021,Mazda 3,1.5L Premium,2022.0,579.0,29579.0,Tự động,Xăng,Hatchback,Việt Nam,Cam,True,5,car_p36_s14_1774766021,"🚘🚘🚘 MAZDA 3 sedan 1.5 premium. Sản xuất 2022. Cực mới, 1 chủ đập thùng. Odo 29.579km ☑️ Option : Ghế da chỉnh điện có nhớ vị trí ghế. Cảm biến trước sau. Cảnh báo điểm mù. Đèn auto & hệ thống lái thông minh ( tự lái tự phanh). Ga tự động. Phanh tay nút. Cửa sổ trời. Khoá thông minh đề startop. Chế độ chạy sport. Đầu Dvd theo xe. Và còn rất nhiều tính năng hiện đại khác. ☑️ Xe cực mới. Đã qua kiểm tra chất lượng. Cam kết không lỗi nhỏ. ☑️ Hỗ trợ ngân hàng nhanh chóng."
p37_s5_1774766096,Mazda 3,2.0 Luxury,2022.0,545.0,32000.0,Tự động,Xăng,Sedan,Khác,Trắng,True,5,car_p37_s5_1774766096,"Mình chính chủ do không còn nhu cầu cần bán lại cho anh chị em có thiện chí  Mazda 3 luxury đk 2022 chạy 32.000km Full lịch sử bảo dưỡng hãng mazda Phú Mỹ Hưng ,Quận 7. Xe rất mới, xem là thích  Giá 545tr"
p37_s17_1774766217,Mazda 3,Unknown,2022.0,505.0,13000.0,Tự động,Xăng,Sedan,Khác,Khác,False,5,car_p37_s17_1774766217,"Đầu năm e lên sóng 𝐌𝐚𝐳𝐝𝐚 𝟑 𝟐𝟎𝟐𝟐. 𝐎𝐝𝐨 𝟏𝟑.𝟎𝟎𝟎𝐤𝐦 rất mới. Mẫu xe Sedan phân khúc C được rất nhiều người lựa chọn. Giá hợp lí đầu xuân. Anh chị quan tâm alo em nhé🥰  - 𝐂𝐚𝐦 𝐊𝐞̂́𝐭 : Xe đẹp, Không Cấn Đụng Ngập Nước  ☘️☘️☘️ 𝑻𝒉𝒂̀𝒏𝒉 𝑵𝒂𝒎 𝑨𝒖𝒕𝒐 𝑫𝒂̆𝒌𝑳𝒂̆𝒌 ☘️☘️☘️ - Chuyên Mua, Bán Xe Ôtô Đã Qua Sử Dụng.  - Chuyên Nghiệp - Lịch Sự - Tận Tâm   📞: *** & ***  📌𝐔𝐲 𝐓𝐢́𝐧-𝐂𝐡𝐚̂́𝐭 𝐋𝐮̛𝐨̛̣𝐧𝐠 Đ𝐚̣̆𝐭 𝐋𝐞̂𝐧 𝐇𝐚̀𝐧𝐠 Đ𝐚̂̀𝐮 📍𝟔𝟕𝟔-𝟔𝟕𝟖 𝐕𝐨̃ 𝐕𝐚̆𝐧 𝐊𝐢𝐞̣̂𝐭, 𝐏.𝐓𝐡𝐚̀𝐧𝐡 𝐍𝐡𝐚̂́𝐭 𝐃𝐚̆𝐤𝐋𝐚̆𝐤."
p38_s4_1774766294,Mazda 2,1.5L AT Standard,2022.0,428.0,31225.0,Tự động,Xăng,Sedan,Thái Lan,Đỏ,True,5,car_p38_s4_1774766294,Mazda 2 luxury sx2022 1 chủ màu đỏ Xe zin k một con ốc nào vặn tháo Xe chỉ mới chạy hơn 3v giá bán còn TL Rất tiết kiệm nhiên liệu  Xe lái đầm chắc cách âm tốt Xem xe auto em Hướng 269pvd
p40_s6_1774766757,Mazda 6,Signature Premium 2.5 AT,2022.0,685.0,40000.0,Tự động,Xăng,Sedan,Việt Nam,Đỏ,False,5,car_p40_s6_1774766757,"📣 Mazda 6 Signature Premium 2.5 AT 2022 • Màu đỏ • Odo 4 vạn km zin • Xe đẹp xuất sắc • Full lịch sử bảo dưỡng hãng • Cam kết:  – Không tai nạn  – Máy móc nguyên bản  – Không thủy kích, ngập nước • Hỗ trợ ngân hàng: 50–70% giá trị xe • Hồ sơ gốc cầm tay, sang tên trong ngày  ✅ Xem xe tại: Cầu Giấy, Hà Nội  👉 Liên hệ ngay để được trải nghiệm xe và nhận báo giá tốt!"
p40_s9_1774766789,CX-5,Luxury 1.5 AT,2022.0,755.0,20000.0,Tự động,Xăng,SUV / Cross over,Việt Nam,Xám,True,5,car_p40_s9_1774766789,"🚘 Mazda CX-5 Signature Premium 2.5 AWD 2022 – Bản Full Cao Cấp Nhất - Màu xám sang trọng • Xe 1 chủ từ mới, lăn bánh T4/2022 • Odo: 24.000 km chuẩn zin • Full lịch sử bảo dưỡng hãng ✔ Cam kết không tai nạn ✔ Máy móc nguyên bản ✔ Không ngập nước / thủy kích ✔ Xe đẹp xuất sắc – xem là thích  🏦 Hỗ trợ vay ngân hàng 50–70% giá trị xe  📄 Hồ sơ gốc cầm tay – sang tên trong ngày  📍 Xem xe tại: Cầu Giấy – Hà Nội  👉 Liên hệ để xem xe trực tiếp và nhận báo giá!"
p40_s10_1774766802,CX-8,Premium AWD - 6 ghế,2022.0,899.0,30000.0,Tự động,Xăng,SUV / Cross over,Việt Nam,Vàng,False,5,car_p40_s10_1774766802,"🚘 Mazda CX-8 2.5 Premium AWD 6S 2022 – Màu Vàng Ánh Kim - (Bản 2 cầu 6 ghế form mới, có cửa nóc)   • Odo: 3,2 vạn km – cực đẹp, chuẩn zin  • Sơn zin toàn bộ xe  • Nội thất giữ gìn kỹ, còn rất mới  • Full lịch sử bảo dưỡng hãng  🔥 Trang bị thêm: - Màn hình Android tiện ích  - Cảm biến áp suất lốp  - Cam kết không tai nạn  - Không ngập nước / thuỷ kích  🏦 Hỗ trợ ngân hàng 50–70% giá trị xe  📄 Hồ sơ gốc đầy đủ – sang tên trong ngày  📍 Xem xe trực tiếp tại: Cầu Giấy – Hà Nội  👉 Liên hệ ngay để xem xe và nhận giá *** trong ngày!"
p40_s11_1774766814,Mazda 3,1.5L Luxury,2022.0,535.0,55000.0,Tự động,Xăng,Hatchback,Việt Nam,Khác,False,5,car_p40_s11_1774766814,"Hàng về phục vụ bà con cho kịp đi Tết  MAZDA3 2022 luxury 1.5 lăn bánh 56.000km  4 lốp mới thay ,  chủ xe nói xe không đâm đụng ngập nước  Full lịch sử hãng giá chỉ hơn 5 trăm xíu xíu  Hú em tiztoz: HOÀNG TÀU Ô TÔ HUẾ"
p40_s13_1774766832,Mazda 3,1.5L Luxury,2022.0,535.0,40000.0,Tự động,Xăng,Sedan,Việt Nam,Cam,False,5,car_p40_s13_1774766832,"🚘 Mazda 3 Luxury 2022 đẹp long lanh. 👉 odo 4v chuẩn, gốc Daklak, full lịch sử hãng.  👉 Cam kết ko đâm đụng ngập nước, bao check hãng hoặc bên thứ 3 bất kỳ 💵 Hỗ trợ bank 70% giá trị xe ☎ xem xe Buôn Ma Thuột, Daklak."
p41_s1_1774766906,Mazda 3,1.5L Luxury,2022.0,550.0,48000.0,Tự động,Xăng,Sedan,Việt Nam,Cam,True,5,car_p41_s1_1774766906,"🔥🔥Mazda3 1.5Luxury 2022 siêu đẹp zin🔥 - Xe một chủ từ mới Odo: 5 vạn Km, mới zin nguyên bản miễn bàn chất xe. - Cam kết: Máy số zin nguyên bản từng con ốc, xe ko ngập nước, ko đâm tai nạn thân vỏ zin nguyên bản.. - Option miên man: Màn hình cam 360, cảm biến va chạm, Istop, ghế điện + nhớ ghế, Auto Hold, phanh điện tử, cân bằng điện tử, túi khí 7cái..vv - 💰Giá: 5xxtr.  - A/c có nhu cầu liên hệ trực tiếp:  ☎️Mr Huy ***.  🏡Xem xe: Nguyễn chánh - Yên Hoà - Hà Nội."
p41_s3_1774766928,Mazda 3,1.5L Premium,2022.0,578.0,54000.0,Tự động,Xăng,Hatchback,Khác,Đỏ,False,5,car_p41_s3_1774766928,"Tên xe : Mazda 3 1.5 Premium 2022 Biển số : 76A 16870 Odo: 5v4 Km Phiên bản : 1.5 Premium Option trang bị thêm: Film cách nhiệt - Tình trạng xe : xe đẹp không lỗi, máy số nguyên zin. - Bảo hành : Động cơ + hộp số 3 tháng hoặc 3.000 km  💥Giá niêm yết : 578 Triệu đã bao gồm phí rút hồ sơ."
p41_s4_1774766941,CX-5,Premium 2.0 AT,2022.0,735.0,30000.0,Tự động,Xăng,SUV / Cross over,Việt Nam,Xanh,False,5,car_p41_s4_1774766941,"MAZDA CX-5 2.0 PREMIUM 2022  Màu xanh 42M Odo 3 vạn km, xe giữ gìn Nguyên dàn lốp theo xe  ốp dự phòng chưa hạ Trang bị nhiều option hiện đại Cam kết chất lượng bản văn bản Check test mọi nơi Hỗ trợ vay ngân hàng lãi suất ưu đãi"
p41_s8_1774766985,Mazda 3,Luxury,2022.0,530.0,40000.0,Tự động,Xăng,Sedan,Khác,Đỏ,False,5,car_p41_s8_1774766985,Lên đời cần bán Mazda3 Luxury 2022 Odo 40.000km Cam kết không đâm đụng ngập nước  Bánh sờ cua chưa hạ
p41_s16_1774767074,Mazda 3,1.5L Premium,2022.0,580.0,43000.0,Tự động,Xăng,Hatchback,Khác,Khác,True,5,car_p41_s16_1774767074,"Mazda 3 Premium năm 2022, xe nữ lái kỹ chính chủ, chạy được 43.000 km, còn bảo hiểm đầy đủ"
p44_s3_1774767547,Mazda 6,Signature Premium 2.5 AT,2022.0,700.0,54000.0,Tự động,Xăng,Sedan,Khác,Cam,False,5,car_p44_s3_1774767547,"🚘 Mazda6 2.5 Signature Premium GTCCC Sản xuất : 2022 Odo : 54.000 km Giá : 700tr  Trang bị : Camera hành trình , Phim cách nhiệt , Lót sàn , Da Nappa , Loa Bose , Điều hoà tự động 2 vùng độc lập , Fornt Radar ......  ❌Cam kết❌ ✅Bao không ngập nước, không đâm đụng. ✅Bao rút hồ sơ gốc . Hỗ trợ sang tên ✅Bao quay đầu 1 năm 10% theo giá thị trường ✅Có dán tem bảo hành ở các vị trí xung yếu ✅Hỗ trợ vay ngân hàng lãi suất ưu đãi. ✅Bảo hành 6 tháng hoặc 10.000km động cơ, máy móc.  ✅Bảo dưỡng thay nhớt một lần miễn phí trước khi giao xe.  ✅Hỗ trợ test hãng có văn bản _________________________________ ----THẮNG TRẦN AUTO---- CHUYÊN MUA BÁN - TRAO ĐỔI XE ĐÃ QUA SỬ DỤNG. XE ĐÃ QUA KIỂM ĐỊNH CHẤT LƯỢNG VÀ CÓ BẢO HÀNH ---------------------- ----------------------"
p45_s5_1774767816,CX-3,Luxury,2022.0,520.0,40000.0,Tự động,Xăng,SUV,Khác,Đỏ,False,5,car_p45_s5_1774767816,"MÀN HÌNH LÊN TO CHÀ BÁ: Mazda CX3 2022 Luxury, màu đỏ, NHẬP KHẨU, chạy hơn 4 vạn km. Full lịch sử bảo dưỡng hãng  💫Động cơ SkyActiv ,Lazang 18inch, đèn trước Led,hệ thống Mazda Connect với màn hình cảm ứng 7 inch, kết nối Apple Carplay và Android Auto, phanh tay điện tử và tính năng giữ phanh tự động, gương chống chói tự động, điều hòa tự động...Camera lùi, cảm biến lùi. 6 túi khí...."
p45_s6_1774767830,CX-5,Deluxe 2.0 AT,2022.0,665.0,46000.0,Tự động,Xăng,SUV / Cross over,Khác,Khác,False,5,car_p45_s6_1774767830,Cx5 2.0 sx 2022 deluxe  Odo 4v6 km Mời các bác xem xe Long Biên
p45_s7_1774767843,Mazda 2,GLX AT,2022.0,386.0,70000.0,Tự động,Xăng,Minivan (MPV),Khác,Khác,True,7,car_p45_s7_1774767843,Cần Bán  Mazda 2 AT 1.5 2024 Biển 43 - Nói không với đâm đụng ngập nước - Full lịch sử hãng - Lốp sơ cua chưa hạ - Màn Androi Mec 12ing  - Flim Cách Nhiệt  - Odo 7vạn  Giá 386tr (có thương lượng) LH: *** Toàn  Xe chính chủ ra công chứng sang tên nhanh gọn
p45_s11_1774767885,Mazda 3,1.5L Luxury,2022.0,555.0,29000.0,Tự động,Xăng,Sedan,Việt Nam,Đỏ,False,5,car_p45_s11_1774767885,"Mazda 3 1.5L Luxury 2022 Đăng ký 11/2024 Odo 29,000 km Xe sử dụng gia đình, full lịch sử bảo dưỡng hãng  Trang bị: Đèn Full LED, mâm hợp kim Ghế da, ghế lái chỉnh điện Màn hình trung tâm hỗ trợ CarPlay Phanh tay điện tử, Auto Hold Điều hòa tự động 2 vùng Camera lùi, Cruise Control  Vui lòng nhắn tin qua Chợ Tốt để trao đổi chi tiết"
p45_s13_1774767913,CX-3,1.5,2022.0,444.0,80000.0,Tự động,Xăng,SUV,Thái Lan,Xám,True,5,car_p45_s13_1774767913,"Gia đình cần bán xe Mazda CX3 1.5, Một dòng xe SUV cở nhỏ mới hiện đại nhất hiện nay , rất gọn gàng, mang lại cảm giác dễ chịu khi lái xe, Sản xuất cuối năm 2021 (nhập Thái) màu xám, bốn vỏ theo xe, máy êm, lạnh buốt, xe chính chủ ký bán nhanh trong ngày"
p46_s11_1774768130,Mazda 3,1.5L Luxury,2022.0,525.0,62572.0,Tự động,Xăng,Hatchback,Khác,Đỏ,False,5,car_p46_s11_1774768130,"Cần bán Mazda3 -2022 luxury cực đẹp , nguyên zin từng chi tiết"
p47_s10_1774768348,Mazda 3,1.5L Luxury,2022.0,535.0,47000.0,Tự động,Xăng,Sedan,Việt Nam,Xanh,True,5,car_p47_s10_1774768348,"MAZDA 3 1.5L Luxury sx 2022 xanh canvansite, tên tư nhân 1 chủ, lốp theo xe cả dàn, sơ cua chưa hạ, ghế da trải sàn, fim 3M, ghế điện nhớ 2 vị trí, điều hoà auto 2 vùng độc lập, phanh tay điện tử, gẩy số thể thao, tích hợp volang, ga tự động, full 2 chìa smarkey.   “Chẳng có gì là tự nhiên rẻ. Đã rẻ thì không có xe đẹp, đã đẹp thì không có rẻ” ⭐️5 TIÊU CHÍ VÀNG Tại VĨNH CƯỜNG AUTO 1.Xe không bị tai nạn. 2.Xe không đại tu động cơ và hộp số. 3.Xe không bị thuỷ kích. 4.Xe không bị phạt nguội. 5.Giấy tờ theo xe hợp lệ,đủ điều kiện mua, bán, sang tên. ⭐️HOÀN TIỀN NẾU SAI 5 TIÊU CHÍ VÀNG 👉Hỗ trợ Bank lên tới 75%. 👉Rút hồ sơ miễn phí."
p48_s13_1774768642,Mazda 2,1.5L AT Standard,2022.0,370.0,50000.0,Tự động,Xăng,Sedan,Thái Lan,Khác,True,5,car_p48_s13_1774768642,"🚘 Mazda2 , sx 2022 . Odo : 5v km . Xe tư nhân 1 chủ từ đầu , full lịch sử bảo dưỡng tại hãng . Bao check hãng toàn quốc . 💰 Giá : 395 tr 📍 Xem xe : hoà cường, đà nẵng 📞 *** (Hiếu) #madaz2 #Mazda2 #mazda22023"
p49_s1_1774768748,Mazda 3,1.5L Luxury,2022.0,495.0,59000.0,Tự động,Xăng,Hatchback,Việt Nam,Khác,False,5,car_p49_s1_1774768748,Bán hoặc đổi xe mazda 3 luxury 2022 tình trạng xe còn mới hỗ trợ rút hồ sơ ra tên hỗ trợ bank 70% ( xem xe ở buôn ma thuột)
p49_s10_1774768853,Mazda 3,1.5L Deluxe,2022.0,495.0,80000.0,Tự động,Xăng,Sedan,Việt Nam,Xanh,False,5,car_p49_s10_1774768853,Mazda3 2022 deluxe  Xe chất zin nguyên Xe đi gia đình  Hỗ trợ bank 70%  AE mua yên tâm
p50_s7_1774769053,CX-5,Signature Premium 2.5 AT AWD I-Activ,2022.0,755.0,53000.0,Tự động,Xăng,SUV / Cross over,Khác,Trắng,False,5,car_p50_s7_1774769053,"🚘MAZDA CX5 bản 2.5L Premium  🍀 Sản xuất: 2022 🍀 ODO: 53.000km  🍀 Màu: Trắng 🍀 Động cơ: Xăng  🍀 Biển số: Tỉnh ⚡️ Xe trang bị: Dán phim cách nhiệt, sàn, cam 360,…. ⚡️ Xe cam kết chất lượng: không đâm đụng, không ngập nước, odo chuẩn, pháp lý chuẩn. - 𝕋𝕙𝕦 𝕞𝕦𝕒 𝕩𝕖 𝕥𝕒̣̂𝕟 𝕟𝕠̛𝕚,𝕙𝕠̂̃ 𝕥𝕣𝕠̛̣ 𝕥𝕣𝕒̉ 𝕘𝕠́𝕡.  - ℕ𝕙𝕒̣̂𝕟 𝕔𝕒́𝕡 đ𝕠̂̉𝕚, 𝕓𝕦̀ 𝕥𝕣𝕦̛̀ 𝕥𝕒̂́𝕥 𝕔𝕒̉ 𝕔𝕒́𝕔 𝕕𝕠̀𝕟𝕘 𝕩𝕖 𝕢𝕦𝕒 𝕤𝕦̛̉ 𝕕𝕦̣𝕟𝕘.  - 𝕏𝕖 𝕔𝕠̣𝕡 𝕩𝕖 𝕝𝕦̛𝕠̛́𝕥 𝕞𝕦𝕒 𝕔𝕒𝕠 𝕙𝕠̛𝕟 𝕥𝕦̛̀ 𝟙𝟘- 30tr"
p50_s10_1774769090,CX-5,Premium,2022.0,755.0,53000.0,Tự động,Xăng,SUV / Cross over,Khác,Trắng,False,7,car_p50_s10_1774769090,"🚘MAZDA CX5 bản 2.5L Premium  🍀 Sản xuất: 2022 🍀 ODO: 53.000km  🍀 Màu: Trắng 🍀 Động cơ: Xăng  🍀 Biển số: Tỉnh ⚡️ Xe trang bị: Dán phim cách nhiệt, sàn, cam 360,…. ⚡️ Xe cam kết chất lượng: không đâm đụng, không ngập nước, odo chuẩn, pháp lý chuẩn. 💵💵 Giá Bán: 755tr"
p50_s11_1774769103,CX-5,Deluxe 2.0 AT,2022.0,655.0,60000.0,Tự động,Xăng,SUV / Cross over,Khác,Đen,True,5,car_p50_s11_1774769103,"SẮM OTO SANG - ĐÓN TẾT HOÀNH TRÁNG  📲Mazda CX-5 2022   ✴️Xe phố chính chủ công chứng ra tên bấm biển cái rẹt ✴️Odo 6 vạn - Máy móc nguyên zinn ✴️Ngoại hình còn đẹp ạ ✴️Xe chưa đâm đụng ngập nước ạ  🔥NHANH TAY NÀOOOOOOO🔥 🔥RƯỚC EM NÓ VỀ DU XUÂN THÔI 🔥  ⭕️ Giá : ib mình sẽ có giá *** nhé ➖➖➖➖➖➖➖➖➖➖➖➖➖➖ 📌 𝐇Ỗ 𝐓𝐑𝐎̛̣ 𝐓𝐑𝐀̉ 𝐆𝐎́𝐏 𝐔̛𝐔 Đ𝐀̃𝐈:   💰 Trả góp 0đ - không cần trả trước   ✔ Duyệt hs nhanh – Không thẩm định người thân   ✔ Hỗ trợ cả khách có nợ xấu  ➖➖➖➖➖➖➖➖➖➖➖➖➖➖➖ ✨ 🏪 CẦM ĐỒ NINA – CỨ ĐƯA LÀ CẦM ✨  🔒 An toàn – Minh bạch – Thủ tục nhanh gọn ➖➖➖➖➖➖➖➖➖➖➖➖➖➖➖ 📌 DỊCH VỤ ĐA DẠNG: 🛑 Công nghệ - Điện tử: • Máy tính, laptop • Máy ảnh, máy quay phim • Máy chiếu, console game • Đồ chơi công nghệ cao 🛑 Phương tiện giao thông: • Xe đạp, xe máy • Ô tô, xe tải 🛑 Tài sản giá trị: • Vàng, trang sức • Bằng lái xe các loại 🛑 Khác: • Sim số đẹp • Đồ dùng văn phòng • Đồ điện gia dụng ━━━━━━━━━━━━━━━━━━━━ 📞 GỌI NGAY/ZALO: ***-*** 📍 Địa chỉ: 106a Cách Mạng Tháng 8 - Pleiku- Gia Lai 📍 Địa chỉ: 04 Nguyễn Tất Thành - Pleiku- Gia Lai 📍 Địa chỉ: 292 Lê Duẩn - Pleiku- Gia Lai 🛡FB : CẦM ĐỒ NINA 🔰 HỖ TRỢ NHIỆT TÌNH – ĐỊNH GIÁ NHANH – BẢO QUẢN TÀI SẢN AN TOÀN #MáyTính #Laptop #Macbook #PC #MáyẢnh #MáyQuay #MáyChiếu #Loa #Amply #ConsoleGame #Nintendo #Sim #XeMáy #Ôtô #XeTải #XeĐạp #TrangSức #ĐồngHồ #Casio #MáyIn #MáyFax #Tivi #TủLạnh #MáyGiặt #ĐiềuHoà"
p50_s19_1774769187,CX-30,Luxury 2.0 AT,2022.0,600.0,80000.0,Tự động,Xăng,SUV / Cross over,Thái Lan,Khác,True,5,car_p50_s19_1774769187,"Xe nhập thái 1 chủ từ đầu xe bảo dưỡng hãng từ đầu , bao ko đâm đụng ko ngập nước ."
p1_s5_1774726195,Mazda 3,1.5L Sport Premium,2023.0,580.0,18000.0,Tự động,Xăng,Hatchback,Việt Nam,Trắng,False,5,car_p1_s5_1774726195,Mình cần bán Mazda 3 Model 2023 Sản xuất 2022 Sport Premium - Siêu lướt 18.000KM xe như mới màu trắng đi sướng chạy cực êm ái anh chị có nhu cầu xin liên hệ
p1_s15_1774726293,CX-5,Premium Exclusive 2.0 AT,2023.0,785.0,73000.0,Tự động,Xăng,SUV / Cross over,Việt Nam,Trắng,False,5,car_p1_s15_1774726293,"- Cần bán Mazda Cx5 2.0 Premium Exclusive 2023. Màu trắng. cam kết odo chuẩn 73,000 km. Full lịch sử hãng. Sơn zin còn nhiều. Tình trạng gần như mới - Bánh sơ cua chưa hạ. 4 vỏ còn dày - Trang bị full option: ghế da nepa chỉnh điện nhớ ghế 2 vị trí, cửa sổ trời, đề Star/stop, phanh tay điện tử, đầu DVD, camera de, HUD kính hiển thị tốc độ,  - Cam kết đúng km. Không đâm đụng, ngập nước, máy số zin - Bán bao rút hồ sơ gốc, bao pháp lý, phạt nguội - Thiện chí xem xe giá cả còn thương lượng"
p1_s19_1774726341,Mazda 3,1.5L Luxury,2023.0,575.0,14000.0,Tự động,Xăng,Hatchback,Việt Nam,Khác,True,5,car_p1_s19_1774726341,Mazda 3 luxury lướt sơn zin 100% một chủ mua mới 6/2023 chạy cực ít 1v4 14.000 km full lịch sử bảo dưỡng hãng. Thơm phức mùi xe mới. Anh Chị tiết kiêm hơn 120tr lại được xe như xe New trong hãng. Anh Chị cân nhắc hợp lý thiện chí liên hệ trực tiếp để được giá ***. Vì lý do công việc di chuyển nên không tl tin nhắn xin thông cảm. Xem xe tại nhà Chợ Tam Hà - Thủ Đức Xin Cám ơn
p2_s10_1774726474,CX-3,1.5 Premium,2023.0,498.0,40000.0,Tự động,Xăng,SUV,Việt Nam,Cam,False,5,car_p2_s10_1774726474,"Thông tin chi tiết :  - Xe đứng tên cá nhân sử dụng  - Odo 4 vạn km zin  - Trang bị rất nhiều option tính năng hiện đại trên xe - Bảo dưỡng định kì  - Nội ngoại thất tươi mới giữ gìn cẩn thận  - Cam kết : máy số keo chỉ nguyên bản , không đâm va , không ngập nước  - khuyến khích khách hàng check test bên thứ 3 , thợ thuyền để công tâm trước khi giao dịch  - Quý khách có nhu cầu mua xe vui lòng liên hệ gọi trực tiếp để xem xe và trao đổi cụ thể"
p2_s17_1774726546,Mazda 3,Luxury,2023.0,569.0,44000.0,Tự động,Xăng,Sedan,Việt Nam,Xám,True,5,car_p2_s17_1774726546,"MAZDA 3 LUXURY 2023, ODO CHUẨN 44.000KM, XE 1 CHỦ GIA ĐÌNH SỬ DỤNG  ✓ Xe cam kết không đâm đụng, không ngập nước, odo chuẩn 44.000km ✓ Màu xe: Xám ✓ Sản xuất: 2023 ✓ ODO chuẩn: 44.000 km ✓ Pháp lý: Xe 1 CHỦ MUA MỚI TỪ ĐẦU, gia đình sử dụng."
p3_s12_1774726755,Mazda 3,1.5L Luxury,2023.0,590.0,30000.0,Tự động,Xăng,Hatchback,Khác,Đen,True,5,car_p3_s12_1774726755,"Chính chủ cần bán xe Mazda 3 Luxury màu xanh đen, xe 5 chỗ, thiết kế hiện đại, vận hành êm ái.   - Nội thất rộng rãi, tiện nghi.   - Xe 1 đời chủ giữ gìn cẩn thận, sẵn sàng sử dụng. - Xe tại HCM"
p4_s0_1774726824,CX-30,Luxury,2023.0,625.0,43000.0,Tự động,Xăng,SUV,Khác,Xanh,True,5,car_p4_s0_1774726824,"Mazda CX-30 Luxury 2023 Xe nhập khẩu Thái, cá nhân 1 chủ, full bảo dưỡng hãng"
p5_s2_1774727049,CX-5,2.0 Premium,2023.0,795.0,20000.0,Tự động,Xăng,SUV,Khác,Cam,True,5,car_p5_s2_1774727049,"New CX-5 2.0 Premium Sport 2023  💫Đăng kí 1 chủ từ mới  💫Odo : hơn 2 vạn sai đốt xe  💫Full lịch sử bảo dưỡng hãng 💫Trang bị : Lazang 19inch, đèn Led tự động bật tắt.Kính lái 2 lớp, chống tia cực tím.Ghế trước làm mát, sưởi. Cửa sổ trời.2 ghế trước chỉnh điện, Cốp điện rảnh tay.Màn hình 8inch, Apple Carplay ko dây.Camera 360, 10 loa Bose.Hệ thống cảnh báo điểm mù, cảnh báo phương tiện cắt ngang, phanh thông minh, cảnh báo lệch làn, giữ làn…Ga tự động thông minh, camera lùi, cảm biến trước sau"
p5_s8_1774727110,CX-5,Luxury 2.0 AT,2023.0,742.0,9800.0,Tự động,Xăng,SUV / Cross over,Việt Nam,Trắng,True,5,car_p5_s8_1774727110,">> MAZDA CX5 2.0 LUXURY 2023 << 🚗 Năm sản xuất: 2023 - Màu: ĐEN - Biển: SG 🚗 ODO: 9.800 Km (ODO chuẩn không tua) 💰 𝗚𝗶𝗮́ 𝗖𝗼̂𝗻𝗴 𝗞𝗵𝗮𝗶 : 742 🌾 Hỗ trợ trả góp 70% - Thanh toán trước 250TR nhận xe (Thương lượng cho anh/em thiện chí luôn có giá 𝐔̛𝐮 Đ𝐚̃𝐢) ---------------------------------- 🏁 𝑯𝒐̂̃ 𝑻𝒓𝒐̛̣ 𝑳𝒂́𝒊 𝑻𝒉𝒖̛̉ 𝑻𝒂̣𝒊 𝑵𝒉𝒂̀ 𝑪𝒂̉𝒎 𝑵𝒉𝒂̣̂𝒏 𝑪𝒉𝒂̂́𝒕 𝑿𝒆 📲 𝐋𝐢𝐞̂𝐧 𝐡𝐞̣̂: (𝐌𝐫.𝐍𝐚𝐦)(𝐙𝐀𝐋𝐎) ---------------------------------- - Xe biển trắng GIA ĐÌNH, 1 chủ từ đầu mua mới - Nội thất xe còn mới - Chất xe đẹp - 4 Lốp zin theo xe, sơ cua chưa hạ  🎁 𝐏𝐡𝐮̣ 𝐊𝐢𝐞̣̂𝐧 𝐓𝐡𝐞𝐨 𝐗𝐞 - Phim cách nhiệt - Lót sàn  - Bọc vô lăng, thảm taplo - Camera hành trình  📋 𝑪𝒂𝒎 𝑲𝒆̂́𝒕 𝑪𝒉𝒂̂́𝒕 𝑿𝒆 𝑩𝒂̆̀𝒏𝒈 𝑽𝒂̆𝒏 𝑩𝒂̉𝒏 🏅 THÔNG TIN XE MINH BẠCH 🏅 BẢO HÀNH LÊN ĐẾN 6 THÁNG HOẶC 10.000 KM 🏅 CAM KẾT XE KHÔNG ĐÂM ĐỤNG NGẬP NƯỚC 🏅 5 NGÀY LÁI THẬT CAM KẾT HOÀN TIỀN"
p5_s14_1774727180,Mazda 3,1.5L Luxury,2023.0,589.0,27000.0,Tự động,Xăng,Sedan,Việt Nam,Trắng,True,5,car_p5_s14_1774727180,">> MAZDA 3 1.5 AT LUXURY 2023 << 🚗 Năm sản xuất: 2023 - Màu: TRẮNG - Biển: TỈNH 🚗 ODO: 27.000 Km (ODO chuẩn không tua) 💰 𝗚𝗶𝗮́ 𝗖𝗼̂𝗻𝗴 𝗞𝗵𝗮𝗶 : 589 🌾 (Thương lượng cho anh/em thiện chí luôn có giá 𝐔̛𝐮 Đ𝐚̃𝐢) ---------------------------------- 🏁 𝑯𝒐̂̃ 𝑻𝒓𝒐̛̣ 𝑳𝒂́𝒊 𝑻𝒉𝒖̛̉ 𝑻𝒂̣𝒊 𝑵𝒉𝒂̀ 𝑪𝒂̉𝒎 𝑵𝒉𝒂̣̂𝒏 𝑪𝒉𝒂̂́𝒕 𝑿𝒆 📲 𝐋𝐢𝐞̂𝐧 𝐡𝐞̣̂: (𝐌𝐫.𝐍𝐚𝐦)(𝐙𝐀𝐋𝐎) ---------------------------------- - Xe biển trắng GIA ĐÌNH, 1 chủ từ đầu mua mới - Nội thất xe còn mới - Chất xe đẹp  🎁 𝐏𝐡𝐮̣ 𝐊𝐢𝐞̣̂𝐧 𝐓𝐡𝐞𝐨 𝐗𝐞 - Phim cách nhiệt - Lót sàn  📋 𝑪𝒂𝒎 𝑲𝒆̂́𝒕 𝑪𝒉𝒂̂́𝒕 𝑿𝒆 𝑩𝒂̆̀𝒏𝒈 𝑽𝒂̆𝒏 𝑩𝒂̉𝒏 🏅 THÔNG TIN XE MINH BẠCH 🏅 BẢO HÀNH LÊN ĐẾN 6 THÁNG HOẶC 10.000 KM 🏅 CAM KẾT XE KHÔNG ĐÂM ĐỤNG NGẬP NƯỚC 🏅 5 NGÀY LÁI THẬT CAM KẾT HOÀN TIỀN"
p7_s18_1774727643,Mazda Other,2.5 Premium AWD,2023.0,868.0,23000.0,Tự động,Xăng,SUV / Cross over,Việt Nam,Cam,True,7,car_p7_s18_1774727643,"🚗 MAZDA CX8 2.5 PREMIUM 7 CHỖ – 1 CẦU – GIÁ CHỈ 868 TRIỆU 🚗 Cần bán chiếc Mazda CX8 bản 2.5 Premium – mẫu SUV 7 chỗ cực kỳ rộng rãi, phù hợp gia đình hoặc đi công việc. 🔹 Thông tin chi tiết: Phiên bản: 2.5 Premium (1 cầu) Odo: 23.000 km (chuẩn zin) Xe tư nhân chính chủ sử dụng Bảo dưỡng hãng đầy đủ, lịch sử rõ ràng Cam kết xe zin 100% – không lỗi – không tai nạn 🔹 Ưu điểm nổi bật: ✔ Động cơ 2.5L mạnh mẽ, vận hành êm ái, tiết kiệm � ✔ Form dáng SUV cao to, cực kỳ đầm chắc ✔ Nội thất rộng rãi 7 chỗ, đi gia đình cực kỳ thoải mái ✔ Trang bị full option: Nội thất cao cấp, Camera 360, ghế điện, nhớ ghế, loa boss sub gầm, cảnh báo điểm mù Cảnh báo lệch làn, giữ làn Phanh tay điện tử, Auto Hold Màn hình giải trí, Apple CarPlay ✔ Hệ thống an toàn cao cấp i-Activsense 🔹 Giá bán cực tốt: 💰 868 triệu  🔹 Hỗ trợ: Hỗ trợ ngân hàng, trả góp nhanh gọn Bao rút hồ sơ, sang tên 📍 Xem xe tại: Dĩ An – Bình Dương 📞 Liên hệ: Huy Luân Auto"
p8_s9_1774727742,Mazda 3,Luxury,2023.0,589.0,27000.0,Tự động,Xăng,Sedan,Việt Nam,Trắng,False,5,car_p8_s9_1774727742,Mazda 3 Luxury 2023 Odo:27.000km Xe bảo dưỡng full hãng  Giá:589tr xem xe còn thương lượng  Xe cam kết không đâm va ngập nước thuỷ kích  Xe bao check test toàn quốc Lh:***
p8_s15_1774727795,Mazda 3,1.5L Luxury,2023.0,585.0,16000.0,Tự động,Xăng,Sedan,Việt Nam,Trắng,True,5,car_p8_s15_1774727795,"🚗 Mazda 3 Luxury 2023 – Sedan quốc dân, form mới cực đẹp  ✨ Xe cực mới, phù hợp anh em cần xe đi gia đình hoặc chạy dịch vụ cao cấp.  🔹 Mazda 3 Luxury 2023 🔹 Odo: 16.000km 🔹 Giá: 5xx triệu  ✅ Cam kết: ✔️ Xe không đâm đụng – không ngập nước ✔️ Máy số zin 100% – odo chuẩn ✔️ Pháp lý rõ ràng – hỗ trợ bank 70% ✔️ Hỗ trợ sang tên – thu xe cũ giá cao  📞 Liên hệ: ***  #Mazda3 #Mazda3Luxury #Mazda32023 #MazdaCu #SedanHangC #XeLuot #OtoCuSaiGon #MuaBanOtoCu"
p9_s0_1774727836,CX-30,Luxury,2023.0,615.0,43000.0,Tự động,Xăng,Pick-up (bán tải),Thái Lan,Đen,False,5,car_p9_s0_1774727836,"🚗✨ Mazda CX-30 Luxury 2023 – Form đẹp, máy êm, giá mềm cho anh em chốt nhanh!  🔹 Mazda CX-30 Luxury 2023 🔹 Odo: 43.000km 🔹 Giá: 6xx triệu  Dòng CUV quốc dân – thiết kế trẻ trung, gầm cao linh hoạt, chạy phố hay đi tỉnh đều cực kỳ hợp lý.  💎 Trang bị nổi bật: ✔️ Đèn Full LED trước/sau ✔️ Màn hình trung tâm - Apple CarPlay - Androi Auto ✔️ Ghế da cao cấp ✔️ Điều hòa tự động ✔️ Cruise Control ✔️ Camera lùi, cảm biến hỗ trợ đỗ xe  Xe zin đẹp, máy số nguyên bản, nội thất giữ gìn kỹ – mua về sử dụng ngay.  🤝 Cam kết: ✔️ Không đâm đụng – Không ngập nước ✔️ Bao check hãng hoặc gara theo yêu cầu ✔️ Hỗ trợ ngân hàng lên đến 70%  📞 Liên hệ: ***  Nhanh tay inbox hoặc gọi trực tiếp để xem xe và thương lượng giá ***!  #MazdaCX30 #CX30Luxury2023 #XeCuGiamGia #OtoLuot #XeDepGiaTot"
p10_s0_1774727994,CX-5,2.0 Premium Sport,2023.0,810.0,15024.0,Tự động,Xăng,SUV / Cross over,Việt Nam,Đen,False,5,car_p10_s0_1774727994,"Xe nữ đi , ít lái , chưa ngập , ko đụng chợt gì hết Mới đi 15024km Mazda cx5 2023 bản sport mua cuối năm 2023 đầu năm 2024 Thử tset thoải mái đảm bảo uy tín"
p10_s19_1774728157,Mazda Other,Deluxe 2.0 AT,2023.0,665.0,29000.0,Tự động,Xăng,SUV / Cross over,Việt Nam,Khác,True,5,car_p10_s19_1774728157,"Xe cá nhân 1 chủ từ mới , còn nguyên zin 100% ."
p11_s5_1774728221,Mazda Other,Deluxe 2.0 AT,2023.0,660.0,29000.0,Tự động,Xăng,SUV / Cross over,Việt Nam,Khác,True,5,car_p11_s5_1774728221,"Cần bán! Cx5 sx 2023 deluxe! Xe 1 chủ mua từ mới! Full lịch sử hãng! Chạy chuẩn 2,9 vạn km! Xe zin k lỗi Lốp theo xe cả dàn : sơ cua chưa hạ!  Bao check tets ! Lỗi tặng 50 triệu"
p11_s8_1774728246,Mazda 3,1.5L Luxury,2023.0,565.0,35000.0,Tự động,Xăng,Hatchback,Nhật Bản,Xanh,True,5,car_p11_s8_1774728246,"Đổi xe nên em cần bán Mazda 3 Sedan 1.5L Luxury 2023, Odo 3 vạn rưỡi, màu xanh cavansite. 1 chủ từ đầu. Xe bảo dưỡng đầy đủ, định kì ở hãng.  Đảm bảo nguyên zin, có làm bảo hành sơn vài lần do va quệt xước xát nhẹ Bảo hiểm thân vỏ đến hết tháng 7.2026 Đã trang bị cam lùi, cảm biến áp suất lốp steelmate, cam hành trình. Giá 565, xem xe ở Long Biên."
p11_s12_1774728280,Mazda 3,1.5L Luxury,2023.0,490.0,30000.0,Tự động,Xăng,Hatchback,Khác,Cam,False,5,car_p11_s12_1774728280,"MAZDA 3 2020 LUXURY - ODO 3V KM Đời xe: Sản xuất 2020 Tình trạng: Odo 3V km (Xe chạy giữ gìn, bảo dưỡng đều, máy móc êm). Cam kết: Bao check test toàn quốc theo yêu cầu. Xe sẵn sử dụng, không cần tốn thêm chi phí bảo dưỡng.  Giá chào bán: 490Triệu (Có thương lượng sâu cho anh em thiện chí)."
p12_s2_1774728367,Mazda 3,1.5L Sport Premium,2023.0,645.0,31000.0,Tự động,Xăng,Hatchback,Việt Nam,Cam,True,5,car_p12_s2_1774728367,"𝐌𝐚𝐳𝐝𝐚 𝟑 𝟏.𝟓𝐋 𝐒𝐩𝐨𝐫𝐭 𝐏𝐫𝐞𝐦𝐢𝐮𝐦 𝟐𝟎𝟐𝟑 lướt 1 chủ từ đầu biển Saigon Odo 31.000km, vỏ theo xe, sơ cua chưa hạ 🧧 : 6.4.5 ( còn thương lượng )  Bao rút hồ sơ gốc   Hỗ trợ bank 70%  🤝 Cam kết chất lượng xe  📍 Xem xe Thủ Đức ( TPHCM ) ☎️ L.H : *** ( Bá Lộc )"
p13_s17_1774728656,Mazda 3,Luxury,2023.0,565.0,43000.0,Tự động,Xăng,Sedan,Khác,Đỏ,True,5,car_p13_s17_1774728656,"🍒Oto Duy Dương - 167 Nguyễn Văn Cừ - Đắk Lắk🍒  Mazda 3 2023 Luxury 1 Chủ Mua Mới   Xe trang bị : 4 lốp zin theo xe, secua chưa hạ, led nội thất, củ số kim cương....  Odo : 43.000km - full bảo dưỡng hãng  Giá : 565 triệu - bao rút hồ sơ - hổ trợ bank 60%  Lh : *** Gặp Dương - Zalo : ***"
p14_s17_1774759165,Mazda 3,Luxury,2023.0,565.0,43000.0,Tự động,Xăng,Sedan,Khác,Đỏ,True,5,car_p14_s17_1774759165,"🍒Oto Duy Dương - 167 Nguyễn Văn Cừ - Đắk Lắk🍒  Mazda 3 2023 Luxury 1 Chủ Mua Mới   Xe trang bị : 4 lốp zin theo xe, secua chưa hạ, led nội thất, củ số kim cương....  Odo : 43.000km - full bảo dưỡng hãng  Giá : 565 triệu - bao rút hồ sơ - hổ trợ bank 60%  Lh : *** Gặp Dương - Zalo : ***"
p16_s2_1774759473,Mazda 3,1.5 Deluxe,2023.0,520.0,2700.0,Tự động,Xăng,SUV / Cross over,Khác,Đỏ,True,5,car_p16_s2_1774759473,"🚘 Tiếp tục seri xe mua về trùm mền ko đi😍 🚘 Mazda CX 3 Deluxe sx 2023 một chủ mua mới, sơn zin 99,9%  🚘 Odo 2.700 km mới thay nhớt lần đầu mốc 2000 km full hãng 🚘 xe đã lên màng Zestech kèm cam 360 xịn sò❤️ 💵 5xx cho mẫu SUV phân khúc B gầm cao đi phố  📲 Liên hệ e xem xe thương lượng trực tiếp ạ. Thanks❤️ *** (Minh) #CX3"
p16_s9_1774759558,CX-5,Premium,2023.0,759.0,40000.0,Tự động,Xăng,SUV / Cross over,Việt Nam,Đen,True,5,car_p16_s9_1774759558,"🚗 Mazda CX-5 2023 Premium – SUV hạng C cực đẹp, giá mềm!  Cần bán Mazda CX-5 2023 Premium – mẫu SUV quốc dân, thiết kế sang trọng, vận hành êm ái, cực kỳ giữ giá.  ✨ Thông tin xe:  • Phiên bản: Premium (bản cao cấp)  • Năm sản xuất: 2023  • Odo: 40.000 km  • Màu: Đen sang trọng  • Xe gia đình sử dụng kỹ, còn rất mới  • Nội ngoại thất zin đẹp, máy móc vận hành êm ái  • Option cao cấp: ghế da chỉnh điện, nhớ ghế, màn hình trung tâm, camera 360, cửa sổ trời, đề nổ Start/Stop, phanh tay điện tử…  💰 Giá bán: chỉ 759 triệu (cực kỳ hợp lý cho một chiếc CX-5 Premium đời cao)  ✔️ Xe đã kiểm tra kỹ, pháp lý rõ ràng ✔️ Hỗ trợ trả góp ngân hàng nhanh gọn ✔️ Bao check hãng / test thoải mái  📍 Xem xe tại Fastcars Thủ Đức  📞 Liên hệ ngay Thái Fastcars xem xe và lái thử."
p18_s3_1774759972,Mazda Other,Premium,2023.0,795.0,20000.0,Tự động,Xăng,Unknown,Việt Nam,Cam,True,5,car_p18_s3_1774759972,"SIÊU PHẨM 1 VIÊN ***: New CX5 2023 Premium Sport. Đăng kí tên tư nhân 1 chủ từ mới, chạy 3 vạn zin. Full lịch sử bảo dưỡng hãng 💫Trang bị : Lazang 19inch, đèn Led tự động bật tắt.Kính lái 2 lớp, chống tia cực tím.Ghế trước làm mát, sưởi. Cửa sổ trời.2 ghế trước chỉnh điện, Cốp điện rảnh tay.Màn hình 8inch, Apple Carplay ko dây.Camera 360, 10 loa Bose.Hệ thống cảnh báo điểm mù, cảnh báo phương tiện cắt ngang, phanh thông minh, cảnh báo lệch làn, giữ làn…Ga tự động thông minh, camera lùi, cảm biến trước sau"
p18_s6_1774760005,Mazda 3,Luxury,2023.0,530.0,95000.0,Tự động,Xăng,Sedan,Khác,Đen,False,5,car_p18_s6_1774760005,"Mazda3 Luxury đời 2023 màu đen, xe chạy 95.000km.  - Thiết kế sang trọng, nội thất tiện nghi.  - Động cơ vận hành êm ái, tiết kiệm nhiên liệu.  - Giá 530 triệu."
p18_s15_1774760100,Mazda 3,Luxury,2023.0,569.0,41000.0,Tự động,Xăng,Sedan,Khác,Trắng,False,5,car_p18_s15_1774760100,"🚗 Mazda 3 Luxury 2023 – form mới, option ngập tràn  ✔️ Odo chuẩn 41.000 km ✔️ Xe đẹp – nội ngoại thất zin, giữ gìn kỹ ✔️ Bản Luxury – đầy đủ tiện nghi, màn hình lớn, ghế da, an toàn cao ✔️ Form mới sang trọng, lái cực sướng  👉 Sedan hạng C đáng tiền – vừa chạy gia đình vừa đi làm cực hợp  🔥 Giá chào bán: 569 triệu (giá tốt, còn thương lượng)  📍 Bao test hãng – hỗ trợ sang tên nhanh gọn"
p19_s4_1774760218,Mazda 3,1.5L Luxury,2023.0,569.0,40000.0,Tự động,Xăng,Sedan,Việt Nam,Cam,False,5,car_p19_s4_1774760218,"Mazda 3 2023 1.5L Luxury  🔸Odo chuẩn 40.000km (Bao check test toàn quốc) 🔸Trang bị nhiều option  🔸Cam kết: không đâm đụng tai nạn, không ngập nước, không tua đồng hồ 🔸Có hỗ trợ trả góp XEM XE TRỰC TIẾP TẠI HCM"
p19_s15_1774760345,CX-5,2.0 Premium,2023.0,755.0,40000.0,Tự động,Xăng,SUV / Cross over,Việt Nam,Xanh,False,5,car_p19_s15_1774760345,"Trang bị:  🚙 2 ghế điện + nhớ ghế ( Có sấy và làm mát ghế + Sưởi vô Lăng). Cửa sổ trời, Gạt mưa auto. 10 loa bose. Hud kính lái, Cốp điện + Đá cốp, Cảm biến va chạm trước sau, Cam 360, Phanh điện tử, Gương chiếu hậu tràn viền Chống Chói v.v... 👉 I-ACTIVSENSE rada hỗ trợ lái - Cảnh báo và hỗ trợ giữ làn đường, Cảnh báo điểm mù, Đèn pha tự động thích ứng. Kiểm soát hành trình Thích Ứng, Giữ khoảng cách với xe Phía Trước. Tự động Phanh Khẩn Cấp v.v..  Xem xe tại Phước An, Đăk Lăk"
p20_s9_1774760510,Mazda 3,Luxury,2023.0,565.0,30000.0,Tự động,Xăng,Sedan,Việt Nam,Trắng,False,5,car_p20_s9_1774760510,Mazda 3 bản luxury 2023  Xe chạy chuẩn 3v ko đâm đụng ngập nước  Bao ckeck test toàn quốc
p21_s5_1774760680,CX-8,Premium,2023.0,930.0,29000.0,Tự động,Xăng,SUV,Khác,Trắng,False,7,car_p21_s5_1774760680,"Bán xe gia đình đi Mazda CX8 Premium màu trắng đời 2023 Biển số HCM Xe gia đình đi cẩn thận bao test, hình đăng là ảnh thật, thông tin xe đầy đủ như đã mô tả. Bảo hiểm 2 chiều Odo: 29k km Cò lái ép giá quá vui lòng ko inbox."
p21_s7_1774760696,Mazda 3,Luxury,2023.0,575.0,17000.0,Tự động,Xăng,Sedan,Khác,Trắng,False,5,car_p21_s7_1774760696,"Màu trắng thì không còn gì để chê Mazda 3 Luxury 2023 🎇🎇 Odo 17k, bảo dưỡng đầy đủ tại hãng Hỗ trợ bank, trao đổi xe 💵5xx"
p22_s6_1774760914,CX-5,Premium 2.0 AT,2023.0,725.0,51000.0,Tự động,Xăng,SUV / Cross over,Việt Nam,Khác,True,5,car_p22_s6_1774760914,"Ô Tô Hiếu Đắk Lắk đang có bán   🚘 Mazda CX5 2023 Cavansite   👉🏻 Xe Đắk Lắk 1 chủ mua mới . Phiên bản 2.0 Premium   👉🏻 Xe trang bị Hud tốc độ kính lái , radar hổ trợ giữ làn , cảnh báo điểm mù trên gương , 2 ghế chỉnh điện có nhớ ghế 2 vị trí , cốp điện , loa Bose . . .  🏷️ 159 Lê Duẫn , Buôn Ma Thuột"
p22_s12_1774760978,CX-30,Luxury,2023.0,619.0,44000.0,Tự động,Xăng,SUV,Khác,Xanh,False,5,car_p22_s12_1774760978,"Cx30 Luxury 2023 🎇🎇 Odo 44k, xe đẹp bao test  Hỗ trợ bank, trao đổi xe thoải mái Xem xe tại SG"
p25_s8_1774763582,Mazda 3,Luxury,2023.0,569.0,40000.0,Tự động,Xăng,Sedan,Việt Nam,Trắng,True,5,car_p25_s8_1774763582,Bán mazda3 luxury sản xuất 2023  Xe odo 40.000km một chủ mua mới từ đầu Xe cam kết không đâm đụng ngập nước máy số nguyên bản  Xe được bảo dưỡng hãng đầy đủ  Có nhận mua bán trao đổi xe ô tô cũ bù trừ hợp lý Xem xe quận 8 Hồ Chí Minh
p25_s12_1774763622,CX-5,2.0 Luxury,2023.0,728.0,30000.0,Tự động,Xăng,SUV / Cross over,Khác,Đỏ,False,5,car_p25_s12_1774763622,"Mazda CX-5 2.0 Luxury 2023 - 62A 39194 2. Odo: 30.000 km (Full lịch sử)  3. GNY : 728 tr  Option trang bị thêm: film cách nhiệt, lót sàn, cam hành trình,... - Tình trạng xe : xe đẹp không lỗi, máy số nguyên zin - Bảo hành : Động cơ + hộp số 6tháng hoặc 5.000km"
p26_s12_1774763823,Mazda 3,Unknown,2023.0,550.0,43000.0,Tự động,Xăng,Sedan,Khác,Trắng,False,5,car_p26_s12_1774763823,"Bán Mazda 3 màu trắng, thiết kế sang trọng, không gian rộng rãi, cảm giác lái mượt.  - Ngoại hình đẹp, xe giữ gìn cẩn thận.  - Trang bị đầy đủ tiện nghi.  - Xe sẵn sàng lăn bánh."
p27_s5_1774763947,Mazda 3,1.5L Luxury,2023.0,578.0,22700.0,Tự động,Xăng,Hatchback,Khác,Đỏ,False,5,car_p27_s5_1774763947,"MAZDA 3 CÁ NHÂN 2023 - Sản xuất: 2023 - Màu Đỏ - Odo: 22.700 km - Giá bán: 578tr Lịch sử bảo dưỡng đầy đủ chính hãng Ford. Tại hãng có thu xe qua sử dụng các h��ng khác nhau để đổi lấy xe mới. Liên hệ chi tiết về xe 📞  ✳ Cam kết 3 KHÔNG: KHÔNG ĐÂM ĐỤNG - KHÔNG THUỶ KÍCH - KHÔNG TUA ĐỒNG HỒ ✅ Bảo đảm tính pháp lý. ✅ Bảo hành chính hãng. ✅ Bảo đảm chất lượng xe, ✅ Được kiểm định 167 điểm. ✅ Đầy đủ lịch sử bảo dưỡng. ✅ Cam kết thu lại 90%**  vui lòng liên hệ để biết thêm chi tiết. 🚘 Sài Gòn Ford Assured - Trung Tâm Xe Đã Qua Sử Dụng Chính Hãng 🕹 104 Phổ Quang, Phường 02, Quận Tân Bình. Tp.HCN"
p27_s12_1774764008,Mazda 2,1.5 Luxury,2023.0,448.0,43000.0,Tự động,Xăng,Hatchback,Khác,Xám,False,5,car_p27_s12_1774764008,"Mazda 2 sport 1.5L Luxury 2023 Odo: 43.000km Giá bán: 448 triệu Màu: xám Bks: 68A-xem xe cần Thơ liên hệ trực tiếp, có cho trả góp"
p28_s9_1774764144,CX-5,Premium Exclusive 2.0 AT,2023.0,739.0,80000.0,Tự động,Xăng,SUV / Cross over,Khác,Cam,True,5,car_p28_s9_1774764144,"🚗 Mazda CX-5 2.0 Premium 2023 – Bản full cao cấp, xe đẹp  • 1 chủ từ mới, chuẩn 80.000km • Còn bảo hành chính hãng • Xe đẹp, không lỗi – kiểm tra thoải mái • Võ còn theo xe, tặng kèm 03 võ mới mua chưa sử dụng  ⭐ Trang bị nổi bật  Mazda CX-5 2023 2.0 Premium nổi bật với gói an toàn cao cấp i-Activsense, màn hình HUD, âm thanh 10 loa Bose, camera 360 và nội thất da Nappa cao cấp.  🔒 An toàn i-Activsense: • Cảnh báo điểm mù • Cảnh báo phương tiện cắt ngang khi lùi • Cảnh báo & hỗ trợ giữ làn • Phanh tự động giảm thiểu va chạm • Cruise Control thích ứng  🛋 Nội thất & tiện nghi: • Ghế da Nappa cao cấp • Ghế lái chỉnh điện + nhớ vị trí • HUD kính lái • Màn hình 8” Apple CarPlay/Android Auto • 10 loa Bose cao cấp • Điều hòa 2 vùng độc lập • Sạc không dây, cửa sổ trời, đá cốp  ✨ Ngoại thất: • Đèn LED thích ứng AFS • Mâm 19 inch thể thao • Gương chống chói, kính 2 lớp chống ồn  ⚙️ Vận hành: • Động cơ SkyActiv-G 2.0L (~154hp) • Hộp số tự động 6 cấp • Auto Hold, chế độ lái Sport  Xe bản Premium cao cấp, trang bị đầy đủ – mua về chỉ việc chạy. ✅ Tân Thành Auto cam kết: ✔ Xe chuẩn – kiểm tra kỹ trước khi giao ✔ Hỗ trợ sang tên nhanh gọn ✔ Thu mua – trao đổi xe cũ giá tốt  📍 Xem xe trực tiếp tại: Tân Thành Auto 📍 Xem xe tại: 39–41–43 Đường số 7, KDC CONIC, P. Bình Hưng, TP.HCM"
p28_s10_1774764156,Mazda 3,1.5L Premium,2023.0,609.0,46000.0,Tự động,Xăng,Sedan,Việt Nam,Đỏ,True,5,car_p28_s10_1774764156,"🔥 MAZDA 3 PREMIUM 2023 – XE ĐẸP HIẾM TRONG TẦM GIÁ 🔥 🚗 Odo: 46.000 km – xe chạy chuẩn, không tua ✨ Phiên bản Premium cao cấp – full option 🧼 Xe vừa spa + vệ sinh chi tiết, nhìn là thích  ✔️ Xe gia đình sử dụng, giữ kỹ ✔️ Nội ngoại thất còn rất mới ✔️ Máy móc êm ái, vận hành ổn định  📞 Xem xe trực tiếp – giá thương lượng cho khách thiện chí 👉 Xe đẹp, ai xem trước là có lợi"
p28_s12_1774764174,CX-5,Luxury,2023.0,745.0,9800.0,Tự động,Xăng,SUV,Khác,Đen,False,5,car_p28_s12_1774764174,"Mazda CX-5 Luxury 2023 màu đen, xe 5 chỗ gầm cao, thiết kế hiện đại.  - Sản xuất 2023, đăng ký lần đầu tháng 1/2024.  - ODO 9.800 Km, xe cá nhân đi gia đình.  - Nội thất đen sang trọng, tiện nghi."
p28_s15_1774764208,Mazda 3,Luxury,2023.0,590.0,27000.0,Tự động,Xăng,Sedan,Khác,Trắng,False,5,car_p28_s15_1774764208,"Mazda 3 Luxury 2023 màu trắng, dòng sedan phân khúc C, thiết kế đẹp.  - Xe cá nhân đi gia đình, odo 27.000 Km.  - Bảo dưỡng hãng định kỳ, xe giữ gìn cẩn thận.  - Hỗ trợ trả góp, duyệt vay nhanh."
p29_s3_1774764284,Mazda 3,1.5 Luxury,2023.0,589.0,27000.0,Tự động,Xăng,Sedan,Khác,Trắng,False,5,car_p29_s3_1774764284,"🚗Mazda 3 1.5 Luxury -Đời 2023 -Màu trắng -Odo : 27.000 km Giá chào bán : 589 triệu 💵Giảm tiền mặt trực tiếp 🎁 🎁Hỗ trợ trả góp 70% với lãi xuất cực kì ưu đãi 👉Carpla cam kết chuẩn odo 👉Máy móc nguyên zin 👉Không đâm đụng , không thuỷ kích ✅Khuyến khích khách hàng mang check hãng ✅Bảo hành 12 tháng hoặc 20.000km 📱: *** (Minh Tân ) 🎯Địa chỉ: Automall Carpla Tân Phú - 314 Lũy Bán Bích, P. Hòa Thạnh, Q. Tân Phú, TPHCM"
p29_s9_1774764352,Mazda 2,1.5 Luxury,2023.0,448.0,43000.0,Tự động,Xăng,Hatchback,Thái Lan,Cam,False,5,car_p29_s9_1774764352,"Mazda 2 sport 1.5L Luxury 2023 Odo: 43.000km Giá bán: 448 triệu - Xe lên màn Androi, camera 360, áp suất lốp, full phim cách nhiệt 3M, dán cách âm full xe.  ❌❌CAM KẾT: 𝐎𝐃𝐎 𝐂𝐡𝐮𝐚̂̉𝐧 - 𝐊𝐡𝐨̂𝐧𝐠 Đ𝐚̂𝐦 Đ𝐮̣𝐧𝐠 𝐍𝐠𝐚̣̂𝐩 𝐍𝐮̛𝐨̛́𝐜 🚘Xem xe Cần Thơ  📞Liên hệ ***"
p30_s18_1774764818,Mazda 3,1.5L Luxury,2023.0,570.0,16000.0,Tự động,Xăng,Sedan,Việt Nam,Cam,True,5,car_p30_s18_1774764818,"Chính chủ mình bán  Mazda3 1.5 luxurry năm sx,đk 11/2023  xe 1 chủ hà nội từ mới. xe chạy đúng 1v6 km zin,(full lịch sử bảo duởng hãng) chủ đi rất giữ gìn,nội ngoại thất còn đẹp như mới,lốp theo xe cả dàn dày bịch,sơ cua chưa hạ. Em cam kết xe nguyên bản ko 1 lỗi j.ae lấy người nhà yên tâm tuyệt đối. Ae quan tâm xin lh :***"
p31_s13_1774764993,Mazda 3,Luxury,2023.0,535.0,36000.0,Tự động,Xăng,Sedan,Khác,Khác,False,5,car_p31_s13_1774764993,"Mazda 3 Luxury Sport đăng ký 2023 odo zin 3,6 vạn, xe như mới"
p31_s15_1774765019,CX-5,2.0 Premium,2023.0,759.0,40000.0,Tự động,Xăng,SUV,Khác,Cam,True,5,car_p31_s15_1774765019,"🚘 Mazda CX5 2023 2.0 Premium  - Odo: 40.000km- 1 chủ - Trang bị: Ghế điện, ghế da, cửa sổ trời, cảm biến trước sau, cốp điện, cửa sổ trời, auto hold, phanh tay điện tử, đèn led, crusie control,cam 360, màn hình, cảm biến áp suất lốp, dán phim, lót sàn, lót cốp... - Giá: 759tr- bớt lộc, hỗ trợ bank ☎️ *** Thy"
p31_s16_1774765031,CX-5,Premium 2.0 AT,2023.0,759.0,40000.0,Tự động,Xăng,SUV / Cross over,Việt Nam,Đen,True,5,car_p31_s16_1774765031,"Mazda CX5 2023 Premium 2.0L, 5 chỗ,màu đen còn rất mới đẹp. - Odo 40.000 km, biển số HCM,1 chủ. - Đăng kiểm đến 10/2026. - Trang bị camera 360, 2 ghế chỉnh điện, cốp điện,phanh tay điện tử,cửa sổ trời,... * Giá bán 759 triệu còn bớt lộc. * Bao rút hồ sơ gốc. * Hỗ trợ sang tên các tỉnh. * Hỗ trợ hồ sơ trả góp ngân hàng. * Hỗ trợ giao xe tận nơi. * Thu đổi xe tận nơi giá cao.  *** Cam kết chất lượng xe bán ra : + Không tai nạn, không cháy nổ  + Không ngập nước, thủy kích. + Động cơ,hộp số, khung gầm nguyên bản. + Bảo hành 6 tháng/5000km cho động cơ, hộp số."
p31_s18_1774765055,Mazda 3,Premium,2023.0,600.0,59299.0,Tự động,Xăng,Hatchback,Việt Nam,Đỏ,False,5,car_p31_s18_1774765055,"Mazda 3 Sport Premium sản xuất và lăn bánh tháng 9/2023, 01 đời chủ mua từ mới, đây là bản cao cấp nhất trong phân khúc, đã lên camera 360, chống ồn toàn xe, cam kết ko đâm đụng, ko ngập nước( xe ở trong thành phố nên ko bị ngập nước, ngoài TP phường tây NT mới ngập), bao check toàn quốc"
p32_s7_1774765147,CX-5,2.0 Premium Exclusive,2023.0,780.0,31024.0,Tự động,Xăng,SUV / Cross over,Nhật Bản,Khác,False,5,car_p32_s7_1774765147,"*** Một Chiếc CX-5 Exclusive 2023 - XE DEMO LÁI THỬ CÔNG TY + Odo: 31k km + Không Đâm Đụng, Không Thủy Kích, bao check tại Hãng.  + Giá Hấp dẫn 780.000.000đ. Liên hệ sdt em ngay để hỗ trợ nhé  + Xem xe trực tiếp tại hãng, liên hệ em ngay nhé."
p32_s12_1774765203,CX-5,2.0 Premium,2023.0,770.0,30000.0,Tự động,Xăng,SUV / Cross over,Việt Nam,Xanh,False,5,car_p32_s12_1774765203,"Mazda CX5 Premium màu xanh đậm, sản xuất 2023, biển số Sài Gòn.  - Động cơ 2.0L, dẫn động 2WD.  - Odo 30.000km.  - Hộp số tự động, dùng nhiên liệu xăng.  - Giá 770 triệu."
p32_s14_1774765227,CX-5,2.0 Premium,2023.0,770.0,30000.0,Tự động,Xăng,SUV / Cross over,Việt Nam,Khác,False,5,car_p32_s14_1774765227,"Mazda CX5 Premium 2.0L – 2023  • Động cơ: 2.0L – dẫn động 2WD  • Odo: 30.000 km  • Sản xuất: 2023  • Biển số: Sài Gòn  • Xe gia đình sử dụng kỹ, ngoại hình và nội thất còn rất đẹp  ✔ Trang bị bản Premium nhiều option cao cấp ✔ Xe zin, không đâm đụng – không ngập nước ✔ Phù hợp gia đình cần xe rộng rãi, tiết kiệm nhiên liệu  💰 Giá chào bán: 770 triệu (có thương lượng nhẹ)  📞 Liên hệ xem xe trực tiếp – hỗ trợ sang tên nhanh gọn."
p33_s2_1774765301,Mazda 3,Luxury,2023.0,555.0,40000.0,Tự động,Xăng,Sedan,Việt Nam,Đỏ,True,5,car_p33_s2_1774765301,Chính chủ bán  Mazda3 2023 Luxury Xe đi giữ gìn chạy chuẩn 4v Km Cam kết máy số keo chỉ zin Bao check test bên thứ 3 Hỗ trợ bank 70% giá trị xe
p33_s6_1774765351,CX-30,Premium,2023.0,675.0,18000.0,Tự động,Xăng,Hatchback,Thái Lan,Cam,False,5,car_p33_s6_1774765351,"🚗 Mazda CX-30 Premium 2023 – Đẹp chuẩn, chạy cực sướng  • Odo: 17.000 km – xe đi ít, giữ gìn kỹ • Phiên bản Premium – full option cần có • Vận hành êm ái, cách âm tốt, gầm cao đi phố hay đường dài đều ổn • Ngoại hình trẻ trung, nội thất sang – phù hợp đi gia đình lẫn cá nhân  💰 Giá: 6xx triệu  ✅ Cam kết: ✔️ Xe không đâm đụng – không ngập nước ✔️ Máy số zin 100% - odo chuẩn ✔️ Pháp lý rõ ràng - Hỗ trợ bank 70% ✔️ Hỗ trợ sang tên – thu xe cũ giá cao  #MazdaCX30 #CX30Premium #CX30Luxury #XeLuot #OtoCuHCM #XeDepGiaTot #MuaXeDauNam #BanXeUyTin #MazdaCX30 #CX30Premium #MazdaCu #XeDepGiaTot"
p33_s7_1774765359,CX-5,2.0 Premium,2023.0,750.0,25000.0,Tự động,Xăng,SUV / Cross over,Việt Nam,Vàng,False,5,car_p33_s7_1774765359,"🚗 𝐍𝐄𝐖 𝐌𝐀𝐙𝐃𝐀 𝐂𝐗-𝟓 𝐏𝐑𝐄𝐌𝐈𝐔𝐌 𝐀𝐂𝐓𝐈𝐕𝐄 – XE ĐẸP NHƯ MỚI | CHỈ 𝟐𝟓.𝟎𝟎𝟎 𝐊𝐌 | MÀU VÀNG ÁNH KIM  ✨ Thông tin xe: Dòng xe: Mazda CX-5 Premium Active Sản xuất: 2023 Tình trạng: Xe lướt, sử dụng cực ít, THU CŨ TRONG HÃNG - AN TÂM VỀ CHẤT XE Số km: Chỉ 25.000 km Màu sắc: Vàng 47S Ngoại thất: Sơn zin đẹp, nước sơn bóng bẩy Nội thất: Giữ gìn kỹ, sạch sẽ như xe mới Gía bán: 750 TRIỆU - CAM KẾT UY TÍN CỦA HÃNG KIỂM TRA 200 HẠNG MỤC, XE KHÔNG LỖI, KHÔNGTUA ODO  - Còn bảo hành tới tháng 8/2028. Xe như xe mới giúp khách hàng tiếp kiệm hơn 100tr chi phí mua xe"
p33_s9_1774765380,CX-5,Premium 2.0 AT,2023.0,770.0,30000.0,Tự động,Xăng,SUV / Cross over,Việt Nam,Xanh,False,5,car_p33_s9_1774765380,"🚘MAZDA CX5 PREMIUM  🍀 Sản xuất: 2023  🍀 ODO: 30.000km  🍀 Màu: Xanh 🍀 Động cơ: Xăng 🍀 Xuất xứ: VN 🍀 Biển số: HCM ⚡️ Xe trang bị thêm: Dán phim cách nhiệt, sàn,….  ⚡️ Xe cam kết chất lượng: không đâm đụng, không ngập nước, odo chuẩn, pháp lý chuẩn"
p34_s4_1774765514,CX-3,1.5 Deluxe,2023.0,490.0,18000.0,Tự động,Xăng,SUV / Cross over,Thái Lan,Trắng,False,5,car_p34_s4_1774765514,"Bán Mazda CX3 mua tháng 11/2023, đi được 18k KM xe gia đình đi."
p34_s15_1774765620,CX-8,Premium,2023.0,899.0,55000.0,Tự động,Xăng,SUV,Khác,Cam,False,7,car_p34_s15_1774765620,"Mazda CX8 Premium 2023 Odo: 55.000km Giá: 899tr Cam kết: odo chuẩn, k đâm đụng, k ngập nước, k đại tu động cơ hộp số LH: *** Thy"
p35_s5_1774765724,Mazda 3,Luxury,2023.0,550.0,40000.0,Tự động,Xăng,Sedan,Việt Nam,Trắng,False,5,car_p35_s5_1774765724,Mazda 3 Luxury 2023 Odo 40.000km Xem xe Tiền Giang  Giá 550 còn bớt  Lh
p35_s10_1774765775,Mazda 3,Luxury,2023.0,585.0,16000.0,Tự động,Xăng,Hatchback,Khác,Cam,False,5,car_p35_s10_1774765775,"Xe gia đình cần bán Mazda 3 Luxury 2023 – Sedan quốc dân, form mới cực đẹp ✨ Xe cực mới, phù hợp anh em cần xe đi gia đình hoặc chạy dịch vụ cao cấp. 🔹 Mazda 3 Luxury 2023 Odo: 16.000km siêu lướt siêu mới.  ✅ Cam kết: ✔️ Xe không đâm đụng – không ngập nước ✔️ Máy số zin 100% – odo chuẩn ✔️ Pháp lý rõ ràng – hỗ trợ bank 70% ✔️ Hỗ trợ sang tên – thu xe cũ giá cao 🔹 Giá: 5xx triệu"
p35_s15_1774765825,CX-5,Premium 2.0 AT,2023.0,745.0,39000.0,Tự động,Xăng,SUV / Cross over,Việt Nam,Cam,False,5,car_p35_s15_1774765825,"Mazda CX-5 2.0 Premium Active sx 2023 Odo chuẩn : 39.000km Giá bán : 745 triệu   Hỗ trợ vay 70% giá trị xe . Thủ tục Vay nhanh gọn . không cần chứng minh thu nhập  >> Cam kết xe bằng Văn Bản - không đâm đụng , tai nạn - không Thuỷ kích - động cơ và hộp số nguyên bản - Hồ sơ giấy tờ xe đủ điều kiện sang tên  Khách hàng Thoải mái Check Test Hãng , sai cam kết hoàn tiền 100%  Quà Tặng ✓ Bảo hành xe 12 tháng hoặc 20.000km ✓ Kiểm định 230 hạng mục xe trước khi giao ✓ Tặng 1 lần thay nhớt và lọc nhớt , spa xe trước khi bàn giao ✓ Bao rút hồ sơ gốc  🌟Nhận trao đổi xe - Thu Mua xe Xăng , Điện đã qua sử dụng tại nhà , Hoa Hồng Cao cho người giới thiệu"
p36_s3_1774765904,Mazda 2,1.5 AT,2023.0,395.0,2000.0,Tự động,Xăng,Hatchback,Khác,Khác,True,5,car_p36_s3_1774765904,"Mazda 2 1.5AT 2023  💫Zin : 2 vann km  💫Tư nhân 1 chủ từ mới  💫Full lịch sử bảo dưỡng hãng  💫Trang bị : đèn full led tự động cân bằng góc chiếu, khởi động nút bấm Start Stop, gương chỉnh điện, tựa đầu 3 điểm, cân bằng điện tử, khởi hành ngang dốc, tự động khóa cửa khi vận hành, cảnh báo chống trộm,... Phanh tay điện tử   395"
p37_s3_1774766077,Mazda Other,Unknown,2023.0,695.0,13000.0,Tự động,Xăng,SUV / Cross over,Việt Nam,Cam,False,5,car_p37_s3_1774766077,"🔥 MAZDA CX-5 2023 MODEL 2024 – SIÊU LƯỚT 13.000KM 🔥 Dòng xe ""cháy hàng"" nhất nhà em Quyền lại về! • Tình trạng: Xe như mới, sơn zin, nội thất thơm mùi xưởng. • Cam kết: Không đâm đụng, không ngập nước, máy móc & keo chỉ zin 100%. • Giá chốt: 695 Triệu (Bao hồ sơ cầm tay). 📞 Liên hệ e Quyền: *** - ***"
p38_s8_1774766332,Mazda 3,1.5L Luxury,2023.0,579.0,14000.0,Tự động,Xăng,Sedan,Khác,Đỏ,True,5,car_p38_s8_1774766332,"🔥Mazda 3 Luxury 2023 Siêu lướt🔥  ❇️ Sx và ĐKý T9/2023  ❇️ Odo : 14000 km  ✳️ Xe Cá nhân 1 chủ full lịch sử bảo dưỡng  ✳️ Bảo hành Tại AGF 12tháng hoặc 12000km  Xe trang bị : phim cách nhiệt , trải sàn,   ✅ Cam kết xe không đâm đụng , không thuỷ kích , không tua km.  ✅ Xe đã được kiểm tra 167 bước theo tiêu chuẩn Ford Việt Nam  ✅ Hỗ trợ vay ngân hàng 70% với lãi suất ưu đãi nhất. 💰 Giá bán : 5xx.000.0000  ---------------------------  ☎️ Ms Lê Tuyền"
p38_s14_1774766399,CX-30,Premium 2.0 AT,2023.0,686.0,17000.0,Tự động,Xăng,SUV / Cross over,Khác,Xanh,True,5,car_p38_s14_1774766399,"Xe gia đình cần bán Mazda CX30 - 2.0 Premium bản cao cấp nhất  Sx 2023 - Xe gầm cao cá nhân 1 chủ full bảo dưỡng còn bảo hành hãng.  ✅𝐌𝐚̀𝐮 𝐱𝐞: Xanh Cavansite - nội thất nâu siêu lướt 17.000 km như xe mới. 👉Trang bị: Xe gầm cao Động cơ 2.0L - 153Hp , Hộp số tự động 6 cấp, cửa sổ trời, hub kính lái, vô lăng bọc da 3 chấu tích hợp lẩy chuyển số, điều hòa tự động có cửa gió hàng ghế sau,… ✅️Đảm bảo ko đâm đụng, ngập nước. Bao test hãng toàn quốc ✅️Bao bank, duyệt hồ sơ trong ngày 💨 💰 Giá chỉ : 6xxtr VND Ngân hàng hỗ trợ 70%"
p38_s17_1774766465,Mazda 3,1.5L Luxury,2023.0,579.0,14000.0,Tự động,Xăng,Sedan,Việt Nam,Đỏ,True,5,car_p38_s17_1774766465,"Mazda 3 Luxury màu đỏ, xe đẹp, chạy êm.  - Odo: 14.000km xe trùm mền full lịch sử hãng - Bao check test toàn quốc - Hỗ trợ NH 70% lãi suất ưu đãi. - Hỗ trợ rút hồ sơ gốc, sang tên toàn quốc Xem xe thương lượng giá trực tiếp tại Long Xuyên, An Giang"
p39_s14_1774766646,CX-5,2.0 Premium,2023.0,739.0,80000.0,Tự động,Xăng,SUV / Cross over,Khác,Cam,True,5,car_p39_s14_1774766646,"🚗 Mazda CX-5 2.0 Premium 2023 – Bản full cao cấp, được trang bị đầy đủ tính năng an toàn i-Active • 1 chủ từ mới, chuẩn 80.000km, bảo dưỡng rất kỹ • Còn bảo hành chính hãng • Xe đẹp, không lỗi – bao test dưới mọi hình thức • Võ còn theo xe, tặng kèm 03 võ mới mua chưa sử dụng  ⭐ Trang bị nổi bật   Mazda CX-5 2023 2.0 Premium nổi bật với gói an toàn cao cấp i-Activsense, màn hình HUD, âm thanh 10 loa Bose, camera 360 và nội thất da Nappa cao cấp.  🔒 An toàn i-Activsense: • Cảnh báo điểm mù • Cảnh báo phương tiện cắt ngang khi lùi • Cảnh báo & hỗ trợ giữ làn • Phanh tự động giảm thiểu va chạm • Cruise Control thích ứng  🛋 Nội thất & tiện nghi: • Ghế da Nappa cao cấp • Ghế lái chỉnh điện + nhớ vị trí • HUD kính lái • Màn hình 8” Apple CarPlay/Android Auto • 10 loa Bose cao cấp • Điều hòa 2 vùng độc lập • Sạc không dây, cửa sổ trời, đá cốp  ✨ Ngoại thất: • Đèn LED thích ứng AFS • Mâm 19 inch thể thao • Gương chống chói, kính 2 lớp chống ồn  ⚙️ Vận hành: • Động cơ SkyActiv-G 2.0L (~154hp) • Hộp số tự động 6 cấp • Auto Hold, chế độ lái Sport  Xe bản Premium cao cấp, trang bị đầy đủ – mua về chỉ việc chạy. ✅ Tân Thành Auto cam kết: ✔ Xe chuẩn – đã kiểm tra đầy đủ các hạng mục quan trọng, bao check test toàn quốc cho quý khách hàng ✔ Hỗ trợ sang tên nhanh gọn ✔ Thu mua – trao đổi xe cũ giá tốt  📍 Xem xe trực tiếp tại: Tân Thành Auto 146K Trần Văn Hoài, P. Ninh Kiều, TP. Cần Thơ  📞 Liên hệ:"
p40_s3_1774766722,Mazda 2,1.5 Luxury,2023.0,445.0,22200.0,Tự động,Xăng,Sedan,Khác,Trắng,False,5,car_p40_s3_1774766722,Mazda 2 1.5L luxury 2023 Odo: 22.200km Giá bán: 445Triệu Màu trắng ✅ Hỗ Trợ vay 65%  ❗️CAM KẾT: 𝐎𝐃𝐎 𝐂𝐡𝐮𝐚̂̉𝐧 - 𝐊𝐡𝐨̂𝐧𝐠 Đ𝐚̂𝐦 Đ𝐮̣𝐧𝐠 𝐍𝐠𝐚̣̂𝐩 𝐍𝐮̛𝐨̛́𝐜  🚘 Xem Xe Cần Thơ- ***
p40_s14_1774766844,Mazda 2,1.5 Luxury,2023.0,445.0,22200.0,Tự động,Xăng,Sedan,Thái Lan,Cam,False,5,car_p40_s14_1774766844,"Mazda 2 1.5L luxury 2023 Odo: 22.200km Giá bán: 445 triệu - 4 vỏ theo xe, sơ cua chưa hạ  - Xe đã trang bị camera 360 độ, camera hành trình ❌❌CAM KẾT: 𝐎𝐃𝐎 𝐂𝐡𝐮𝐚̂̉𝐧 - 𝐊𝐡𝐨̂𝐧𝐠 Đ𝐚̂𝐦 Đ𝐮̣𝐧𝐠 𝐍𝐠𝐚̣̂𝐩 𝐍𝐮̛𝐨̛́𝐜 🚗Xem xe Cần Thơ  📲 Hotline ***"
p41_s14_1774767051,CX-5,2.0 Premium Exclusive,2023.0,795.0,7166.0,Tự động,Xăng,SUV / Cross over,Việt Nam,Đỏ,False,5,car_p41_s14_1774767051,"MADZA CX5 BẢN PREMIUM EXCLUSIVE (BẢN CAO CẤP NHẤT- FULL OPTION) EM KHẲNG ĐỊNH : KHÔNG THỂ TÌM XE EM XE LƯỚT NÀO NGON HƠN XE NÀY!  Xe em mua 31/12/2023 nhưng hết hàng nên 01/2024 mới nhận xe (sx2023 n 2024 mới nhận và đăng kiểm). Xe siêu lướt mới đi hơn 7100km.   Vì mua cho gia đình sử dụng nên em đã làm rất nhiều đồ tầm 60tr - 70tr và đều chọn đồ ***: PFF (hãng *** của mỹ), Film cách nhiệt 3M, Android box Zestech, thảm lót sàn, bọc vô lăng, phủ gầm gốc dầu và mạ bộ chống rỉ.   Định mua chở con đi học nhưng con học gần nên 2 năm nay xe gần như chỉ để trong hầm, k có chạy . Năm ngoái đi vũng tàu mấy lần mới có chút km.   Em muốn tìm người dùng để bán , gỡ lại chút lỗ. Bán salon trả em tiếc lắm ạ vì xe không khác gì xe mới cả. Em đăng đúng giá bán, không có thương lượng cũng k bán bằng giá salon trả cho xe cũ nên các bác salon đừng trả giá giúp em nha. Vì xe mới em cũng tiếc.  Em ở SG k có chuyện ngập nước. Hồi miền trung lụt cũng mua bạt đề phòng 1tr4 mà chưa khui luôn, bác nào mua thì em tặng luôn nha!"
p41_s15_1774767059,Mazda 6,Premium 2.0 AT,2023.0,719.0,24000.0,Tự động,Xăng,Sedan,Khác,Cam,False,5,car_p41_s15_1774767059,"Xe mới về Diamondcars💎 🇯🇵Mazda6 2023 2.0L Premium TCCC ⛳️Odo 25.000km Ngoại thất - Đèn pha: LED, tự động bật/tắt, tự động cân bằng góc chiếu, tích hợp công nghệ đèn thích ứng thông minh. (ALH) - Đèn LED chạy ban ngày: Có - Gương chiếu hậu ngoài: Chỉnh điện, gập điện, tích hợp đèn báo rẽ - Cửa sổ trời: Chỉnh điện - Ốp cản sau thể thao: Có  Nội thất & Tiện nghi - Ghế ngồi: Bọc da  - Ghế lái: Chỉnh điện 8 hướng, tích hợp chức năng nhớ vị trí  • Ghế hành khách trước: Chỉnh điện 6 hướng  • Hàng ghế sau: Gập tỉ lệ 60:40, tích hợp tựa tay với ngăn để ly và cổng sạc USB  • Hệ thống điều hòa: Tự động 2 vùng độc lập, có cửa gió cho hàng ghế sau  • Hệ thống giải trí: Màn hình cảm ứng 8 inch, hỗ trợ kết nối AUX/USB/Bluetooth, đầu DVD, hệ thống âm thanh 10 loa Bose  • Vô lăng: Bọc da, tích hợp các nút chức năng, có lẫy chuyển số  • Màn hình hiển thị thông tin trên kính lái (HUD): Có  • Rèm che nắng kính sau chỉnh điện: Có  Giá 739 triệu  🧰Có hỗ trợ vay ngân hàng 70% 🧰Có cam kết bằng văn bản 🧰Hỗ trợ lái thử kiểm tra hãng 🧰Có bảo hành và bao quay đầu  Liên hệ: *** em Nhường"
p41_s17_1774767082,CX-30,Luxury 2.0 AT,2023.0,624.0,43000.0,Tự động,Xăng,SUV / Cross over,Khác,Xanh,True,5,car_p41_s17_1774767082,"Gia đình cần bán Mazda CX30 - 2.0 Luxury Sx 2023 - 1 chủ từ đầu còn bảo hành hãng ✅𝐌𝐚̀𝐮 𝐱𝐞: Xanh Cavansite - nội thất nâu  👉Trang bị: Xe gầm cao Động cơ 2.0L - 153Hp , Hộp số tự động 6 cấp, vô lăng bọc da 3 chấu tích hợp lẩy chuyển số, điều hòa tự động có cửa gió hàng ghế sau,… ✅️Đảm bảo ko đâm đụng, ngập nước. 👍 ✅️Bao test hãng Bao bank, duyệt hồ sơ trong ngày 💨 💰 Giá chỉ : 624tr VND (xem xe có bớt). Ngân hàng hỗ trợ 70%"
p41_s18_1774767094,CX-5,2.0 Premium,2023.0,770.0,25000.0,Tự động,Xăng,SUV / Cross over,Việt Nam,Trắng,False,5,car_p41_s18_1774767094,"Mazda CX-5 màu trắng, xe 5 chỗ, động cơ xăng, hộp số tự động.   - Thiết kế hiện đại, nội thất rộng rãi.   - Xe sản xuất tại Việt Nam.   - Vận hành êm ái, tiết kiệm nhiên liệu."
p42_s5_1774767176,Mazda 3,1.5L Sport Luxury,2023.0,595.0,18000.0,Tự động,Xăng,Hatchback,Việt Nam,Khác,False,5,car_p42_s5_1774767176,"Mazda 3 sx 2023 •Odo: 1v8 km •Lịch sử bảo dưỡng full hãng  •Phiên bản: 1.5 Luxury  •Tình trạng xe: K lỗi, nguyên zin"
p42_s10_1774767231,Mazda Other,1.5L AT Standard,2023.0,435.0,270000.0,Tự động,Xăng,Sedan,Thái Lan,Trắng,False,5,car_p42_s10_1774767231,"🚗 Mazda 2, màu trắng tinh khôi, sản xuất năm 2023, mang đến trải nghiệm lái xe đầy hứng khởi và phong cách. Xe được thiết kế nhỏ gọn, linh hoạt, phù hợp di chuyển trong đô thị đông đúc.  ✨ Đặc điểm nổi bật:  * ⚪️ Màu sơn trắng sang trọng, dễ dàng bảo dưỡng và làm mới. * ✌️ Thiết kế 2 chỗ ngồi độc đáo, tạo không gian riêng tư và thoải mái cho người lái và hành khách. * 📅 Sản xuất năm 2023, đảm bảo xe có công nghệ và tính năng mới nhất. * ⚙️ Vận hành êm ái, tiết kiệm nhiên liệu, phù hợp cho cả nhu cầu đi lại hàng ngày và những chuyến đi ngắn ngày. * 🛡️ Trang bị đầy đủ các tính năng an toàn, giúp bạn yên tâm trên mọi hành trình. * 🎵 Hệ thống giải trí hiện đại, kết nối dễ dàng với điện thoại thông minh, mang đến những phút giây thư giãn tuyệt vời. * 💯 Nội thất được thiết kế tỉ mỉ, sử dụng vật liệu cao cấp, tạo cảm giác thoải mái và sang trọng. * 🔆 Ngoại thất xe được chăm chút đến từng chi tiết, thể hiện sự tinh tế và đẳng cấp của chủ sở hữu. * 🛣️ Khả năng vận hành ổn định trên mọi địa hình, mang đến trải nghiệm lái xe tuyệt vời. * ✔️ Xe được bảo dưỡng định kỳ, đảm bảo hoạt động tốt và bền bỉ.  Mazda 2 là sự lựa chọn hoàn hảo cho những ai yêu thích phong cách trẻ trung, năng động và muốn sở hữu một chiếc xe nhỏ gọn, tiện lợi nhưng vẫn đầy đủ tiện nghi và an toàn. Xe phù hợp với những người độc thân, các cặp đôi trẻ hoặc những ai thường xuyên di chuyển trong thành phố."
p42_s17_1774767306,Mazda 3,1.5L Luxury,2023.0,589.0,20000.0,Tự động,Xăng,Sedan,Việt Nam,Khác,True,5,car_p42_s17_1774767306,"#MAZDA3 1.5L luxury dki 2/2024 Sx 2023 lăn bánh 2v km zing keng Full LS hãng + BH 3 năm đến 2027 Dki cá nhân biển HN 1 chủ Sẵn xe giao ngay …. Giá tk chỉ 5xx còn TL Ht bank , bao check Ship xe toàn quốc  Xem xe tại Long Biên , HN Xin cảm ơn ❤️"
p43_s14_1774767454,CX-5,Deluxe 2.0 AT,2023.0,665.0,49000.0,Tự động,Xăng,SUV / Cross over,Việt Nam,Khác,False,5,car_p43_s14_1774767454,"Mazda cx5 2022 bản deluxe máy số nguyên zin. xe đi 4.9vạn.  Form dáng trẻ trung, giá cực dễ tiếp cận  Lh xem xe (hà nội)"
p43_s16_1774767474,Mazda Other,MT,2023.0,476.0,456000.0,Số sàn,Dầu,Pick-up (bán tải),Thái Lan,Khác,True,5,car_p43_s16_1774767474,Cần bán bán tải Mazda BT 50 số sàn 1 cầu còn rất mới xe 1 chủ mua mới từ đầu đăng kiểm bảo hiểm còn dài nội ngoại thất cực đẹp.
p44_s0_1774767516,Mazda 3,1.5L Premium,2023.0,625.0,24567.0,Tự động,Xăng,Hatchback,Việt Nam,Đỏ,True,5,car_p44_s0_1774767516,"Bán Mazda 3 Premium đời 2023 màu đỏ, xe 5 chỗ.   - Động cơ xăng, hộp số tự động.   - Thiết kế sang trọng, nội thất tiện nghi.   - Xe vận hành êm ái, tiết kiệm nhiên liệu.  - Tên cá nhân. Biển số Hà Nội 1 chủ  - Xe đi 2vạn2 km. Full lịch sử hãng"
p47_s2_1774768261,CX-30,Premium 2.0 AT,2023.0,635.0,90000.0,Tự động,Xăng,SUV / Cross over,Thái Lan,Đỏ,False,5,car_p47_s2_1774768261,MAZDA CX30 2022 PREMIUM MÀU ĐỎ THỐNG SỐ XE • ODO : 9 VẠN • ĐỘNG CƠ : 2.0 • Đề nổ . Cửa nóc . Phanh tay điện tử . Auto hold . Nhớ ghế . Cốp điện . Cảnh báo điểm mù . Điều hoà tự động .. Cruise Control . Chống trơn trượt . Màn hình cam lùi .  : — BONAUTO SAU BIG C LONG BIÊN  SỐ 8 VŨ ĐỨC THẬN - PHƯỜNG VIỆT HƯNG - LONG BIÊN - HÀ NỘI
p47_s3_1774768272,CX-8,Premium,2023.0,935.0,20500.0,Tự động,Xăng,SUV / Cross over,Việt Nam,Vàng,True,7,car_p47_s3_1774768272,"Mazda CX-8 Premium sản xuất tháng 08/2023 màu vàng cát.  - Xe đi 20.500 km, bảo dưỡng hãng đầy đủ.  - Nội thất da Nappa mới, đã gắn áp suất lốp.  - Xe một chủ giữ gìn cẩn thận, không đâm đụng, không ngập nước.  - Xe tại Quận Bình Thạnh, TP.HCM."
p47_s4_1774768282,Mazda 3,1.5 Deluxe,2023.0,500.0,25000.0,Tự động,Xăng,SUV / Cross over,Khác,Cam,True,5,car_p47_s4_1774768282,"➖Mazda CX3 Deluxe sản xuất 2023 nhập khẩu Xe chạy chuẩn hơn 2v km full lịch sử bảo dưỡng hang  Đăng ký tư nhân 1 chủ từ mới  Lốp theo xe cả dàn, sơ cua chưa 1 lần chạm đất  Xe cam kết bao check test bất cứ idol nào"
p47_s18_1774768444,Mazda 6,Premium 2.0 AT,2023.0,719.0,24000.0,Tự động,Xăng,Sedan,Việt Nam,Đỏ,True,5,car_p47_s18_1774768444,"Mazda 6 2.0 Premium 2023 – Full TCCC – Giá 750 triệu  Mazda 6 2.0 Premium 2023 (Full TCCC), odo 24.000km, màu đỏ Soul Red, nội thất cao cấp. Xe 1 chủ sử dụng, bảo dưỡng định kỳ, không đâm đụng – không ngập nước – không tua km.  Trang bị nổi bật: – Gói an toàn i-Activsense (radar) – Ga tự động thích ứng, cảnh báo & hỗ trợ giữ làn – HUD kính lái – Ghế da chỉnh điện nhớ ghế – Phanh tay điện tử, Auto Hold – Màn hình giải trí hỗ trợ Apple CarPlay / Android Auto  Xe nguyên bản, máy móc – khung gầm zin. Bao check test, giấy tờ đầy đủ, sang tên nhanh."
p48_s16_1774768679,Mazda 3,1.5L Premium,2023.0,625.0,20000.0,Tự động,Xăng,Sedan,Việt Nam,Khác,True,5,car_p48_s16_1774768679,"#Mazda3 1.5L premium 2023 Dki cá nhân HN 1 chủ Odo 2v km zin full LS Mới kính koong zin cả xe Giá tk quanh 600 có TL Ht bank , bao check  Xem xe tại Long Biên , HN Xin cảm ơn ❤️❤️"
p1_s14_1774726281,CX-5,2.0 AT,2024.0,610.0,70000.0,Tự động,Xăng,SUV,Việt Nam,Cam,True,5,car_p1_s14_1774726281,"Thông tin chi tiết về xe :  - Xe tư nhân 1 chủ mua từ mới  - Biển tỉnh - Odo 7 vạn km , bảo dưỡng định kì  Tình trạng xe :  - Nội ngoại thất tươi mới giữ gìn cẩn thận  - Cam kết chất lượng xe bằng văn bản : Không đâm , tai nạn ảnh hưởng tới khung gầm sắt xi , không ngập nước , máy số keo chỉ đinh tán cột kèo nguyên bản  - Bao check test theo chỉ định khách hàng  - Hỗ trợ trả góp 70% giá trị xe - Quý khách có nhu cầu mua xe xin vui lòng liên hệ trực tiếp để trao đổi trực tiếp & lái thử xe"
p2_s3_1774726401,CX-5,Premium 2.0 AT,2024.0,795.0,20000.0,Tự động,Xăng,SUV / Cross over,Việt Nam,Trắng,False,5,car_p2_s3_1774726401,"Chiếc Mazda CX 5 màu trắng sản xuất năm 2024, một mẫu SUV/Crossover lý tưởng cho những ai tìm kiếm sự kết hợp giữa phong cách và hiệu suất. Xe có những đặc điểm nổi bật sau:  * 🚗 Thương hiệu: Mazda, nổi tiếng với thiết kế KODO và công nghệ SkyActiv. * 🎨 Màu sắc: Trắng, mang lại vẻ ngoài thanh lịch và hiện đại. * 🚘 Model: CX 5, dòng xe SUV được ưa chuộng trên thị trường. * ⚙️ Loại xe: SUV / Cross over, phù hợp cho cả di chuyển trong thành phố và những chuyến đi xa. * 🕹️ Hộp số: Tự động, mang lại sự thoải mái và tiện lợi khi lái xe. * 📅 Năm sản xuất: 2024, đảm bảo xe được trang bị những công nghệ mới nhất. * 🛣️ Odo: 2 vạn km, xe còn rất mới và ít sử dụng. * Khuyến khích khách hàng check test theo chỉ định trước khi mua để yên tâm nhất  Chiếc xe này hứa hẹn mang lại trải nghiệm lái tuyệt vời với thiết kế thể thao, nội thất tiện nghi và khả năng vận hành mạnh mẽ. Đây là lựa chọn đáng cân nhắc cho những ai đang tìm kiếm một chiếc SUV chất lượng cao."
p2_s8_1774726456,Mazda 3,AT,2024.0,530.0,29998.0,Tự động,Xăng,Sedan,Việt Nam,Xanh,True,5,car_p2_s8_1774726456,"Mình đang cần bán một chiếc xe mazda 3 đời cuối 2024 số tự động. Xanh đậm phadil. Xe chính chủ cá nhân mua mới 1 đời chủ cam kết không đâm đụng, không va chạm sơn zin 100%. Xe được trang bị full option.đề nổ start/stop, thắng tay điện tử, Màn hình zin theo xe, cam hành trình đầy đủ. Cam lùi, cảm biến quanh xe. Dán kim cách nhiệt cao cấp của mỹ 5M, thảm lót sàn, thảm taplo đầy đủ. 4 lốp zin theo xe, lốp sơ cua chưa chạm đất. đảm bảo chưa hề va quẹt đâm đụng, ko thủy kích, máy zin 100%, full lịch sử bảo dưỡng trong hãng, bao check test thoải mái. xe chính chủ cá nhân đứng tên, cà vẹt cầm tay, mua xong ra công chứng liền trong 15p, hỗ trợ rút hồ sơ cho người thiện chí. Liên hệ ; coi xe gần siêu thị AOEN nhật bản quận tân phú"
p2_s9_1774726468,Mazda 3,1.5L Sport Luxury,2024.0,625.0,10000.0,Tự động,Xăng,Hatchback,Nhật Bản,Xanh,False,5,car_p2_s9_1774726468,"Cần bán mada 3 sport luxury 2024 Xe nguyên bản chưa đụng chạm , odo : 10.000km còn như mới , xe cam kết nguyên rin , không đâm đụng , ngập nước ( cam kết lỗi hoàn tiền 100% ) Anh chị e nào kết thì alo xem xe"
p3_s1_1774726633,Mazda 2,1.5 AT,2024.0,392.0,33000.0,Tự động,Xăng,Hatchback,Việt Nam,Đỏ,False,5,car_p3_s1_1774726633,"Mazda 2 2024 Đỏ 33.000 km Xe lên 50 triệu đồ chơi, phụ kiện: Ghế da napa, lót sàn, bọc trần, Màn hình adroi, camera hành trình, camera 360...  Xem xe: 84 Phạm Hùng, Hoà Xuân, Đà Nẵng"
p3_s6_1774726687,CX-5,Unknown,2024.0,780.0,12246.0,Tự động,Xăng,SUV,Khác,Trắng,False,5,car_p3_s6_1774726687,Thì trường đang chậm nhưng mà mới quá lại phải mua  Mazda cx5 2024 pre  Xuất hóa đơn 600 triệu  7xx triệu
p5_s1_1774727041,CX-5,Luxury 2.0 AT,2024.0,754.0,15000.0,Tự động,Xăng,SUV / Cross over,Khác,Trắng,False,5,car_p5_s1_1774727041,"Mazda CX-5 màu trắng, xe chạy 15000 km.   - Thiết kế hiện đại, nội thất rộng rãi.   - Vận hành êm ái, tiết kiệm nhiên liệu.   - Xe giữ gìn cẩn thận, sẵn sàng sử dụng."
p5_s15_1774727190,CX-3,Unknown,2024.0,489.0,40000.0,Tự động,Xăng,SUV,Khác,Khác,True,5,car_p5_s15_1774727190,"Gia đình sắp xuất cảnh cần bán xe đang sử dụng hiệu Mazda CX-3 SX 2024 full option, có chế độ Cruiser Control, auto light, chế độ iStop, số Sport, màn hình Navi, thắng điện tử... tình trạng mới 95%, xe trùm mền sơ-cua chưa xài đến, biển số Sài Gòn, chính chủ đứng tên xe bán. Ai có nhu cầu xin liên hệ xem xe tại chợ Gò Vấp . Thanks👍"
p7_s2_1774727474,Mazda 2,1.5 AT,2024.0,380.0,18000.0,Tự động,Xăng,Sedan,Khác,Trắng,True,5,car_p7_s2_1774727474,"Nhu cầu đi lại ít Cần bán xe mazda2 AT 2024 18k km  Xe chính chủ đứng tên cà vẹt. Giá bán 380. Bán đến công chứng. Ai có nhu cầu mua đi liên hệ. Không tiếp cò lái. Xin cảm ơn Cần bán xe đã lên màn hình , cam 360, cảm biến sau. Tặng rèm xe và Lót sàn nhựa"
p8_s7_1774727725,CX-5,Premium Sport 2.0 AT,2024.0,825.0,27000.0,Tự động,Xăng,SUV / Cross over,Khác,Đen,False,5,car_p8_s7_1774727725,"💥Hàng chiến lược💥 🚘Mazda Cx5 2024 Premium Sport 2.0 🚘 📌 Odo 2 vạn 7 , bảo dưỡng full hãng 📌 Trang bị body viền đen, option miên man, rada i-Actisense  📌 Hàng ghế trước chỉnh điện, cốp điện, làm mát ghế, 2 chế độ lái, autohold, cam 360, màn hình có kết nối apple carplay không dây v.v.. 📌 Cam kết xe đẹp không lỗi , bao check hãng hoặc garage theo yêu cầu 🏦Hỗ trợ Bank 70%      𝐂𝐀𝐌 𝐊𝐄̂́𝐓 𝐂𝐇𝐀̂́𝐓 𝐋𝐔̛𝐎̛̣𝐍𝐆 ✅ Không đâm đụng. ✅ Không ngập nước, thuỷ kích. ✅ Máy móc, hộp số nguyên bản. ✅ Nguồn gốc xuất xứ rỏ ràng, hồ sơ hợp lệ. ✅Thủ tục nhanh gọn giao xe ngay.  𝐂𝐇𝐄̂́ Đ𝐎̣̂ Đ𝐀̉𝐌 𝐁𝐀̉𝐎: 📌 Hỗ trợ Test Hãng, Gara theo yêu cầu của khách.  📌 Nếu không đúng cam kết sẽ thu hồi xe bằng giá bán ra và bồi thường tất cả chi phí cho khách. 📌 Xe được kiểm tra nghiêm ngặc trước khi bán ra thị trường. 📌 Hỗ trợ bảo hàng, bảo dưỡng 6 tháng hoặc 10.000 kilomets  𝐔̛𝐔 Đ𝐀̃𝐈 Đ𝐀̣̆𝐂 𝐁𝐈𝐄̣̂𝐓: 🏦 Hỗ trợ trả góp 60% giá trị xe (cho những xe từ 2019 trở lên). 💵 Lãi suất hấp dẫn, thủ tục nhanh chóng  Với uy tín của 1 cửa hàng lớn, trên 30 đầu xe đang bán ra, chúng tôi xin cam kết: 👉 Xe bán ra không đâm đụng, không ngập nước, nếu sai sẽ bồi thường gấp đôi tiền cọc. 👉 Xe được kiểm tra nghiêm ngặt trước khi bán ra thị trường, nên khách hàng tuyệt đối yên tâm. 👉 Bảo hành 6 tháng, hoặc 10.000 kilomet. 👉 Thủ tục nhanh gọn giao xe ngay. 💥💥 Đặc biệt chúng tôi có hỗ trợ trả góp qua bank lên đến 60% giá trị xe ( cho những xe sx từ 2019) __________ 𝐀𝐝𝐝𝐫𝐞𝐬𝐬: 119 𝐋𝐞̂ 𝐇𝐨̂̀𝐧𝐠 𝐏𝐡𝐨𝐧𝐠, 𝐓𝐚̂𝐧 Đ𝐨̂𝐧𝐠 𝐇𝐢𝐞̣̂𝐩, 𝐃𝐢̃ 𝐀𝐧, 𝐁𝐢̀𝐧𝐡 𝐃𝐮̛𝐨̛𝐧𝐠"
p8_s14_1774727786,Mazda 2,1.5 AT,2024.0,395.0,43000.0,Tự động,Xăng,Hatchback,Khác,Đỏ,False,5,car_p8_s14_1774727786,"Mazda 2 sx 2024 1.5 AT Xe đã có màn hình, cam lùi cam hành trình, đèn pha full led, đèn gầm led."
p9_s2_1774727855,Mazda 3,1.5 Luxury,2024.0,595.0,8000.0,Tự động,Xăng,Sedan,Khác,Xanh,False,5,car_p9_s2_1774727855,"Em cần bán Mazda3 - 1.5 AT Luxury Sport 2024, màu xanh Cavasai, đăng ký cuối năm 2024 tại Hà Nội, biển 30/ 5 số . Xe nhà mua về xác định đi lâu dài nên giữ hơn cả giữ Vàng Miếng ....😄 Đi cực ít, ODO mới 8.000 km – chủ yếu đi cà phê với đưa đón gia đình, chưa kịp “hành” em nó. Tình trạng thì e nói thật : gần như xe mới trong hãng chạy ra. Sơn zin 100%, nội ngoại thất nguyên bản, không lỗi, không va quệt , không ngập nước. Bác nào khó tính cứ dẫn thợ check thoải mái, sai em xin tặng luôn tiền xăng 😄Máy móc êm ru, đi đầm, tiết kiệm xăng. Bản Luxury Sport nên đồ đạc đầy đủ, không thiếu gì cho nhu cầu đi gia đình hay đi làm hàng ngày. Bán đi em cũng tiếc lắm, nhưng cần đổi xe to hơn nên đành tìm chủ mới chăm em nó tiếp. Bác nào đang tìm xe đẹp, không phải nghĩ nhiều, mua về chỉ việc đổ xăng là chạy thì alo em .  Xem xe tại Hà Nội  Em Minh Châu"
p9_s4_1774727871,CX-30,Luxury 2.0 AT,2024.0,640.0,14000.0,Tự động,Xăng,SUV / Cross over,Thái Lan,Khác,False,5,car_p9_s4_1774727871,Cần bán xe mazda cx30 xe gia đinh mua mới 2024 luxury xe rat mới xe luot iit sử dung . Sơn zin nguyen chiec . Kg lổi nhỏ . Tiet kiem xăng Tiện lợi cho gd va kinh doanh . Chinh chủ cà vec . Xem xe nga 4 thủ đức. Dt ***
p10_s7_1774728056,Mazda Other,Deluxe 2.0 AT,2024.0,720.0,10000.0,Tự động,Xăng,SUV / Cross over,Khác,Xanh,True,5,car_p10_s7_1774728056,"Do nhu cầu đi lại ít, nên tôi muốn bán xe chính chủ còn đẹp keng này. Mazda CX 5 2024 Deluxe 2.0 - 10000 km"
p10_s9_1774728073,CX-5,Premium Sport 2.0 AT,2024.0,823.0,16017.0,Tự động,Xăng,SUV / Cross over,Việt Nam,Đen,False,5,car_p10_s9_1774728073,"🚗Mazda CX5 2.0 Premium Sport -Đời 2024 -Màu đen -odo : 15.825 km -Giá chào bán : 823 triệu 💵Giảm tiền mặt trực tiếp 🎁 🎁Hỗ trợ trả góp 70% với lãi xuất cực kì ưu đãi 👉Carpla cam kết chuẩn odo 👉Máy móc nguyên zin 👉Không đâm đụng , không thuỷ kích ✅Khuyến khích khách hàng mang check hãng ✅Bảo hành 12 tháng hoặc 20.000km 📱: *** (Minh Tân ) 🎯Địa chỉ: Automall Carpla Tân Phú - 314 Lũy Bán Bích, P. Hòa Thạnh, Q. Tân Phú, TPHCM"
p13_s15_1774728641,Mazda 3,Luxury,2024.0,585.0,41000.0,Tự động,Xăng,Sedan,Khác,Trắng,True,5,car_p13_s15_1774728641,"🍒Oto Duy Dương - 167 Nguyễn Văn Cừ - Đắk Lắk🍒  Mazda 3 2024 Luxury 1 Chủ Rất Đẹp  Xe trang bị : 4 lốp zin theo xe, đèn Auto full led, nhớ ghế 2 vị trí...  Odo : 41.000km - bao check mọi nơi  Giá : 585 triệu - Bao rút hồ sơ - Hổ trợ bank 60%  Lh : *** Gặp Dương - Zalo : ***"
p14_s15_1774759145,Mazda 3,Luxury,2024.0,585.0,41000.0,Tự động,Xăng,Sedan,Khác,Trắng,True,5,car_p14_s15_1774759145,"🍒Oto Duy Dương - 167 Nguyễn Văn Cừ - Đắk Lắk🍒  Mazda 3 2024 Luxury 1 Chủ Rất Đẹp  Xe trang bị : 4 lốp zin theo xe, đèn Auto full led, nhớ ghế 2 vị trí...  Odo : 41.000km - bao check mọi nơi  Giá : 585 triệu - Bao rút hồ sơ - Hổ trợ bank 60%  Lh : *** Gặp Dương - Zalo : ***"
p15_s3_1774759238,CX-5,Unknown,2024.0,810.0,14500.0,Tự động,Xăng,SUV,Việt Nam,Trắng,False,5,car_p15_s3_1774759238,"Người dùng bán CX5 Exclusive odo 1 vạn 4 trắng biển SG xuất hoá đơn cty được, sx cuối 2024 đăng kiểm đến T8/2028.  Xe gồm - Film 3M Crystalline - Áp suất lốp trong - Dán ppf nhựa bóng giữ rất kỹ  Giá 810 triệu, bớt lộc cho người thiện chí Đã đăng sát giá, hợp lý hẳn gọi đừng làm mất thời gian đôi bên 🙏: ***"
p16_s12_1774759594,CX-3,Deluxe,2024.0,529.0,24000.0,Tự động,Xăng,Hatchback,Thái Lan,Đỏ,True,5,car_p16_s12_1774759594,"🚗 Mazda CX-3 Deluxe 2024 – Nhập Thái Lan | SUV đô thị siêu đẹp, giá cực tốt!  Cần bán Mazda CX‑3 Deluxe 2024 – mẫu SUV cỡ nhỏ thiết kế thể thao, gầm cao linh hoạt, cực kỳ phù hợp đi phố. Xe lướt nhẹ 24.000 km, còn rất mới, gia đình sử dụng kỹ.  ✨ Thông tin xe: • Model: Mazda CX-3 Deluxe • Năm sản xuất: 2024 – Nhập Thái Lan • Odo: 24.000 km • Màu đỏ nổi bật, ngoại thất cực đẹp • Nội thất sạch sẽ, giữ gìn kỹ • Trang bị: màn hình giải trí, camera lùi, cruise control, phanh điện tử, chìa khóa thông minh…  💰 Giá bán: chỉ 529 triệu (SUV nhập Thái – giá cực tốt trong phân khúc)  ✔ Xe đã kiểm tra tổng thể, máy số zin chuẩn ✔ Pháp lý rõ ràng – sang tên nhanh gọn ✔ Hỗ trợ trả góp ngân hàng  📍 Xem xe trực tiếp tại showroom Fastcars   📞 Liên hệ Thái Fastcars để xem xe lái thử trải nghiệm."
p17_s1_1774759719,CX-5,Premium 2.0 AT,2024.0,799.0,7000.0,Tự động,Xăng,SUV / Cross over,Khác,Cam,False,5,car_p17_s1_1774759719,"Tên xe : Mazda CX-5 2.0 Premium 2024  Biển số : 72A 83154 Odo: 7000km Phiên bản : 2.0 premium Option trang bị thêm: Film cách nhiệt, lót sàn, cam hành trình,.. - Tình trạng xe : xe đẹp không lỗi, máy số nguyên zin. - Bảo hành : Động cơ + hộp số 6 tháng hoặc 5000 km  💥Giá niêm yết : 799tr đã bao gồm phí rút hồ sơ."
p17_s8_1774759810,CX-5,Premium,2024.0,805.0,8000.0,Tự động,Xăng,SUV / Cross over,Việt Nam,Khác,False,5,car_p17_s8_1774759810,"Nhu cầu đổi xe. Bán xe Mazda CX5 Premium Active. xe lăn bánh tháng 12/2024. Chạy 8.000 km, xe không lỗi nhỏ. Gia đình sử dụng cẩn thận, ít dùng. Giá bán 805 triệu. Liên hệ ***"
p18_s2_1774759964,CX-5,Luxury,2024.0,766.0,3800.0,Tự động,Xăng,SUV,Khác,Khác,True,5,car_p18_s2_1774759964,"🔹 Mazda CX-5 2024 – bản Luxury, mua tháng 12/2024 🔹 Xe cá nhân chính chủ, sử dụng cực ít – mới chạy 3.800 km"
p18_s13_1774760079,Mazda 3,1.5L Luxury,2024.0,550.0,30000.0,Tự động,Xăng,Hatchback,Việt Nam,Đỏ,False,5,car_p18_s13_1774760079,"🚗 Mazda 3, dòng Sedan, màu Đỏ quyến rũ, sản xuất năm 2024 tại Việt Nam. 🚗 Xe sử dụng nhiên liệu Xăng, hộp số Tự động, mang lại trải nghiệm lái mượt mà. 🚗 Số chỗ ngồi: 2. 🚗 Quãng đường đã đi: 30.000 km. 🚗 Mazda 3 là sự kết hợp hoàn hảo giữa phong cách thể thao và tiện nghi cao cấp, phù hợp cho cả nhu cầu di chuyển hàng ngày lẫn những chuyến đi xa 🚗 Khung gầm chắc chắn, hệ thống treo êm ái, mang lại cảm giác lái đầm chắc và ổn định. 🚗 Hệ thống giải trí đa phương tiện với màn hình cảm ứng lớn, kết nối thông minh, giúp bạn thư giãn trên mọi nẻo đường. 🚗 Điều hòa tự động hai vùng độc lập, đảm bảo không khí trong xe luôn trong lành và mát mẻ. 🚗 Hệ thống đèn chiếu sáng LED hiện đại, tăng cường khả năng quan sát trong điều kiện thiếu sáng. 🚗 Gương chiếu hậu chỉnh điện, gập điện, tích hợp đèn báo rẽ, tiện lợi và an toàn. 🚗 Vô lăng bọc da tích hợp các nút điều khiển chức năng, giúp bạn dễ dàng thao tác. 🚗 Ghế da cao cấp, ôm sát cơ thể, mang lại cảm giác thoải má"
p20_s14_1774760566,CX-5,Premium,2024.0,819.0,4947.0,Tự động,Xăng,SUV,Khác,Bạc,False,5,car_p20_s14_1774760566,"Mazda CX-5 premium sport đời 2024 màu bạc, xe chạy 4947 km.   - Hộp số tự động, 5 chỗ ngồi.   - Thiết kế hiện đại, nội thất tiện nghi.   - Xe vận hành êm ái, tiết kiệm nhiên liệu. - cam kết xe không lỗi nếu sai xin chịu hoàn toàn chi phí"
p20_s15_1774760578,CX-5,Premium,2024.0,769.0,20000.0,Tự động,Xăng,SUV,Khác,Khác,True,5,car_p20_s15_1774760578,"Cx5 2024 bản Premium Active 1 chủ mua mới từ đầu Chạy đúng 20,000  Bảo dưỡng hãng đầy đủ Bao check tại hãng Xe chạy kỷ nên như mới Mình không bán giá cho cò lái nên anh em thông cảm không gọi ép giá Cảm ơn đã xem tin"
p20_s19_1774760615,CX-5,Premium Exclusive 2.0 AT,2024.0,835.0,12000.0,Tự động,Xăng,SUV / Cross over,Việt Nam,Cam,False,5,car_p20_s19_1774760615,"✅️✅️✅️ ĐƠN GIẢN MÀ ĐẲNG CẤP.  ==========  Đèn trước LED tự động cân bằng góc chiếu Đèn hậu LED  Mâm hợp kim 19 inch  Ống xả kép thể thao Cốp sau chỉnh điện  Ghế da cao cấp Ghế lái chỉnh điện 10 hướng, có nhớ vị trí Màn hình trung tâm 8 inch Hỗ trợ Apple CarPlay & Android Auto Âm thanh 10 loa Bose  Điều hòa tự động 2 vùng độc lập Phanh tay điện tử & Auto Hold Chìa khóa thông minh & khởi động nút bấm Cửa sổ trời   Động cơ: Skyactiv-G 2.0L Công suất tối đa: 154 mã  Hộp số: Tự động 6 cấp Tiêu hao nhiên liệu 6,9–7,5 lít/100km hỗn hợp  Trang bị gói an toàn chủ động i-Activsense. 6 túi khí ABS, EBD, BA Cân bằng điện tử (DSC) Kiểm soát lực kéo (TCS) Cảnh báo điểm mù (BSM) Cảnh báo phương tiện cắt ngang  Cảnh báo lệch làn đường (LDWS) Camera lùi & cảm biến... =============  MAZDA CX5 PREMIUM EXCLUSIVE 2.0 AT ĐỜI 2024  Odo 12.000 km  Nội Ngoại thất long lanh   Bao kiểm tra hãng, rút hồ sơ gốc.  Thủ tục hồ sơ rõ ràng nhanh gọn  Hỗ trợ bank 70%"
p21_s3_1774760667,CX-5,Premium,2024.0,789.0,20000.0,Tự động,Xăng,SUV,Khác,Bạc,True,5,car_p21_s3_1774760667,"Cx5 Premium Active 2024 chạy 20,000  1 chủ mua mới từ đầu Anh em quan tâm vui lòng gọi Mình k bán giá thợ nên anh em thợ thông cảm"
p22_s3_1774760876,CX-5,Premium Exclusive 2.0 AT,2024.0,835.0,12000.0,Tự động,Xăng,SUV / Cross over,Việt Nam,Khác,True,5,car_p22_s3_1774760876,🚘🚘 AUTO BÌNH VĨNH PHÚ 🚘🚘 💥💥 XE MỚI VỀ 💥💥 👉 Mazda CX-5 Premium Exclusive đăng ký tháng 12/2024 một chủ mua mới từ đầu chạy chuẩn 12 ngàn km full lịch sử bao test.  ☎️ *** BÌNH 79/13 KP ĐÔNG P VĨNH PHÚ-THUẬN AN BÌNH DƯƠNG
p22_s15_1774761012,CX-5,Signature Sport 2.5 AT AWD,2024.0,935.0,11000.0,Tự động,Xăng,SUV / Cross over,Khác,Cam,False,5,car_p22_s15_1774761012,"Mazda CX-5 2.5 Signature Exculsive AWD 2024 Odo: 1v1 km  Full chống ồn toàn xe , sơn zin 99%  Xe bên em cam kết bằng văn bản:  1. Xe không tai nạn ảnh hưởng đến khung sườn, sắt xi của xe 2. Xe không ngập nước, thuỷ kích 3. Xe không hạ máy, hạ số  4. Xe pháp lí rõ ràng, không cầm cố, phạt nguội  Có hỗ trợ trả góp và thủ tục sang tên"
p23_s1_1774761078,CX-8,Premium 2.5 AT,2024.0,965.0,26000.0,Tự động,Xăng,SUV,Khác,Khác,False,7,car_p23_s1_1774761078,mazda CX8 2024 bản premium 1 cầu không đâm đụng ngập nước  bao check test thoải mái  có hỗ trợ ngân hàng
p25_s11_1774763614,CX-5,2.0 Premium,2024.0,830.0,12000.0,Tự động,Xăng,SUV,Việt Nam,Đen,False,5,car_p25_s11_1774763614,"Mazda CX-5 Premium Exclusive 2.0 đời 2024 màu đen.  - Xe đi 12.000 km, còn mới.xe cty  - Thiết kế sang trọng, nội thất tiện nghi.  - Động cơ 2.0 mạnh mẽ, vận hành êm ái.  - Giá bán 830 triệu."
p26_s3_1774763729,Mazda 6,2.0 Premium,2024.0,720.0,16000.0,Tự động,Xăng,Sedan,Khác,Cam,False,5,car_p26_s3_1774763729,"Mazda 6 Premium 2.0 AT 2024 odo:16.000km (xe đã vào nhiều đồ chơi)  bi laser kenzo s900pro, led nội thất, loa taplo steg + sub DLS, film kính lái 3m cr60, cam hành trình vietmap, thảm nhựa tpe full xe, tự động gập gương lên kính, cảm biển áp suất lốp, ốp má phanh brembo.... ☎️***  Dá chỉ 7xx triệu ☎️:"
p27_s1_1774763909,Mazda 3,1.5L Luxury,2024.0,599.0,13000.0,Tự động,Xăng,Hatchback,Khác,Trắng,False,5,car_p27_s1_1774763909,"Mazda 3 1.5 Luxury đời 2024, màu trắng, số tự động.   - Odo 13.000 km.   - Biển số 95D 00511.   - Trang bị thêm camera hành trình Vietmap, film cách nhiệt. - Giá bán: 599tr"
p27_s6_1774763956,Mazda 3,1.5 Luxury,2024.0,612.0,10600.0,Tự động,Xăng,Sedan,Khác,Trắng,False,5,car_p27_s6_1774763956,Mazda 3 1.5 Luxury 2024 Odo: 10.600 Km Giá: 612 triệu Màu: Trắng BKS: 83  Liên hệ xem xe trực tiếp tại Cần Thơ
p28_s1_1774764067,Mazda 3,1.5L Luxury,2024.0,610.0,22000.0,Tự động,Xăng,Hatchback,Việt Nam,Khác,False,5,car_p28_s1_1774764067,"Xe gia đình đang sử dụng, bảo dưỡng full hãng, xe ko đâm đụng ngập nước, cần bán cho ng dùng, ae showroom bỏ qua giúp nhé"
p29_s12_1774764388,CX-30,Luxury 2.0 AT,2024.0,640.0,13000.0,Tự động,Xăng,SUV / Cross over,Thái Lan,Khác,False,5,car_p29_s12_1774764388,"Mazda CX30 Luxury 2024 siêu lướt chạy đúng 13.000 km Xe đẹp không lỗi, sơn zin nguyên chiếc, máy số zin... bao check test.  Giá có bớt lộc thêm ạ !"
p30_s7_1774764693,CX-3,Deluxe 1.5 AT,2024.0,529.0,23000.0,Tự động,Xăng,SUV / Cross over,Việt Nam,Đỏ,False,5,car_p30_s7_1774764693,"Mazda CX3 2024 1.5L, 5 chỗ gầm cao,màu đỏ còn rất mới đẹp. - Odo 23.000 km, biển số 60 Đồng Nai. - Đăng kiểm đến 1/2028 * Giá bán 529 triệu còn bớt lộc. * Bao rút hồ sơ gốc. * Hỗ trợ sang tên các tỉnh. * Hỗ trợ hồ sơ trả góp ngân hàng. * Hỗ trợ giao xe tận nơi. * Thu đổi xe tận nơi giá cao.  *** Cam kết chất lượng xe bán ra : + Không tai nạn, không cháy nổ  + Không ngập nước, thủy kích. + Động cơ,hộp số, khung gầm nguyên bản. + Bảo hành 6 tháng/5000km cho động cơ, hộp số."
p30_s8_1774764705,CX-3,Unknown,2024.0,529.0,23000.0,Tự động,Xăng,SUV,Khác,Đỏ,False,5,car_p30_s8_1774764705,"Mazda CX3 2024 Odo: 23.000 ĐKLD T1/2025 Cam kết: Odo chuẩn, k đâm đụng, k ngập nước, k đại tu động cơ hộp số, odo chuẩn Giá: 529tr ☎️*** Thy"
p30_s11_1774764737,CX-30,Luxury,2024.0,635.0,13000.0,Tự động,Xăng,SUV,Việt Nam,Đỏ,False,5,car_p30_s11_1774764737,"Mazda CX-30 2024 Luxury màu đỏ, xe 5 chỗ, động cơ xăng, hộp số tự động.   - Thiết kế hiện đại, nội thất sang trọng.   - Vận hành êm ái, tiết kiệm nhiên liệu.   Rat mơi đẹp. Kg Lổi nhỏ . Son zin nguyen chiec ."
p31_s8_1774764932,Mazda 3,Luxury,2024.0,609.0,7800.0,Tự động,Xăng,Sedan,Việt Nam,Cam,False,5,car_p31_s8_1774764932,"🚗 MAZDA 3 LUXURY 2024 – XE LƯỚT ĐẸP NHƯ MỚI 🚗  ✨ Cập bến Mazda 3 Luxury 2024 – form mới, thiết kế KODO sang trọng, nhìn là mê ✨ Odo: 7.000km – xe lướt cực ít, gần như mới tinh ✨ Trang bị đầy đủ: màn hình lớn, Apple CarPlay, ghế da, cruise control, phanh tay điện tử…  💰 Giá: 6xx triệu 📞 Liên hệ ngay: ***  ✨ Cam kết: ✨ Xe không đâm đụng – không ngập nước ✨ Máy số zin 100% – odo chuẩn ✨ Pháp lý rõ ràng – hỗ trợ bank 70% ✨ Hỗ trợ sang tên – thu xe cũ giá cao  #Mazda3Luxury2024 #Mazda3Cu #SedanHangC #XeLuot #OtoCuTPHCM #XeDepGiaTot"
p31_s9_1774764943,Mazda 3,1.5 Luxury,2024.0,612.0,10600.0,Tự động,Xăng,Sedan,Khác,Trắng,False,5,car_p31_s9_1774764943,"Mazda 3 1.5 Luxury đời 2024 màu trắng, xe đẹp, chạy êm.  - Odo: 10.600 Km.  - Thiết kế sang trọng, nội thất tiện nghi.  - Giá: 612 triệu."
p31_s11_1774764967,Mazda 2,AT,2024.0,375.0,70000.0,Tự động,Xăng,Sedan,Khác,Cam,False,5,car_p31_s11_1774764967,"🔰 MAZDA 2 SEDAN BẢN AT 🔰  ▪️Sx : 2024 ▪️ Lăn bánh : 7v km ▪️Đã trang bị thêm màn hình androi ▪️Giá nay chỉ : 375tr  🚘🚘🚘 THANH HUY AUTO 🚘🚘🚘   📣 Cam kết không tai nạn , Không ngập nước, không phạt nguội, Pháp lý rõ ràng.  📣 Thu mua ô tô giá cao ‼️ Hỗ trợ vay ngân hàng lãi suất tốt  ✅ 392-394 Phan Châu Trinh.Đà Nẵng 🍀🍀 Hotline : 🍀🍀 💐Hân hạnh được phục vụ ❤️ 💐Xin chân thành cám ơn ❤️"
p31_s12_1774764980,CX-8,Premium,2024.0,970.0,20000.0,Tự động,Xăng,SUV,Khác,Trắng,False,7,car_p31_s12_1774764980,"CX8 2024 Premium trắng tinh khôi  phom dáng mới nhất, chạy 2 vạn km Chất lượng tuyệt đối, bao check thoải mái   Chỉ 9xx triệu  Có hỗ trợ ngân hàng   Xem xe tại hà nội   Nhận trao đổi hoặc thu mua xe #mazdacx8"
p32_s5_1774765120,Mazda 3,1.5 Premium,2024.0,649.0,28000.0,Tự động,Xăng,Hatchback,Việt Nam,Khác,False,5,car_p32_s5_1774765120,"👉 🚘 Mazda 3 Sport 1.5 Premium Fulloption.  - Sx 2024. (Lướt 28 ngìn - Đẹp ken ) - Ko lõi nhỏ , bảo dưỡng full hãng . 🌾 - AE xem xe có bớt ạ 🥰 AE-Quý Khách quan tâm lh e nha- cảm ơn."
p32_s9_1774765171,Mazda 3,1.5 Luxury,2024.0,600.0,17000.0,Tự động,Xăng,Sedan,Khác,Khác,True,5,car_p32_s9_1774765171,"🚘 Mazda3 1.5L Sport Luxury 2024 - Odo 1v7 km 👉  - 1 chủ đăng ký từ mới  - Full lịch sử bảo dưỡng hãng, xe zin không lỗi nhỏ  - Xe về sẵn đi  - Có hỗ trợ ngân hàng"
p32_s17_1774765263,Mazda 3,Luxury,2024.0,600.0,40000.0,Tự động,Xăng,Sedan,Việt Nam,Cam,True,5,car_p32_s17_1774765263,Kẹt tiền cần bán xe 1 chủ mua mới cam kết không đâm đụng ngập nước chỉ bàn về giá
p33_s16_1774765450,Mazda 3,1.5L Luxury,2024.0,599.0,11000.0,Tự động,Xăng,Hatchback,Khác,Trắng,False,5,car_p33_s16_1774765450,"Mazda 3 1.5 Luxury đời 2024 màu trắng, xe đẹp, chạy êm.  - Odo 11.000 km, xe giữ gìn cẩn thận.  - Thiết kế sang trọng, nội thất tiện nghi.  - Giá 599 triệu."
p34_s0_1774765473,Mazda 2,Unknown,2024.0,398.0,3400.0,Tự động,Xăng,Hatchback,Thái Lan,Xám,False,5,car_p34_s0_1774765473,Mazda 2 2024 màu xám Titan nhập Thái Lan Đăng ký lần đầu 2025 Odo 4.00km ful lịch sử hãng Như xe mới chưa 1 vết xước 398 bao rút gốc Nhận trao đổi lên đời tất cả các dòng xe Alo em - ***
p35_s4_1774765712,Mazda 3,1.5L Premium,2024.0,666.0,10000.0,Tự động,Xăng,Hatchback,Khác,Trắng,False,5,car_p35_s4_1774765712,"✨ Mazda 3 1.5 Premium 2024 Siêu Lướt  Trả trước : 240 triệu ( vay Ngân hàng 70% )  🔷️Sản xuất: 2024 🔷️ Số Tự Động 🔷️Máy Xăng 🔷ODO: 10.000km 🔷Màu: Trắng 🔷Biển: TP.HCM 🔷️ Xe trang bị: Dán Film cách nhiệt, Hud kính lái, Gương chiếu hậu điện tử, Camera hành trình trước sau, Thảm sàn, ....   ✅ Giá chào : 666.000.000 VND  ❇️ Cam kết không đâm đụng, không ngập nước,... ❇️ Hổ trợ rút hồ sơ và sang tên trong ngày ❇️ Hỗ trợ giao xe tại nhà, test hãng toàn quốc  ❇️ Hỗ trợ thu mua xe cũ, trao đổi giá tốt thị trường.   ————————— Anh Chị vui lòng liên hệ em Ngân để thương lượng giá nhé ạ !"
p35_s11_1774765787,Mazda 3,1.5L Premium,2024.0,668.0,10000.0,Tự động,Xăng,Hatchback,Khác,Trắng,False,5,car_p35_s11_1774765787,"✨ Mazda 3 1.5 Premium 2024 Siêu Lướt 🔷️Sản xuất: 2024 🔷️ Số Tự Động 🔷️Máy Xăng 🔷ODO: 10.000km 🔷Màu: Trắng 🔷Biển: TP.HCM 🔷️ Xe trang bị: Dán Film cách nhiệt, Hud kính lái, Gương chiếu hậu điện tử, Camera hành trình trước sau, Thảm sàn, ....   ❇️ Cam kết không đâm đụng, không ngập nước,... ❇️ Hổ trợ rút hồ sơ và sang tên trong ngày ❇️ Hỗ trợ giao xe tại nhà, test hãng toàn quốc  ❇️ Hỗ trợ thu mua xe cũ, trao đổi giá tốt thị trường. ————————— 𝗰𝗮̂̀𝗻 𝗺𝘂𝗮 𝗻𝗵𝗶𝗲̂̀𝘂 𝘅𝗲 đ𝗲̣𝗽, 𝘂𝘆 𝘁𝗶́𝗻 𝗻𝗵𝗮𝗻𝗵 𝗴𝗼̣𝗻, 𝗰𝗼́ 🌹 𝗰𝗵𝗼 🏃🏻‍♂️🏃‍♀️ 𝗚𝗧. ————————————"
p35_s16_1774765836,Mazda 3,AT,2024.0,579.0,39000.0,Tự động,Xăng,Sedan,Việt Nam,Đỏ,False,5,car_p35_s16_1774765836,"Chiếc Mazda 3 màu đỏ sản xuất năm 2024, xuất xứ từ Việt Nam, là một lựa chọn tuyệt vời cho những ai đang tìm kiếm một chiếc xe sedan phong cách, hiện đại và đầy đủ tiện nghi. Xe phù hợp cho việc di chuyển trong thành phố, đi làm hàng ngày hoặc những chuyến đi ngắn ngày cùng bạn bè và người thân.  👉 Thông tin chi tiết về xe:  * 🚗 Thương hiệu: Mazda, một thương hiệu ô tô nổi tiếng với thiết kế KODO độc đáo và công nghệ tiên tiến. * 🎨 Màu sắc: Đỏ, tạo nên vẻ ngoài năng động, trẻ trung và thu hút mọi ánh nhìn. * 🚘 Model: 3, dòng xe sedan/hatchback được ưa chuộng nhờ thiết kế đẹp mắt, khả năng vận hành linh hoạt và trang bị hiện đại. * ⛽ Nhiên liệu: Xăng, giúp xe vận hành êm ái và tiết kiệm nhiên liệu, phù hợp với điều kiện giao thông đô thị. * 🕹️ Hộp số: Tự động, mang lại sự thoải mái và tiện lợi khi lái xe, đặc biệt trong điều kiện giao thông đông đúc. * 📅 Năm sản xuất: 2024, xe còn rất mới và đảm bảo khả năng vận hành tốt, ít hỏng hóc. * 🔢 Odometer: 39000 km, cho thấy xe còn rất mới và ít sử dụng, đảm bảo chất lượng. * 🌍 Xuất xứ: Việt Nam, được sản xuất theo tiêu chuẩn chất lượng cao của Mazda. * ⚙️ Hộp số: Tự động giúp việc lái xe trở nên dễ dàng hơn bao giờ hết.  Chiếc xe này là một lựa chọn lý tưởng cho những ai đang tìm kiếm một chiếc xe sedan/hatchback phong cách, tiện nghi và đáng tin cậy. Với thiết kế ngoại thất bắt mắt và nội thất hiện đại, Mazda 3 2024 hứa hẹn sẽ mang lại trải nghiệm lái xe tuyệt vời và đáp ứng mọi nhu cầu sử dụng hàng ngày. Xe được trang bị các tính năng an toàn và tiện nghi hàng đầu, đảm bảo sự an toàn và thoải mái cho người lái và"
p36_s1_1774765885,CX-5,Premium,2024.0,830.0,20000.0,Tự động,Xăng,SUV,Khác,Cam,True,5,car_p36_s1_1774765885,"CX5 2024 Premium Sport  mới toanh tên tư nhân 1 chủ Chạy 2 vạn zin, full lịch sử hãng. Trang bị thì đỉnh khỏi bàn, từ ghế mát sưởi đến Camera 360, loa Bose.   Chỉ 8xx triệu  Có hỗ trợ Bank   Xem xe tại hà nội"
p37_s0_1774766052,CX-5,Premium,2024.0,810.0,6000.0,Tự động,Xăng,SUV,Khác,Xanh,False,5,car_p37_s0_1774766052,"MAZDA CX5 2024 PREMIUM ACTIVE chạy 6000 km, màu xanh cavasine, model mới nhất cửa nóc... full lich sử bảo dưỡng hãng lốp theo xe cả dàn sơ cua chưa hạ, phiên bản Premium với gói an toàn Sky của Mazda như cảnh báo va chạm, …. Chìa khoá thông minh, cốp điện, điểm mù. Thiếu cái hộp là thành xe mới. Còn nguyên bảo hành hãng."
p37_s18_1774766229,Mazda 3,1.5L Luxury,2024.0,612.0,10600.0,Tự động,Xăng,Sedan,Việt Nam,Cam,False,5,car_p37_s18_1774766229,"Mazda 3 Luxury 2024 lướt 10.600km Odo: 10.600km Giá bán: 612 triệu Lên màn androi, cam360, phim cách nhiệt, áp suất lốp, led nội thất,.... ❌❌CAM KẾT: 𝐎𝐃𝐎 𝐂𝐡𝐮𝐚̂̉𝐧 - 𝐊𝐡𝐨̂𝐧𝐠 Đ𝐚̂𝐦 Đ𝐮̣𝐧𝐠 𝐍𝐠𝐚̣̂𝐩 𝐍𝐮̛𝐨̛́𝐜 🚘Xem xe Cần Thơ  📞Lh ***"
p38_s3_1774766283,CX-5,Premium,2024.0,835.0,12000.0,Tự động,Xăng,SUV,Khác,Cam,True,5,car_p38_s3_1774766283,"Cx5 Bản Full Premium Exclusive đăng ký tháng 12/2024 một chủ đi lướt mới 12 ngàn km chỉ bảo dưỡng hãng  xe chủ đi kĩ, lấy về chỉ việc sử dụng cam kết không đâm đụng ngập nước tua km giá bán xem xe còn thương lượng"
p39_s0_1774766500,CX-5,Premium 2.0 AT,2024.0,815.0,15000.0,Tự động,Xăng,SUV / Cross over,Khác,Đỏ,True,5,car_p39_s0_1774766500,"NGÀY VÍA THẦN TÀI – RƯỚC LỘC VỀ NHÀ  Đỏ Ruby – Mazda CX-5 2.0 Premium Active 2024 cực đẹp Lướt siêu mới 1 vạn 5 km – 1 chủ từ đầu  Màu Đỏ Ruby phong thủy, nổi bật và may mắn dịp vía Thần Tài Form dáng sang trọng, thể thao, mẫu SUV được ưa chuộng Phiên bản Premium Active trang bị đầy đủ tiện nghi: Ghế da cao cấp chỉnh điện Màn hình giải trí trung tâm Camera 360, cảm biến an toàn đầy đủ Điều hòa tự động 2 vùng độc lập Chìa khóa thông minh, đề nổ Start/Stop Xe lướt cực đẹp, nội ngoại thất zin Máy móc nguyên bản, vận hành êm ái, tiết kiệm nhiên liệu Cam kết không đâm đụng, không ngập nước, bao check hãng  Giá bán: 815 triệu (thương lượng cho khách thiện chí)"
p39_s1_1774766511,Mazda 3,1.5L Luxury,2024.0,575.0,27000.0,Tự động,Xăng,Sedan,Việt Nam,Đỏ,True,5,car_p39_s1_1774766511,"Mazda 3 1.5 bản Luxury lăn bánh được 27.000 kilomet , sản xuất năm 2024.  Xe cá nhân, 1 chủ mua mới từ đầu. Bảo dưỡng đầy đủ, nội thất bên trong còn mới, thơm mùi da. Mazda 3 cho cảm giác lái linh hoạt, động cơ 1.5 rất tiết kiệm xăng.  Giá bán mong muốn và còn thương lượng thêm Sản phẩm có bảo hành. - -  Anh/Chị quan tâm 📞 Nguyên hoặc SMS Địa chỉ : 1076 Tạ Quang Bửu, Phường Bình Đông, Quận 8, TP Hồ Chí Minh"
p39_s2_1774766523,CX-5,Premium,2024.0,865.0,20000.0,Tự động,Xăng,SUV,Khác,Bạc,False,5,car_p39_s2_1774766523,"Mazda CX-5 Premium Exclusive sản xuất 2024, màu trắng, lăn bánh 20.000 km, một chủ từ mới....  - Cam kết không đâm đụng , không ngập nước , hồ sơ pháp lý minh bạch . - Hỗ trợ check test theo yêu cầu. - Hỗ trợ trả góp ngân hàng lên tới 70-75%. - Hỗ trợ mua - bán , sang tên biển định danh. - Hỗ trợ giao xe toàn quốc."
p40_s8_1774766776,Mazda 3,1.5L Luxury,2024.0,590.0,9779.0,Tự động,Xăng,Sedan,Việt Nam,Khác,False,5,car_p40_s8_1774766776,MAZDA3 2024 luxury 1.5  tự động lăn bánh 9779 km XE NHƯ MỚI  bao check tét hãng và thợ xe toàn quốc  Chỉ 590 triệu  ☎️tiztoz: HOÀNG TÀU Ô TÔ HUẾ
p40_s16_1774766871,CX-5,2.0 Premium,2024.0,810.0,5000.0,Tự động,Xăng,SUV,Khác,Đen,False,5,car_p40_s16_1774766871,"Cần bán xe Mazda CX5 2.0 premium sản xuất 2024 Mới đi được 5.000 km  Sơn zin 100%, chưa sơn dặm  Xe được dán PPF cả xe hết gần 40tr, có nước hoa khuyết tán,camera hành trình, bảo hiểm thân vỏ …. Mình bán với giá: 810tr"
p42_s2_1774767147,Mazda 3,1.5L Luxury,2024.0,600.0,15830.0,Tự động,Xăng,Hatchback,Việt Nam,Trắng,True,5,car_p42_s2_1774767147,Người Nhà Em Cần Ra Đi Mazda 3 Lux 2024 do đổi xe to hơn - Xe đi cực ít 1v5 1 chủ biển HN - Bảo dưỡng đầy đủ  - Các bác quan tâm ib e ép giá ạ zl: ***
p43_s5_1774767380,Mazda 2,AT,2024.0,410.0,15893.0,Tự động,Xăng,Sedan,Thái Lan,Đỏ,True,5,car_p43_s5_1774767380,"Masda2 nhap Thai Lan, xe chính Chủ Bán , phun noi That, đoi 2024"
p44_s6_1774767577,CX-5,Premium Sport 2.0 AT,2024.0,823.0,16000.0,Tự động,Xăng,SUV / Cross over,Việt Nam,Đen,False,5,car_p44_s6_1774767577,"🚗 MAZDA CX-5 2024 PREMIUM SPORT – SIÊU LƯỚT, GIÁ TỐT 🚗  ✨ Xe đời 2024, bản Premium Sport cao cấp 📍 Odo: 16.000 km – đi cực ít, xe còn rất mới 💰 Giá bán: 8xx triệu (làm việc trực tiếp – thiện chí)  🔥 ƯU ĐIỂM NỔI BẬT:  Thiết kế thể thao, sang trọng chuẩn Mazda  Động cơ mạnh mẽ – vận hành êm ái  Nội thất cao cấp, nhiều công nghệ an toàn  Xe cá nhân sử dụng kỹ, bảo dưỡng định kỳ  ✅ CAM KẾT CHẤT LƯỢNG: ✔️ Xe không đâm đụng – không ngập nước ✔️ Máy số nguyên bản, khung gầm chuẩn ✔️ Odo chuẩn, kiểm tra thoải mái ✔️ Hồ sơ pháp lý rõ ràng, sang tên nhanh gọn ✔️ Hỗ trợ kiểm tra hãng / garage uy tín  📞 Liên hệ xem xe 📍 Xem xe trực tiếp – lái thử thoải mái"
p45_s19_1774767980,CX-30,2.0 Premium,2024.0,715.0,3500.0,Tự động,Xăng,SUV,Việt Nam,Khác,False,5,car_p45_s19_1774767980,Cx30 2.0 Premium 2024 siêu lướt 3500km Xe và biển ở SG
p46_s3_1774768036,CX-30,Premium 2.0 AT,2024.0,715.0,3400.0,Tự động,Xăng,SUV / Cross over,Thái Lan,Cam,False,5,car_p46_s3_1774768036,"✨ Mazda CX-30 Premium 2024 – Xe lướt cực chất 🚗 Odo: 3.400 km – Gần như xe mới 💎 Phiên bản Premium – Đủ đồ, nội thất sang 💰 Giá bán: 7xx triệu 📞 Liên hệ: ***  ✅ Cam kết: ✔️ Xe không tai nạn – không ngập nước ✔️ Odo chuẩn, bao check hãng ✔️ Pháp lý rõ ràng – sang tên nhanh gọn ✔️ Hỗ trợ test xe – xem xe tại chỗ  #MazdaCX30 #CX30Premium #Mazda2024 #Xeluot #XeDepGiaTot #OdoThap #XeGiaDinh #XeGamCao"
p46_s6_1774768070,Mazda 3,1.5L Deluxe,2024.0,545.0,30000.0,Tự động,Xăng,Sedan,Việt Nam,Xanh,True,5,car_p46_s6_1774768070,"Mình đang cần bán gấp một chiếc xe mazda 3 đời cuối 2024 số tự động. Xanh đậm phadil. Xe chính chủ cá nhân mua mới 1 đời chủ cam kết không đâm đụng, không va chạm sơn zin 100%. Xe được trang bị full option.đề nổ start/stop, thắng tay điện tử, Màn hình zin theo xe, cam hành trình đầy đủ. Cam lùi, cảm biến quanh xe. Dán kim cách nhiệt cao cấp của mỹ 5M, thảm lót sàn, thảm taplo đầy đủ. 4 lốp zin theo xe, lốp sơ cua chưa chạm đất. đảm bảo chưa hề va quẹt đâm đụng, ko thủy kích, máy zin 100%, full lịch sử bảo dưỡng trong hãng, bao check test thoải mái. xe chính chủ cá nhân đứng tên, cà vẹt cầm tay, mua xong ra công chứng liền trong 15p, hỗ trợ rút hồ sơ cho người thiện chí. LH; coi xe gần siêu thị AOEN nhật bản quận tân phú."
p46_s7_1774768089,CX-5,Premium Exclusive 2.0 AT,2024.0,855.0,14000.0,Tự động,Xăng,SUV / Cross over,Việt Nam,Xanh,False,5,car_p46_s7_1774768089,Cx5 exclusive sx2024 14.000km giữ làn bám đuổi hud kính nhớ ghế cốp điện... Chào 800 máy chục tr Xe gần như đập hộp rẻ dc hơn trăm củ dùng để lì xì năm mới
p47_s1_1774768250,CX-3,Unknown,2024.0,495.0,40000.0,Tự động,Xăng,Hatchback,Thái Lan,Khác,True,5,car_p47_s1_1774768250,"Gia đình sắp xuất cảnh cần bán xe đang sử dụng hiệu Mazda CX-3 SX 2024 bản cao cấp full option, có chế độ Cruiser Control, Auto Light, chế độ iStop, số Sport, màn hình Navi, phanh điện tử, kính xếp điện... tình trạng mới 95%, xe trùm mền sơ-cua chưa xài đến, biển số Sài Gòn, chính chủ đứng tên xe bán. Ai có nhu cầu xin liên hệ xem xe tại chợ Gò Vấp . Xin miễn tiếp giới buôn xe nhé. Thanks👍"
p47_s14_1774768393,CX-5,Deluxe 2.0 AT,2024.0,690.0,36000.0,Tự động,Xăng,SUV / Cross over,Việt Nam,Đỏ,True,5,car_p47_s14_1774768393,"🔥 BÁN MAZDA CX-5 2.0AT DELUXE 2024 1 CHỦ – MÀU ĐỎ PHA LÊ CỰC ĐẸP 🔥  📌 Hãng xe: Mazda CX-5 📌 Phiên bản: 2.0AT Deluxe 📌 Năm sản xuất: 2024 📌 Màu: Đỏ pha lê – nhìn ngoài cực sang 📌 Hộp số: Tự động 📌 Tình trạng: Xe đẹp như mới, sử dụng rất giữ gìn  ✨ Trang bị nổi bật: ✔️ Động cơ 2.0 SkyActiv mạnh mẽ, tiết kiệm nhiên liệu ✔️ Màn hình giải trí, camera lùi, cảm biến hỗ trợ đỗ xe ✔️ Ghế da, cốp điện, vô lăng tích hợp phím điều khiển ✔️ Điều hoà tự động, khởi động nút bấm ✔️ Cân bằng điện tử, hỗ trợ khởi hành ngang dốc  ✅ Xe đi gia đình, nội ngoại thất cực đẹp ✅ Máy số zin, gầm bệ chắc chắn ✅ Bao check test đâm đụng ngập nước thuỷ kích bổ máy, hồ sơ pháp lý đầy đủ  💰 Giá: 6xx do xe có móp gò phần đầu ca bô, sắt si cột kèo đinh tán nguyên bản  👉 Anh em quan tâm inbox hoặc gọi trực tiếp để xem xe và lái thử! Odo : 36.000km Giá : 690tr"
p48_s4_1774768528,Mazda 3,1.5L Luxury,2024.0,595.0,31023.0,Tự động,Xăng,Hatchback,Khác,Đỏ,False,5,car_p48_s4_1774768528,"Mazda 3 Luxury 1.5 đỏ pha lê - Sx 2024 - Odo 3,1 v km, xe đẹp nguyên bản nội ngoại thất như mới. - Xe bán có cam kết chất lượng bằng văn bản, check test theo chỉ định khách hàng. - Có trao đổi xe có hỗ trợ trả góp 50-70 % giá trị xe. - Khách hàng thiện trí hỗ trợ giá tốt. Giá 595 tr. Đc: Nghĩa Đô, Hà Nội."
p48_s10_1774768606,CX-5,Premium Exclusive 2.0 AT,2024.0,855.0,12000.0,Tự động,Xăng,SUV / Cross over,Việt Nam,Khác,True,5,car_p48_s10_1774768606,🚘🚘 AUTO BÌNH VĨNH PHÚ 🚘🚘 💥💥 XE MỚI VỀ 💥💥 👉 Mazda CX-5 Premium Exclusive đăng ký tháng 12/2024 một chủ mua mới từ đầu chạy chuẩn 12 ngàn km full lịch sử bao test.  855 ☎️ *** BÌNH 79/13 KP ĐÔNG P VĨNH PHÚ-THUẬN AN BÌNH DƯƠNG
p48_s11_1774768617,Mazda 3,Luxury,2024.0,550.0,30000.0,Tự động,Xăng,Sedan,Việt Nam,Đỏ,True,5,car_p48_s11_1774768617,Tôi cần bán chiếc xe Mazda 320 24 ai có nhu cầu alô cho tôi nhé xe chính chủ tôi
p49_s5_1774768798,CX-5,Signature Exclusive 2.5 AT,2024.0,876.0,10000.0,Tự động,Xăng,SUV / Cross over,Việt Nam,Khác,False,5,car_p49_s5_1774768798,"👌 Mazda … ( phiên bản đặt hàng rất it xe) 🚙 Cx5 2.5 signature 2 cầu full cao cấp. - sx cuối 23 DKld 2024. - chạy lướt hơn 10 ngìn klm ( chất xe như mới ạ) - full ls bảo dưỡng hãng-( sơn zin còn 99,99%) - Chất xe miển bàn ạ  - gia e bán 8xxtr còn bớt lọc ạ  ACE thiện chí alo ngay cho e ak để dc giá iu nhất 👌 lh 09e bình. Xem xe Q12.TP.HCM."
p50_s4_1774769026,Mazda 3,1.5L Luxury,2024.0,615.0,16000.0,Tự động,Xăng,Hatchback,Việt Nam,Cam,False,5,car_p50_s4_1774769026,"✨ MAZDA 3 LUXURY 2024 – XE LƯỚT CỰC ĐẸP, GIÁ HỜI ✨  🔰 Mazda 3 Luxury 2024 📍 Odo: 16.000 km – xe chạy lướt, còn rất mới 💰 Giá: 627 – lựa chọn quá tốt trong phân khúc sedan hạng C  🔥 Điểm nổi bật:  Thiết kế KODO hiện đại, trẻ trung, form xe thể thao  Động cơ 1.5L vận hành êm ái – tiết kiệm nhiên liệu  Hộp số tự động mượt mà, phù hợp đi phố & đường dài  Nội thất sang trọng: ghế da, màn hình trung tâm, vô lăng tích hợp phím chức năng  An toàn vượt trội: Cruise Control, Camera lùi, cảm biến, cân bằng điện tử, hỗ trợ khởi hành ngang dốc…  ✅ Cam kết:  Xe chuẩn pháp lý, không tai nạn, không thủy kích  Odo chuẩn – bao check test hãng/toàn quốc  Hỗ trợ sang tên nhanh gọn  📩 Quan tâm inbox hoặc gọi ngay *** để xem xe & thương lượng giá tốt!"
p50_s16_1774769153,CX-5,Premium 2.0 AT,2024.0,785.0,6000.0,Tự động,Xăng,SUV / Cross over,Việt Nam,Cam,False,5,car_p50_s16_1774769153,"🚗 MAZDA CX-5 PREMIUM 2024 – SIÊU LƯỚT NHƯ XE MỚI  Em chào bán Mazda CX-5 bản Premium 2024 ✔️ Odo chỉ 6.000 km – xe chạy cực ít ✔️ Xe lướt xịn, còn chưa bốc nilon ✔️ Form dáng đẹp, nội ngoại thất gần như xe mới  🔒 Cam kết rõ ràng: – Không đâm đụng – Không ngập nước – Không thuỷ kích – Xe nguyên zin theo xe, bao check mọi nơi  💰 Giá chào: 7xx triệu 👉 Thương lượng nhẹ cho quý anh/chị thiện chí 🥰  📍 Xem xe trực tiếp: Hoà An – Tuy Hoà – Phú Yên 📲 Liên hệ: *** (em Sơn) để được tư vấn chi tiết"
p3_s14_1774726773,Mazda 3,Premium,2025.0,669.0,11000.0,Tự động,Xăng,Sedan,Khác,Trắng,False,5,car_p3_s14_1774726773,"01 Chiếc Xe Siêu Lướt & Siêu Keng, Không Khác Gì Hàng Đập Thùng Tiết Kiệm Gần Cả Trăm Triệu Đồng, Siêu Tiết Kiệm Nhiên Liệu 👇👇👇  #MAZDA 3 Phiên Bản Premium SX_2025 Odo 11.000 km không khác gì hàng đập thùng.  💰Giá yêu thương: 6xx Triệu  🌟🌟🌟🌟🌟🌟🌟🌟🌟🌟🌟🌟🌟  ❤️ Cam kết xe đạt tiêu chuẩn không đâm đụng, không ngập nước, máy & hộp số Zin nguyên bản.  ❤️ Hỗ trợ trả góp qua ngân hàng lên đến 70%, thủ tục đơn giản, nhanh gọn lẹ.  ❤️ Hỗ trợ dịch vụ bảo dưỡng, đăng kiểm xe theo định kỳ. ❤️ Hỗ trợ chế độ thu đổi hợp lí. ❤️ Hỗ trợ dịch vụ giao xe tận nhà, lễ bàn giao…   ☎️*** (𝐜𝐨𝐧𝐭𝐚𝐜𝐭/𝐳𝐚𝐥𝐨) #knluxury 𝐊𝐍 𝐋𝐮𝐱𝐮𝐫𝐲 : 620 Lê Văn Lương, P. Tân Phong Q7"
p7_s5_1774727501,Mazda 3,1.5L Luxury,2025.0,628.0,12000.0,Tự động,Xăng,Sedan,Việt Nam,Xanh,False,5,car_p7_s5_1774727501,"Mazda 3 1.5AT Luxury 2025 màu xanh cavansite. Xe chạy lướt 12.000km siêu đẹp như mới, ko tỳ vết, nilon nhiều vị trí còn chưa bóc hết. Xe nhật thiết kế đẹp, bền bỉ, cực tiết kiệm xăng, còn nguyên vẹn mọi thứ và bảo hành chính hãng"
p10_s8_1774728064,Mazda 3,1.5L Luxury,2025.0,609.0,10000.0,Tự động,Xăng,Hatchback,Việt Nam,Xanh,True,5,car_p10_s8_1774728064,"MAZDA 3 1.5 AT luxury 2025    👉Sản xuất :7/2025 ( 1 chủ từ mới )  👉 Giá bán : 609 triệu  ⚡️ Màu Xanh Cavansite Blue  ⚡️ ODO lướt :10.000 km  ⚡️ Option theo xe : nguyên rin  ———————————————— ⛔️⛔️ Salon viết giấy cam kết 💯💯  📌 Không cấn đụng  📌 Máy móc nguyên bản 📌 Không thuỷ kích 📌 Không lỗi phạt nguội   🔎🔎 Test ra lỗi Salon hoàn tiền 100% ‼️  💵 💵 Hỗ trợ vay 70%giá trị xe , lãi suất thấp, thủ tục nhanh gọn.  ———————————————— ♥️♥️ 𝐇𝐀̉𝐈 𝐕𝐀̂𝐍 𝐀𝐔𝐓𝐎 ♥️♥️  ☎️ Hotline/ Zalo: *** - *** 🌐 Địa chỉ: Showroom 1 : 821 Nguyễn Hữu Thọ,Khuê Trung, Cẩm Lệ , TP Đà Nẵng  Showroom 2 : 52, 54, 56 Phạm Tứ, Khuê Trung, Cẩm Lệ , TP Đà Nẵng"
p15_s8_1774759293,CX-5,2.0 Luxury,2025.0,763.0,20000.0,Tự động,Xăng,SUV,Việt Nam,Cam,True,5,car_p15_s8_1774759293,"Thông tin chi tiết về xe :  - Xe tư nhân 1 chủ mua từ mới  - Biển tỉnh đã rút hồ sơ cầm tay - Odo hơn 2 vạn km zin  - Lên nhiều đồ chơi : ghế da napal , cam 360 ...  - Lốp theo xe , sơ cua chưa hạ  Tình trạng xe :  - Nội ngoại thất tươi mới giữ gìn cẩn thận  - Cam kết chất lượng xe bằng văn bản : Không đâm , tai nạn ảnh hưởng tới khung gầm sắt xi , không ngập nước , máy số keo chỉ đinh tán cột kèo nguyên bản  - Bao check test theo chỉ định khách hàng  - Hỗ trợ trả góp 70% giá trị xe - Quý khách có nhu cầu mua xe xin vui lòng liên hệ trực tiếp để trao đổi & lái thử xe để có giá ***"
p16_s3_1774759486,Mazda 3,1.5 Luxury,2025.0,628.0,12000.0,Tự động,Xăng,Sedan,Khác,Xanh,False,5,car_p16_s3_1774759486,"Mazda 3 Luxury đời 2025 màu xanh, xe 5 chỗ, số tự động, chạy xăng.   - Thiết kế sang trọng, nội thất tiện nghi.   - Động cơ vận hành êm ái, tiết kiệm nhiên liệu.   - Xe giữ gìn cẩn thận, sẵn sàng lăn bánh."
p17_s18_1774759923,Mazda 3,1.5L Luxury,2025.0,608.0,5600.0,Tự động,Xăng,Sedan,Việt Nam,Đỏ,True,5,car_p17_s18_1774759923,"Bán Mazda 3, màu đỏ :  + Sản xuất 2025. Mua mới chính hãng Mazda.  + Km đã đi : 5600 km, mới chạy 5 tháng.  + Đã bảo dưỡng mốc 5000 km.  + Xe đẹp như mới, thời gian để hầm là chính, cuối tuần mới lấy ra chạy.  + Đã lắp camera hành trình, hạn đăng kiểm tiếp theo 10/2028. Coi xe tại Vinhomes quận 9. Lý do bán : Mua bằng trả góp, giờ muốn tất toán khoản vay cho nhẹ đầu, và từ lúc mua 90% vẫn đi lại hàng ngày bằng xe máy, nên bán để lấy tiền làm việc khác. Liên hệ chính chủ : *** Thương lượng với khách thiện chí mua nhanh trong tháng này !"
p18_s0_1774759942,Mazda 3,1.5L Luxury,2025.0,608.0,5600.0,Tự động,Xăng,Sedan,Việt Nam,Đỏ,True,5,car_p18_s0_1774759942,"Bán Mazda 3, màu đỏ :  + Sản xuất 2025. Mua mới chính hãng Mazda.  + Km đã đi : 5600 km, mới chạy 5 tháng.  + Đã bảo dưỡng mốc 5000 km.  + Xe đẹp như mới, thời gian để hầm là chính, cuối tuần mới lấy ra chạy.  + Đã lắp camera hành trình, hạn đăng kiểm tiếp theo 10/2028. Coi xe tại Vinhomes quận 9. Lý do bán : Mua bằng trả góp, giờ muốn tất toán khoản vay cho nhẹ đầu, và từ lúc mua 90% vẫn đi lại hàng ngày bằng xe máy, nên bán để lấy tiền làm việc khác. Liên hệ chính chủ : *** Thương lượng với khách thiện chí mua nhanh trong tháng này !"
p19_s10_1774760291,CX-8,Premium 2.5 AT,2025.0,986.0,10000.0,Tự động,Xăng,SUV / Cross over,Việt Nam,Trắng,False,7,car_p19_s10_1774760291,👉 🚙CX8 2.5Premium -1 cầu (Likenew )zin 100%. 👉 Màu trắng camay cực đẹp  - Sx thag 6/ 2025 . 👉( Lướt 10 ngìn klm -sơn zin cả xe) - xe như mới - chỉ bàn về giá ạ 🥰 -Cam kết ko lõi nhỏ ( bảo dưỡng full hãng) 🥰 AE-Quý Khách quang tâm lh e : 📲Mua bán-trao đổi -giao lưu: .vbình .Xin cảm ơn.
p22_s2_1774760868,CX-3,Deluxe 1.5 AT,2025.0,565.0,5675.0,Tự động,Xăng,SUV / Cross over,Thái Lan,Trắng,False,5,car_p22_s2_1774760868,"Bán Mazda CX-3 Deluxe bản nhập THÁI, Đời 2025 màu trắng, xe chạy 5675 km.  - Thiết kế trẻ trung, năng động.  - Nội thất tiện nghi, không gian thoải mái.  - Động cơ vận hành êm ái, tiết kiệm nhiên liệu."
p22_s13_1774760990,CX-5,Premium Exclusive 2.0 AT,2025.0,890.0,1600.0,Tự động,Xăng,SUV / Cross over,Khác,Khác,False,5,car_p22_s13_1774760990,Cx5 Premium exclusive 2025 Odo 1600 km Giá bán 890 triệu
p26_s13_1774763827,Mazda 3,1.5L Premium,2025.0,668.0,10000.0,Tự động,Xăng,Sedan,Việt Nam,Trắng,False,5,car_p26_s13_1774763827,"ĐỈNH CAO SIÊU LƯỚT ✧ MAZDA 3 1.5L PREMIUM SIÊU LƯỚT ✧ Sản xuất: 2025 ✧ Hộp số: Số tự động ✧ Động cơ: Xăng 1.5L ✧ Số chỗ ngồi: 5 chỗ ✧ Kiểu dáng: Sedan ✧ Xe màu trắng – Nội thất đen ✧ ODO chuẩn: 10,000 Km ✧ Biển số TP HCM, Full lịch sử bảo dưỡng hãng, chất xe đi kỹ mới tinh. ✧ Xe trang bị: Dán Film cách nhiệt, Hud kính lái, Gương chiếu hậu điện tử, Camera hành trình trước sau, Thảm sàn … ✧ TÌNH TRẠNG: Xe không lỗi, tuyệt vời, (Động cơ, Hộp số, Keo chỉ, Khung gầm) zin nguyên bản 100%, bốn vỏ zin theo xe còn dày cui, nội ngoại thất sạch sẽ. ✧ CAM KẾT CHẤT LƯỢNG: Không đâm đụng, Không ngập nước, Không tua Km. ✧ Bao Check hãng thầy thợ thoải mái. ✧ Hỗ trợ rút hồ sơ và sang tên nhanh lẹ, Hỗ trợ Bank, Hỗ trợ giao xe toàn quốc, Bảo hành, Cam kết chất lượng bằng văn bản, Nhận giao lưu trao đổi các dòng xe khác. ✧ Giá bán: 668,000,000 ₫"
p27_s10_1774763994,CX-5,Deluxe,2025.0,745.0,10000.0,Tự động,Xăng,SUV,Khác,Trắng,False,5,car_p27_s10_1774763994,"Mazda CX5 Deluxe sản xuất 2025 , màu trắng nthat đen , lăn bánh hơn 1v km , sơn zin cả xe…"
p28_s5_1774764099,CX-5,Deluxe 2.0 AT,2025.0,735.0,16000.0,Tự động,Xăng,SUV / Cross over,Việt Nam,Trắng,True,5,car_p28_s5_1774764099,"Em có nhu cầu cần bán: Mazda CX5 2.0 AT sx 2025 mới khét. -Xe màu trắng trẻ trung, biển thủ đô Hà Nội. -Xe mới lăn bánh 16000km ( #sai_tặng_xe )  -Xe cá nhân chính chủ từ mới, cực giữ gìn, Full lịch sử hãng, không 1 lỗi nhỏ, nhìn là mê. -Xe nguyên zin tuyệt đối từ A-Z, zin từ Km. -𝐂𝐚𝐦 𝐤𝐞̂́𝐭: Xe động cơ hộp số, khung gầm nguyên bản. Xe không tai nạn, không ngập nước, không tranh chấp, an ninh pháp lý rõ ràng sang tên đơn giản. Bao check test trên toàn quốc.  -Giá: 735 triệu. -Hỗ trợ bank 70% tổng giá trị xe cho QKH. Các bác quan tâm xe thì nhấc máy alo cho em Mr Trung để mua với giá *** ah!"
p30_s0_1774764624,CX-5,Premium Sport 2.0 AT,2025.0,815.0,11516.0,Tự động,Xăng,SUV,Khác,Trắng,False,5,car_p30_s0_1774764624,"Mazda CX-5 Premium màu trắng, xe chạy 11516 km.   - Thiết kế hiện đại, nội thất tiện nghi.   - Động cơ mạnh mẽ, vận hành êm ái.   - Xe giữ gìn cẩn thận, sẵn sàng sử dụng."
p30_s17_1774764806,CX-3,Deluxe 1.5 AT,2025.0,548.0,6000.0,Tự động,Xăng,SUV / Cross over,Khác,Trắng,False,5,car_p30_s17_1774764806,"Mazda CX-3 1.5 Deluxe đời 2025 màu trắng, xe mới mua, chạy 6.000 km.   - Xe còn mới, nguyên bản.   - Thiết kế trẻ trung, vận hành linh hoạt.   - Giá 548 triệu."
p30_s19_1774764826,Mazda 3,1.5 Luxury,2025.0,599.0,7000.0,Tự động,Xăng,Sedan,Khác,Đỏ,False,5,car_p30_s19_1774764826,"Mazda 3 1.5L Luxury màu đỏ, đăng ký lần đầu 2025.  - Xe lướt 7.000 km, tình trạng như mới.  - Không lỗi nhỏ, bảo dưỡng đầy đủ tại hãng, sơn zin cả xe.  - Thiết kế sang trọng, vận hành êm ái. Ae thiện chí alo e co giá êm ạ - thanks"
p31_s0_1774764847,Mazda 3,1.5 Luxury,2025.0,599.0,7000.0,Tự động,Xăng,Sedan,Khác,Đỏ,False,5,car_p31_s0_1774764847,"Mazda 3 1.5L Luxury màu đỏ, đăng ký lần đầu 2025.  - Xe lướt 7.000 km, tình trạng như mới.  - Không lỗi nhỏ, bảo dưỡng đầy đủ tại hãng, sơn zin cả xe.  - Thiết kế sang trọng, vận hành êm ái. Ae thiện chí alo e co giá êm ạ - thanks"
p32_s0_1774765074,CX-5,Unknown,2025.0,866.0,738000.0,Tự động,Xăng,SUV / Cross over,Khác,Khác,False,5,car_p32_s0_1774765074,Cx5 2025 bản cao cấp nhất Đi mới 736 km siêu lướt Rẻ hơn xe mới 100 củ hơn Xe như mới
p34_s10_1774765582,Mazda 2,Luxury,2025.0,530.0,7000.0,Tự động,Xăng,Hatchback,Thái Lan,Đỏ,False,5,car_p34_s10_1774765582,Matda 2 bản sport 2025 đi hơn 7000 km xe còn nguyen zin ko va chạm đâm đụng Cân mua lh ***
p38_s16_1774766426,Mazda 2,Unknown,2025.0,415.0,7000.0,Tự động,Xăng,Hatchback,Thái Lan,Xám,False,5,car_p38_s16_1774766426,Em bán mazda 2 sx 2025 odo 7.000 xem xe biên hoà đồng nai.
p39_s4_1774766546,Mazda 3,1.5L Luxury,2025.0,615.0,7000.0,Tự động,Xăng,Sedan,Việt Nam,Cam,False,5,car_p39_s4_1774766546,"Odo 7.000 kilomet. 💵 Giá em bán 615 triệu Bao rút gốc. (Lì xì 10 triệu lấy Lộc đầu năm). ☘️ XE RẤT MỚI ( Ni long còn nhiều chỗ chưa Bóc). Đã Phủ Gầm, Bọc sàn Da, Cam Hành trình, Phim cách Nhiệt)  🚙 Trang bị Lẫy số vô lăng, Đèn pha tự động + gạt mưa tự động, cruise control, cam lùi + cảm biến lùi, ghế điện + nhớ ghế 2 vị trí, Gương tự Cụp khi vào số Lùi VÀ RẤT nhiều tính năng khác v.v…. Xem xe Phước An - Đắk Lắk"
p42_s0_1774767122,Mazda 6,Luxury 2.0 AT,2025.0,750.0,14000.0,Tự động,Xăng,Sedan,Việt Nam,Đỏ,False,5,car_p42_s0_1774767122,"Mazda 6 2.0 Luxury 2025 mới cập bến - Odo: 14.000 km | xe còn như mới 99%, sơn zin 100% bảo dưỡng định kỳ đầy đủ tại hãng. * Trang bị & Công nghệ nổi bật:  - Động cơ SkyActiv-G 2.0L, công suất 154 mã lực, hộp số tự động 6 cấp. * Nội thất & Tiện nghi - Nội thất bọc da cao cấp, Ghế lái chỉnh điện, nhớ 2 vị trí, ghế phụ chỉnh điện. - Màn hình trung tâm 8 inch, hỗ trợ Apple CarPlay / Android Auto, hệ thống Mazda Connect thông minh. - Điều hòa tự động 2 vùng độc lập, cửa gió cho hàng ghế sau. - Phanh tay điện tử, Auto Hold, gạt mưa & đèn pha tự động, Có cửa sổ trời  *An toàn & Hỗ trợ lái:  - Trang bị đầy đủ 6 túi khí, ABS, EBD, BA, cân bằng điện tử DSC, hỗ trợ khởi hành ngang dốc HLA - Cảm biến trước, sau...   *Cam kết: - Xe nguyên bản 100% - Không tai nạn, không ngập nước - Giấy tờ pháp lý đầy đủ – sang tên nhanh chóng - Hỗ trợ kiểm tra tại hãng hoặc gara uy tín  Liên hệ ngay để hẹn xem xe & lái thử trực tiếp thực tế!"
p42_s9_1774767216,CX-5,Premium 2.0 AT,2025.0,828.0,6000.0,Tự động,Xăng,SUV / Cross over,Khác,Đỏ,False,5,car_p42_s9_1774767216,"Tên xe : Mazda CX-5 2.0 Premium Active 2025 Biển số : 70B 02820 Odo: 6.000 km (nguyên bản) Phiên bản : 2.0 Premium Active Option trang bị thêm: Film cách nhiệt, lót sàn - Tình trạng xe : xe đẹp không lỗi, máy số nguyên zin - Bảo hành : Động cơ + hộp số 6 tháng hoặc 10.000km  💥Giá niêm yết : 828 Triệu đã bao gồm phí rút hồ sơ."
p44_s1_1774767528,Mazda 3,1.5L Luxury,2025.0,655.0,2000.0,Tự động,Xăng,Hatchback,Khác,Trắng,False,5,car_p44_s1_1774767528,"Mazda 3 luxury 2025 , odo 2000 km hơn, màu trắng xe đẹp xuất sắc, full bảo dưỡng full đẹp. ✔️Xe được trang bị rất nhiều tính năng. Chìa khoá thông minh, đề nổ, ghế chỉnh điện, màn hình, camera,   ❌Cam kết❌ ✅Bao không ngập nước, không đâm đụng. ✅Bao rút hồ sơ gốc . Hỗ trợ sang tên ✅Bao quay đầu 1 năm 10% theo giá thị trường ✅Có dán tem bảo hành ở các vị trí xung yếu ✅Hỗ trợ vay ngân hàng lãi suất ưu đãi. ✅Bảo hành 6 tháng hoặc 10.000km động cơ, máy móc.  ✅Hỗ trợ test hãng có văn bản _________________________________ ----BOSS CAR----  Địa chỉ: 68 Lê Văn Lương, Thanh Xuân, Hà Nội CHUYÊN MUA BÁN - TRAO ĐỔI XE ĐÃ QUA SỬ DỤNG. XE ĐÃ QUA KIỂM ĐỊNH CHẤT LƯỢNG VÀ CÓ BẢO HÀNH ---------------------- ----------------------"
p44_s18_1774767719,CX-5,Premium Sport 2.0 AT,2025.0,850.0,10000.0,Tự động,Xăng,SUV / Cross over,Khác,Đỏ,False,5,car_p44_s18_1774767719,"Mazda CX-5 Premium màu đỏ, xe 5 chỗ, động cơ xăng, hộp số tự động.   - Thiết kế hiện đại, nội thất tiện nghi.   - Vận hành êm ái, tiết kiệm nhiên liệu.   - Xe sẵn sàng lăn bánh."
p45_s17_1774767959,Mazda 3,1.5L Luxury,2025.0,616.0,4500.0,Tự động,Xăng,Sedan,Việt Nam,Xanh,True,5,car_p45_s17_1774767959,"💥💥Mazda 3 1.5 Luxury Sx 2025 - Xe cá nhân 1 chủ siêu lướt không khách gì xe mới🔥🔥 🔹Sản xuất: 2025 🔹Odo: 4.500 km (sai tặng xe) 🔹Màu xe: Xanh cavansite 👉Trang bị: Động cơ 1.5L 111 mã lực, Hộp số tự động 6 cấp, vô lăng bọc da 3 chấu tích hợp lẩy chuyển số, điều hòa tự động có cửa gió hàng ghế sau,…  ✅️Đảm bảo ko đâm đụng, ngập nước. 👍 ✅️Bao test hãng 💯 ✅️Bao bank, duyệt hồ sơ trong ngày 💨 🎁 Tặng gói chăm sóc xe và phủ Ceramic cao cấp 🔥 🏦 Ngân hàng hỗ trợ 70% 💰 Giá chỉ : 616tr VND  🔸 Hotline - Inbox Zalo  📞 : ***(Duy Phương #kingdom_auto) ----------------------------------- 🏨𝐊𝐈𝐍𝐆𝐃𝐎𝐌 𝐀𝐔𝐓𝐎 👨‍💻 Website: *** 📍53 đường số 85, Phường. Tân Hưng, Tphcm. (Gần Lotte Mart Quận 7 cũ) #Kingdom_Auto"
p45_s18_1774767971,Mazda 3,1.5 Luxury,2025.0,639.0,15000.0,Tự động,Xăng,Sedan,Khác,Cam,False,5,car_p45_s18_1774767971,"Mazda 3 1.5 Luxury sx 2025 . Lướt 10.000km xe mới lắm . Sơn zin cao - Xe đã độ thêm cam 360 , áp suất lốp , cam hành trình trước sau , thảm sàn 6D .... Check thoải mái lỗi trả phí check xem xe tại hà nội"
p46_s9_1774768111,Mazda 3,1.5L Luxury,2025.0,605.0,4000.0,Tự động,Xăng,SUV / Cross over,Việt Nam,Xanh,False,5,car_p46_s9_1774768111,"MAZDA 3 1.5AT LUXURY ,số tự động,máy xăng,5 chỗ,màu xanh dương,sx 2025 -Xe TUYỆT ĐẸP,ZIN&MỚI 99%, ĐÚNG 4000km( bao test hãng) -BSTP HCM,SƠN ZIN 100% -Cam kết không ngập nước, không lỗi,HỔ trợ Ngân Hàng 70%.. -Xem xe q 7,HCM..SẼ HOÀN TOÀN ƯNG Ý NGAY..."
p46_s14_1774768160,Mazda Other,Premium 2.0 AT,2025.0,855.0,300000.0,Tự động,Xăng,SUV / Cross over,Việt Nam,Đỏ,False,5,car_p46_s14_1774768160,"Mazda CX 5, màu đỏ quyến rũ, sản xuất năm 2025. Xe thuộc phiên bản Premium 2.0 AT, thiết kế sang trọng và hiện đại. Nội thất rộng rãi với 4 chỗ ngồi thoải mái, phù hợp cho gia đình nhỏ hoặc những người yêu thích phong cách cá tính. Thiết kế ngoại thất cuốn hút với màu đỏ nổi bật, tạo ấn tượng mạnh mẽ và thu hút mọi ánh nhìn trên đường phố. * Nội thất tiện nghi, trang bị đầy đủ các tính năng hiện đại, mang đến trải nghiệm lái xe thoải mái và thú vị. * Động cơ mạnh mẽ, vận hành êm ái và tiết kiệm nhiên liệu, giúp bạn tự tin chinh phục mọi hành trình.* Hệ thống an toàn tiên tiến, đảm bảo an toàn tối đa cho người lái và hành khách trên mọi nẻo đường.Phiên bản Premium 2.0 AT với nhiều trang bị cao cấp, mang đến trải nghiệm lái xe tuyệt vời và đẳng cấp. * Xe được bảo dưỡng định kỳ, tình trạng hoạt động tốt, sẵn sàng đồng hành cùng bạn trên mọi chuyến đi.Kiểu dáng SUV năng động, phù hợp với nhiều mục đích sử dụng, từ đi làm hàng ngày đến những chuyến du lịch xa. Không gian nội thất rộng rãi, thoải mái cho cả người lái và hành khách phía sau, tạo cảm giác thư giãn trên mọi hành trình. * Hệ thống giải trí hiện đại, kết nối dễ dàng với điện thoại thông minh, giúp bạn tận hưởng những giây phút giải trí tuyệt vời. Vô lăng tích hợp nhiều phím chức năng, giúp người lái dễ dàng điều khiển và tập trung vào việc lái xe.Màu đỏ thể hiện sự cá tính và năng động của chủ sở hữu.Mazda CX 5 là sự lựa chọn hoàn hảo cho những ai yêu thích sự sang trọng, tiện nghi và an toàn."
p47_s16_1774768418,Mazda 3,1.5L Luxury,2025.0,640.0,2000.0,Tự động,Xăng,Hatchback,Việt Nam,Cam,True,5,car_p47_s16_1774768418,"Mazda 3 1.5 Sedan Luxury sx và đki 2025 đklđ 17/11/2025  💫Đăng kí tên tư nhân 1 chủ từ mới  💫Odo : 2000km sai 1 mét đốt xe  💫Full lịch sử bảo dưỡng hãng 💫Trang bị : Start/Stop , Ghế lái chỉnh điện nhớ vị trí kết hợp gương chiếu hậu chỉnh điện, gập điện, nhớ vị trí,..., Động cơ 1.5L kèm hộp số tự động 6 cấp, lẫy chuyển số trên vô lăng ,chế độ lái Sport . Màn hình 8.8 inch tích hợp camera lùi , 8 loa 7 túi khi"
p47_s17_1774768430,Mazda Other,Premium 2.0 AT,2025.0,850.0,4000.0,Tự động,Xăng,SUV / Cross over,Việt Nam,Đỏ,False,5,car_p47_s17_1774768430,"MAZDA CX5 2025 PREMIUM ACTIVE chạy 4000km, màu đỏ, model mới nhất cửa nóc... full lich sử bảo dưỡng hãng lốp theo xe cả dàn sơ cua chưa hạ, phiên bản Premium với gói an toàn Sky của Mazda như cảnh báo va chạm, …. Chìa khoá thông minh, cốp điện, điểm mù. Thiếu cái hộp là thành xe mới. Còn nguyên bảo hành hãng. CHỈ BÀN VỀ GIÁ!  THU AE 840 TR CHÀO 855 Gt @All"
p48_s3_1774768517,Mazda 3,1.5L Luxury,2025.0,615.0,6400.0,Tự động,Xăng,Sedan,Việt Nam,Cam,False,5,car_p48_s3_1774768517,"_ Ông hoàng trong phân khúc có doanh số bán *** phân khúc C 𝐌𝐚𝐳𝐝𝐚 𝟑 𝟐𝟎𝟐𝟓 𝐋𝐮𝐱𝐮𝐫𝐲 siêu lướt . Xe mới đăng ký 2 tháng . Lăn bánh chuẩn 6.400km . Nội - ngoại thất - lốp còn nguyên rin 100% theo xe . Tiết kiệm gần 100tr so vs xe mới . TT 170tr nhận xe . Thời hạn vay 8 năm . Lãi suất 7,65%|năm . Gốc 4tr6 . Lãi 2tr8 . Tháng góp 7tr400k . 🍀 Option : Thiết kế ngôn ngữ kodo sang trọng , lịch lãm , động cơ Skyactive thế hệ mới đi kèm hộp số 6 cấp bền bỉ - tiết kiệm nhiên liệu *** phân khúc , hệ thống chiếu sáng tự động bật tắt , chìa khoá thông minh , khởi động xe bằng nút bấm Start Stop , nội thất bọc da , phanh tay điện tử , dừng xe tự động Auto Hold , xe có 2 chế độ lái , màn hình trung tâm 10 inch kết nối Apple Carplay - Androi Auto , điều hoà 2 vùng độc lập , hệ thống an toàn 6 túi khí , camera lùi , cảm biến va chạm sau , phanh điện tử ABS ,... 💥 𝐊𝐡𝐨𝐚 𝐂𝐡𝐮̛𝐨̛𝐧𝐠 𝐀𝐮𝐭𝐨 "" Đẳng cấp xe lướt"" 🔹 Bên em chuyên trao đổi ô tô đã qua sử dụng , xe ô tô đời mới (lướt) 🔹 Bảo hành khi mua xe tại showroom lên đến 2 năm  🔹 Hổ trợ vay ngân hàng lãi suất thấp - thủ tục nhanh gọn .𝐃𝐮𝐲𝐞̣̂𝐭 𝐡𝐨̂̀ 𝐬𝐨̛ 𝐯𝐚𝐲 𝐭𝐫𝐨𝐧𝐠 𝐯𝐨̀𝐧𝐠 𝟓 𝐏𝐡𝐮́𝐭 . Không cần chứng minh thu nhập. 🔹 Nói không với xe đâm đụng - ngập nước tại showroom KC Auto. 🔹 Hoàn trả 100% tiền nếu phát hiện lỗi ở toàn quốc .  🔸 Hổ trợ vay ngân hàng đối với khách hàng bị nợ xấu lãi suất tốt . 🌍 Địa chỉ : 38-40 Nguyễn Phước Lan - TP Đà Nẵng"
p48_s7_1774768563,Mazda 3,1.5L Luxury,2025.0,615.0,4000.0,Tự động,Xăng,Sedan,Việt Nam,Đen,True,5,car_p48_s7_1774768563,"🔥🚙 Mazda 3 Luxury 2025 – Siêu lướt 4.000km, đẹp như mới  🚗 Thông tin xe: . Phiên bản: Mazda 3 Luxury 2025 . Màu ngoại thất: Xanh . Nội thất: Đen . Odo: 4.000 km (xe gần như mới) . Giá bán: 6xx triệu  ✨ Điểm nổi bật: . Thiết kế trẻ trung, thể thao, chuẩn gu xe đô thị . Nội thất sang trọng, cách âm tốt, cảm giác lái mượt . Động cơ tiết kiệm nhiên liệu, chi phí sử dụng thấp . Xe còn mới tinh, mua về chạy ngay không cần làm gì thêm  📞 Liên hệ: *** 📍 Xe sẵn – xem xe trực tiếp, hỗ trợ sang tên nhanh gọn  #Mazda3 #Mazda3Luxury #Mazda3_2025 #XeLuot #SedanHangC #XeGiaDinh #BanXeCu #OtoCuChatLuong"
p48_s8_1774768577,Mazda 3,1.5L Luxury,2025.0,628.0,1888.0,Tự động,Xăng,Hatchback,Khác,Trắng,True,5,car_p48_s8_1774768577,"Siêu lướt Mazda3 1.5 Luxury - 2025 Màu : Trắng Odo: 2000 km  Giá : 628 triệu thương lượng Trang bị: Lót thảm sàn da, Flim cách nhiệt, Camera hành trình, BHTV  Tình trạng xe : Xe 1 chủ mua mới, 2 chìa khoá zin theo xe, Sơn zin 99% , Keo chỉ zin 100% Cam kết: Không đâm đụng ảnh hưởng đến khung xương xe, Không ngập nước, Máy móc nguyên bản, pháp lý rỏ ràng Check thoải mái theo đơn vị thứ 3 Xem Xe Thảo Điền, Q2 cũ"
p48_s15_1774768666,Mazda 3,1.5L Luxury,2025.0,628.0,1999.0,Tự động,Xăng,Sedan,Việt Nam,Trắng,False,5,car_p48_s15_1774768666,"Mazda 3 Luxury 2025 Trắng Đen Lướt 1.999Km (1 viên trên thị trường) - Tiết kiệm 50 Triệu so lấy mới tại hãng  💵 Hỗ trợ bank tuỳ theo mức thu nhập từ 60% - 70% 📝 Cam kết: Không đâm đụng, không ngập nước, odo chuẩn (Bao check)  📲 Liên hệ xem xe, báo giá & tình trạng xe thực tế 🏢 Xem xe tại Quận 2 HCM"
p49_s4_1774768785,CX-5,Premium Exclusive 2.0 AT,2025.0,889.0,4800.0,Tự động,Xăng,SUV / Cross over,Việt Nam,Cam,False,5,car_p49_s4_1774768785,"Đang về Mazda Cx5 2.0AT Premium Exclusive 2025 Odo: 4800km -> sơn zin 100% - Xe bao đẹp bao check test tẹt ga tất cả mọi nơi - Cam kết nói không với xe đâm đụng, ngập nước - Hỗ trợ vay bank lên tới 70% LH Để Đc giá tốt"
p14_s19_1774759185,CX-8,Unknown,2026.0,929.0,15000.0,Tự động,Xăng,SUV / Cross over,Việt Nam,Khác,False,7,car_p14_s19_1774759185,"NEW MAZDA CX-8 VIN 2026 - ĐẦY ĐỦ CÁC PHIÊN BẢN CÓ SẴN TẠI SHOWROOM !!! 💥Cập nhật giá xe ưu đãi mới nhất:  - 𝐍𝐄𝐖 𝐌𝐀𝐙𝐃𝐀 𝐂𝐗𝟖 𝐋𝐔𝐗𝐔𝐑𝐘: 929 𝑻𝒓𝒊𝒆̣̂𝒖 - 𝐍𝐄𝐖 𝐌𝐀𝐙𝐃𝐀 𝐂𝐗𝟖 𝐏𝐑𝐄𝐌𝐈𝐔𝐌: 𝟗89 𝑻𝒓𝒊𝒆̣̂𝒖 - 𝐍𝐄𝐖 𝐌𝐀𝐙𝐃𝐀 𝐂𝐗𝟖 𝐒𝐈𝐆𝐍𝐀𝐓𝐔𝐑𝐄: 𝟏.𝟎𝟗𝟗 𝑻𝒓𝒊𝒆̣̂𝒖 ✅ Đăng kí lái thử xem xe tận nhà 🎁 Bộ quà tặng chính hãng 𝐌𝐀𝐙𝐃𝐀  🎁 Bảo hành chính hãng 5 năm hoặc 150.000km 🎁 Hỗ trợ ngân hàng lên đến 80%, thủ tục nhanh, lãi suất ưu đãi ✅ Liên hệ để được tư vấn báo giá *** và quà tặng đi kèm"
p23_s0_1774761067,Mazda 2,Premium,2026.0,489.0,715000.0,Tự động,Xăng,Sedan,Thái Lan,Khác,False,5,car_p23_s0_1774761067,Cần bán Mazda 2 bạn cao cấp Premium sản xuất và đăng ký 2026 xe mới chạy 715 km tất cả mới và zin tuyệt đối như xe trong hãng
p36_s2_1774765898,Mazda Other,Premium,2026.0,786.0,10000.0,Tự động,Xăng,SUV / Cross over,Việt Nam,Trắng,False,5,car_p36_s2_1774765898,Mazda Yên Nghĩa. 🔥 NEW CX5 Premium active TRẮNG VIN 2026 – GIÁ TỐT SẴN XE GIAO NGAY 🔥  ✅ New cx5 premium active trắng: 786 triệu  🎁 ƯU ĐÃI QUÀ TẶNG CHÍNH HÃNG MAZDA: 👉 Inbox Gọi ngay sdt *** để nhận ưu đãi lớn
