car_id,model,version_extracted,year,price_million,odo,gearbox,fuel,body_type_clean,origin_clean,exterior_color,is_single_owner,seats_clean,engine_capacity,drivetrain_clean,airbags_clean,image_folder,description
p68_s5_1776276891,Mazda 3,1.5L Luxury,2025,630.0,6000.0,Tự động,Xăng,Hatchback,Việt Nam,Khác,False,5,1.5,FWD,6,car_p68_s5_1776276891,Xe nguyên zin khung máy số. Đời 2025 phiên bản Luxury. Xem xe tại Cà Mau.
p34_s7_1774765544,Mazda 3,Unknown,2018,399.0,120000.0,Tự động,Xăng,Hatchback,Khác,Đen,True,5,2.0,FWD,6,car_p34_s7_1774765544,"Mazda 3 đời 2018 màu đỏ, nội thất đen, xe chính chủ. - Xe đi 120.000 km, giữ gìn cẩn thận. - Không đâm đụng, không ngập nước. Giá 399 triệu có thương lượng"
p1_s5_1776267516,CX-5,2.0 AT 2WD,2013,355.0,98000.0,Tự động,Xăng,SUV / Cross over,Việt Nam,Đỏ,True,5,2.0,FWD,2,car_p1_s5_1776267516,"CHỈ 355 TRIỆU CÓ NGAY MAZDA CX-5 ĐẸP LONG LANH, MỘT CHỦ TỪ ĐẦU Anh em tìm xe gầm cao giá rẻ, chất lượng thực thì đừng bỏ qua em này Model Mazda CX-5 2.0L đời 2013 Tình trạng Xe đi chuẩn 98.000 km, 1 CHỦ mua mới từ đầu. Uy tín Bảo dưỡng Full lịch sử hãng, bao check hãng toàn quốc Hồ sơ Biển TP.HCM, giấy tờ nhanh gọn. Nội thất da nguyên bản, xe cực giữ gìn. Tầm giá này khó tìm được em gầm cao nào ngon hơn GIÁ 3xx Triệu Có lộc lá cho anh em thiện chí Xem xe Quận 7, TP.HCM Liên hệ Phú Phúc Gọi ngay kẻo lỡ"
p63_s15_1776276305,Mazda 3,Unknown,2016,360.0,100000.0,Tự động,Xăng,Sedan,Việt Nam,Cam,False,4,2.0,FWD,6,car_p63_s15_1776276305,"Mazda 3 sedan bản cao cấp sản xuất 2016 Odo 100.000km Xe gia đình mua mới Xe bảo dưỡng full lịch sử hãng 4 vỏ mới tinh Bán xe cam kết không lỗi , bao check , ktra thoải mái Giấy tờ pháp lý rõ ràng , hỗ trợ rút hồ sơ ACE nào qtam lh cho e"
p11_s9_1774728252,Mazda 6,AT,2005,165.0,125000.0,Tự động,Xăng,Sedan,Việt Nam,Bạc,True,5,2.0,FWD,6,car_p11_s9_1774728252,"Xe đẹp máy số zin.sùn chỉ đủ.không đâm đụng ngập nước,bao test, đã bảo dưỡng full.đi êm mượt.gốc sg chính chủ bao ký rút.nội thất ngoại thất đẹp.màn Android,4 vỏ Michelin mới keng.bao test,bao đi bắc nam.ai có nhu cầu alo.tiếp người thiện chí.xem xe chợ búng."
p33_s7_1774765359,CX-5,2.0 Premium,2023,750.0,25000.0,Tự động,Xăng,SUV / Cross over,Việt Nam,Vàng,False,5,2.0,FWD,6,car_p33_s7_1774765359,"𝐍𝐄𝐖 𝐌𝐀𝐙𝐃𝐀 𝐂𝐗-𝟓 𝐏𝐑𝐄𝐌𝐈𝐔𝐌 𝐀𝐂𝐓𝐈𝐕𝐄 XE ĐẸP NHƯ MỚI CHỈ 𝟐𝟓.𝟎𝟎𝟎 𝐊𝐌 MÀU VÀNG ÁNH KIM Thông tin xe Dòng xe Mazda CX-5 Premium Active Sản xuất 2023 Tình trạng Xe lướt, sử dụng cực ít, THU CŨ TRONG HÃNG - AN TÂM VỀ CHẤT XE Số km Chỉ 25.000 km Màu sắc Vàng 47S Ngoại thất Sơn zin đẹp, nước sơn bóng bẩy Nội thất Giữ gìn kỹ, sạch sẽ như xe mới Gía bán 750 TRIỆU - CAM KẾT UY TÍN CỦA HÃNG KIỂM TRA 200 HẠNG MỤC, XE KHÔNG LỖI, KHÔNGTUA ODO - Còn bảo hành tới tháng 8/2028. Xe như xe mới giúp khách hàng tiếp kiệm hơn 100tr chi phí mua xe"
p16_s1_1776269887,CX-5,Deluxe 2.0 AT,2022,660.0,52000.0,Tự động,Xăng,SUV,Khác,Đỏ,False,5,2.0,FWD,6,car_p16_s1_1776269887,"Mazda Cx5 sx 2022 bản Dulux, xe chủ đi giữ dìn còn rất mới. Xe đẹp suất xắc không lỗi nhỏ. Lốp theo xe cả dàn. Ae quan tâm Lh em Xem xe Lê Văn Lương, Hà Nội."
p65_s10_1776276556,Mazda 3,1.5 AT Sedan,2017,395.0,100000.0,Tự động,Xăng,Sedan,Việt Nam,Cam,False,5,1.5,FWD,2,car_p65_s10_1776276556,"Mazda 3 Hatchback Form Mới Sản Xuất 2017 Số Tự Động - Dung Tích 1.5 Trang Bị Màn Hình Androi , Cam Hành Trình Cam Lùi , Phanh Tay Điện Tử , Chế Độ Lái Sport , Gương Gập Điện , Cửa Sổ Trời , Đèn Bi Led Tài Chính 3xxtr Có Thương Lượng CAM KẾT VĂN BẢN Xe Không Tai Nạn Xe Không Bị Thuỷ Kích Xe Không Bị Đại Tu Động Cơ Và Hộp Số Xe Có Nguồn Gốc , Xuất Xứ Rõ Ràng Đảm Bảo Giấy Tờ Hợp Lệ Để Mua Bán Sang Tên Liên Hệ Tuấn Tài Địa Chỉ Lê Duẩn - P.Trà Bá - Pleiku Gia Lai"
p16_s16_1776270014,Mazda 3,Unknown,2016,375.0,100000.0,Tự động,Xăng,Sedan,Việt Nam,Trắng,False,5,2.0,FWD,6,car_p16_s16_1776270014,"MAZDA 3, 2016, đi 10 vạn, full bảo hành, sơ cua chưa hạ lắp HUD hắt kính như M6. Miễn bàn về chất. Bao kiểm tra hãng hay nơi nào người mua yêu cầu. Thủ tục pháp lý nhanh chóng, bảo đảm tuyệt đối"
p3_s7_1776267933,Mazda Other,Luxury 2.5 AT,2025,919.0,18800.0,Tự động,Xăng,SUV / Cross over,Khác,Cam,False,7,2.5,FWD,6,car_p3_s7_1776267933,"New Mazda CX-8 2.5 Luxury Sx 5/2025 Siêu Lướt Odo 19.000 km Sơn zin 100 rất giá trị Màu xe Machine Grey Metallic Phiên bản Luxury Sản xuất 2025 phiên bản Facelift Đăng ký 5/2025 Odo 19.000 KM Đúng 1 đời chủ mua mới đập thùng, đa số trùm mềm và chăm sóc giữ gìn. Gia đình sử dụng, Xe được bảo quản, giữ gìn chăm sóc cẩn thận, nội ngoại thất sạch sẽ , cả 3 hàng ghế da căng đẹp như mới. Cam kết Hoàn hảo, Zin từ A đến Z , sẵn sàng check Hãng bất kỳ. Bảo trì bảo dưỡng đúng lộ trình và định kỳ tại hãng Mazda. -Chất xe như xe mới 99,99 , noi vui thì lấy cái thùng ụp vào là thành xe newwww - Xe luôn đỗ trong nhà riêng , không 1 ngày phơi nắng phơi mưa. Option đã lắp em tặng hết cho Khách mua xe Đủ 2 chìa khoá , và 2 chìa cơ Phim cách nhiệt chính hãng Phủ Ceramic loại cao cấp 2 lớp full xe Lót sàn cao cap full xe Phủ gầm bảo vệ xe, chống rỉ sét và ăn mòn. Bảo Hành chính hãng 5 Năm hoặc 150.000 km Cam ket tinh trang hoan hao như mới Khuyến khích khách mời thợ xịn đến hỗ trợ xem hoặc mang xe vào hãng Check/Test , xe luôn sẵn sàng Thank You"
p73_s7_1776277677,Mazda 3,1.5 AT,2017,365.0,100300.0,Tự động,Xăng,Sedan,Khác,Trắng,False,5,1.5,FWD,6,car_p73_s7_1776277677,"Cần bán xe gia đình do ít đi lại. Mazda3 2017 - 1.5 AT Odo 100.300 km Không đâm đụng, không ngập Giá 365 tr Thương lượng nhẹ Xem xe Q7, Tp. HCM SDT liên hệ Trực tiếp chủ"
p52_s4_1776275000,Mazda 3,1.6 AT,2010,235.0,132000.0,Tự động,Xăng,Sedan,Đài Loan,Khác,False,5,1.6,FWD,6,car_p52_s4_1776275000,Đổi xe mới cần bán xe madaz 3 máy móc zin xe zin ko lổi ae mua về đi gd yên tâm
p17_s17_1774759910,Mazda 3,1.5 AT Hatchback,2016,368.0,100000.0,Tự động,Xăng,Hatchback,Việt Nam,Trắng,False,5,1.5,FWD,2,car_p17_s17_1774759910,"Mazda 3 1.5 AT Hatchback Sản xuất 2016 Odo 10 vạn km, lịch sử bảo dưỡng định kỳ đầy đủ Biển Hà Nội , tên cá nhân, đã lên 1 số đồ chơi cần thiết vv Cam kết xe không đâm va, không ngập nước, không phạt nguội, pháp lý xe minh bạch đầy đủ điều kiện sang tên. Quý khách vui lòng liên hệ Ecoauto SURE để biết thêm thông tin và giá ưu đãi nhất."
p16_s0_1776269876,Mazda 3,1.5L Luxury,2020,412.0,16000.0,Tự động,Xăng,Sedan,Khác,Xám,True,5,1.5,FWD,6,car_p16_s0_1776269876,"Bán Mazda 3 màu xám, xe 5 chỗ, số tự động. Bản luxury - Nội thất bọc da sang trọng. -1 chủ mua mới"
p43_s15_1774767462,BT-50,AT,2019,497.0,87000.0,Tự động,Dầu,Pick-up (bán tải),Khác,Đen,False,5,2.0,FWD,6,car_p43_s15_1774767462,"MAZDA BT-50 2 CẦU 4x4 2019 MÁY DẦU SỐ TỰ ĐỘNG Màu Xanh đen cá tính, mạnh mẽ Odo 87.000 km Giá bán 497 triệu trước điều chỉnh 515 triệu TÌNH TRẠNG XE Xe gia đình sử dụng Giữ gìn kỹ lưỡng Máy móc, hộp số nguyên bản Vận hành êm ái Không đâm đụng Không ngập nước Gầm bệ chắc chắn Sẵn chạy TRANG BỊ NỔI BẬT Động cơ diesel mạnh mẽ, bền bỉ tiết kiệm nhiên liệu Hệ dẫn động 2 cầu 4x4 đi công trình, offroad tốt Hộp số tự động mượt mà Ghế da, điều hòa mát sâu Màn hình giải trí, camera lùi Hệ thống an toàn ABS, EBD, cân bằng điện tử Mâm đúc thể thao, gương kính chỉnh điện ƯU ĐIỂM Bán tải 2 cầu khỏe đa dụng công việc gia đình Máy dầu bền bỉ chi phí vận hành thấp Giá hợp lý trong phân khúc bán tải 4x4 CAM KẾT Không tai nạn Bao test hãng toàn quốc Hỗ trợ sang tên nhanh vay ngân hàng đến 70 Địa chỉ Gò Vấp, TP.HCM"
p2_s9_1776267743,CX-5,2.0L AT Deluxe,2020,620.0,70000.0,Tự động,Xăng,SUV / Cross over,Khác,Trắng,False,5,2.0,FWD,6,car_p2_s9_1776267743,Mazda CX5 Deluxe sản xuất 2020 xe chạy 7V km
p5_s11_1774727148,Mazda 6,2.5 AT,2014,375.0,70000.0,Tự động,Xăng,Sedan,Khác,Cam,False,5,2.5,FWD,2,car_p5_s11_1774727148,"Mazda 6 2.5 AT 2014 Sản xuất 2014. Odo 70.000km. Xe đẹp không lỗi. Bảo dưỡng đầy đủ. Xe không tai nạn, không ngập nước cam kết văn bản Công Ty Mua - Bán - Trao Đổi Ô Tô Đã Qua Sử Dụng."
p42_s16_1774767293,Mazda 3,1.5 AT Sedan,2017,395.0,100000.0,Tự động,Xăng,Sedan,Việt Nam,Cam,False,5,1.5,FWD,2,car_p42_s16_1774767293,"Mazda 3 Hatchback Form Mới Sản Xuất 2017 Số Tự Động - Dung Tích 1.5 Trang Bị Màn Hình Androi , Cam Hành Trình Cam Lùi , Phanh Tay Điện Tử , Chế Độ Lái Sport , Gương Gập Điện , Cửa Sổ Trời , Đèn Bi Led Tài Chính 3xxtr Có Thương Lượng CAM KẾT VĂN BẢN Xe Không Tai Nạn Xe Không Bị Thuỷ Kích Xe Không Bị Đại Tu Động Cơ Và Hộp Số Xe Có Nguồn Gốc , Xuất Xứ Rõ Ràng Đảm Bảo Giấy Tờ Hợp Lệ Để Mua Bán Sang Tên Liên Hệ Tuấn Tài Địa Chỉ Lê Duẩn - P.Trà Bá - Pleiku Gia Lai"
p66_s6_1776276656,Mazda 3,1.5L Luxury,2024,600.0,18000.0,Tự động,Xăng,Sedan,Việt Nam,Đen,False,5,1.5,FWD,6,car_p66_s6_1776276656,"Mazda 3 luxury 2024 màu đen xe đẹp như mới, zin từng con ốc, giá còn tl cho anh chị mua nhanh gọn"
p16_s6_1774759525,CX-5,2.5,2017,489.0,11000.0,Tự động,Xăng,SUV,Khác,Đen,True,5,2.5,FWD,6,car_p16_s6_1774759525,An phát vừa về - Cx5 2.5 sx 2017 tên cá nhân một chủ từ mới - xe đẹp zin hết không lỗi nhỏ - lốp sơ cua chưa hạ - Bao check test thoải mái
p43_s4_1774767375,Mazda 3,1.5L Luxury,2019,430.0,130000.0,Tự động,Xăng,Sedan,Khác,Xanh,False,5,1.5,FWD,6,car_p43_s4_1774767375,"BÁN NHANH MAZDA 3 2019 MÀU XANH, XE ĐẸP Xe gia đình sử dụng, nguyên bản 100, không đâm đụng không ngập nước. Máy móc êm ái, gầm bệ chắc chắn, nội ngoại thất còn rất đẹp. Bảo dưỡng định kỳ đầy đủ, mua về chỉ việc đi. Giá bán nhanh, mềm hơn thị trường Liên hệ"
p70_s7_1776277076,Mazda 6,2.0L Premium,2018,489.0,69000.0,Tự động,Xăng,Sedan,Khác,Cam,False,5,2.0,FWD,6,car_p70_s7_1776277076,"Mazda 6 2.0 AT 2018 Bản nâng cấp Xe đẹp Bao test Odo chuẩn 69.000 km 4 lốp Michelin còn rất mới, lốp sơ cua zin chưa lăn Xe nguyên bản, không lỗi không đâm đụng bao test hãng Thông tin chi tiết xe Động cơ SkyActiv-G 2.0L 154 mã lực 200Nm Hộp số tự động 6 cấp, dẫn động cầu trước Công nghệ G-Vectoring Control, chế độ lái Sport Mode Hệ thống i-Stop tiết kiệm nhiên liệu Trang bị nổi bật Ngoại thất Đèn pha LED thích ứng, LED ban ngày Đèn hậu LED Mâm hợp kim 17 inch Thiết kế KODO sang trọng, lịch lãm Nội thất tiện nghi Ghế da cao cấp, chỉnh điện 2 bên, nhớ ghế Cửa sổ trời Màn hình giải trí 7 inch Mazda Connect Màn hình thông tin TFT 4.6 inch Điều hòa tự động 2 vùng độc lập Phanh tay điện tử, Start/Stop, chìa khóa thông minh Camera lùi, cảm biến trước/sau An toàn 6 túi khí ABS / EBD / BA Cân bằng điện tử DSC, kiểm soát lực kéo TCS Hỗ trợ khởi hành ngang dốc HLA Camera lùi, hệ thống chống trộm Trang bị an toàn nâng cao i-Activsense có trên một số phiên bản cao cấp Tân Thành Auto cam kết Xe chất lượng kiểm tra kỹ trước khi giao Hỗ trợ sang tên nhanh gọn Thu mua trao đổi xe cũ giá tốt Liên hệ Tân Thành Auto - Cần Thơ để xem xe và làm việc trực tiếp hoặc đặt cọc 2tr để được giao xe tận nhà."
p36_s1_1774765885,CX-5,Premium,2024,830.0,20000.0,Tự động,Xăng,SUV,Khác,Cam,True,5,2.0,FWD,6,car_p36_s1_1774765885,"CX5 2024 Premium Sport mới toanh tên tư nhân 1 chủ Chạy 2 vạn zin, full lịch sử hãng. Trang bị thì đỉnh khỏi bàn, từ ghế mát sưởi đến Camera 360, loa Bose. Chỉ 8xx triệu Có hỗ trợ Bank Xem xe tại hà nội"
p48_s14_1774768653,Mazda 6,2.5 AT,2015,400.0,46272.0,Tự động,Xăng,Sedan,Việt Nam,Cam,False,5,2.5,FWD,2,car_p48_s14_1774768653,Mazda 6 sản xuất năm 2015 Odo chuẩn 4v6 Trang bị Loa Bose cao cấp Màn hình Android giải trí Xe không lỗi nhỏ Cam kết 3 KHÔNG Không đâm đụng Không ngập nước Không tua odo BAO CHECK TEST MỌI NƠI tp Hồ Chí Minh Liên hệ xem xe và thương lượng giá
p7_s2_1774727474,Mazda 2,1.5 AT,2024,380.0,18000.0,Tự động,Xăng,Sedan,Khác,Trắng,True,5,1.5,FWD,6,car_p7_s2_1774727474,"Nhu cầu đi lại ít Cần bán xe mazda2 AT 2024 18k km Xe chính chủ đứng tên cà vẹt. Giá bán 380. Bán đến công chứng. Ai có nhu cầu mua đi liên hệ. Không tiếp cò lái. Xin cảm ơn Cần bán xe đã lên màn hình , cam 360, cảm biến sau. Tặng rèm xe và Lót sàn nhựa"
p3_s4_1774726662,Mazda Other,AT,2018,388.0,90000.0,Tự động,Dầu,Pick-up (bán tải),Nhật Bản,Xanh,False,5,2.0,FWD,6,car_p3_s4_1774726662,"Mazda BT 50 2018 AT 1 Cầu MÁY DẦU, SỐ TỰ ĐỘNG MẠNH MẼ SX 2018 / DK 2019 ODO 90 000 KM Form dáng cứng cáp đi phố hay công trình đều quá ổn Động cơ dầu bền bỉ Số tự động lái nhẹ nhàng Gầm cao đi đường xấu, đi xa cực kỳ yên tâm Xe trang bị đầy đủ tiện nghi Điều hòa mát sâu Màn hinh giải trí Nội thất da zin nguyên bản Giá 388 Tr 000 Liên hệ Cường Xem xe TDM, Bình Dương"
p4_s5_1774726871,Mazda 2,1.5 AT,2015,299.0,65000.0,Tự động,Xăng,Hatchback,Khác,Trắng,False,5,1.5,FWD,6,car_p4_s5_1774726871,"MAZDA 2 2015 SỐ TỰ ĐỘNG NHỎ GỌN, TIẾT KIỆM Màu Trắng Odo 65.000 km Giá bán 299 triệu TÌNH TRẠNG XE Xe gia đình sử dụng giữ gìn kỹ Máy móc, hộp số nguyên bản vận hành êm ái Không đâm đụng không ngập nước Nội ngoại thất còn rất đẹp sẵn chạy ngay TRANG BỊ NỔI BẬT Động cơ xăng 1.5 tiết kiệm nhiên liệu Hộp số tự động mượt mà Nội thất sạch đẹp, ghế da/nỉ theo xe Màn hình giải trí trung tâm Điều hòa mát sâu Phanh ABS túi khí an toàn Gương kính chỉnh điện mâm đúc thể thao ƯU ĐIỂM Xe nhỏ gọn cực kỳ dễ lái trong phố Tiết kiệm nhiên liệu chi phí nuôi xe thấp Phù hợp gia đình nhỏ hoặc khách mua xe lần đầu CAM KẾT Không tai nạn Bao test hãng toàn quốc Hỗ trợ sang tên nhanh CHỢ XE Ô TÔ 362 362 Thống Nhất, P.16, Gò Vấp, TP.HCM"
p13_s13_1776269493,Mazda 3,1.5L Luxury,2022,540.0,33000.0,Tự động,Xăng,Hatchback,Khác,Trắng,True,5,1.5,FWD,6,car_p13_s13_1776269493,"Pass trực tiếp không tiếp môi giới Mazda 3 Luxury 2022 đời đầu, Siêu tiết kiệm xăng, bền, giữ giá tốt Xe chính chủ, siêu đẹp như mới, nguyên zin, không ngập úng, check thoải mái, 3 vạn 3 km Xem xe ở Quận 1. 540 củ có bớt lộc nhẹ"
p68_s8_1776276897,Mazda 3,1.5,2019,398.0,98000.0,Tự động,Xăng,Sedan,Việt Nam,Đen,True,5,1.5,FWD,6,car_p68_s8_1776276897,"cần bán mazda 3 đời 2019 bản 1.5 xe chính chủ em đứng tên xe máy móc nguyên bản , không va chạm ngập nước có trang bị đầy đủ tính năng"
p30_s16_1776272529,Mazda 3,AT,2016,345.0,90000.0,Tự động,Xăng,Sedan,Khác,Trắng,False,5,2.0,FWD,6,car_p30_s16_1776272529,"Bán Mazda 3 màu trắng, xe 5 chỗ, động cơ xăng, hộp số tự động. - Thiết kế sang trọng, không gian rộng rãi. - Cảm giác lái mượt mà, vận hành ổn định. - Xe giữ gìn cẩn thận, sẵn sàng lăn bánh."
p58_s8_1776275546,Mazda 6,2.0 Premium,2021,555.0,68000.0,Tự động,Xăng,Sedan,Việt Nam,Cam,True,5,2.0,FWD,6,car_p58_s8_1776275546,"Gđ cần bán Madda 6 premiumbản cao nhất1 chủ từ đầu,cam kết ko đâm đụng ngập nước,ko taxi dịch vụ,lốp sơ cua chưa hạ, full đồ chơi,có cam 360 và rất nhiều tiện ích,form dáng chủ tịch xe chỉ thiếu cái hộp là như xe mới"
p18_s18_1774760134,Mazda 3,1.5 AT,2017,410.0,80000.0,Tự động,Xăng,Hatchback,Việt Nam,Trắng,True,5,1.5,FWD,6,car_p18_s18_1774760134,"Mazda 3 fl 2017 Xe gia đình 1 chủ từ mới ODO 80.000 km full bảo dưỡng hãng Phụ kiện Dán phim, lót sàn, màn hình adroi, camera hành trình, camera lùi Giá bán 410 triệu Xe gia đình chuẩn 8v km giá ko hề rẻ nhưng xứng đáng Xem xe 84 Phạm Hùng, Hoà Xuân, Đà Nẵng"
p71_s0_1776277239,Mazda 6,2.5 Premium,2017,465.0,120000.0,Tự động,Xăng,Sedan,Khác,Xanh,False,5,2.5,FWD,6,car_p71_s0_1776277239,mazda 6 2.5 premium 2017 xe máy móc êm ru. nguyên zin. keo chỉ còn nguyên. k đâm đụng ngập nước. odo 12v. đăng kiểm t6/2026. xem xe trực tiếp đà lạt giá 465tr
p35_s3_1774765699,BT-50,AT,2016,345.0,118000.0,Tự động,Dầu,Pick-up (bán tải),Thái Lan,Bạc,True,5,2.0,FWD,6,car_p35_s3_1774765699,Mazda bt50 2016 số tự động 1 cầu Xe k đâm đụng náy móc nguyên bản Xe mình chính chủ đứng bán k qua ai mình đứng tên xe Nếu k lấy mâm độ bớt 10tr
p55_s9_1776275191,Mazda 2,Luxury,2022,418.0,70000.0,Tự động,Xăng,Sedan,Thái Lan,Trắng,False,5,2.0,FWD,6,car_p55_s9_1776275191,"Mazda_2_Luxury 2022 đăng kí 2023 Odo 70.000 ngàn Km Đúng 1 đời chủ , sơ cua chưa chạm Ghế 2 màu, xe nhập thái , có Apple Carplay . Cam kết xe đẹp không lỗi , Sơn zin 90"
p60_s6_1776275819,CX-5,2.5 AT,2017,475.0,97847.0,Tự động,Xăng,SUV,Khác,Xanh,False,5,2.5,FWD,6,car_p60_s6_1776275819,"Bán Xe Mazda CX-5 2017 Bản 2.5G AT AWD màu xanh, xe 5 chỗ, nội thất bọc da sang trọng. - Động cơ xăng, hộp số tự động. - Thiết kế hiện đại, vận hành êm ái. - Xe gầm cao, phù hợp nhiều địa hình."
p17_s6_1776270100,Mazda 2,AT,2024,375.0,42000.0,Tự động,Xăng,Hatchback,Khác,Trắng,True,5,2.0,FWD,6,car_p17_s6_1776270100,"Mazda 2 at 2024 đã lên cam 360, màn, phím vô lăng, cảm biến, ghế da 1 chủ vẫn còn đăng kiểm lần đầu ado 42000km"
p14_s8_1774759060,Mazda Other,Unknown,2019,599.0,50000.0,Tự động,Xăng,SUV / Cross over,Việt Nam,Đen,False,5,2.0,FWD,6,car_p14_s8_1774759060,"Chiếc Mazda CX 5 màu đen sản xuất năm 2019 này là lựa chọn tuyệt vời cho những ai đang tìm kiếm một chiếc xe gia đình rộng rãi và thoải mái. Xe có thiết kế mạnh mẽ, nội thất tiện nghi và khả năng vận hành ổn định. Đặc điểm nổi bật Ngoại thất màu đen sang trọng, lịch lãm, dễ dàng bảo dưỡng. Nội thất rộng rãi với 2 chỗ ngồi, phù hợp cho gia đình nhỏ hoặc những người thường xuyên di chuyển một mình. Động cơ mạnh mẽ, vận hành êm ái, tiết kiệm nhiên liệu. Trang bị đầy đủ các tính năng an toàn như hệ thống chống bó cứng phanh ABS, hệ thống phân phối lực phanh điện tử EBD, hệ thống cân bằng điện tử DSC,... Hệ thống giải trí hiện đại với màn hình cảm ứng, kết nối Bluetooth, USB,... Xe được bảo dưỡng định kỳ, đảm bảo hoạt động tốt. Phù hợp cho cả di chuyển trong thành phố và những chuyến đi xa. Thiết kế khí động học giúp xe vận hành ổn định ở tốc độ cao. Hệ thống điều hòa không khí hai vùng độc lập, mang lại sự thoải mái cho tất cả hành khách. Cốp xe rộng rãi, chứa được nhiều đồ đạc, phù hợp cho những chuyến đi du lịch hoặc mua sắm. Chiếc xe Mazda CX 5 này chắc chắn sẽ là người bạn đồng hành đáng tin cậy trên mọi nẻo đường."
p29_s15_1776272353,BT-50,AT,2017,365.0,137099.0,Tự động,Dầu,Pick-up (bán tải),Khác,Xanh,False,5,2.0,FWD,6,car_p29_s15_1776272353,Cần bán bt50 sản xuất 2017 số tự động một cầu máy dầu xe không lỗi máy zin xem xe lh qua điện thoại nhé ạ
p17_s4_1774759760,Mazda 3,1.5L Deluxe,2022,555.0,35000.0,Tự động,Xăng,Sedan,Khác,Trắng,False,5,1.5,FWD,7,car_p17_s4_1774759760,"Mazda3 Deluxe 2022 ĐK 11/2022 Ngọc Trinh - Biển Hà Nội Lướt 3v5 km zin - bảo dưỡng full hãng - Sơn zin đến 90 Nội thất nguyên nilon mới cứng máy móc gầm bệ cực sáng có văn bản check full ảnh check bên ô tô chữ tín 4/2025 Lốp zin theo xe dầy bịch - sơ cua mới cứng Cam kết Bao khong ngap nuoc, khong đam đung. Bao rut ho so gốc . Ho tro sang ten Bao quay đầu 1 năm 10 theo giá thị trường Có dán tem bảo hành ở các vị trí xung yếu Ho tro vay ngan hang lai suat uu đai. Bao hanh 6 thang hoặc 10.000km đong co, may moc. Ho tro test hang co van ban _________________________________ ----BOSS CAR---- Địa chỉ 68 Lê Văn Lương, Thanh Xuân, Hà Nội CHUYÊN MUA BÁN - TRAO ĐỔI XE ĐÃ QUA SỬ DỤNG. XE ĐÃ QUA KIỂM ĐỊNH CHẤT LƯỢNG VÀ CÓ BẢO HÀNH ---------------------- ----------------------"
p56_s3_1776275270,CX-5,2.5,2017,539.0,16000.0,Tự động,Xăng,SUV,Khác,Khác,False,5,2.5,FWD,6,car_p56_s3_1776275270,Mazda cx5 cuối 2017 xe trùm mền mới chạy 16 ngàn km mới 99 zin 100 ko đúng tặng luôn chiếc xe vỏ zin theo xe máy 2.5 bản fun xem xe Q8 bán 539tr
p16_s10_1774759572,Mazda 3,Sedan 1.5L Luxury,2020,485.0,82000.0,Tự động,Xăng,Sedan,Khác,Trắng,False,5,1.5,FWD,6,car_p16_s10_1774759572,"Cần bán matdaz 3 bản 1.5L sx 2020 Lucxyry tư nhán sd xe đẹp ,ful đồ cam kết máy móc nguyên bản ,ko đâm dfungj ko thuỷ kích ko ngập nươc ,có hỗ trợ vay banks lên tới 70 giá trị của xe. Khung gầm đi đầm chắc lịch"
p8_s5_1776268646,BT-50,2.2L 4x2 ATH,2018,446.0,58000.0,Tự động,Dầu,Pick-up (bán tải),Thái Lan,Đen,True,5,2.2,FWD,6,car_p8_s5_1776268646,"MAZDA BT50 4x2 ATH Một chủ từ đầu. Bảo dưỡng đầy đủ 5 Vỏ zin theo xe Năm sản xuất 2018 Odo 58.000km tua odo tặng xe 446tr ------//------ CAM KẾT - KHÔNG ĐÂM ĐỤNG ẢNH HƯỚNG ĐẾN KẾT CẤU - KHÔNG NGẬP NƯỚC - KHÔNG ĐẠI TU ĐỘNG CƠ HỘP SỐ - HỒ SƠ PHÁP LÝ RÕ RÀNG - KHÔNG TRANH CHẤP, KHÔNG PHẠT NGUỘI Hỗ trợ sang tên, thủ tục pháp lý HOTLINEZALO EM TIẾNG"
p27_s10_1774763994,CX-5,Deluxe,2025,745.0,10000.0,Tự động,Xăng,SUV,Khác,Trắng,False,5,2.0,FWD,6,car_p27_s10_1774763994,"Mazda CX5 Deluxe sản xuất 2025 , màu trắng nthat đen , lăn bánh hơn 1v km , sơn zin cả xe"
p27_s7_1776271917,Mazda 3,Unknown,2017,385.0,7000.0,Tự động,Xăng,Sedan,Việt Nam,Trắng,True,5,2.0,FWD,6,car_p27_s7_1776271917,Do nhu cầu ít đi lại e cần thanh lý xe chính chủ đăng tin mazda 3 2017 FL thắng điện Odo chuẩn 7 vạn Zin ko lỗi Đồ chơi full xe Xe chính chủ em ạ
p28_s12_1774764174,CX-5,Luxury,2023,745.0,9800.0,Tự động,Xăng,SUV,Khác,Đen,False,5,2.0,FWD,6,car_p28_s12_1774764174,"Mazda CX-5 Luxury 2023 màu đen, xe 5 chỗ gầm cao, thiết kế hiện đại. - Sản xuất 2023, đăng ký lần đầu tháng 1/2024. - ODO 9.800 Km, xe cá nhân đi gia đình. - Nội thất đen sang trọng, tiện nghi."
p5_s9_1776268237,CX-5,2.0 AT 2WD,2017,485.0,108000.0,Tự động,Xăng,SUV / Cross over,Việt Nam,Trắng,True,5,2.0,FWD,2,car_p5_s9_1776268237,"MAZDA CX5 2.0AT 2017 XE GIA ĐÌNH SỬ DỤNG RẤT KĨ, 1 CHỦ MUA MỚI XE ĐẸP MÁY SỐ ZIN 100, LÊN FULL ĐỒ CHƠI, KHÔNG LỖI, 4 VỎ 90. 1 XE BÁN CÓ BẢO HÀNH 1 NĂM 2 ODO 108.000 KM ĐẢM BẢO ĐÚNG ĐỒNG HỒ 3 MÀU TRẮNG 4 BAO RÚT HỒ SƠ THU HỒI BIỂN SỐ 5 BẢO DƯỠNG HÃNG ĐẦY ĐỦ ĐÚNG ĐỊNH KÌ. 6 HÌNH THỨC XE CÁ NHÂN, 1 CHỦ MUA MỚI CAM KẾT XE KHÔNG ĐÂM ĐỤN- KHÔNG NGẬP NƯỚC- KHÔNG PHẠT NGUỘI-KHÔNG TRANH CHẤP- THỦ TỤC PHÁP LÍ RÕ RÀNG MINH BẠCH Tình trạng xe SƠN ZIN CÒN 90 KHÔNG LÀM ĐỒNG HOẶC DẶM TUỐT, ĐÃ ĐƯỢC BÊN HÃNG ĐÃ KIỂM ĐỊNH,4 VỎ MỚI THAY. ĐỘNG CƠ MÁY ZIN, NẮP DÀN CÒ CHƯA RA, ÓC 7 MÀU CÒN DẤU CỦA NHÀ SẢN XUẤT PHỤ KIỆN GHẾ DA,LÓT SÀN, MÀN HÌNH LỚN, CAMMERA HÌNH TRÌNH, CAM TRƯỚC SAU, DÁN FIML,LÓT SÀN.RẤT TIỆN ÍT FULL ĐỒ RẤT TIỆN LỢI KHÔNG PHÁT SINH THÊM CHI PHÍ NÀO. KHUNG GẦM ZIN CÒN RẤT MỚI LH - CẢNH XEM XE THƯƠNG LƯỢNG GIÁ ĐC 251 Đ SỐ 5, P AN LẠC, Q BÌNH TÂN"
p9_s1_1774727845,Mazda 2,Luxury,2019,365.0,36000.0,Tự động,Xăng,Hatchback,Việt Nam,Khác,False,5,2.0,FWD,6,car_p9_s1_1774727845,"CẦN BÁN MAZDA2 LUXURY 2019 XE CỌP ĐI ÍT Ưu đãi Hỗ trợ vay ngân hàng 60 định giá. Bao test hãng toàn quốc. Bảo hành từ 3 - 6 tháng. Tặng spa bảo dưỡng, khi giao xe. Nhận trao đổi bù trừ xe khác. Giao xe tận nơi toàn quốc. Xem xe tại KĐT Vạn Phúc, Thủ Đức, TpHCM. TƯ VẤN NHIỆT TÌNH - HỖ TRỢ HẾT MÌNH Vui lòng liên hệ số điện thoại bên dưới để được tư vấn chi tiết."
p23_s8_1776271337,Mazda 3,1.5 AT Sedan,2017,358.0,74000.0,Tự động,Xăng,Sedan,Việt Nam,Khác,False,5,1.5,FWD,2,car_p23_s8_1776271337,"Xem trùm mền cần bán ai mua đi gia đình quá hợp lý. Vì nguyên zin, máy êm, không đâm đụng, không ngập nước, máy lạnh sâu, lốp mới thay, xe sạch đẹp chỉ đổ xăng bao chạy bắc nam, 6L/100. Xem xe tại Bộ Công an."
p47_s2_1774768261,CX-30,Premium 2.0 AT,2023,635.0,90000.0,Tự động,Xăng,SUV / Cross over,Thái Lan,Đỏ,False,5,2.0,FWD,6,car_p47_s2_1774768261,MAZDA CX30 2022 PREMIUM MÀU ĐỎ THỐNG SỐ XE ODO 9 VẠN ĐỘNG CƠ 2.0 Đề nổ . Cửa nóc . Phanh tay điện tử . Auto hold . Nhớ ghế . Cốp điện . Cảnh báo điểm mù . Điều hoà tự động .. Cruise Control . Chống trơn trượt . Màn hình cam lùi . BONAUTO SAU BIG C LONG BIÊN SỐ 8 VŨ ĐỨC THẬN - PHƯỜNG VIỆT HƯNG - LONG BIÊN - HÀ NỘI
p36_s15_1774766033,Mazda 2,1.5 AT Sedan,2017,319.0,74000.0,Tự động,Xăng,Hatchback,Việt Nam,Khác,False,5,1.5,FWD,1,car_p36_s15_1774766033,xe gia đình cần mua bán - tiếp người mua thiện chí
p27_s8_1774763971,Mazda 2,MT,2012,188.0,82155.0,Số sàn,Xăng,Hatchback,Khác,Trắng,False,5,2.0,FWD,6,car_p27_s8_1774763971,"Mazda 2 đời 2012 màu trắng, xe nhỏ gọn, phù hợp đi phố. - Số sàn, tiết kiệm nhiên liệu. - ODO 82155 km. - Xe 5 chỗ, nội thất sạch sẽ. - Động cơ xăng, vận hành ổn định. - Xe gia đình,không chạy dịch vụ dù chỉ 1h - Cực kì tiết kiệm nhiên liệu,xăng ăn như xe máy,quá phù hợp trong giai đoạn giá xăng đang tăng cao. - Giá bán188 triệu. -ACE vừa mắt xin gọi trực tiếp mình ạ"
p11_s2_1776269066,Mazda 6,Mazda 6 2.0L Premium,2019,525.0,79000.0,Tự động,Xăng,Sedan,Khác,Đen,False,5,2.0,FWD,6,car_p11_s2_1776269066,mazda 6 2.0 pre Xe gia đình cần bán 7vạn9 không đâm đụng ngập nước đã lên màn 2k camera 360 độ. xe bão dưỡng đầy đủ.
p50_s11_1776274029,CX-5,2.0 Premium,2020,680.0,60000.0,Tự động,Xăng,SUV,Khác,Xanh,True,5,2.0,FWD,6,car_p50_s11_1776274029,"Mazda CX5 2.0 Premium màu xanh Canvansite, xe chính chủ, đời 2020. - Đã đi hơn 6 vạn, bảo dưỡng hãng đầy đủ. - Loa Bose - cửa sổ trời, cốp điện tử, bản full . - Giá 680 triệu, có bớt lộc."
p73_s19_1776277794,CX-5,2.5 AT AWD,2016,465.0,128000.0,Tự động,Xăng,SUV / Cross over,Việt Nam,Đen,False,5,2.5,AWD,2,car_p73_s19_1776277794,"Bán Mazda CX5 máy 2.5 FL đời 2016, màu đen ViP, còn rất mới Anh chị em có nhu cầu L/h"
p33_s7_1776272898,Mazda Other,2.2 AT 2WD,2015,330.0,150999.0,Tự động,Dầu,Pick-up (bán tải),Thái Lan,Khác,False,5,2.2,FWD,2,car_p33_s7_1776272898,"Xe mới bảo dưỡng full dàn gầm hết 10 mấy triệu, còn hoá đơn thay nhớt, lọc nhớt, 4 lốp mới. Mới đăng kiểm mới, nói chung về chỉ việc Sài thôi. Xe Zin nguyên, không tai nạn hay ngập nước gì nhé. Hoàng hảo không lỗi nhỏ. Có vai thể thao nắp thùng 3 tấm. Máy số nguyên Zin, mạnh và bốc lắm. Rất lợi Dầu, bao thợ thầy test thoải mái. Xem xe ở Hóc Môn, Tphcm. Giao dịch tại nhà, công chứng ngay."
p10_s11_1774728090,Mazda 3,1.5 AT,2016,355.0,86000.0,Tự động,Xăng,Sedan,Việt Nam,Đen,False,5,1.5,FWD,6,car_p10_s11_1774728090,"Mazda 3 1.5AT sản xuất 2016 full đồ chơi giá 355tr. Odo 86km xe cá nhân gia đình dùng, cam kết bằng văn bản chất lượng xe không cấn đụng, không ngập nước, máy móc nguyên bản, keo chỉ nguyên bản. Full đồ chơi Cửa sổ trời, màn android 15inch lớn, đèn pha 4 bi led, đèn daylight led, đèn hậu led, bi gầm led, ca lăng kim cương, ốp heo, ốp lẫy số, full nt da kem, trần da lộn, film cách nhiệt, mâm sơn đen, 2 chìa khóa,... - Auto 2K Xem xe TP. Thủ Đức, HCM."
p12_s0_1774728350,CX-5,Premium,2021,689.0,60000.0,Tự động,Xăng,SUV / Cross over,Khác,Cam,False,5,2.0,FWD,6,car_p12_s0_1774728350,"Cập bến CX5 premium 2021 - Mazda CX5 premium 2021 Odo 60.000km Trang bị nhiều option Ghế chỉnh điện, nhớ ghế, cửa sổ trời, phanh tay điện tử, hub kính, cốp điện, - Cam kết Xe không đâm đụng, không ngập nước, máy số, khung gầm, động cơ nguyên bản. Check test thoải mái. Hotline để em hỗ trợ và tư vấn chi tiết hơn cho anh chị nhé"
p37_s3_1776273379,Mazda Other,2.2L 4x4 MT,2015,370.0,126000.0,Số sàn,Dầu,Pick-up (bán tải),Nhật Bản,Khác,True,5,2.2,FWD,6,car_p37_s3_1776273379,"Xe BT 50 đời 2015, số sàn, máy dầu,chạy 12,6 vạn, một chủ,full lịch sử hãng,máy móc nguyên xin, không ngập nước, pháp lý rõ ràng."
p30_s9_1774764717,Mazda 6,2.0L Premium,2018,515.0,46000.0,Tự động,Xăng,Sedan,Việt Nam,Trắng,False,5,2.0,FWD,6,car_p30_s9_1774764717,"BÁN MAZDA 6 CHO ACE ĐI TẾT Xe em đăng ký lần đầu 2019, chạy được 46k km cam kết đúng km, bao check hãng. Xe này Ba em chạy được 5 năm rồi, do ít đi quá nên toàn nằm trong sân. Màu trắng rất đẹp có trầy xước nhẹ chút bên ngoài ko đáng kể. Em đã thay nhớt, bảo dưỡng đầy đủ, nên các anh chị em yên tâm chạy tết. Xe em bao đi xa bắc nam, có đảm bảo cho anh chị yên tâm, ko lỗi hay hư hỏng gì cả. Em cam kết máy móc chưa đụng hay tháo, ko tai nạn, ko ngập nước. Các anh chị cứ trả giá thoải mái, được em bán, ko được thì vui vẻ. Em cám ơn"
p74_s18_1776277972,Mazda 3,Sport1.5L Premium,2020,465.0,63000.0,Tự động,Xăng,Sedan,Việt Nam,Cam,False,5,1.5,FWD,6,car_p74_s18_1776277972,"thanh lý maxda 3 sx 2019 dk 220 fom mới bản fun premium chủ xe đã lên bodikich , camerra 60 độ , màn hình , khám dài giá thợ cho ae 4xx dc 55 phước lý 9 xem xe"
p10_s2_1774728011,Mazda 3,Unknown,2018,403.0,79000.0,Tự động,Xăng,Sedan,Khác,Khác,False,5,2.0,FWD,6,car_p10_s2_1774728011,Mazda 3 SX2018 ODO 7v9 km Giá Bán 403Tr Bớt Lộc Xe không đâm đụng không ngập nước Bao Rút Hồ Sơ - THU XE CŨ ĐỔI XE MỚI.. NHẬN ĐẤU GIÁ BIỂN SỐ ĐẸP Liên hệ trực tiếp 24/7 Minh Tuấn LUXCARS _ Siêu thị ô tô lướt Sài Gòn 469 QL13 Thủ Đức TP Hồ Chí Minh
p28_s15_1774764208,Mazda 3,Luxury,2023,590.0,27000.0,Tự động,Xăng,Sedan,Khác,Trắng,False,5,2.0,FWD,6,car_p28_s15_1774764208,"Mazda 3 Luxury 2023 màu trắng, dòng sedan phân khúc C, thiết kế đẹp. - Xe cá nhân đi gia đình, odo 27.000 Km. - Bảo dưỡng hãng định kỳ, xe giữ gìn cẩn thận. - Hỗ trợ trả góp, duyệt vay nhanh."
p26_s12_1774763823,Mazda 3,Unknown,2023,550.0,43000.0,Tự động,Xăng,Sedan,Khác,Trắng,False,5,2.0,FWD,6,car_p26_s12_1774763823,"Bán Mazda 3 màu trắng, thiết kế sang trọng, không gian rộng rãi, cảm giác lái mượt. - Ngoại hình đẹp, xe giữ gìn cẩn thận. - Trang bị đầy đủ tiện nghi. - Xe sẵn sàng lăn bánh."
p28_s10_1774764156,Mazda 3,1.5L Premium,2023,609.0,46000.0,Tự động,Xăng,Sedan,Việt Nam,Đỏ,True,5,1.5,FWD,6,car_p28_s10_1774764156,"MAZDA 3 PREMIUM 2023 XE ĐẸP HIẾM TRONG TẦM GIÁ Odo 46.000 km xe chạy chuẩn, không tua Phiên bản Premium cao cấp full option Xe vừa spa vệ sinh chi tiết, nhìn là thích Xe gia đình sử dụng, giữ kỹ Nội ngoại thất còn rất mới Máy móc êm ái, vận hành ổn định Xem xe trực tiếp giá thương lượng cho khách thiện chí Xe đẹp, ai xem trước là có lợi"
p17_s1_1774759719,CX-5,Premium 2.0 AT,2024,799.0,7000.0,Tự động,Xăng,SUV / Cross over,Khác,Cam,False,5,2.0,FWD,6,car_p17_s1_1774759719,"Tên xe Mazda CX-5 2.0 Premium 2024 Biển số 72A 83154 Odo 7000km Phiên bản 2.0 premium Option trang bị thêm Film cách nhiệt, lót sàn, cam hành trình,.. - Tình trạng xe xe đẹp không lỗi, máy số nguyên zin. - Bảo hành Động cơ hộp số 6 tháng hoặc 5000 km Giá niêm yết 799tr đã bao gồm phí rút hồ sơ."
p14_s5_1774759026,CX-5,2.0 AT,2018,560.0,111000.0,Tự động,Xăng,SUV / Cross over,Khác,Nâu,False,5,2.0,FWD,6,car_p14_s5_1774759026,"Bán xe Mazda Cx5 phiên bản động cơ 2.0, sản xuất năm 2018. Máy móc nguyên bản, không tai nạn, không ngập nước. Xe tâm huyết, đã trang bị thêm hơn 50tr tiền đồ - Màn hình Andoid GoTech Mazda kèm Camera 360 màn hình zin theo xe vẫn còn. - Camera hành trình trước sau loại xịn. - Cảm biến áp suất lốp cảnh báo giọng nói tích hợp trên màn hình. - Gập gương lên kính tự động khi khoá xe. - Lẫy số trên vô lăng. - Phim cách nhiệt Rayno. - Vietmap gói Siêu cấp. - Phủ sàn 360 cách âm chống ồn. - Thảm sàn 6D Thảm cốp, tấm chia cốp. - Cần số pha lê cần số zin theo xe vẫn còn. - Xe vừa gia hạn đăng kiểm đến tháng 2/2027, bảo hiểm tháng 2 acquy vừa thay được 2 tuần. Xem xe tại tp Thanh Hoá. Cảm ơn"
p44_s5_1774767569,BT-50,2.2 AT,2021,475.0,63000.0,Tự động,Dầu,Pick-up (bán tải),Thái Lan,Cam,False,5,2.2,FWD,6,car_p44_s5_1774767569,"BÁN TẢI NHƯ SUV - MAZDA BT-50 2021 Phiên bản 1 cầu số tự động - Nhập Thái Cần gả em vợ hai Mazda BT-50 sản xuất 2021, bản 2.2L AT số tự động cho anh em thiện chí. Xe đi Odo chuẩn 63.000 Km - Bao Check Ưu điểm Xe đời cao, Vận hành mượt mà, cách âm tốt, trang bị sẵn nắp thùng Cam kết Không đâm đụng, không ngập nước, máy móc nguyên bản. Giá bán Chỉ 4xx triệu Hỗ trợ trả góp nếu anh em cần. Xem xe là ưng, lái thử là thích"
p34_s1_1776272996,Mazda 3,1.5L Luxury,2023,575.0,14000.0,Tự động,Xăng,Hatchback,Việt Nam,Khác,True,5,1.5,FWD,6,car_p34_s1_1776272996,Mazda 3 luxury lướt sơn zin 100 một chủ mua mới 6/2023 chạy cực ít 1v4 14.000 km full lịch sử bảo dưỡng hãng. Thơm phức mùi xe mới. Anh Chị tiết kiêm hơn 120tr lại được xe như xe New trong hãng. Anh Chị cân nhắc hợp lý thiện chí liên hệ trực tiếp để được giá . Vì lý do công việc di chuyển nên không tl tin nhắn xin thông cảm. Xem xe tại nhà Chợ Tam Hà - Thủ Đức Xin Cám ơn
p19_s19_1774760394,Mazda 6,Mazda 6 2.5L Premium,2019,500.0,68000.0,Tự động,Xăng,Sedan,Khác,Cam,False,5,2.5,FWD,6,car_p19_s19_1774760394,"Mazda6 2019 2.5 Premium chạy chuẩn 6v8 xe còn rất mới . -Trang bị nhiều chức năng 2 ghế điện ,cửa sổ trời ,hatch kính .cảm biến quanh xe . -Cam kết máy số keo chỉ nguyên rin,pháp lý rỏ ràng . -bao ký rút hồ sơ toàn quốc. -anh chị ai có nhu cầu mua sử dụng xin liên hệ trực tiếp."
p14_s4_1774759020,Mazda 3,1.5 AT Sedan,2015,350.0,20000.0,Tự động,Xăng,Sedan,Khác,Khác,True,5,1.5,FWD,2,car_p14_s4_1774759020,"Tôi cần bán gấp mazda 3 2015, Xe của nhà di giữ gìn không hỏng hóc gi, thay dầu bảo dưỡng đều đặn Thiện chí mua liên hệ trực tiếp xem xe tại Trâu Quỳ, gia lâm , hà Nội"
p21_s2_1776270990,Mazda 3,1.5L Premium,2023,590.0,32000.0,Tự động,Xăng,Sedan,Khác,Đỏ,True,5,1.5,FWD,6,car_p21_s2_1776270990,"Chính chủ cần bán xe Mazda 3 Premium 2023 ODO 3v2 km, giá cực mềm so với mua xe ở các showroom. Bán cho người dùng không qua trung gian. Cò lái vui lòng không liên hệ Giá còn thương lượng cho người thiện chí Xin cảm ơn"
p19_s1_1774760182,Mazda 6,2.0L Premium,2018,439.39,86000.0,Tự động,Xăng,Sedan,Nhật Bản,Đỏ,True,5,2.0,FWD,6,car_p19_s1_1774760182,Mazda 6 một chủ từ mới xe đẹp máy móc nguyên zin ko tai nạn đâm đụng nặng Giá tốt cho ae thiện chí xe về sẵn đi ko cần làm gì Lh
p16_s12_1776269980,BT-50,3.2 AT 4WD,2016,380.0,190000.0,Tự động,Dầu,Pick-up (bán tải),Việt Nam,Cam,True,5,2.0,AWD,2,car_p16_s12_1776269980,"Mazda BT50 2016 3.2 AT, xe chính chủ. - Xe được chăm sóc kỹ, hư gì sửa nấy. - Trang bị thêm thanh thể thao, bạt cuộn, cam hành trình Vietmap đọc tốc độ trước sau - Dán kính 3M loại xịn, màn hình Android, lốp đẹp. - Độ bi gầm, trần cách nhiệt. - Đăng kiểm dễ dàng 1 lần qua luôn - Tặng kèm 1 cặp pha đèn độ bi cầu mua 11tr - Xem xe tại Bình Dương. - Giá 380 triệu."
p73_s13_1776277736,CX-5,2.0 AT 2WD,2018,599.0,58000.0,Tự động,Xăng,SUV / Cross over,Việt Nam,Đen,True,5,2.0,FWD,6,car_p73_s13_1776277736,MỚI KINH KHỦNG. TẦM TIỀN RẤT HỢP LÝ mẫu xe SUV 5 chỗ gầm cao.Đậm chất thể thao. Trẻ trung hiện đại. Xe siêu mới màu rất hót. THÁI HÀ AUTO hàng mới lại về MAZDA CX5 2.0AT xe sx 2018 model 2019 chủ xe giữ gìn cẩn thận. 1 chủ mua từ mới odo 5vạn km zin dàn lốp mới thay được 20 ngày. Xe trang bị rất nhiều tính năng hiện đại. Ghế chỉnh điện 8 hướng. Cửa sổ trời toàn cảnh prorama .Vô lăng tích hợp. Đề nổ statop.điều hoà AUTO 2 vùng độc lập.v.v nhiều vô kể Màu XÁM GRAY / nội thất ĐEN MAX LEVER XE LƯỚT Xe đi 5vạn km quá mới.xem xe là ưng ngay Đẹp hiếm có sơn zin 98 Một chủ từ đầu Kiểu dáng trẻ trung rất hợp lý về tầm tiền Cam kết sâu chất lượng . Bảo hành dài hạn Hỗ trợ thủ tục vay vốn ngân hàng nhanh gọn . Lãi suất ưu đãi thời gian vay dài Anh chị có nhu cầu liên hệ mr phát
p36_s11_1776273260,Mazda 3,1.6,2005,125.0,127848.0,Tự động,Xăng,Sedan,Khác,Vàng,False,5,1.6,FWD,6,car_p36_s11_1776273260,Mazda 3 đời 2005 máy 1.6 xe zin máy gầm chất khám mới các bác quan tâm lh
p12_s4_1776269251,CX-8,Premium,2024,965.0,2000.0,Tự động,Xăng,SUV / Cross over,Khác,Trắng,False,7,2.0,FWD,6,car_p12_s4_1776269251,"Mazda CX8 sx 2024 bản premium Odo 2 vạn chuẩn chỉnh Trang bị rada cảm biến chống va chạm , cửa sổ trời , 4 lốp zin theo xe sơ cua chưa chạm đất Trang bị thêm 13 loa bose kèm sub , 3 vùng điều hoà độc lập , 4 ghế sưởi kèm sưởi vô lăng Giá 965tr Bank trả trước chỉ 365tr"
p29_s0_1774764260,Mazda 3,Unknown,2017,430.0,120000.0,Tự động,Xăng,Sedan,Khác,Đỏ,False,5,2.0,FWD,6,car_p29_s0_1774764260,"Cần bán Mazda 3 sản xuất đăng ký 2017 lên form 2018 hiện đại, dáng thể thao trẻ trung, cực kỳ hợp anh em thích xe đẹp lái sướng tiết kiệm nhiên liệu. Màu đỏ nổi bật, nước sơn căng bóng Xe đi ít, chủ sử dụng giữ gìn cẩn thận Nội thất sạch sẽ, Vô lăng , Sàn trần đẹp zin Động cơ hộp số chưa bổ, vận hành êm ái Cam kết không đâm đụng, không ngập nước Mazda 3 nổi tiếng Lái đầm chắc, chi phí thấp trong phân khúc Thiết kế KODO thể thao, không lỗi mốt Chi phí sử dụng hợp lý, tiết kiệm nhiên liệu Anh em đang tìm một chiếc sedan hạng C đẹp chất giá hợp lý thì đây là lựa chọn rất đáng cân nhắc. Liên hệ ngay để xem xe trực tiếp và thương lượng giá tốt. Xe đẹp chỉ dành cho người quyết nhanh liên hệ"
p21_s6_1774760687,Mazda Other,Premium,2019,652.0,100000.0,Tự động,Xăng,SUV / Cross over,Việt Nam,Đỏ,False,7,2.0,FWD,6,car_p21_s6_1774760687,"Mazda CX-8, màu đỏ quyến rũ, sản xuất năm 2019 tại Việt Nam. Xe thuộc dòng SUV/Crossover, số tự động, phù hợp cho gia đình hoặc những ai yêu thích sự rộng rãi và tiện nghi. Xe dc bảo dưỡng hãng bao tes odo chuẩn cam kết xe zin nguyên bản có sơn dặm nhiều do trầy xước và xe có bảo hiểm thân vỏ Xe sử dụng nhiên liệu xăng, vận hành êm ái và tiết kiệm. Hộp số tự động giúp việc lái xe trở nên dễ dàng và thoải mái, đặc biệt trong điều kiện giao thông đô thị. Xe được sản xuất trong nước, đảm bảo chất lượng và độ bền bỉ. Đăng ký năm 2019, quãng đường đã đi là 100.000 km. Thiết kế 7 chỗ ngồi, không gian nội thất rộng rãi, phù hợp cho những chuyến đi dài ngày cùng gia đình và bạn bè. Mazda CX-8 là sự lựa chọn đáng cân nhắc trong phân khúc SUV 7 chỗ, mang đến trải nghiệm lái xe tuyệt vời và sự an tâm trên mọi hành trình. Màu đỏ nổi bật, thu hút mọi ánh nhìn, thể hiện cá tính và phong cách của chủ sở hữu. Xe được bảo dưỡng định kỳ, đảm bảo hoạt động ổn định và bền bỉ. Ngoại thất xe còn rất mới, nội thất được giữ gìn cẩn thận. Mazda CX-8 là mẫu xe lý tưởng cho những ai đang tìm kiếm một chiếc SUV 7 chỗ rộng rãi, tiện nghi và đáng tin cậy."
p76_s6_1776278233,Mazda 3,Unknown,2015,335.0,100000.0,Tự động,Xăng,Sedan,Khác,Trắng,True,5,2.0,FWD,6,car_p76_s6_1776278233,"Bán Mazda 3 đời 2015, odo 10 vạn km, một chủ TP Vinh nghệ An, xe đẹp không đâm đụng không ngập nước, máy số nguyên zin."
p63_s11_1776276284,CX-5,2.5L AWD,2017,455.0,70000.0,Tự động,Xăng,SUV / Cross over,Khác,Xanh,True,5,2.5,FWD,6,car_p63_s11_1776276284,"Mazda CX-5 2.5 sx 2017 màu xanh, xe 5 chỗ, số tự động. - Thiết kế hiện đại, nội thất rộng rãi. - Vận hành êm ái, tiết kiệm nhiên liệu. - Xe sẵn sàng lăn bánh."
p40_s12_1776273478,Mazda Other,3.7 AT 4WD,2014,440.0,120000.0,Tự động,Xăng,SUV / Cross over,Nhật Bản,Khác,True,7,2.0,AWD,2,car_p40_s12_1776273478,"Bán xe Mazda CX9 AWD sản xuất 2014,xe nhập Nhật nguyên chiếc,1 chủ mua mới sử dụng,xe cực đẹp,bảo dưỡng kỷ,xe không lỗi,tình trạng hoạt động hoàn chỉnh không có điểm chêTiếp khách thiện chí và am hiểu yêu thích dòng xe này"
p6_s19_1776268460,BT-50,3.2L 4x4 AT,2014,345.0,123000.0,Tự động,Dầu,Pick-up (bán tải),Thái Lan,Cam,True,5,2.0,FWD,6,car_p6_s19_1776268460,"Bán nhanh xe Mazda BT50 2014 3.2 full cao cấp 1 chủ cực zin đẹp không tì vết Số tự động 2 cầu máy 3.2 cực khỏe, full 2 ghế điện, camera 360, căng sẵn dùng siêu êm Dòng xe bán tải 5 chỗ nhập Thái cao cấp sang trọng cho mọi gia đình, Full chức năng, gầm máy số zin đẹp như mới nên đi cực kỳ êm sướng nhẹ bốc Xe cam kết nguyên zin toàn bộ, chất lượng Có trao đổi các loại xe khác Ai cần alô trực tiếp không nhắn tin Bao tét hãng thợ thầy các kiểu Giấy tờ chính chủ ký giao dịch luôn"
p42_s17_1774767306,Mazda 3,1.5L Luxury,2023,589.0,20000.0,Tự động,Xăng,Sedan,Việt Nam,Khác,True,5,1.5,FWD,6,car_p42_s17_1774767306,"MAZDA3 1.5L luxury dki 2/2024 Sx 2023 lăn bánh 2v km zing keng Full LS hãng BH 3 năm đến 2027 Dki cá nhân biển HN 1 chủ Sẵn xe giao ngay . Giá tk chỉ 5xx còn TL Ht bank , bao check Ship xe toàn quốc Xem xe tại Long Biên , HN Xin cảm ơn"
p33_s1_1776272828,Mazda Other,2.2L 4x2 AT,2017,385.0,140000.0,Tự động,Dầu,Pick-up (bán tải),Thái Lan,Khác,True,5,2.2,FWD,6,car_p33_s1_1776272828,Cần bán xe Mazda BT50 đời 2017 số tự động 1 cầu xe chính chủ từ mới chạy chuẩn 14 vạn zin cả xe đẹp xuất sắc. AE mua dùng yên tâm về chất lượng. Xem xe tại Hải Phòng.
p34_s0_1774765473,Mazda 2,Unknown,2024,398.0,3400.0,Tự động,Xăng,Hatchback,Thái Lan,Xám,False,5,2.0,FWD,6,car_p34_s0_1774765473,Mazda 2 2024 màu xám Titan nhập Thái Lan Đăng ký lần đầu 2025 Odo 4.00km ful lịch sử hãng Như xe mới chưa 1 vết xước 398 bao rút gốc Nhận trao đổi lên đời tất cả các dòng xe Alo em -
p17_s15_1774759888,CX-8,Deluxe,2020,699.0,60000.0,Tự động,Xăng,SUV / Cross over,Việt Nam,Đen,False,7,2.5,FWD,6,car_p17_s15_1774759888,"Xe Đang Về 𝐌𝐚𝐳𝐝𝐚 𝐂𝐗-𝟖 𝟐.𝟓𝐀𝐓 𝐌𝐨𝐝𝐞𝐥 𝟐𝟎𝟐𝟏 𝐒𝐢𝐞𝐮 Đ𝐞𝐩 Xe màu Đen / Nội thất Đen Sản xuất 2020 ODO 6v km Full Ls Hãng Xe trang bị Động cơ Skyactiv-G 2.5L, Hộp số tự động 6 cấp, Hệ thống đèn full LED, Mâm hợp kim 19 inch, Ghế chỉnh điện bọc da cao cấp, Điều hoà 3 vùng độc lập, Màn hình 7 inch kết nối Apple Carplay và Android Auto, 6 Loa, Cốp điện, 6 túi khí, Camera sau,. Trang bị thêm Film cách nhiệt, thảm lót sàn, Giá chào 719 Triệu 𝐂𝐚𝐦 𝐤𝐞𝐭 bằng văn bản Không đâm đụng Không ngập nước Không tua km Động Cơ, Hộp Số nguyên bản Bảo hành 3 tháng hoặc 5.000km Test hãng toàn quốc, Giao xe tận nơi. 𝐇𝐨 𝐭𝐫𝐨 𝐯𝐚𝐲 𝐧𝐠𝐚𝐧 𝐡𝐚𝐧𝐠 𝐭𝐨𝐢 đ𝐚 𝟔𝟎-𝟕𝟎 𝐯𝐨𝐢 𝐥𝐚𝐢 𝐬𝐮𝐚𝐭 𝐭𝐨𝐭 𝐧𝐡𝐚𝐭 Liên hệ ngay để nhận thêm thông tin và thật nhiều ưu đãi nhé"
p30_s0_1774764624,CX-5,Premium Sport 2.0 AT,2025,815.0,11516.0,Tự động,Xăng,SUV,Khác,Trắng,False,5,2.0,FWD,6,car_p30_s0_1774764624,"Mazda CX-5 Premium màu trắng, xe chạy 11516 km. - Thiết kế hiện đại, nội thất tiện nghi. - Động cơ mạnh mẽ, vận hành êm ái. - Xe giữ gìn cẩn thận, sẵn sàng sử dụng."
p77_s12_1776278428,Mazda Other,Deluxe,2020,650.0,90000.0,Tự động,Xăng,SUV / Cross over,Khác,Cam,False,7,2.0,FWD,6,car_p77_s12_1776278428,"CẦN TIỀN BÁN GẤP XE CÁ NHÂN,MAZDA CX8 ĐỜI 2020 ĐÀ NẴNG,CAM KẾT XE KO ĐÂM ĐỤNG ,KO NGẬP NƯỚC,1 ĐỜI CHỦ,XE VẪN CÒN NHƯ MỚI,.ƯU TIÊN KHÁCH THIỆN CHÍ CHỐT NHANH."
p27_s11_1774764004,Mazda 3,1.6 MT Sedan,2011,195.0,130000.0,Số sàn,Xăng,Sedan,Nhật Bản,Trắng,True,5,1.6,FWD,1,car_p27_s11_1774764004,Mình cần nhượng lại xe mazda3 2011 nhập khẩu Nhật. Liên hệ chính chủ
p30_s13_1776272499,Mazda 3,1.5L Luxury,2022,545.0,33000.0,Tự động,Xăng,Sedan,Việt Nam,Khác,True,5,1.5,FWD,6,car_p30_s13_1776272499,Chính chủ cần bán Mazda 3 Luxury . Xe ít đi nên còn mới. Full lịch sử bảo dưỡng hãng. Bao check test thoải mái
p35_s18_1776273132,Mazda 2,1.5 AT,2024,395.0,43000.0,Tự động,Xăng,Hatchback,Khác,Đỏ,False,5,1.5,FWD,6,car_p35_s18_1776273132,"Mazda 2 sx 2024 1.5 AT Xe đã có màn hình, cam lùi cam hành trình, đèn pha full led, đèn gầm led."
p49_s16_1774768919,BT-50,1.9 AT 4x2,2021,480.0,110000.0,Tự động,Dầu,Pick-up (bán tải),Khác,Cam,False,5,2.0,FWD,6,car_p49_s16_1774768919,"Mazda BT-50 1.9 AT Sản xuất 2021 Xuất xứ Thái Lan Odo KM Giá 480 TR Trang bị đàm thoại rảnh tay, ra lệnh bằng giọng nói, ga tự động cruise contro, màn hình giải trí kết nối bluetooth, hỗ trợ đổ đèo, cảm biến và camera lùi, camera hành trình...... Cam kết Bao khong ngap nuoc, khong đam đung. Bao rut ho so gốc . Ho tro sang ten Bao quay đầu 1 năm 10 theo giá thị trường Có dán tem bảo hành ở các vị trí xung yếu Ho tro vay ngan hang lai suat uu đai. Bao hanh 6 thang hoặc 10.000km đong co, may moc. Bao duong thay nhot mot lan mien phi trước khi giao xe. Ho tro test hang co van ban _________________________________ ----THẮNG TRẦN AUTO---- CHUYÊN MUA BÁN - TRAO ĐỔI XE ĐÃ QUA SỬ DỤNG. XE ĐÃ QUA KIỂM ĐỊNH CHẤT LƯỢNG VÀ CÓ BẢO HÀNH ---------------------- ----------------------"
p66_s10_1776276684,Mazda 6,Premium 2.0 AT,2020,550.0,67000.0,Tự động,Xăng,Sedan,Việt Nam,Khác,False,5,2.0,FWD,6,car_p66_s10_1776276684,Dư dùng cần nhượng lại xe mazda6 2.0 pre sản xuất 2020 xe tình trạng máy móc keo chỉ nguyên bản . Xe em dùng nên mọi người xem xe giờ nào củng được Giá trên còn thương lượng cho mọi người đến xem
p75_s0_1776277997,CX-5,2.0 Premium,2023,779.0,13500.0,Tự động,Xăng,SUV / Cross over,Việt Nam,Cam,False,5,2.0,FWD,6,car_p75_s0_1776277997,"Mazda CX5 2.0 Premium 2023 odo 13,500 Gía 779,000,000 Giãm tiền mặc trực tiếp Hỗ trợ trả góp 70 với lãi xuất cực kì ưu đãi Carpla cam kết chuẩn odo Máy móc nguyên zin Không đâm đụng , không thuỷ kích Khuyến khích khách hàng mang check hãng Bảo hành 12 tháng hoặc 20.000km Minh Tân Địa chỉ Automall Carpla Tân Phú - 314 Lũy Bán Bích, P. Hòa Thạnh, Q. Tân Phú, TPHCM"
p30_s4_1774764666,Mazda 3,1.5 AT Sedan,2018,420.0,65000.0,Tự động,Xăng,Hatchback,Khác,Trắng,True,5,1.5,FWD,4,car_p30_s4_1774764666,"HỒ CHÍ MINH - Chính chủ mình cần bán chiếc Mazda 3 - 2018 Luxury - 1.5 AT, số tự động , cửa sổ trời.Odo 65.000 km đi rất ít Xe nguyên bản , đi lại ít từ công ty về nhà. Chỉ lên lazang, lốp Michelin và Camera hành trình. Bao kiểm tra đâm đụng , thuỷ kích. A/c nào thiện chí liên hệ mình xem xe trực tiếp tại nhà . Xin Cảm Ơn"
p2_s8_1776267734,CX-5,Unknown,2015,420.0,136000.0,Tự động,Xăng,SUV,Khác,Vàng,False,5,2.0,FWD,6,car_p2_s8_1776267734,Thằng Em đổi xe nên bán xe Mazda CX5 đời cuối 2015 đăng ký 2016 xe chạy kỷ còn rất đẹp bảo dưởng kiểm tra định kỳ toàn trong hảng hết. Xe chạy đúng 136000km giá bán 420 triệu còn thương lượng chút ít cho người thiện chí mua dùng Không tiếp cò lái Liên hệ số điện thoại
p50_s12_1776274036,CX-8,3.0 Premium,2019,699.0,63000.0,Tự động,Xăng,SUV,Khác,Xám,False,7,3.0,FWD,6,car_p50_s12_1776274036,Mazda Premium AWA 2019 Odo 63.000 km Giá 699 triệu
p16_s1_1774759460,CX-8,2.5 Premium,2022,870.0,43000.0,Tự động,Xăng,SUV / Cross over,Việt Nam,Xanh,True,7,2.5,FWD,6,car_p16_s1_1774759460,"Mazda CX 8 2.5AT 2022 bản Premium, Form mới có cửa nóc, màu xanh dương, xe cá nhân mua mới từ đầu, xe sử dụng kỹ, bảo dưỡng full, còn rất mới, vỏ sơ cua chưa hạ, bao kiểm tra test hãng toàn quốc. - Xe trang bị Ghế da chỉnh điện, màn hình kết nối apple carplay, androi auto, cảm biến trước sau, cửa nóc, gương chỉnh điện, ga tự động Cruise Control - Giá 870 tr, còn bớt khi xem xe. - Hỗ trợ góp qua NH - Cam kết xe không cấn đụng, thủy kích, không phạt nguội, bao kiểm tra, test hãng. - Cảm ơn ac đã quan tâm LH ĐT bên dưới để xem xe"
p7_s16_1776268581,Mazda 3,1.5 AT Hatchback,2015,350.0,80388.0,Tự động,Xăng,Hatchback,Khác,Đen,True,5,1.5,FWD,2,car_p7_s16_1776268581,"Cần bán xe Mazda 3 hatback xs 2015 một chủ mua mới bảo dưỡng full lịch sử hãng, màu đen, xe 5chỗ, cam kết không lỗi , kro chỉ zin máy số zin , kg cấn đụng hay thủy kích, bao kiềm tra toàn quốc. Km chuẩn. - ODO 80388 km. - ac cần liên hệ trực tiếp xem xe. - ĐC 561 kinh dương vương, p an lạc, tp hcm"
p72_s5_1776277455,CX-5,2.0 Luxury,2020,629.0,68184.0,Tự động,Xăng,SUV / Cross over,Nhật Bản,Xám,True,5,2.0,FWD,6,car_p72_s5_1776277455,"CX5 2.0 Luxury 2020, xe gia đình mình đi chính chủ, xe nguyên bản, mới di chuyển 68,168km, đầy đủ phụ kiện. Xe chỉ di chuyển quanh Hà Nội, bảo dưỡng đều đặn tại hãng Mazda Yên Nghĩa, luôn mới và đi như mới. Xe mình Chưa từng đâm va hay ngập lụt. Anh em Check var thoải mái Màu xám chất sang trọng. rất đẹp, rất Phù hợp gia đình, cá nhân, chơi Tết quá sang chảnh . Xe động cơ nhật bản tiết kiệm nhiên liệu. Giá chuẩn bán và gia lộc cho anh em nhiệt tình."
p35_s1_1774765682,Mazda 3,Unknown,2015,345.0,80000.0,Tự động,Xăng,Sedan,Khác,Trắng,False,5,2.0,FWD,6,car_p35_s1_1774765682,"Mazda 3 2015 xe cực đẹp chạy 8v Vừa đăng kiểm xong, 4 lốp vừa thay Ai mua liên hệ trực tiếp Xin cảm ơn"
p8_s9_1774727742,Mazda 3,Luxury,2023,589.0,27000.0,Tự động,Xăng,Sedan,Việt Nam,Trắng,False,5,2.0,FWD,6,car_p8_s9_1774727742,Mazda 3 Luxury 2023 Odo27.000km Xe bảo dưỡng full hãng Giá589tr xem xe còn thương lượng Xe cam kết không đâm va ngập nước thuỷ kích Xe bao check test toàn quốc Lh
p65_s19_1776276611,Mazda Other,Unknown,2015,395.0,79000.0,Tự động,Xăng,Unknown,Việt Nam,Đen,True,5,2.0,FWD,6,car_p65_s19_1776276611,"CX 5 SX 2015 một chủ từ đầu Tình trạng xe máy số đầu đít zin, không tai nạn ngập nước Nội ngoại thất sạch đẹp Mới bảo dưỡng thay nhớt lọc tại hãng Ae mua về chỉ việc đi,bao rút hồ sơ sang tên chủ mới Giá 395 triệu xem xe tại nhà tdm bình dương HCM"
p1_s4_1776267505,CX-5,2.0 AT 2WD,2013,355.0,98000.0,Tự động,Xăng,SUV / Cross over,Việt Nam,Đỏ,True,5,2.0,FWD,2,car_p1_s4_1776267505,"CHỈ 355 TRIỆU CÓ NGAY MAZDA CX-5 ĐẸP LONG LANH, MỘT CHỦ TỪ ĐẦU Anh em tìm xe gầm cao giá rẻ, chất lượng thực thì đừng bỏ qua em này Model Mazda CX-5 2.0L đời 2013 Tình trạng Xe đi chuẩn 98.000 km, 1 CHỦ mua mới từ đầu. Uy tín Bảo dưỡng Full lịch sử hãng, bao check hãng toàn quốc Hồ sơ Biển TP.HCM, giấy tờ nhanh gọn. Nội thất da nguyên bản, xe cực giữ gìn. Tầm giá này khó tìm được em gầm cao nào ngon hơn GIÁ 3xx Triệu Có lộc lá cho anh em thiện chí Xem xe Quận 7, TP.HCM Liên hệ Phú Phúc Gọi ngay kẻo lỡ"
p50_s6_1774769045,Mazda 3,1.5 AT Sedan,2016,350.0,105000.0,Tự động,Xăng,Sedan,Khác,Vàng,False,5,1.5,FWD,2,car_p50_s6_1774769045,"Gia đình lên đời can bán mazda 3 AT đời 2016, odo 105 vạn"
p16_s11_1776269975,CX-3,Deluxe 1.5 AT,2022,565.0,30000.0,Tự động,Xăng,SUV / Cross over,Thái Lan,Trắng,False,5,1.5,FWD,6,car_p16_s11_1776269975,"Bán Mazda CX-3 màu trắng, thiết kế trẻ trung, nội thất tiện nghi, vận hành êm ái. - Xe giữ gìn cẩn thận, ngoại hình đẹp. - Trang bị đầy đủ tính năng an toàn. - Xe sẵn sàng lăn bánh."
p74_s8_1776277891,Mazda 6,2.0 Premium,2017,469.0,1000.0,Tự động,Xăng,Sedan,Khác,Trắng,False,5,2.0,FWD,2,car_p74_s8_1776277891,"2017 bản premium matda 6 .bản 2.0 giá 469 Xem xe Tố Hữu, Nam Từ Liêm, Hà Nội"
p1_s16_1776267617,Mazda 2,1.5 AT Sedan,2017,298.0,72500.0,Tự động,Xăng,Sedan,Việt Nam,Trắng,False,5,1.5,FWD,1,car_p1_s16_1776267617,"Mazda 2 - xs 2017 đã sử dụng 72500 km sedan 5c , xe gia đình sử dụng ko kinh doanh , phù hợp với gia đình ít người và chở bé đi học , rất tiết kiệm nhiên liệu , xe zin nguyên bản ko lỗi nhỏ . lên 7c cân ban .. ac có nhu cầu sử dụng xin lh .. đk mới xét .."
p75_s1_1776278006,Mazda 3,1.5L Sport Luxury,2022,555.0,19000.0,Tự động,Xăng,Hatchback,Việt Nam,Cam,True,5,1.5,FWD,6,car_p75_s1_1776278006,"Mazda 3 Sport Luxury 2022 Phiên bản Sport Luxury thiết kế thể thao, vận hành ổn định Odo 19.000 km xe gia đình sử dụng, tình trạng đẹp Nội ngoại thất zin, máy móc êm ái Giá bán 5xx triệu Liên hệ Cam kết xe không tai nạn, không ngập nước Hồ sơ pháp lý đầy đủ sang tên nhanh - hỗ trợ Bank Hỗ trợ kiểm tra xe theo yêu cầu Mazda3 Mazda3Sport Mazda3Luxury Mazda32022 XeLuot XeCuChatLuong XeGiaDinh OtoCu BanMazda3 OtoGiaTot XeDepGiaTot XeCuSaiGon"
p14_s0_1776269556,Mazda 2,Premium,2024,495.0,20000.0,Tự động,Xăng,Hatchback,Thái Lan,Trắng,True,5,1.5,FWD,6,car_p14_s0_1776269556,"Em Cần Bán Mazda 2 2024 1.5Premium Trắng Nhập Khẩu , xe đẹp xuất sắc không 1 lỗi nhỏ , 1 chủ chạy 2 vạn km zin , bảo dưỡng full hãng , sơn zin cả xe , nội thất như xe mới , lốp zin cả dàn sơ cua chưa hạ , máy gầm sáng như xe hãng , xe sử dụng cẩn thận cực đẹp Bản full kịch option - ghế da lộn - màn hình androi cam 360 - cảnh báo vượt - chuyển số trên vô lăng - điều hoà auto - đèn full led - lazzang thể thao - cảm biến lùi ...vv Xe bán cam kết bằng văn bản - máy móc nguyên bản - không đâm va tai nạn - không thuỷ kích ngập nước - khung gầm keo chỉ đinh tán nguyên bản - kilomet zin không tua Nao check test hãng hoặc gara toàn quốc - Xe bán có hỗ trợ trả góp tối đa - Xe bán có hỗ trợ rút hồ sơ gốc - Xe bán có nhận đổi các xe cũ giá cao - Xe bán có nhận cọc online ship xe toàn quốc Anh em quan tâm liên hệ Hotline - Kiên Xe Tốt Đc 2 nghĩa tân - Cầu Giấy - Hà Nội"
p31_s9_1774764943,Mazda 3,1.5 Luxury,2024,612.0,10600.0,Tự động,Xăng,Sedan,Khác,Trắng,False,5,1.5,FWD,6,car_p31_s9_1774764943,"Mazda 3 1.5 Luxury đời 2024 màu trắng, xe đẹp, chạy êm. - Odo 10.600 Km. - Thiết kế sang trọng, nội thất tiện nghi. - Giá 612 triệu."
p30_s6_1774764686,Mazda 3,1.5L Luxury,2020,485.0,99999.0,Tự động,Xăng,Sedan,Việt Nam,Trắng,False,5,1.5,FWD,6,car_p30_s6_1774764686,"Thông tin chi tiết Loại xe Sedan, phù hợp cho cả gia đình nhỏ và cá nhân. Năm sản xuất 2020. Màu sắc Trắng, sang trọng và dễ dàng bảo quản. Số chỗ ngồi 5 chỗ. Nhiên liệu Xăng, tiết kiệm nhiên liệu và dễ dàng tìm kiếm. Hộp số Tự động, mang lại trải nghiệm lái xe thoải mái và dễ dàng. Số km đã đi 99999 km."
p14_s9_1776269606,Mazda 3,1.5L Luxury,2020,495.0,42000.0,Tự động,Xăng,Sedan,Khác,Cam,True,5,1.5,FWD,6,car_p14_s9_1776269606,M3 luxury 2020 odo 42.000km Full Hãng 100 không lỗi nhỏ Một chủ mua mới 8/2020 Cắt âm 3M nguyên xe Xe đã được trang bị Camera 360 hành trình áp suất lốp vvvv anh chị mua về chỉ việc sử dụng Mong tiếp anh chị thiện chí hữu duyên nhé
p9_s11_1776268851,CX-30,Premium 2.0 AT,2021,595.0,110000.0,Tự động,Xăng,SUV / Cross over,Thái Lan,Xanh,False,5,2.0,FWD,6,car_p9_s11_1776268851,"Mazda CX-30 Premium 2.0 đời 2021 màu xanh Frozen Blue độc đáo. - Xe được sơn lại màu Frozen Blue Metallic của Porsche, không đụng hàng. - Nội thất sạch sẽ, thơm tho, có thảm sàn 3D, cam hành trình 4K, Sub. - Odo 11 vạn km, chủ yếu chạy đường dài, máy êm, bốc. - Full lịch sử bảo dưỡng tại hãng, cam kết không đâm đụng, ngập nước."
p73_s3_1776277642,Mazda 3,1.5 AT Sedan,2016,359.0,100000.0,Tự động,Xăng,Sedan,Việt Nam,Xanh,True,5,1.5,FWD,2,car_p73_s3_1776277642,Mazda 3 sx 2016 một chủ Odo 10 vạn km Dàn lốp mít 2025 mới đi Cam kết ko lỗi nhỏ Bao check tét Aekn bán LH Nhật Doanh
p73_s14_1776277747,Mazda 2,1.5 AT Hatchback,2016,300.0,35000.0,Tự động,Xăng,Hatchback,Việt Nam,Đỏ,False,5,1.5,FWD,6,car_p73_s14_1776277747,Mazda 2 Hb sx 2016 đăng ký 2017 Xe đẹp chạy đúng 35.000km bảo dưỡng đầy đủ đúng định kỳ. Không đâm đụng ngập nước AC muốn mua vui lòng gọi cho tôi để xem xe
p39_s0_1774766500,CX-5,Premium 2.0 AT,2024,815.0,15000.0,Tự động,Xăng,SUV / Cross over,Khác,Đỏ,True,5,2.0,FWD,6,car_p39_s0_1774766500,"NGÀY VÍA THẦN TÀI RƯỚC LỘC VỀ NHÀ Đỏ Ruby Mazda CX-5 2.0 Premium Active 2024 cực đẹp Lướt siêu mới 1 vạn 5 km 1 chủ từ đầu Màu Đỏ Ruby phong thủy, nổi bật và may mắn dịp vía Thần Tài Form dáng sang trọng, thể thao, mẫu SUV được ưa chuộng Phiên bản Premium Active trang bị đầy đủ tiện nghi Ghế da cao cấp chỉnh điện Màn hình giải trí trung tâm Camera 360, cảm biến an toàn đầy đủ Điều hòa tự động 2 vùng độc lập Chìa khóa thông minh, đề nổ Start/Stop Xe lướt cực đẹp, nội ngoại thất zin Máy móc nguyên bản, vận hành êm ái, tiết kiệm nhiên liệu Cam kết không đâm đụng, không ngập nước, bao check hãng Giá bán 815 triệu thương lượng cho khách thiện chí"
p18_s7_1774760010,Mazda Other,2.5 AT 2WD,2016,470.0,99000.0,Tự động,Xăng,SUV / Cross over,Việt Nam,Cam,True,5,2.5,FWD,2,car_p18_s7_1774760010,"Cần bán Mazda CX5 Skyactiv 2.5 AT - SX 2016 đki 2017 một chủ mua mới , chất lượng xe còn rất mới , rất nguyên bản - Cam kết số km zin - Máy số keo chỉ thân vỏ nguyên bản - Không đâm đụng va chạm , ngập nước - Bao check test theo yêu cầu"
p23_s2_1774761088,Mazda 3,AT,2015,348.0,125456.0,Tự động,Xăng,Sedan,Khác,Khác,False,5,2.0,FWD,6,car_p23_s2_1774761088,"E bán mazda 3 hb AT full option siêu đẹp , sản xuất 2015 , xe đẹp leng keng , ko lỗi nhỏ , máy số ngon keo chỉ zin , siêu đẹp chủ đi giữ gìn kỹ , êm đầm chắc - mâm lốp đẹp - đèn bi led siêu sáng Giá e bán chỉ 348 tr bao ra tên _________________________________________ Xem xe tại ô tô hoàng long D/c 224 Nguyễn Chí Thanh - TPBMT - tỉnh Đăk Lăk Bên em có nhận trao đổi tất cả các loại xe ace có xe cần trao đổi alo em ngay nhé cho ae trả chậm ko lãi từ 10 - 20"
p78_s0_1776278491,Mazda Other,Deluxe 2.0 AT,2022,710.0,8000.0,Tự động,Xăng,SUV / Cross over,Việt Nam,Khác,True,5,2.0,FWD,6,car_p78_s0_1776278491,Có việc cần nên bán xe CX5 mua tháng 11/2024 mới đi 8000km chính chủ. Zlao
p50_s9_1774769077,CX-5,2.0 AT,2015,399.0,79000.0,Tự động,Xăng,SUV / Cross over,Việt Nam,Khác,True,5,2.0,FWD,6,car_p50_s9_1774769077,"Bán Mazda CX5 2.0L 5 chỗ số tự động Sx 10/2015 Xe một chủ mua mới Xe có ghế chỉnh điện, gương gập điện, điều hoà 2 vùng độc lập, nút bấm tích hợp trên vô lăng Xe đẹp anh chị mua xài an tâm"
p4_s15_1776268154,Mazda 3,Unknown,2017,390.0,69079.0,Tự động,Xăng,Sedan,Khác,Trắng,False,5,2.0,FWD,6,car_p4_s15_1776268154,"Mazada3 mua từ mới đời 2017 bản FL có phanh tay điện tử chạy gần 7 vạn xe để hầm,ít khi đi. Xe mới thay 4 quả lốp,dầu số,dầu máy,dầu phanh,nước mát. Ac quy 2 chìa zin theo xe. 1 cái chưa dùng lần nào. Đã ghi rõ giá anh chị em vui lòng không mặc cả. Ai thiện chí ra lộc 3 triệu cho may mắn. Xem không ngập nước. Không đâm đụng mạnh"
p25_s17_1774763667,CX-5,2.5,2020,699.0,70000.0,Tự động,Xăng,SUV,Khác,Đen,False,5,2.5,FWD,6,car_p25_s17_1774763667,"Mazda Cx-5 2.5 AWD sản xuất 2020 , màu xanh cavansite / đen , lăn bánh 7v km zin."
p42_s3_1774767156,BT-50,3.2L 4x4 AT,2016,350.0,120000.0,Tự động,Dầu,Bán tải,Khác,Trắng,True,5,2.0,FWD,6,car_p42_s3_1774767156,"Cần bán gấp BT50 2016 Xe 1 chủ từ đầu, đã đi dk 12 vạn Xe nguyên bản và zin hết ạ Trang bị đầy đủ về sẵn đi ạ"
p5_s8_1776268226,CX-5,Premium Exclusive 2.0 AT,2023,785.0,73000.0,Tự động,Xăng,SUV / Cross over,Việt Nam,Trắng,False,5,2.0,FWD,6,car_p5_s8_1776268226,"- Cần bán Mazda Cx5 2.0 Premium Exclusive 2023. Màu trắng. cam kết odo chuẩn 73,000 km. Full lịch sử hãng. Sơn zin còn nhiều. Tình trạng gần như mới - Bánh sơ cua chưa hạ. 4 vỏ còn dày - Trang bị full option ghế da nepa chỉnh điện nhớ ghế 2 vị trí, cửa sổ trời, đề Star/stop, phanh tay điện tử, đầu DVD, camera de, HUD kính hiển thị tốc độ, - Cam kết đúng km. Không đâm đụng, ngập nước, máy số zin - Bán bao rút hồ sơ gốc, bao pháp lý, phạt nguội - Thiện chí xem xe giá cả còn thương lượng"
p7_s13_1774727586,CX-5,2.5 AT 2WD,2016,448.0,90000.0,Tự động,Xăng,SUV / Cross over,Khác,Đỏ,False,5,2.5,FWD,2,car_p7_s13_1774727586,"Mình cần bán Mazda CX5 2016 bản cao cấp 2.5AT xe cực đẹp , cam kết ko tai nạn ngập nước thuỷ kích, máy số nguyên bản, ai mua ko tin tưởng có thể nhờ người qua xem thoải mái ạ"
p34_s10_1774765582,Mazda 2,Luxury,2025,530.0,7000.0,Tự động,Xăng,Hatchback,Thái Lan,Đỏ,False,5,2.0,FWD,6,car_p34_s10_1774765582,Matda 2 bản sport 2025 đi hơn 7000 km xe còn nguyen zin ko va chạm đâm đụng Cân mua lh
p40_s2_1774766711,Mazda 3,AT,2019,425.0,80000.0,Tự động,Xăng,Sedan,Việt Nam,Xanh,True,5,2.0,FWD,6,car_p40_s2_1774766711,Sx2019 một chủ sd từ đầu. Chìa khoá đủ 2 chìa. Sdt
p72_s14_1776277538,CX-5,Deluxe 2.0 AT,2021,669.0,50000.0,Tự động,Xăng,SUV / Cross over,Việt Nam,Trắng,True,5,2.0,FWD,6,car_p72_s14_1776277538,"Em Cần Bán Mazda Cx5 2021 2.0AT Deluxe Trắng biển hà nội , xe đẹp 1 chủ mua mới , chạy 5 vạn km zin , bảo dưỡng full hãng , lốp theo xe cả dàn , sơ cua chưa hạ , nội thất zin đẹp , gầm bệ mới tinh , cá nhân sử dụng cẩn thận cực chất , xe nguyên zin nguyên bản như hãng Bản đủ option - ghế điện - cửa nóc - cảm biến quanh xe - đèn full led - phanh tay điện tử - màn hình cam lùi ...vv - Xe bán cam kết bằng văn bản - máy móc nguyên bản - không tai nạn - không ngập nước - Khung gầm nguyên bản - kilomet zin theo xe Bao check test hãng hoặc gara toàn quốc - Xe bán có hỗ trợ trả góp tối đa - Xe bán có hỗ trợ rút hồ sơ gốc - Xe bán có nhận đổi các xe cũ giá cao Anh em quan tâm liên hệ Hotline - Kiên Xe Tốt Đc 2 Nghĩa Tân - Cầu Giấy - Hà Nội"
p15_s8_1774759293,CX-5,2.0 Luxury,2025,763.0,20000.0,Tự động,Xăng,SUV,Việt Nam,Cam,True,5,2.0,FWD,6,car_p15_s8_1774759293,"Thông tin chi tiết về xe - Xe tư nhân 1 chủ mua từ mới - Biển tỉnh đã rút hồ sơ cầm tay - Odo hơn 2 vạn km zin - Lên nhiều đồ chơi ghế da napal , cam 360 ... - Lốp theo xe , sơ cua chưa hạ Tình trạng xe - Nội ngoại thất tươi mới giữ gìn cẩn thận - Cam kết chất lượng xe bằng văn bản Không đâm , tai nạn ảnh hưởng tới khung gầm sắt xi , không ngập nước , máy số keo chỉ đinh tán cột kèo nguyên bản - Bao check test theo chỉ định khách hàng - Hỗ trợ trả góp 70 giá trị xe - Quý khách có nhu cầu mua xe xin vui lòng liên hệ trực tiếp để trao đổi lái thử xe để có giá"
p47_s16_1774768418,Mazda 3,1.5L Luxury,2025,640.0,2000.0,Tự động,Xăng,Hatchback,Việt Nam,Cam,True,5,1.5,FWD,6,car_p47_s16_1774768418,"Mazda 3 1.5 Sedan Luxury sx và đki 2025 đklđ 17/11/2025 Đăng kí tên tư nhân 1 chủ từ mới Odo 2000km sai 1 mét đốt xe Full lịch sử bảo dưỡng hãng Trang bị Start/Stop , Ghế lái chỉnh điện nhớ vị trí kết hợp gương chiếu hậu chỉnh điện, gập điện, nhớ vị trí,..., Động cơ 1.5L kèm hộp số tự động 6 cấp, lẫy chuyển số trên vô lăng ,chế độ lái Sport . Màn hình 8.8 inch tích hợp camera lùi , 8 loa 7 túi khi"
p37_s13_1774766180,Mazda 3,1.5 AT Sedan,2018,410.0,126624.0,Tự động,Xăng,Hatchback,Việt Nam,Trắng,False,5,1.5,FWD,4,car_p37_s13_1774766180,"Mazda 3, kiểu dáng Sedan thanh lịch, sản xuất năm 2018. Màu sơn trắng tinh tế, phù hợp với nhiều phong cách. Xuất xứ Việt Nam. Số chỗ ngồi 2. Sử dụng nhiên liệu Xăng. Hộp số Tự động, mang lại trải nghiệm lái xe mượt mà và thoải mái. Số Odo 126.624 km. Phiên bản 5491. Dòng xe Sedan phù hợp cho cả gia đình và công việc. Mazda 3 nổi tiếng với thiết kế KODO hiện đại và khả năng vận hành ổn định. Nội thất rộng rãi, tiện nghi, mang đến sự thoải mái cho người sử dụng. Hệ thống giải trí đa phương tiện, kết nối thông minh. Trang bị an toàn đầy đủ, đảm bảo an tâm trên mọi hành trình. Động cơ mạnh mẽ, tiết kiệm nhiên liệu. Khung gầm chắc chắn, mang lại cảm giác lái đầm chắc. Hệ thống phanh ABS, EBD hỗ trợ tối đa. Xe được bảo dưỡng định kỳ, tình trạng hoạt động tốt. Thích hợp cho những ai tìm kiếm một chiếc xe Sedan chất lượng, bền bỉ và tiết kiệm. Mazda 3 là sự lựa chọn lý tưởng cho những ai yêu thích sự trẻ trung, năng động và tiện nghi. Xe có ngoại hình bắt mắt, thu hút mọi ánh nhìn. Không gian nội thất được thiết kế tỉ mỉ, sang trọng. Vô lăng tích hợp các nút điều khiển, giúp người lái dễ dàng thao tác. Điều hòa hoạt động tốt, làm mát nhanh chóng. Hệ thống âm thanh chất lượng cao, mang đến trải nghiệm giải trí tuyệt vời. Xe được trang bị đầy đủ các tính năng an toàn, giúp bạn yên tâm trên mọi nẻo đường. Mazda 3 là một trong những mẫu xe Sedan bán chạy nhất tại thị trường Việt Nam. Xe có khả năng vận hành linh hoạt trong đô thị và trên đường trường. Gầm xe cao ráo"
p2_s12_1776267753,Mazda 3,1.5L Luxury,2022,545.0,78000.0,Tự động,Xăng,Hatchback,Khác,Khác,False,5,1.5,FWD,6,car_p2_s12_1776267753,"Mazda3 Luxury 2022 - ODO 7.8v - Giá bán 545Tr ____________________ Vạn Phát Auto - 256 Nguyễn Xiển . Hà Nội Mua-bán, trao đổi Ô TÔ đã qua sử dụng Toàn Quốc"
p42_s2_1774767147,Mazda 3,1.5L Luxury,2024,600.0,15830.0,Tự động,Xăng,Hatchback,Việt Nam,Trắng,True,5,1.5,FWD,6,car_p42_s2_1774767147,Người Nhà Em Cần Ra Đi Mazda 3 Lux 2024 do đổi xe to hơn - Xe đi cực ít 1v5 1 chủ biển HN - Bảo dưỡng đầy đủ - Các bác quan tâm ib e ép giá ạ zl
p12_s8_1776269281,CX-5,Premium Sport 2.0 AT,2024,825.0,27000.0,Tự động,Xăng,SUV / Cross over,Khác,Đen,False,5,2.0,FWD,6,car_p12_s8_1776269281,"Hàng chiến lược Mazda Cx5 2024 Premium Sport 2.0 Odo 2 vạn 7 , bảo dưỡng full hãng Trang bị body viền đen, option miên man, rada i-Actisense Hàng ghế trước chỉnh điện, cốp điện, làm mát ghế, 2 chế độ lái, autohold, cam 360, màn hình có kết nối apple carplay không dây v.v.. Cam kết xe đẹp không lỗi , bao check hãng hoặc garage theo yêu cầu Hỗ trợ Bank 70 Giá bán 825Tr"
p32_s13_1774765215,Mazda 3,2.0,2018,470.0,49000.0,Tự động,Xăng,Sedan,Khác,Xanh,False,5,2.0,FWD,6,car_p32_s13_1774765215,"Mazda 3 bản 2.0L sản xuất 2018, xe đẹp, đầy đủ tiện nghi. - Odo 49.000km, bao test. - Màu xanh đậm sang trọng. - Giá 470 triệu, có thương lượng."
p36_s0_1776273152,Mazda 3,1.5 Luxury,2024,595.0,8000.0,Tự động,Xăng,Sedan,Khác,Xanh,False,5,1.5,FWD,6,car_p36_s0_1776273152,"Em cần bán Mazda3 - 1.5 AT Luxury Sport 2024, màu xanh Cavasai, đăng ký cuối năm 2024 tại Hà Nội, biển 30/ 5 số . Xe nhà mua về xác định đi lâu dài nên giữ hơn cả giữ Vàng Miếng .... Đi cực ít, ODO mới 8.000 km chủ yếu đi cà phê với đưa đón gia đình, chưa kịp hành em nó. Tình trạng thì e nói thật gần như xe mới trong hãng chạy ra. Sơn zin 100, nội ngoại thất nguyên bản, không lỗi, không va quệt , không ngập nước. Bác nào khó tính cứ dẫn thợ check thoải mái, sai em xin tặng luôn tiền xăng Máy móc êm ru, đi đầm, tiết kiệm xăng. Bản Luxury Sport nên đồ đạc đầy đủ, không thiếu gì cho nhu cầu đi gia đình hay đi làm hàng ngày. Bán đi em cũng tiếc lắm, nhưng cần đổi xe to hơn nên đành tìm chủ mới chăm em nó tiếp. Bác nào đang tìm xe đẹp, không phải nghĩ nhiều, mua về chỉ việc đổ xăng là chạy thì alo em . Xem xe tại Hà Nội Em Minh Châu"
p13_s1_1776269394,Mazda 2,Unknown,2014,238.0,67208.0,Tự động,Xăng,Hatchback,Việt Nam,Trắng,True,5,2.0,FWD,6,car_p13_s1_1776269394,"Xe một chủ mua mới từ đầu, Mazda 2S đời 2014 màu trắng, xe 5 chỗ, chạy xăng. - ODO 67.208 km. - Xe sản xuất tại Việt Nam. - Thiết kế nhỏ gọn, phù hợp đi phố. - Tiết kiệm nhiên liệu. Đăng tin bán dùm kiêm hôp sửa, cân bán cho nguoi sử dụng, anh em mua bán thông cảm"
p14_s19_1774759185,CX-8,Unknown,2026,929.0,12000.0,Tự động,Xăng,SUV / Cross over,Việt Nam,Khác,False,7,2.0,FWD,6,car_p14_s19_1774759185,"NEW MAZDA CX-8 VIN 2026 - ĐẦY ĐỦ CÁC PHIÊN BẢN CÓ SẴN TẠI SHOWROOM Cập nhật giá xe ưu đãi mới nhất - 𝐍𝐄𝐖 𝐌𝐀𝐙𝐃𝐀 𝐂𝐗𝟖 𝐋𝐔𝐗𝐔𝐑𝐘 929 𝑻𝒓𝒊𝒆𝒖 - 𝐍𝐄𝐖 𝐌𝐀𝐙𝐃𝐀 𝐂𝐗𝟖 𝐏𝐑𝐄𝐌𝐈𝐔𝐌 𝟗89 𝑻𝒓𝒊𝒆𝒖 - 𝐍𝐄𝐖 𝐌𝐀𝐙𝐃𝐀 𝐂𝐗𝟖 𝐒𝐈𝐆𝐍𝐀𝐓𝐔𝐑𝐄 𝟏.𝟎𝟗𝟗 𝑻𝒓𝒊𝒆𝒖 Đăng kí lái thử xem xe tận nhà Bộ quà tặng chính hãng 𝐌𝐀𝐙𝐃𝐀 Bảo hành chính hãng 5 năm hoặc 150.000km Hỗ trợ ngân hàng lên đến 80, thủ tục nhanh, lãi suất ưu đãi Liên hệ để được tư vấn báo giá và quà tặng đi kèm"
p3_s3_1774726656,Mazda 3,1.5 AT Sedan,2018,450.0,34000.0,Tự động,Xăng,Sedan,Nhật Bản,Đen,True,5,1.5,FWD,4,car_p3_s3_1774726656,"Mazda3 1.5 Luxury đời cuối 2018, màu xanh đen, xe chính chủ. - ODO 34.000 km, xe còn mới. - Giá 450 triệu, bao rút hồ sơ."
p17_s10_1776270141,Mazda 6,Mazda 6 2.5L Premium,2019,540.0,67000.0,Tự động,Xăng,Sedan,Khác,Trắng,False,5,2.5,FWD,6,car_p17_s10_1776270141,"Đổi 7c cần ra đi em MAZDA 6 2019, bản premium 2.5 màu trắng, phân khúc hạng D, xe chạy 67k km, nội thất còn mới, trang bị đầy đủ, đề nổ star/stop, cảnh báo lệch làn, hub kính,., xe ko đâm đụng, ngập nước, keo chỉ, máy số zin, trầy xước nhẹ theo thời gian, đã trang bị thêm lót sàn 4D, màn hình android lớn, cam định vị toàn xe,. là mẫu sedan cao cấp nhất của nhà mazda, xe GD đang sử dụng. Giá 540tr, thương lượng nhẹ. Xem xe tại Gia Nghĩa, Đắk Nông cũ, xe biển 51G thoải mái chạy ạ P.S các bạn môi giới hay showroom ép giá xin phép bỏ qua ạ,"
p3_s13_1774726762,Mazda 3,1.5L Sport Premium,2019,449.0,40000.0,Tự động,Xăng,Sedan,Khác,Đỏ,False,5,1.5,FWD,6,car_p3_s13_1774726762,"Mazda 3 màu đỏ, xe 5 chỗ, thiết kế thể thao, vận hành êm ái. - Ngoại hình đẹp, nội thất tiện nghi. - Xe giữ gìn cẩn thận, sẵn sàng sử dụng. xe siêu đẹp 4vạn Rin lốp sơ cua chưa hạ, máy rin không lỗi nhỏ"
p28_s14_1776272159,Mazda 3,Luxury,2023,530.0,3000.0,Tự động,Xăng,Sedan,Khác,Đỏ,True,5,2.0,FWD,6,car_p28_s14_1776272159,Tôi muốn lên đời xe bảy chỗ muốn đổi xe ai có nhu cầu mua xe của tôi chính chủ tôi đang đi thì alô cho tôi nhé
p9_s15_1776268883,Mazda 3,1.5L Sport Luxury,2024,610.0,19000.0,Tự động,Xăng,Hatchback,Việt Nam,Trắng,True,5,1.5,FWD,6,car_p9_s15_1776268883,"Mazda 3 Sport luxury hatback 2024 xe cá nhân 1 chủ từ mới, odo 19.000km, xe cực đẹp, cam kết không tai nạn ngập nước, bao check test, giá còn thương lượng được, liên hệ hoặc nhắn zalo em ạ"
p23_s5_1776271310,Mazda 3,AT,2009,188.0,123456.0,Tự động,Xăng,Sedan,Đài Loan,Cam,False,5,2.0,FWD,6,car_p23_s5_1776271310,Cần bán Mazda 3 2009 AT nhập khẩu nguyên con về vn.xe đẹp ko lỗi mấy số em ru sang số mượt mà.noi thất da nguyên zin theo xe còn mới tinh.trang bi thêm màn hình cam de đầy đủ.gầm em ru ko mục một chỗ.nước Sơn còn mới và bóng.4 vỏ mới thay còn gay gió.xe rất lành và tiết kiem xăng.bản đủ 4 thắng đỉa abs.cửa sỗ trời.tít hợp vô lăng.ac cần xe alo em có bớt cho ac mua Sài cảm ơn
p12_s15_1774728476,Mazda 3,1.5 AT Sedan,2016,340.0,120000.0,Tự động,Xăng,Sedan,Khác,Xám,True,5,1.5,FWD,2,car_p12_s15_1774728476,"Mazda 3 đời 2016 màu xám, dáng sedan thể thao, sang trọng. Điểm ăn tiền Form thể thao, nhìn trẻ hơn tuổi Nội thất sạch sẽ zin từ đầu tới cuối Máy 1.5 êm ru tiết kiệm xăng như người yêu cũ tiếc tiền Đăng kiểm dài, xách đi chạy luôn Tầm tiền này mà kiếm được em sedan ngon bổ rẻ như này là hiếm lắm nha Cam kết Không đâm đụng, không ngập nước Bao check hãng thoải mái Mua về chỉ việc đổ xăng là chạy, không phải nghĩ Xem xe trực tiếp tại 85 Nguyễn Hồng Ánh, Đà Nẵng giá cả còn thương lượng"
p25_s6_1776271627,CX-5,2.5 AT 2WD,2017,495.0,60258.0,Tự động,Xăng,SUV / Cross over,Việt Nam,Khác,True,5,2.5,FWD,2,car_p25_s6_1776271627,"Bán nhanh xe Mazda cx5 2017 2.5 full cao cấp 1 chủ cực zin đẹp không tì vết 1 trước trên thị trường, nhìn là mê, ngắm không rời mắt, sử dụng thể hiện cá tính riêng biệt Dòng xe 5 chỗ cao cấp sang trọng cho mọi gia đình, Full chức năng, gầm máy số zin đẹp như mới nên đi cực kỳ êm sướng nhẹ bốc Xe chỉ dành cho anh chị em đam mê khos kiếm chiếc thứ 2 Có trao đổi các loại xe khác Ai cần alô trực tiếp không nhắn tin Bao tét hãng thợ thầy các kiểu Giấy tờ chính chủ ký giao dịch ngay"
p19_s17_1774760370,Mazda 3,AT,2017,385.0,119000.0,Tự động,Xăng,Sedan,Khác,Trắng,False,5,2.0,FWD,6,car_p19_s17_1774760370,"MAZDA 3 -2017 SỐ TỰ ĐỘNG MÁY XĂNG . Bản philip thắng điện tử Máy số , keo chỉ nguyên zin Form dáng thể thao, sang trọng Full chức năng đề start/stop, màn hình, camera, cảm biến, ga tự động, vô lăng tích hợp Máy êm ru - Điều hoà lạnh sâu Gầm bệ chắc nịch , chạy đầm Giá385 bao rút hồ sơ gốc Alo để xem xe Xem xe ngay trạm thu phí Bình Thung Dĩ An Bình Dương"
p2_s9_1774726468,Mazda 3,1.5L Sport Luxury,2024,625.0,10000.0,Tự động,Xăng,Hatchback,Nhật Bản,Xanh,False,5,1.5,FWD,6,car_p2_s9_1774726468,"Cần bán mada 3 sport luxury 2024 Xe nguyên bản chưa đụng chạm , odo 10.000km còn như mới , xe cam kết nguyên rin , không đâm đụng , ngập nước cam kết lỗi hoàn tiền 100 Anh chị e nào kết thì alo xem xe"
p32_s8_1774765158,Mazda Other,3.7 AT 4WD,2012,333.0,100000.0,Tự động,Xăng,SUV / Cross over,Khác,Vàng,False,7,2.0,AWD,2,car_p32_s8_1774765158,"CX9 3.7AT AWD sx 2012 nhập khẩu, tên cá nhân, ghế da bò, chìa smarkey, cửa sổ trời, điều hoà auto 3 vùng độc lập, tích hợp volang, ga tự động, vân gỗ cacbon, loa bose, ghế điện nhớ 3 vị trị, bầu trời công nghệ, lốp mới, đăng kiểm vừa khám. Chẳng có gì là tự nhiên rẻ. Đã rẻ thì không có xe đẹp, đã đẹp thì không có rẻ 5 TIÊU CHÍ VÀNG Tại VĨNH CƯỜNG AUTO 1.Xe không bị tai nạn. 2.Xe không đại tu động cơ và hộp số. 3.Xe không bị thuỷ kích. 4.Xe không bị phạt nguội. 5.Giấy tờ theo xe hợp lệ,đủ điều kiện mua, bán, sang tên. HOÀN TIỀN NẾU SAI 5 TIÊU CHÍ VÀNG Hỗ trợ Bank lên tới 75. Rút hồ sơ miễn phí."
p35_s16_1774765836,Mazda 3,AT,2024,579.0,39000.0,Tự động,Xăng,Sedan,Việt Nam,Đỏ,False,5,2.0,FWD,6,car_p35_s16_1774765836,"Chiếc Mazda 3 màu đỏ sản xuất năm 2024, xuất xứ từ Việt Nam, là một lựa chọn tuyệt vời cho những ai đang tìm kiếm một chiếc xe sedan phong cách, hiện đại và đầy đủ tiện nghi. Xe phù hợp cho việc di chuyển trong thành phố, đi làm hàng ngày hoặc những chuyến đi ngắn ngày cùng bạn bè và người thân. Thông tin chi tiết về xe Thương hiệu Mazda, một thương hiệu ô tô nổi tiếng với thiết kế KODO độc đáo và công nghệ tiên tiến. Màu sắc Đỏ, tạo nên vẻ ngoài năng động, trẻ trung và thu hút mọi ánh nhìn. Model 3, dòng xe sedan/hatchback được ưa chuộng nhờ thiết kế đẹp mắt, khả năng vận hành linh hoạt và trang bị hiện đại. Nhiên liệu Xăng, giúp xe vận hành êm ái và tiết kiệm nhiên liệu, phù hợp với điều kiện giao thông đô thị. Hộp số Tự động, mang lại sự thoải mái và tiện lợi khi lái xe, đặc biệt trong điều kiện giao thông đông đúc. Năm sản xuất 2024, xe còn rất mới và đảm bảo khả năng vận hành tốt, ít hỏng hóc. Odometer 39000 km, cho thấy xe còn rất mới và ít sử dụng, đảm bảo chất lượng. Xuất xứ Việt Nam, được sản xuất theo tiêu chuẩn chất lượng cao của Mazda. Hộp số Tự động giúp việc lái xe trở nên dễ dàng hơn bao giờ hết. Chiếc xe này là một lựa chọn lý tưởng cho những ai đang tìm kiếm một chiếc xe sedan/hatchback phong cách, tiện nghi và đáng tin cậy. Với thiết kế ngoại thất bắt mắt và nội thất hiện đại, Mazda 3 2024 hứa hẹn sẽ mang lại trải nghiệm lái xe tuyệt vời và đáp ứng mọi nhu cầu sử dụng hàng ngày. Xe được trang bị các tính năng an toàn và tiện nghi hàng đầu, đảm bảo sự an toàn và thoải mái cho người lái và"
p28_s18_1774764245,BT-50,AT,2016,435.0,169000.0,Tự động,Dầu,Bán tải,Khác,Xám,True,5,2.0,FWD,6,car_p28_s18_1774764245,"Mazda BT-50 2 cầu số tự động màu xám, sản xuất 2016. - Xe một chủ từ đầu, giữ gìn cẩn thận. - Động cơ diesel mạnh mẽ, hộp số tự động mượt mà. - Xe 5 chỗ, rộng rãi, phù hợp gia đình hoặc công việc."
p3_s15_1776268010,CX-5,2.5 AT 2WD,2017,545.0,33000.0,Tự động,Xăng,SUV,Khác,Khác,False,5,2.5,FWD,2,car_p3_s15_1776268010,"9 năm chạy có 3v km Mazda CX5 2.5 AT 2017 1 cầu odo 3v3 km zin full lịch sử hãng, sơn zin còn nhiều"
p6_s3_1776268341,Mazda 3,1.5L Sport Deluxe,2019,470.0,78000.0,Tự động,Xăng,Sedan,Việt Nam,Đỏ,False,5,1.5,FWD,6,car_p6_s3_1776268341,"Mazda 3 Luxury 2019 đỏ đô bản full, nhìn là chốt Không cần nói nhiều, ae nhìn hình là hiểu độ đẹp Màu đỏ form hatchback đi phố nổi bật, trẻ trung, bao ngầu Giá cực mềm trong phân khúc xem xe là là chốt giá còn thương lượng Bản Luxury option đầy đủ, đi cực sướng Nội thất da zin sạch, giữ kỹ Máy 1.5 Skyactiv êm, tiết kiệm, cực lành Phanh tay điện tử Auto Hold tiện khỏi bàn Cam kết cho ae yên tâm chốt Không đâm đụng không ngập nước Máy số nguyên zin Bao check thoải mái Giấy tờ chuẩn sang tên trong ngày Giá cực mềm trong phân khúc xem xe là là chốt giá còn thương lượng Con này dành cho ae thích xe đẹp nổi option đủ Nói thật xe này không nằm lâu, ai nhanh người đó có 8385 Nguyễn Hồng Ánh, Đà Nẵng"
p54_s18_1776275128,Mazda 3,AT,2016,350.0,130000.0,Tự động,Xăng,Sedan,Khác,Trắng,False,5,2.0,FWD,6,car_p54_s18_1776275128,"Cần bán mazda 3 2016 Xe mua từ mới Bảo dưỡng full hãng Máy số zin rất zin Còn cả bảo hiểm 2 chiều Xe hiện tại vừa bảo dưỡng spa ko lâu, mua về là chạy thôi Ko đâm đụng, ko ngập nước, ko nước vào sàn, máy số zin đúng nghĩa Cam kết ko sai mô tả Xe cộ chuẩn chỉ bao check test mọi hình thức"
p17_s13_1774759865,Mazda 3,1.5L Deluxe,2020,475.0,63000.0,Tự động,Xăng,Sedan,Việt Nam,Cam,False,5,1.5,FWD,6,car_p17_s13_1774759865,"_ Ông Hoàng phân khúc C 𝐌𝐚𝐳𝐝𝐚 𝟑 𝟐𝟎𝟐𝟎 𝐃𝐞𝐥𝐮𝐱𝐞 . Xe lăn bánh chuẩn 6,3 vạn . Nội - ngoại thất còn nguyên rin nguyên bản 100 theo xe . Thanh toán 170 triệu nhận xe . Thời hạn vay 5 năm . Lãi suất 9,5năm . Gốc 5 triệu . Lãi 2tr375k . Tháng góp 7tr375k . Option Thiết kế theo ngôn ngữ Kodo bền đẹp theo thời gian . Động cơ Skyactive thế hệ mới bền bỉ - tiết kiệm nhiên liệu phân khúc , hệ thống chiếu sáng full led tự động bật tắt , chìa khoá thông minh , khởi động xe banhwf nút bấm Start Stop , phanh tay điện tử , dừng xe tự động Auto Hold , màn hình trung tâm 10 inch có kết nối Apple Carplay - Androi Auto - Bluetooth , hệ thống an toàn 6 túi khí , camera lùi , phanh điện tử ABS , hổ trợ lực phanh khẩn cấp BA và còn nhiều tính năng an toàn khác . 𝐊𝐡𝐨𝐚 𝐂𝐡𝐮𝐨𝐧𝐠 𝐀𝐮𝐭𝐨 Đẳng cấp xe lướt Bên em chuyên trao đổi ô tô đã qua sử dụng , xe ô tô đời mới lướt Bảo hành khi mua xe tại showroom lên đến 2 năm Hổ trợ vay ngân hàng lãi suất thấp - thủ tục nhanh gọn .𝐃𝐮𝐲𝐞𝐭 𝐡𝐨 𝐬𝐨 𝐯𝐚𝐲 𝐭𝐫𝐨𝐧𝐠 𝐯𝐨𝐧𝐠 𝟓 𝐏𝐡𝐮𝐭 . Không cần chứng minh thu nhập. Nói không với xe đâm đụng - ngập nước tại showroom KC Auto. Hoàn trả 100 tiền nếu phát hiện lỗi ở toàn quốc . Hổ trợ vay ngân hàng đối với khách hàng bị nợ xấu lãi suất tốt . --- Theo dõi Showroom để luôn cập nhật những dòng xe siêu lướt tại KC mọi người nhé . Địa chỉ 38-40 Nguyễn Phước Lan - TP Đà Nẵng"
p13_s3_1774728539,Mazda 3,1.5 AT Sedan,2016,336.0,120000.0,Tự động,Xăng,Sedan,Khác,Cam,True,5,1.5,FWD,2,car_p13_s3_1774728539,"Mazda 3 1.5AT - 2016 Sedan hạng C, thiết kế trẻ trung, sang trọng. Động cơ 1.5L SkyActiv mạnh mẽ, vận hành êm ái, tiết kiệm xăng khoảng 6L/100km. Trang bị cửa sổ trời, chìa khoá smartkey, đề nổ start/stop, màn hình giải trí, camera lùi, lẫy số trên vô lăng, hệ thống an toàn ABS, cân bằng điện tử, nhiều túi khí. Xe đi kỹ, bảo dưỡng đều. Chính chủ cần bán, không qua trung gian."
p58_s13_1776275598,CX-5,2.0 AT,2019,645.0,48000.0,Tự động,Xăng,SUV / Cross over,Việt Nam,Cam,False,5,2.0,FWD,6,car_p58_s13_1776275598,"Xe gia đình sử dụng bảo dưỡng định kỳ đầy đủ Máy móc, hộp số nguyên bản vận hành êm ái Không đâm đụng không ngập nước Nội thất sạch đẹp vào sử dụng ngay Động cơ 2.5L mạnh mẽ, vận hành mượt Hộp số tự động êm ái, tiết kiệm nhiên liệu Ghế da chỉnh điện cao cấp Màn hình trung tâm, camera lùi Điều hòa tự động 2 vùng độc lập Phanh ABS, cân bằng điện tử, hỗ trợ khởi hành ngang dốc Chìa khóa thông minh, đề nổ Start/Stop Mâm đúc thể thao, đèn LED hiện đại XEM XE TRỰC TIẾP TẠI GÒ VẤP"
p3_s4_1776267908,CX-30,Premium 2.0 AT,2022,638.0,38000.0,Tự động,Xăng,SUV / Cross over,Việt Nam,Khác,True,5,2.0,FWD,6,car_p3_s4_1776267908,"THẾ GIỚI Ô TÔ vừa về MAZDA CX30 2.0 PREMIUM SX 2022 ODO 38.000 KM . 1 CHỦ TỪ ĐẦU BẢO DƯỠNG HÃNG MAZDA . Xe trang bị phim 3 M crystaline , sàn 5 D Xe trang bị những tính năng Gói an toàn chủ động i-Activsense.Ghế ngồi Bọc da cao cấp, ghế lái chỉnh điện 10 hướng và nhớ 2 vị trí.Màn hình giải trí 8.8 inch kết nối Apple CarPlay/Android Auto.Hệ thống âm thanh 8 loa.Điều hòa Tự động 2 vùng độc lập, có cửa gió hàng ghế sau.Tiện ích khác Phanh tay điện tử Auto Hold, màn hình hiển thị kính lái HUD, gương chiếu hậu trong xe chống chói tràn viền.Cốp sau Đóng mở điện. . Giá tham khảo 6xx .000.000 đ . Hỗ trợ BANK - Kiểm tra xe bên đơn vị thứ 3 .Cảm ơn Anh/chị đã đọc tin, vui lòng liên hệ để có thông tin chi _________________________________ 342- 344 PHẠM VĂN ĐỒNG F HẠNH THÔNG THÀNH PHỐ HỒ CHÍ MINH ĐT ZALO"
p67_s19_1776276880,Mazda 3,1.6 AT,2004,139.0,131000.0,Tự động,Xăng,Sedan,Nhật Bản,Đen,False,7,1.6,FWD,6,car_p67_s19_1776276880,Do nhu cầu đổi xe 7 chổ bán xe mazda 3 AT 2004 . Xe đi 131 000 km được trang bị màng hình Android và camera lùi hoặc động ổn định nguyên bản.
p49_s15_1774768908,Mazda 3,Sport 1.5L Luxury,2020,500.0,80000.0,Tự động,Xăng,Sedan,Việt Nam,Khác,False,5,1.5,FWD,6,car_p49_s15_1774768908,"Mazda 3 1.5AT luxury SX 2020 Odo 80000km Chuẩn zin Xe zin ko lỗi, máy số zin thuỷ kích zin Ko tai nạn đâm đụng ."
p27_s8_1776271927,Mazda 3,1.5 AT,2018,378.0,80000.0,Tự động,Xăng,Hatchback,Khác,Trắng,True,5,1.5,FWD,6,car_p27_s8_1776271927,"Mazda 3 hatchback xe đi gia đình chính chủ đời 2018 màu trắng, xe chạy 80,000 km, phanh tay điện tử. - Không tai nạn, không ngập nước, bảo dưỡng hãng. - Xe không tranh chấp, không phạt nguội. - Xe mua về chỉ cần đổ xăng là đi. - Liên hệ em để xem xe trực tiếp."
p70_s14_1776277143,Mazda Other,S 1.6 AT,2014,315.0,72000.0,Tự động,Xăng,Sedan,Việt Nam,Khác,False,5,1.6,FWD,6,car_p70_s14_1776277143,"cần bán M3 2014 giá 315tr , km đã đi 72k, xem xe Long An cũ"
p1_s8_1776267547,Mazda Other,2.0 Premium,2023,725.0,40000.0,Tự động,Xăng,SUV / Cross over,Việt Nam,Cam,False,5,2.0,FWD,6,car_p1_s8_1776267547,"Hoàng Thanh Auto chào bán xe Mazda cx5 2.0 premium 2023 bản full, odo 4 vạn km, tên cá nhân Option 2 ghế điện, hud kính, loa bose, cảnh báo va chạm lệch làn, cửa nóc, phanh điện tử, cốp điện 4 quả lốp theo xe còn dày mới, lốp sơ cua chưa hạ, Cam kết khung gầm máy móc cột kèo keo chỉ đinh tán zin Bao check test toàn quốc theo yêu cầu Hỗ trợ vay bank 70 giá trị xe"
p44_s16_1776273695,Mazda 3,Unknown,2017,430.0,120000.0,Tự động,Xăng,Sedan,Khác,Đỏ,False,5,2.0,FWD,6,car_p44_s16_1776273695,"Cần bán Mazda 3 sản xuất đăng ký 2017 lên form 2018 hiện đại, dáng thể thao trẻ trung, cực kỳ hợp anh em thích xe đẹp lái sướng tiết kiệm nhiên liệu. Màu đỏ nổi bật, nước sơn căng bóng Xe đi ít, chủ sử dụng giữ gìn cẩn thận Nội thất sạch sẽ, Vô lăng , Sàn trần đẹp zin Động cơ hộp số chưa bổ, vận hành êm ái Cam kết không đâm đụng, không ngập nước Mazda 3 nổi tiếng Lái đầm chắc, chi phí thấp trong phân khúc Thiết kế KODO thể thao, không lỗi mốt Chi phí sử dụng hợp lý, tiết kiệm nhiên liệu Anh em đang tìm một chiếc sedan hạng C đẹp chất giá hợp lý thì đây là lựa chọn rất đáng cân nhắc. Liên hệ ngay để xem xe trực tiếp và thương lượng giá tốt. Xe đẹp chỉ dành cho người quyết nhanh liên hệ"
p30_s7_1776272435,CX-5,Premium,2022,725.0,14000.0,Tự động,Xăng,SUV / Cross over,Việt Nam,Cam,True,5,2.0,FWD,6,car_p30_s7_1776272435,Mazda Cx5 premium 2022 lướt 14.000 km. 100 bảo dưỡng hãng. sơn zin cả xe. Một chủ mua mới 12/2022 thơm mùi xe mới. Tiết kiệm hơn 200tr mua mới phụ kiện giá trị camera màn hình 360 film 3m phủ Cecramic vvv Check test giao toàn quốc tận nhà khách. Xe xe tại nhà Chợ Tam Hà Thủ Đức Anh Chị thiện chí liên hệ trực tiếp để được báo giá . Vì lí do cv di chuyển không tiện trả lời tin nhắn xin thông cảm . Xin Cám ơn
p18_s2_1774759964,CX-5,Luxury,2024,766.0,3800.0,Tự động,Xăng,SUV,Khác,Khác,True,5,2.0,FWD,6,car_p18_s2_1774759964,"Mazda CX-5 2024 bản Luxury, mua tháng 12/2024 Xe cá nhân chính chủ, sử dụng cực ít mới chạy 3.800 km"
p42_s14_1776273619,CX-5,2.5 AT,2017,530.0,60000.0,Tự động,Xăng,SUV,Khác,Trắng,False,5,2.5,FWD,6,car_p42_s14_1776273619,"Mazda CX-5 2.5 AT sản xuất 2017 , màu trắng / đen , lăn bánh 6v km zin full bảo dưỡng hãng"
p36_s6_1774765939,BT-50,2.2,2015,339.0,170000.0,Tự động,Dầu,Bán tải,Thái Lan,Đen,False,5,2.2,FWD,6,car_p36_s6_1774765939,Bt50 sản suất 2015 bản 1 cầu 2.2 Xe đã chạy được 17 vạn Giá bán 339 triệu LH
p10_s16_1774728134,Mazda 2,AT,2012,210.0,1000.0,Tự động,Xăng,Hatchback,Khác,Trắng,False,5,2.0,FWD,6,car_p10_s16_1774728134,"Bán Mazda 2 màu trắng, xe 5 chỗ, số tự động, dùng xăng. - Thiết kế trẻ trung, nhỏ gọn, dễ di chuyển trong phố. - Nội thất tiện nghi, vận hành êm ái. - Xe giữ gìn cẩn thận,bảo dưỡng định kỳ"
p74_s3_1776277840,Mazda 3,Unknown,2017,386.0,80000.0,Tự động,Xăng,Sedan,Việt Nam,Khác,True,5,2.0,FWD,6,car_p74_s3_1776277840,"Mình chính chủ bán chiếc xe Mazda3 đời 2017 đi 8 vạn. Xe không tai nạn ngập nước, máy số, gầm bệ, keo chỉ, nội thất nguyên rin. Giá 386 triệu - Tín"
p6_s7_1776268374,Mazda 6,2.0 AT,2016,395.0,76123.0,Tự động,Xăng,Sedan,Việt Nam,Khác,True,5,2.0,FWD,2,car_p6_s7_1776268374,"Nhà mình muốn đổi xe mới nên mới bán xe này ,chiếc xe còn rất đẹp từ trong ra ngoài ,mọi thứ còn zin nguyên bản ,ai quan tâm liên hệ với mình ,có thể đến xem xe và thử xe thoải máixe chính chủ nên yên tâm pháp lý ạ"
p45_s3_1774767796,Mazda 6,2.5 AT,2015,400.0,40000.0,Tự động,Xăng,Sedan,Nhật Bản,Trắng,False,5,2.5,FWD,2,car_p45_s3_1774767796,"Mazda 6 màu trắng, xe Nhật Bản, thiết kế sang trọng, vận hành êm ái. - Xe 5 chỗ, hộp số tự động, dùng nhiên liệu xăng. - Ngoại hình đẹp, nội thất tiện nghi. - Xe sẵn sàng lăn bánh. Xe đi chuẩn 4v klm . Bao texxt dưới mọi hình thức Xem xe hóc môn tp hcm"
p18_s16_1774760112,CX-5,2.0 AT 2WD,2018,570.0,89000.0,Tự động,Xăng,SUV / Cross over,Việt Nam,Đỏ,False,5,2.0,FWD,6,car_p18_s16_1774760112,"MAZDA CX-5 PREMIUM 2018 - XE CỰC CHẤT, GIÁ CỰC TỐT Cần tìm chủ mới cho siêu phẩm phân khúc C-SUV, xe gia đình sử dụng kỹ, ngoại hình còn rất mới. Đời xe 2018 Phiên bản Premium Bản cao cấp nhất, trang bị full option, loa Bose, HUD kính, cảnh báo chệch làn... Số km đã đi 89.000 km Chuẩn chỉnh Giá công khai 570 Triệu Có thương lượng cho anh em thiện chí Cam kết vàng Xe không đâm đụng, không ngập nước. Máy móc, khung gầm nguyên bản, vận hành êm ái. Pháp lý rõ ràng, sang tên trong ngày. Xem xe tại 133 An Dương Vương, P. An Lạc, Q. Bình Tân, TP.HCM. Liên hệ ngay để ép giá MazdaCX5 xecu"
p15_s8_1776269781,CX-5,2.0 Luxury,2023,720.0,30000.0,Tự động,Xăng,SUV / Cross over,Khác,Bạc,True,5,2.0,FWD,6,car_p15_s8_1776269781,"Mazda Cx5 2.0 Luxury 2023 Xe 1 chủ từ đầu chạy nhõn 3v km mới cứng . Lốp theo xe cả dàn , sơ cua chưa hạ Sơn zin cả xe , hiếm có thể gặp dc chiếc xe căng phấn như này . Ae đến xem xe để bàn bạc chốt xe"
p22_s5_1774760902,Mazda 3,1.5L Sport Premium,2019,430.0,90000.0,Tự động,Xăng,Hatchback,Việt Nam,Cam,True,5,1.5,FWD,6,car_p22_s5_1774760902,"mazda 3 hatchback sport 2019 Xe chủ gốc đăk lăk một chủ Xe rin bao test hãng Cam kết không tua km Ghế chỉnh điện, cửa trời..."
p2_s17_1774726546,Mazda 3,Luxury,2023,569.0,44000.0,Tự động,Xăng,Sedan,Việt Nam,Xám,True,5,2.0,FWD,6,car_p2_s17_1774726546,"MAZDA 3 LUXURY 2023, ODO CHUẨN 44.000KM, XE 1 CHỦ GIA ĐÌNH SỬ DỤNG Xe cam kết không đâm đụng, không ngập nước, odo chuẩn 44.000km Màu xe Xám Sản xuất 2023 ODO chuẩn 44.000 km Pháp lý Xe 1 CHỦ MUA MỚI TỪ ĐẦU, gia đình sử dụng."
p2_s13_1776267765,Mazda 3,Unknown,2019,460.0,34047.0,Tự động,Xăng,Sedan,Việt Nam,Đỏ,False,5,2.0,FWD,6,car_p2_s13_1776267765,Xe gia đình ít đi bao dưỡng chuẩn 34 ngàn klm
p2_s4_1776267699,BT-50,2.2 AT 2x2,2019,465.0,140000.0,Tự động,Dầu,Pick-up (bán tải),Thái Lan,Cam,False,5,2.2,FWD,6,car_p2_s4_1776267699,"Mazda BT-50 2019 nhập thái Động cơ dầu 2.2AT Odo 14 vạn Cam kết xe đẹp không lỗi bao check test thoải mái 𝐂𝐀𝐌 𝐊𝐄𝐓 𝐂𝐇𝐀𝐓 𝐋𝐔𝐎𝐍𝐆 Không đâm đụng. Không ngập nước, thuỷ kích. Máy móc, hộp số nguyên bản. Nguồn gốc xuất xứ rỏ ràng, hồ sơ hợp lệ. Thủ tục nhanh gọn giao xe ngay. 𝐂𝐇𝐄 Đ𝐎 Đ𝐀𝐌 𝐁𝐀𝐎 Hỗ trợ Test Hãng, Gara theo yêu cầu của khách. Nếu không đúng cam kết sẽ thu hồi xe bằng giá bán ra và bồi thường tất cả chi phí cho khách. Xe được kiểm tra nghiêm ngặc trước khi bán ra thị trường. Hỗ trợ bảo hàng, bảo dưỡng 6 tháng hoặc 10.000 kilomets 𝐔𝐔 Đ𝐀𝐈 Đ𝐀𝐂 𝐁𝐈𝐄𝐓 Hỗ trợ trả góp 60 giá trị xe cho những xe từ 2019 trở lên. Lãi suất hấp dẫn, thủ tục nhanh chóng Với uy tín của 1 cửa hàng lớn, trên 30 đầu xe đang bán ra, chúng tôi xin cam kết Xe bán ra không đâm đụng, không ngập nước, nếu sai sẽ bồi thường gấp đôi tiền cọc. Xe được kiểm tra nghiêm ngặt trước khi bán ra thị trường, nên khách hàng tuyệt đối yên tâm. Bảo hành 6 tháng, hoặc 10.000 kilomet. Thủ tục nhanh gọn giao xe ngay. Đặc biệt chúng tôi có hỗ trợ trả góp qua bank lên đến 60 giá trị xe cho những xe sx từ 2019 __________ 𝐀𝐝𝐝𝐫𝐞𝐬𝐬 119 𝐋𝐞 𝐇𝐨𝐧𝐠 𝐏𝐡𝐨𝐧𝐠, 𝐓𝐚𝐧 Đ𝐨𝐧𝐠 𝐇𝐢𝐞𝐩, 𝐃𝐢 𝐀𝐧, 𝐁𝐢𝐧𝐡 𝐃𝐮𝐨𝐧𝐠"
p27_s3_1774763929,Mazda 3,2.0 MT,2009,195.0,186979.0,Số sàn,Xăng,Sedan,Đài Loan,Khác,False,4,2.0,FWD,1,car_p27_s3_1774763929,Xe đã sơn đẹp cả xe và dọn nội thất sạch sẽ máy số ngon các bác xem chạy thử e đảm bảo là ưng. Vời tầm giá 200tr đây là chiếc xe xuất sắc nhất rồi ạ Xe không lỗi có check test mọi đơn vị ạ
p50_s12_1774769111,Mazda 3,1.5 AT Hatchback,2015,359.0,60000.0,Tự động,Xăng,Hatchback,Khác,Bạc,True,5,1.5,FWD,2,car_p50_s12_1774769111,"SẮM OTO ĐI TẾT ANH EM ƠIIIIIIII MAZDA 3 2015 1.5 AT xe gốc Gia Lai 1 chủ mua mới từ đầu Odo 6 vạn chuẩn Xe phố chính chủ dễ dàng sang tên Máy móc zin nguyên êm ru Xe chưa đâm đụng ngập nước Đã lên màu cực dễ thương NHANH TAY NÀOOOOOOO Giá ib mình sẽ có giá nhé 𝐇Ỗ 𝐓𝐑𝐎 𝐓𝐑𝐀 𝐆𝐎𝐏 𝐔𝐔 Đ𝐀𝐈 Trả góp 0đ - không cần trả trước Duyệt hs nhanh Không thẩm định người thân Hỗ trợ cả khách có nợ xấu CẦM ĐỒ NINA CỨ ĐƯA LÀ CẦM An toàn Minh bạch Thủ tục nhanh gọn DỊCH VỤ ĐA DẠNG Công nghệ - Điện tử Máy tính, laptop Máy ảnh, máy quay phim Máy chiếu, console game Đồ chơi công nghệ cao Phương tiện giao thông Xe đạp, xe máy Ô tô, xe tải Tài sản giá trị Vàng, trang sức Bằng lái xe các loại Khác Sim số đẹp Đồ dùng văn phòng Đồ điện gia dụng GỌI NGAY/ZALO - Địa chỉ 106a Cách Mạng Tháng 8 - Pleiku- Gia Lai Địa chỉ 04 Nguyễn Tất Thành - Pleiku- Gia Lai Địa chỉ 292 Lê Duẩn - Pleiku- Gia Lai FB CẦM ĐỒ NINA HỖ TRỢ NHIỆT TÌNH ĐỊNH GIÁ NHANH BẢO QUẢN TÀI SẢN AN TOÀN MáyTính Laptop Macbook PC MáyẢnh MáyQuay MáyChiếu Loa Amply ConsoleGame Nintendo Sim XeMáy Ôtô XeTải XeĐạp TrangSức ĐồngHồ Casio MáyIn MáyFax Tivi TủLạnh MáyGiặt ĐiềuHoà"
p62_s4_1776276149,Mazda 2,1.5 AT Luxury,2020,355.0,12000.0,Tự động,Xăng,Sedan,Thái Lan,Khác,False,5,1.5,FWD,6,car_p62_s4_1776276149,GĐ dư xe ko sử dụng đến. Mua mới từ 2020 đến h mới đi đc 12 ngàn km. Mọi thứ trên xe đều mới như hãng. Anh chị thiện chí mua vui lòng gọi giúp e. Xin cảm ơn
p1_s10_1774726239,Mazda Other,2.2 AT 2WD,2017,385.0,120000.0,Tự động,Dầu,Pick-up (bán tải),Thái Lan,Cam,True,5,2.2,FWD,2,car_p1_s10_1774726239,"Hoàng Thanh Auto chào bán xe Mazda BT50 2.2AT 2017 máy dầu số tự động, xe nhập khẩu Thái Lan tên cá nhân 1 chủ xe đẹp zin, lốp mới 4 quả Xe bán cam kết nguyên zin, không đâm đụng ngập nước Máy số zin keo chỉ khung gầm cột kèo zin Bao check test toàn quốc"
p4_s12_1776268134,Mazda 3,Luxury,2022,520.0,36000.0,Tự động,Xăng,Sedan,Khác,Đen,True,5,2.0,FWD,6,car_p4_s12_1776268134,"Nhà mình cần bán hoặc đổi xe điện .. Mazda3 Luxury 2022 mua mới từ đầu , sử dụng kỹ bảo dưỡng hãng đầy đủ , cam kết xe máy móc zin không va chạm , không ngập nước . Bao kiểm tra hãng trước khi công chứng - xe mới chạy hơn 3 vạn , có bớt cho người xem mua nhanh"
p11_s3_1774728204,Mazda 6,2.5 AT,2016,389.0,130000.0,Tự động,Xăng,Sedan,Việt Nam,Khác,True,5,2.5,FWD,6,car_p11_s3_1774728204,"E chính chủ cần bán Mazda 6 2016 2.5 AT Full kịch sàn , chạy 13 vạn xịn , bao check test hãng . Xe 1 chủ mua mới từ đầu , Full ls bảo dưỡng hãng , xe zin không lỗi ."
p6_s13_1774727373,CX-5,2.0,2016,455.0,95000.0,Tự động,Xăng,SUV,Khác,Trắng,True,5,2.0,FWD,6,car_p6_s13_1774727373,mada cx5 sản xuất 2016 máy 2.0 xe 1 chủ mua mới từ đầu. xe rất đep máy zin. nôi thất zin gầm đep. mâm zin vỏ mới. xe khg lỗi
p64_s6_1776276375,Mazda 3,1.5L Deluxe,2022,505.0,35000.0,Tự động,Xăng,Sedan,Việt Nam,Trắng,True,5,1.5,FWD,7,car_p64_s6_1776276375,"E chính chủ cần bán xe m3 deluxe dky tháng 11 năm 22 dkiem đến 2027. Odo 3v5 bao check xe zin ko đâm đụng ngập nước keo chỉ máy số nguyên bản bảo dưỡng full lsu hãng sơn còn 90 mong muốn bán cho ae nào mua về sdung, mua bán chính chủ"
p31_s14_1774765006,Mazda 3,1.5 AT,2018,429.0,100000.0,Tự động,Xăng,Sedan,Khác,Trắng,False,5,1.5,FWD,6,car_p31_s14_1774765006,"MAZDA 3 2018 XE HẠNG C , GIÁ CHỈ HƠN 400 TRIỆU Nếu anh em đang tìm một chiếc xe vừa đi làm sang, vừa đi chơi lịch lãm thì không thể bỏ qua em Mazda 3 này Đời xe Sản xuất 2018, form dáng Kodo trẻ trung, vượt thời gian. Option nổi bật Đã có phanh tay điện tử, chế độ lái Sport, cửa sổ trời, màn hình Mazda Connect... Nguồn gốc Biển Hà Nội Tình trạng Odo 10v km Xe chạy giữ gìn, bảo dưỡng đều, máy móc êm. Cam kết Bao check test toàn quốc theo yêu cầu. Xe sẵn sử dụng, không cần tốn thêm chi phí bảo dưỡng. Giá chào bán 429 Triệu Có thương lượng sâu cho anh em thiện chí."
p16_s3_1774759486,Mazda 3,1.5 Luxury,2025,628.0,12000.0,Tự động,Xăng,Sedan,Khác,Xanh,False,5,1.5,FWD,6,car_p16_s3_1774759486,"Mazda 3 Luxury đời 2025 màu xanh, xe 5 chỗ, số tự động, chạy xăng. - Thiết kế sang trọng, nội thất tiện nghi. - Động cơ vận hành êm ái, tiết kiệm nhiên liệu. - Xe giữ gìn cẩn thận, sẵn sàng lăn bánh."
p72_s6_1776277464,Mazda 2,Unknown,2022,385.0,70000.0,Tự động,Xăng,Hatchback,Thái Lan,Trắng,False,5,2.0,FWD,6,car_p72_s6_1776277464,Xe đi hơn 7 vạn. Ko xíu lỗi Bản ful. Giá cực rẻ rồi
p12_s11_1776269301,Mazda Other,2.5 Premium,2024,939.0,19000.0,Tự động,Xăng,SUV / Cross over,Việt Nam,Khác,True,7,2.5,FWD,6,car_p12_s11_1776269301,"Tôi cần bán chiếc xe Mazda CX 8 thông tin như sau - Sản xuất 2024, bane Premium cao cấp - Lăn bánh 19.000km , bảo dưỡng đầy đủ hãng - Xe 1 chủ, giữ gìn kĩ càng. Bao đâm đụng, thuỷ kích, cây số chuẩn Mong tiếp ACE thiện trí, giá thương lượng với ACE Xin cám ơn"
p19_s3_1776270687,Mazda 3,Deluxe,2024,550.0,8000.0,Tự động,Xăng,Sedan,Việt Nam,Khác,False,4,2.0,FWD,6,car_p19_s3_1776270687,"CẦN BÁN MAZDA 3 DELUXE 2024 LƯỚT 8.000 KM NHƯ MỚI Ưu đãi Hỗ trợ vay ngân hàng 70 định giá. Bao test hãng toàn quốc. Bảo hành từ 3 - 6 tháng. Tặng spa bảo dưỡng, thay nhớt khi giao xe. Nhận trao đổi bù trừ xe khác. Giao xe tận nơi toàn quốc. Xem xe tại KĐT Vạn Phúc, Thủ Đức, TpHCM. TƯ VẤN NHIỆT TÌNH - HỖ TRỢ HẾT MÌNH Vui lòng liên hệ số điện thoại bên dưới để được tư vấn chi tiết."
p26_s2_1774763715,Mazda 3,1.5L Luxury,2022,526.0,50000.0,Tự động,Xăng,Sedan,Khác,Đỏ,True,5,1.5,FWD,6,car_p26_s2_1774763715,"MAZDA 3 LUXURY 2022 một chủ từ mới đi hơn 4v bảo dưỡng full hãng. Lốp theo xe cả dàn Xe cam kết không đâm va ngập nước bao check test theo yêu cầu lỗi tặng xe. Ace quan tâm lh Xem xe tại 112, đường Bắc Nam, p. Phan Đình Phùng, Thái Nguyên."
p11_s8_1776269115,Mazda 2,Luxury,2024,465.0,5500.0,Tự động,Xăng,Hatchback,Khác,Khác,False,5,2.0,FWD,6,car_p11_s8_1776269115,Mazda 2 bản luxury sản xuất 2024 đăng kí lần đầu 2025 xe ít đi nên mới 100. Odo 5500km sơn zin 100 .
p46_s7_1774768089,CX-5,Premium Exclusive 2.0 AT,2024,855.0,14000.0,Tự động,Xăng,SUV / Cross over,Việt Nam,Xanh,False,5,2.0,FWD,6,car_p46_s7_1774768089,Cx5 exclusive sx2024 14.000km giữ làn bám đuổi hud kính nhớ ghế cốp điện... Chào 800 máy chục tr Xe gần như đập hộp rẻ dc hơn trăm củ dùng để lì xì năm mới
p33_s4_1774765326,CX-5,2.5 AT,2018,579.0,90000.0,Tự động,Xăng,SUV / Cross over,Việt Nam,Trắng,False,5,2.5,FWD,6,car_p33_s4_1774765326,"Lướt đến đây quý anh chị nghỉ tay xem ngay bài này đã nhé Biết đâu tìm từ lâu giờ mới thấy ưng ý E có Mazda CX5 bản full 2.5 AT sx 2018 fom mới odo hơn 9v km - Chủ xe rất giữ gìn và bảo dưỡng đầy nên xe siêu mới, nội thất da căng mịn, máy số khô sạch sáng nổ êm ru, gầm bệ chắc nịch - chạy thử 1 vòng chắc chắn hài lòng - đã lên màn hình cảm ứng cỡ lớn có cam 360, Đèn viền nội thất.... Ảnh chụp mộc chưa Spa nhé Cam kết động cơ nguyên bản, k tai nạn,k ngập nước, bao test hãng hoặc mọi gara Giá rất hợp lý và có thương lượng sâu cho ace thiện chí Quý anh chị hợp nhu cầu alo hoăc zalo e nhé Cảm ơn đã xem bài"
p37_s18_1774766229,Mazda 3,1.5L Luxury,2024,612.0,10600.0,Tự động,Xăng,Sedan,Việt Nam,Cam,False,5,1.5,FWD,6,car_p37_s18_1774766229,"Mazda 3 Luxury 2024 lướt 10.600km Odo 10.600km Giá bán 612 triệu Lên màn androi, cam360, phim cách nhiệt, áp suất lốp, led nội thất,.... CAM KẾT 𝐎𝐃𝐎 𝐂𝐡𝐮𝐚𝐧 - 𝐊𝐡𝐨𝐧𝐠 Đ𝐚𝐦 Đ𝐮𝐧𝐠 𝐍𝐠𝐚𝐩 𝐍𝐮𝐨𝐜 Xem xe Cần Thơ Lh"
p57_s9_1776275414,Mazda 6,2.0 MT,2004,125.0,186000.0,Số sàn,Xăng,Sedan,Nhật Bản,Cam,True,5,2.0,FWD,6,car_p57_s9_1776275414,"Mazd6 2004 2.0 bản đủ 2 túi khí, chính chủ biển tp gốc tp. Máy êm mạnh mẽ, dòng xe bền bỉ, tiết kiệm nhiên liệu, khung gầm chắc chắn chạy đầm chắc, hệ thống chống trơn trượt, thắng đĩa ABS an toàn., sơn mỏng bóng đẹp, hệ thống chỉnh điện hoàn hảo zin, đã lắp bi rất sáng. nội thất da nỉ zin, trần sàn nỉ zin sạch sẽ, đã lót thảm 3D sạch đẹp, ghế da zin sach sẽ. Kính đã dán fim cách nhiệt xịn toàn xe, Điều hoà mát, hệ thống nghe nhạc 6 đĩa zin đã lắp màn hình led lớn tích hợp camera hành trình, camera lùi, dàn mâm zin đẹp, vỏ mới, mới kiểm đăng kiểm, remot bloc cửa đầy đủ.chính chủ ký mua bán hay ủy quyền ok nhanh gọn, bao rút hồ sơ.. xe về chỉ đổ xăng là đi. Mời ae có nhu cầu đưa kỷ thuat đến xem teét độ chất cùa xe, Thank chợ tốt."
p8_s2_1774727671,Mazda Other,Unknown,2016,348.0,152000.0,Tự động,Dầu,Unknown,Thái Lan,Khác,False,5,2.0,FWD,6,car_p8_s2_1774727671,"Đổi xe nhà cần bán Bt50 2016 rất đẹp, đi đó giờ k đâm va chỉ xướt sát sơn dặm, máy móc zin, nắp thùng thấp, bảo dưỡng định kì, cách âm cực kì tốt, xe có lên màn hình bọc trần ghế đầy đủ, lốp mới, mua về chỉ chạy k phải làm gì cũng mới bảo dưỡng và đăng kiểm, ai mua liên hệ xin cảm ơn"
p24_s8_1776271478,Mazda 3,1.5L Premium,2019,415.0,80000.0,Tự động,Xăng,Sedan,Nhật Bản,Cam,True,5,1.5,FWD,6,car_p24_s8_1776271478,Gia đình đổi xe cần bán Mazda 3 đời 2019 bản đủ premium máy 1.5 ăn ít xăng tên chính chủ tôi gia đình đi ít mới 8 vạn cam kết nguyên rin cả xe ai có nhu cầu mua xin liên hệ xem xe tại nghi Xuân Hà Tĩnh xin cảm ơn
p30_s10_1774764730,CX-3,Premium,2022,570.0,26000.0,Tự động,Xăng,SUV,Khác,Xám,False,5,2.0,FWD,6,car_p30_s10_1774764730,"Em có con mazda CX3 bản premium mua cuối năm 2022 còn rất mới - ô tô sạch sẽ đẹp chưa sửa chữa, ổn định Tình trạng đi được 26.000km nữ đi ít chỉ chở con quanh thành phố Nguyên zin, không ngập nước, không tai nạn, không lỗi 5XX triệu Quan tâm ib hoặc alo em"
p17_s8_1774759810,CX-5,Premium,2024,805.0,8000.0,Tự động,Xăng,SUV / Cross over,Việt Nam,Khác,False,5,2.0,FWD,6,car_p17_s8_1774759810,"Nhu cầu đổi xe. Bán xe Mazda CX5 Premium Active. xe lăn bánh tháng 12/2024. Chạy 8.000 km, xe không lỗi nhỏ. Gia đình sử dụng cẩn thận, ít dùng. Giá bán 805 triệu. Liên hệ"
p50_s4_1774769026,Mazda 3,1.5L Luxury,2024,615.0,16000.0,Tự động,Xăng,Hatchback,Việt Nam,Cam,False,5,1.5,FWD,6,car_p50_s4_1774769026,"MAZDA 3 LUXURY 2024 XE LƯỚT CỰC ĐẸP, GIÁ HỜI Mazda 3 Luxury 2024 Odo 16.000 km xe chạy lướt, còn rất mới Giá 627 lựa chọn quá tốt trong phân khúc sedan hạng C Điểm nổi bật Thiết kế KODO hiện đại, trẻ trung, form xe thể thao Động cơ 1.5L vận hành êm ái tiết kiệm nhiên liệu Hộp số tự động mượt mà, phù hợp đi phố đường dài Nội thất sang trọng ghế da, màn hình trung tâm, vô lăng tích hợp phím chức năng An toàn vượt trội Cruise Control, Camera lùi, cảm biến, cân bằng điện tử, hỗ trợ khởi hành ngang dốc Cam kết Xe chuẩn pháp lý, không tai nạn, không thủy kích Odo chuẩn bao check test hãng/toàn quốc Hỗ trợ sang tên nhanh gọn Quan tâm inbox hoặc gọi ngay để xem xe thương lượng giá tốt"
p7_s1_1774727464,CX-5,2.0 Premium,2019,646.0,27000.0,Tự động,Xăng,SUV / Cross over,Việt Nam,Đen,True,5,2.0,FWD,6,car_p7_s1_1774727464,"Mazda CX5 2.0L Premium 2019 Động cơ xăng 2.0L Skyactive San xuat 2019 Bien so tỉnh, Xe cá nhân đứng tên 1 chủ từ đầu Odo 27.000km Full lịch sử bảo dưỡng hãng, Sai tặng xe Gia Thương Lượng khi khach hang đen xem xe truc tiep. Option Film cách nhiệt cao cấp, Lót sàn Simily, Màn hình cảm ứng - Camera de, Cửa sổ trời, Ốp inox bệ bước lên xuống,....... Thu tuc sang ten đoi chu nhanh gon. Cam ket KHÔNG ĐÂM ĐỤNG KHÔNG NGẬP NƯỚC ODO ZIN ----------------------------------------------------------- AUTO PHÚ MỸ HƯNG 419 Đào Trí, Phường Phú Thuận, Quận 7, TP.HCM"
p54_s9_1776275109,Mazda Other,Deluxe,2020,699.0,62000.0,Tự động,Xăng,SUV / Cross over,Việt Nam,Đen,False,7,2.0,FWD,6,car_p54_s9_1776275109,"𝐌𝐚𝐳𝐝𝐚 𝐂𝐗-𝟖 𝟐.𝟓𝐀𝐓 𝐌𝐨𝐝𝐞𝐥 𝟐𝟎𝟐𝟏 𝐒𝐢𝐞𝐮 Đ𝐞𝐩 Xe màu Đen / Nội thất Đen Sản xuất 2020 ODO 6v km Full Ls Hãng Xe trang bị Động cơ Skyactiv-G 2.5L, Hộp số tự động 6 cấp, Hệ thống đèn full LED, Mâm hợp kim 19 inch, Ghế chỉnh điện bọc da cao cấp, Điều hoà 3 vùng độc lập, Màn hình 7 inch kết nối Apple Carplay và Android Auto, 6 Loa, Cốp điện, 6 túi khí, Camera sau,. Trang bị thêm Film cách nhiệt, thảm lót sàn, 𝐂𝐀𝐌 𝐊𝐄𝐓 Không đâm đụng Không ngập nước Không tua Km"
p71_s14_1776277344,Mazda 3,GLX 1.6MT,2000,55.0,12345.0,Số sàn,Xăng,Sedan,Nhật Bản,Khác,False,5,1.6,FWD,6,car_p71_s14_1776277344,Cần bán xe mazda 323 xe chạy ngon lành mạnh.máy lạnh mát tê tái.xem xe tại nhà
p39_s12_1774766622,BT-50,MT,2020,430.0,170000.0,Số sàn,Dầu,Pick-up (bán tải),Khác,Nâu,False,5,2.0,FWD,6,car_p39_s12_1774766622,"BÁN GẤP Mazda BT-50 số sàn 2 cầu màu nâu cà phê cực chất, sản xuất 2020, đã chạy 17v. Xe máy dầu bền bỉ, cài cầu điện hoạt động tốt, leo đèo đi công trình vô tư. Trang bị điều hòa mát sâu, kính chỉnh điện, màn hình giải trí, ghế nỉ rộng rãi. Khung gầm chắc chắn, vận hành ổn định, tiết kiệm nhiên liệu. Phù hợp đi làm, chở hàng hoặc off-road cuối tuần. Giá tốt cho anh em thiện chí XE ĐẸP CĂNG - AE TỰ TIN NHẬN CỌC"
p74_s0_1776277814,Mazda 2,1.5 AT,2013,238.0,7000.0,Tự động,Xăng,Hatchback,Việt Nam,Đỏ,False,5,1.5,FWD,1,car_p74_s0_1776277814,"Chiếc Mazda 2S Hatchback đời 2013, màu đỏ quyến rũ, đang tìm chủ nhân mới. Xe được sản xuất tại Việt Nam, mang đến sự tiện lợi và linh hoạt trong di chuyển hàng ngày. Thông tin chi tiết Loại xe Hatchback nhỏ gọn, phù hợp cho đô thị. Năm sản xuất 2013. Xuất xứ Việt Nam. Số chỗ ngồi 5 chỗ Màu sơn Đỏ nổi bật. Nhiên liệu Xăng. Hộp số Tự động, vận hành êm ái. Số Odo 7000 km, xe ít sử dụng. Xe được trang bị hộp số tự động, giúp việc lái xe trở nên dễ dàng và thoải mái hơn, đặc biệt trong điều kiện giao thông đô thị đông đúc. Động cơ xăng mạnh mẽ vừa đủ, kết hợp với thiết kế nhỏ gọn, giúp xe tiết kiệm nhiên liệu và dễ dàng di chuyển trên các con phố nhỏ. Nội thất xe được thiết kế đơn giản nhưng vẫn đảm bảo tiện nghi cơ bản cho người sử dụng. Hệ thống giải trí đáp ứng nhu cầu nghe nhạc, radio. Hệ thống an toàn bao gồm phanh ABS, túi khí, đảm bảo an toàn cho người lái và hành khách. Xe được bảo dưỡng định kỳ, hoạt động ổn định. Đây là lựa chọn phù hợp cho những ai tìm kiếm một chiếc xe nhỏ gọn, tiết kiệm nhiên liệu và dễ dàng di chuyển trong thành phố."
p62_s5_1776276160,Mazda 2,1.5 AT,2022,375.0,44000.0,Tự động,Xăng,Sedan,Khác,Cam,False,5,1.5,FWD,6,car_p62_s5_1776276160,"Mazda 2 Sx 2022 AT Sedan 1.5 L Nhập khẩu Tư nhân Đã đi 44, 000 Km Trang bị màn hình Androi camera lùi, camera hành trình , hệ thống âm thanh, kết nối Bluetooth/USB/AUX, khởi động bằng nút bấm, gương chiếu hậu chống chói tự động, và các tính năng an toàn như ABS, EBD, BA... - 𝐂𝐡𝐞𝐜𝐤 𝐭𝐞𝐬𝐭 𝐭𝐨𝐚𝐧 𝐪𝐮𝐨𝐜 -X𝐞 𝐤𝐡𝐨𝐧𝐠 tai nạn,𝐤𝐡𝐨𝐧𝐠 𝐧𝐠𝐚𝐩 𝐧𝐮𝐨𝐜, 𝐤𝐡𝐨𝐧𝐠 𝐛𝐨 𝐦𝐚𝐲 - 𝐏𝐡𝐚𝐩 𝐋𝐲 𝐫𝐨 𝐫𝐚𝐧𝐠,"
p13_s7_1776269434,Mazda Other,Unknown,2015,400.0,170000.0,Tự động,Xăng,SUV / Cross over,Khác,Bạc,True,7,2.0,FWD,6,car_p13_s7_1776269434,"Mazda CX-9 màu bạc, dòng SUV 7 chỗ rộng rãi, phù hợp gia đình. - Thiết kế sang trọng, nội thất tiện nghi. - Động cơ mạnh mẽ, vận hành êm ái. - Xe giữ gìn cẩn thận, sẵn sàng sử dụng. Năm sản xuất 2015 ODO 170,000 km 17 vạn Xe 1 chủ từ đầu, sử dụng gia đình Bảo dưỡng định kỳ đầy đủ, máy móc êm Không đâm đụng, không ngập nước Nội thất sạch sẽ, rộng rãi 7 chỗ Động cơ mạnh, chạy ổn định Do không sử dụng nhiều nên cần bán lại cho người thiện chí Giá mong muốn 400 triệu tròn Xem xe tại Phường Bình Thạnh Liên hệ Ai cần xe gia đình rộng, đi xa"
p20_s8_1774760501,Mazda 3,1.5L Deluxe,2020,445.0,70000.0,Tự động,Xăng,Sedan,Khác,Trắng,False,5,1.5,FWD,6,car_p20_s8_1774760501,"Mazda3_2020 máy số keo chỉ zin nguyên bản, không cấn đụng ngập nước Giá loanh quanh 4đ Lh Đc ql25 Tuy Hoà Phú Yên Đắk Lắk mới"
p40_s0_1774766696,Mazda 6,Unknown,2017,486.0,96000.0,Tự động,Xăng,Sedan,Việt Nam,Khác,True,5,2.0,FWD,6,car_p40_s0_1774766696,"Xe chính chủ trùng tên trên đăng ký xe, xem xe tại nhà riêng sản xuất 2017, đăng ký 2018, ít sử dụng, nguyên bản, chưa tai nạn, ngập nước, máy móc ngon, full lịch sử hãng"
p46_s5_1774768058,Mazda 6,2.0 Premium,2017,440.0,111000.0,Tự động,Xăng,Sedan,Nhật Bản,Khác,False,5,2.0,FWD,2,car_p46_s5_1774768058,Hiện e cần bán xe mazda 6 gd sữ dụng bản 2.0 premium full option lên mấy chục tiền đồ Tình trạng xe máy số keu chỉ zin ko đâm đụng ngập nước odo 113 ngàn Giá bán 440tr xem xe đà lạt lâm đồng
p37_s17_1774766217,Mazda 3,3.0,2022,505.0,13000.0,Tự động,Xăng,Sedan,Khác,Khác,False,5,3.0,FWD,6,car_p37_s17_1774766217,"Đầu năm e lên sóng 𝐌𝐚𝐳𝐝𝐚 𝟑 𝟐𝟎𝟐𝟐. 𝐎𝐝𝐨 𝟏𝟑.𝟎𝟎𝟎𝐤𝐦 rất mới. Mẫu xe Sedan phân khúc C được rất nhiều người lựa chọn. Giá hợp lí đầu xuân. Anh chị quan tâm alo em nhé - 𝐂𝐚𝐦 𝐊𝐞𝐭 Xe đẹp, Không Cấn Đụng Ngập Nước 𝑻𝒉𝒂𝒏𝒉 𝑵𝒂𝒎 𝑨𝒖𝒕𝒐 𝑫𝒂𝒌𝑳𝒂𝒌 - Chuyên Mua, Bán Xe Ôtô Đã Qua Sử Dụng. - Chuyên Nghiệp - Lịch Sự - Tận Tâm 𝐔𝐲 𝐓𝐢𝐧-𝐂𝐡𝐚𝐭 𝐋𝐮𝐨𝐧𝐠 Đ𝐚𝐭 𝐋𝐞𝐧 𝐇𝐚𝐧𝐠 Đ𝐚𝐮 𝟔𝟕𝟔-𝟔𝟕𝟖 𝐕𝐨 𝐕𝐚𝐧 𝐊𝐢𝐞𝐭, 𝐏.𝐓𝐡𝐚𝐧𝐡 𝐍𝐡𝐚𝐭 𝐃𝐚𝐤𝐋𝐚𝐤."
p34_s18_1776273092,BT-50,MT,2022,450.0,50000.0,Số sàn,Dầu,Pick-up (bán tải),Khác,Đỏ,False,5,2.0,FWD,6,car_p34_s18_1776273092,"Mazda BT50 màu đỏ, đăng ký 2022, odo 50.000 km , 5 vỏ còn theo xe ,xe đẹp k lỗi nhỏ - Xe số sàn, vận hành mạnh mẽ, bền bỉ. - Thiết kế bán tải khỏe khoắn, phù hợp nhiều mục đích sử dụng. - Xe giữ gìn cẩn thận, sẵn sàng lăn bánh."
p9_s0_1774727836,CX-30,3.0 Luxury,2023,615.0,43000.0,Tự động,Xăng,Pick-up (bán tải),Thái Lan,Đen,False,5,3.0,FWD,6,car_p9_s0_1774727836,"Mazda CX-30 Luxury 2023 Form đẹp, máy êm, giá mềm cho anh em chốt nhanh Mazda CX-30 Luxury 2023 Odo 43.000km Giá 6xx triệu Dòng CUV quốc dân thiết kế trẻ trung, gầm cao linh hoạt, chạy phố hay đi tỉnh đều cực kỳ hợp lý. Trang bị nổi bật Đèn Full LED trước/sau Màn hình trung tâm - Apple CarPlay - Androi Auto Ghế da cao cấp Điều hòa tự động Cruise Control Camera lùi, cảm biến hỗ trợ đỗ xe Xe zin đẹp, máy số nguyên bản, nội thất giữ gìn kỹ mua về sử dụng ngay. Cam kết Không đâm đụng Không ngập nước Bao check hãng hoặc gara theo yêu cầu Hỗ trợ ngân hàng lên đến 70 Liên hệ Nhanh tay inbox hoặc gọi trực tiếp để xem xe và thương lượng giá MazdaCX30 CX30Luxury2023 XeCuGiamGia OtoLuot XeDepGiaTot"
p47_s16_1776273848,Mazda 3,Luxury,2023,555.0,40000.0,Tự động,Xăng,Sedan,Việt Nam,Đỏ,True,5,2.0,FWD,6,car_p47_s16_1776273848,Chính chủ bán Mazda3 2023 Luxury Xe đi giữ gìn chạy chuẩn 4v Km Cam kết máy số keo chỉ zin Bao check test bên thứ 3 Hỗ trợ bank 70 giá trị xe
p24_s3_1776271439,CX-3,1.5 Luxury,2025,560.0,21000.0,Tự động,Xăng,SUV,Khác,Đỏ,True,5,1.5,FWD,6,car_p24_s3_1776271439,"Mazda CX-3 bản Luxury 1.5AT 2025 nhập thái, xe cá nhân- một chủ từ đầu. Sản xuất 2025 Hộp số Số tự động Màu Đỏ ODO 21.000Km - Giá Triệu Call Phong --------------------------------- AUTO SÀI GÒN Uy Tín - Tận Tâm - Chuyên Nghiệp"
p21_s17_1774760810,Mazda 3,1.5L Deluxe,2022,525.0,35000.0,Tự động,Xăng,Sedan,Việt Nam,Khác,True,5,1.5,FWD,7,car_p21_s17_1774760810,"Mazda đời 2022 , xe 1 chủ từ đầu , xe ko có điểm chê , mua về như mới , odo 35ngàn , bớt ít lộc người thiện chí mua"
p8_s0_1776268611,Mazda 6,Unknown,2018,468.0,158900.0,Tự động,Xăng,Sedan,Khác,Trắng,False,5,2.0,FWD,6,car_p8_s0_1776268611,"Mazda 6 màu trắng, xe 5 chỗ, thiết kế sang trọng, không gian rộng rãi. - ODO 158.900 km. - Xe giữ gìn cẩn thận, vận hành êm ái. - Trang bị đầy đủ tiện nghi. - Không đâm đụng ngập nước"
p72_s16_1776277555,Mazda 3,Luxury 1.5 AT,2022,579.0,42000.0,Tự động,Xăng,SUV / Cross over,Thái Lan,Trắng,True,5,1.5,FWD,6,car_p72_s16_1776277555,"TẶNG BẢO HIỂM XE MỚI ĐĂNG KÍ , LỐP XE MỚI Ô xe này đẹp quá , chính chủ cần lên đời nên cần sang lại 5xx bé Mazda CX3 Luxury 2022 siêu lướt Phiên bản CX3 Luxury 2022 trang bị fulloption nội thất da cao cấp , Smartkey, start/stop , phanh tay điện tử , i-stop , đèn full led , túi khí quanh xe Xe mới đến 98 inbox e"
p15_s13_1774759358,Mazda 3,1.5L Deluxe,2019,455.0,90000.0,Tự động,Xăng,Sedan,Việt Nam,Đỏ,True,5,1.5,FWD,6,car_p15_s13_1774759358,"Mazda3 2019 deluxe Form mới 2020 ODOL 90.000 km Xe nguyên rin từ đầu đến cuối Xem xe 84 Phạm Hùng, Hoà Xuân, Đà Nẵng"
p13_s2_1776269405,Mazda 3,1.5L Premium,2022,550.0,58000.0,Tự động,Xăng,Sedan,Khác,Đỏ,False,5,1.5,FWD,6,car_p13_s2_1776269405,"MAZDA 3 PREMIUM 2022 Odo 58.000km. Keo chỉ, máy số nguyên zin nội ngoại thất cực đẹp, lốp sơ cua hạ. Trang bị Cửa sổ trời, HUD, phanh tay điện tử, i-Activsense đầy đủ..v.v Giá 550 triệu Bao rút hồ sơ - Hổ trợ vay ngân hàng 60, - Hổ trợ check test và giao xe mọi nơi, hổ trợ xem xe tại nhà khu vực BMT. Call/Zalo e"
p26_s19_1776271839,CX-8,2.5 Premium,2022,830.0,16000.0,Tự động,Xăng,SUV,Việt Nam,Xanh,True,7,2.5,FWD,6,car_p26_s19_1776271839,"Bán xe Mazda CX8 Premium 2022 AWD màu xanh cavansite, tên tư nhân, biển Hà Nội, 1 chủ từ mới, siêu lướt 16 nghìn km, xe rất đẹp, dàn lốp còn nguyên bản và rất dầy, lốp sơ cua mới tinh chưa hạ. Xe được trang bị động cơ xăng 2.5L, kết hợp với hộp số tự động, dẫn động 4 bánh toàn thời gian AWD cùng với rất nhiều option như nội thất da, lazang đúc, ghế chỉ điện, nhớ ghế, sấy ghế, điều hoà tự động 2 vùng độc lập, sạc điện thoại không dây, khoá thông minh, khởi động Stas/ stop, cảnh báo áp suất lốp, hệ thống âm thanh cao cấp loa Bose, phanh tay điện tử Auto hold, phanh khoảng cách, cảnh báo lệch làn, camera 360, cảm biến quanh xe, Hiển thị thông tin trên kính lái HUD Head-Up Display, Gương chiếu hậu gập điện Auto theo khoá xe, bậc cửa Hỗ trợ trả góp Vui lòng liên hệ để biết thêm chi tiết"
p3_s7_1774726699,Mazda 3,1.5 AT,2015,345.0,9000.0,Tự động,Xăng,Sedan,Việt Nam,Khác,False,5,1.5,FWD,6,car_p3_s7_1774726699,-E Bán m3 2015 xe đẹp zin - xe về sẵn đi thôi - mời các bác qua chạy thủ xe và Chek ở đây tuỳ thích
p41_s11_1774767017,Mazda Other,Premium 2.0 AT,2021,695.0,38500.0,Tự động,Xăng,SUV / Cross over,Việt Nam,Xanh,False,5,2.0,FWD,6,car_p41_s11_1774767017,"Lên sóng MAZDA_CX5 AT 2.0 Bản Premium máy xăng Date 12/2021 TP.HCM màu xanh Coban, 4 lớp thay mới, có dáng chống nhiệt 3M. bảo hiểm full xe 2 chiều còn hạn. Odo 38.000 km đúng chuẩn full lịch sử hãng, còn 3.500 km nữa mới bảo dưỡng tiếp, Biển số TP.HCM Máy móc bao Zin bao check hãng, Cam kết không cấn đụng , Không ngập nước Xe không lỗi lầm AE lấy về đi thôi Option đồ chơi gồm Camera hành trình quanh xe Màn hình Dàn đèn led Dàn thảm chân Màn hình vietmap Giấy tờ hợp pháp, hỗ trợ sang tên toàn quốc thuế 2 . Giá bán 6xx triệu Sáu trăm mấy chục triệu XX lớn, Luôn hết đồ chơi rút hồ sơ nhanh chóng và ship xe mọi miền tổ quốc Hotline / A. Phát Xe đang nằm tại 86 Đường 17A Bình Trị Đông B Quận Bình Tân TP.HCM Nhận giao lưu, mua bán, trao đổi xe, hỗ trợ trả góp qua ngân hàng hoặc quẹt thẻ tín dụng. Bao quay đầu tử 10 - 15 trong thời gian nhất định Hoa hồng hấp dẫn cho người giới thiệu"
p33_s6_1774765351,CX-30,Premium,2023,675.0,18000.0,Tự động,Xăng,Hatchback,Thái Lan,Cam,False,5,2.0,FWD,6,car_p33_s6_1774765351,"Mazda CX-30 Premium 2023 Đẹp chuẩn, chạy cực sướng Odo 17.000 km xe đi ít, giữ gìn kỹ Phiên bản Premium full option cần có Vận hành êm ái, cách âm tốt, gầm cao đi phố hay đường dài đều ổn Ngoại hình trẻ trung, nội thất sang phù hợp đi gia đình lẫn cá nhân Giá 6xx triệu Cam kết Xe không đâm đụng không ngập nước Máy số zin 100 - odo chuẩn Pháp lý rõ ràng - Hỗ trợ bank 70 Hỗ trợ sang tên thu xe cũ giá cao MazdaCX30 CX30Premium CX30Luxury XeLuot OtoCuHCM XeDepGiaTot MuaXeDauNam BanXeUyTin MazdaCX30 CX30Premium MazdaCu XeDepGiaTot"
p4_s6_1776268102,Mazda 3,1.6 AT,2011,285.0,100000.0,Tự động,Xăng,Sedan,Nhật Bản,Đen,True,5,1.6,FWD,6,car_p4_s6_1776268102,"Bán xe Mazda 3, 1.6 AT, sản xuất 2011 model 2012 xe nhập khẩu Nhật Bản, biển Hà Nội chính chủ, mua từ mới chạy chuẩn 10 vạn km, giá bán 285 triệu"
p18_s14_1774760090,Mazda Other,Unknown,2011,345.0,130000.0,Tự động,Xăng,Unknown,Khác,Đen,True,7,2.0,FWD,6,car_p18_s14_1774760090,"mazda cx9 2011 loai 2 cầu điên một chủ sử dụng từ mới cam kết xe đẹp từ ngoài vao trong không đâm va cấn đung chỗ nào chạy đúng km bảo dưỡng thường xuyên , máy bảy màu keo chỉ zin chay êm ,không có lõi nhỏ,cần bán cho nguòi hiểu loai xe nhâp cóTL cho nguòi thiên tr mua bán nhanh í"
p58_s5_1776275524,Mazda 3,1.5 AT Sedan,2017,365.0,66000.0,Tự động,Xăng,Sedan,Nhật Bản,Khác,False,5,1.5,FWD,2,car_p58_s5_1776275524,"Mazda 3 2017 xe cực đẹp chủ đi giữ gìn, máy số keo chỉ nguyên zin không lỗi lầm.Bảo hành cho anh chị yên tâm sử dụng, bao check toàn quốc"
p59_s13_1776275721,BT-50,2.2L 4x2 AT,2014,295.0,140836.0,Tự động,Dầu,Pick-up (bán tải),Nhật Bản,Cam,False,5,2.2,FWD,6,car_p59_s13_1776275721,"Cần bán xe như hình. Bán tải Mazda BT50. Năm sản xuất 2014. Phiên bản số tự động 1 cầu. Odo 14v km chuẩn rin ko tua. Xe nguyên rin ko lỗi, ko ngập. Đã lên màn hình, cam lùi, cam hành trình, cam 360 đầy đủ. Đăng kiểm mới. Ace thiện chí xem xe trực tiếp tại Mẹ Thứ, Hoà Xuân, Đà Nẵng."
p68_s9_1776276905,Mazda 2,1.5 AT,2023,405.0,9800.0,Tự động,Xăng,Sedan,Thái Lan,Khác,True,5,1.5,FWD,6,car_p68_s9_1776276905,"Mazda 2 1.5 AT Nhập khẩu Thái Lan Sản xuất 2023 1 chủ sử dụng từ đầu Odo 9.800 km xe lướt đúng nghĩa Tình trạng Zin 100, chưa va chạm, chưa thủy kích Nhập Thái Lan, chất lượng hoàn thiện cao hơn bản lắp ráp trong nước Odo cực thấp, chạy chuẩn 1 năm còn như xe mới Động cơ 1.5 AT bền bỉ, tiết kiệm xăng, đi phố cực hợp Kích thước gọn, dễ lái phù hợp gia đình trẻ, chị em, người mua xe lần đầu Hồ sơ pháp lý rõ ràng, sang tên nhanh gọn Giá bán 405 triệu"
p9_s2_1774727855,Mazda 3,1.5 Luxury,2024,595.0,8000.0,Tự động,Xăng,Sedan,Khác,Xanh,False,5,1.5,FWD,6,car_p9_s2_1774727855,"Em cần bán Mazda3 - 1.5 AT Luxury Sport 2024, màu xanh Cavasai, đăng ký cuối năm 2024 tại Hà Nội, biển 30/ 5 số . Xe nhà mua về xác định đi lâu dài nên giữ hơn cả giữ Vàng Miếng .... Đi cực ít, ODO mới 8.000 km chủ yếu đi cà phê với đưa đón gia đình, chưa kịp hành em nó. Tình trạng thì e nói thật gần như xe mới trong hãng chạy ra. Sơn zin 100, nội ngoại thất nguyên bản, không lỗi, không va quệt , không ngập nước. Bác nào khó tính cứ dẫn thợ check thoải mái, sai em xin tặng luôn tiền xăng Máy móc êm ru, đi đầm, tiết kiệm xăng. Bản Luxury Sport nên đồ đạc đầy đủ, không thiếu gì cho nhu cầu đi gia đình hay đi làm hàng ngày. Bán đi em cũng tiếc lắm, nhưng cần đổi xe to hơn nên đành tìm chủ mới chăm em nó tiếp. Bác nào đang tìm xe đẹp, không phải nghĩ nhiều, mua về chỉ việc đổ xăng là chạy thì alo em . Xem xe tại Hà Nội Em Minh Châu"
p5_s14_1776268263,Mazda 2,2.0 Sport,2014,249.0,102000.0,Tự động,Xăng,Hatchback,Khác,Trắng,False,5,2.0,FWD,6,car_p5_s14_1776268263,Mazda 2 Sport sx 2014 Odo 102.000 km Giá rao 249tr ace hợp tài chính alo Có fix cho người thiện chí xem xe tl Xem xe tại hoà xuân đà nẵng
p20_s7_1774760489,Mazda 3,Unknown,2015,338.0,130000.0,Bán tự động,Xăng,Sedan,Việt Nam,Vàng,True,5,2.0,FWD,6,car_p20_s7_1774760489,"MAZDA 3 2015 XE 1 CHỦ VŨNG TÀU FORM ĐẸP, MÁY ÊM, GIÁ TỐT Mazda 3 Sedan 2015 Xe 1 chủ từ đầu, sử dụng kỹ Odo 130.000 km Xe đi giữ gìn, máy móc êm ái, nội ngoại thất còn đẹp Phù hợp đi gia đình hoặc công việc hằng ngày Trang bị tiện nghi Điều hòa mát sâu Màn hình giải trí trung tâm Camera lùi hỗ trợ đỗ xe Chìa khóa thông minh Start/Stop Tay lái trợ lực điện, vận hành nhẹ nhàng Tiết kiệm nhiên liệu, chi phí nuôi xe thấp Xe ở Vũng Tàu Giá bán 3xx triệu x nhỏ còn thương lượng Ai cần xe đẹp, chính chu Đinh liên hệ xem xe trực tiếp Hỗ trợ xem xe thoải mái, thiện chí bớt lộc Mazda 3 form đẹp, giá mềm mua về chạy ngay, không cần làm gì thêm"
p33_s11_1776272922,CX-5,2.0 Premium,2024,825.0,13500.0,Tự động,Xăng,SUV / Cross over,Việt Nam,Khác,True,5,2.0,FWD,6,car_p33_s11_1776272922,"Xe mazda cx 5 premium eẽclusive 2.0. Bản 2024 Odo 13500 . Xe chính chủ Thiết kế nội thất hiện đại,sang trọng Động cơ mạnh mẽ, vận hành êm ái"
p18_s13_1774760079,Mazda 3,1.5L Luxury,2024,550.0,30000.0,Tự động,Xăng,Hatchback,Việt Nam,Đỏ,False,5,1.5,FWD,6,car_p18_s13_1774760079,"Mazda 3, dòng Sedan, màu Đỏ quyến rũ, sản xuất năm 2024 tại Việt Nam. Xe sử dụng nhiên liệu Xăng, hộp số Tự động, mang lại trải nghiệm lái mượt mà. Số chỗ ngồi 2. Quãng đường đã đi 30.000 km. Mazda 3 là sự kết hợp hoàn hảo giữa phong cách thể thao và tiện nghi cao cấp, phù hợp cho cả nhu cầu di chuyển hàng ngày lẫn những chuyến đi xa Khung gầm chắc chắn, hệ thống treo êm ái, mang lại cảm giác lái đầm chắc và ổn định. Hệ thống giải trí đa phương tiện với màn hình cảm ứng lớn, kết nối thông minh, giúp bạn thư giãn trên mọi nẻo đường. Điều hòa tự động hai vùng độc lập, đảm bảo không khí trong xe luôn trong lành và mát mẻ. Hệ thống đèn chiếu sáng LED hiện đại, tăng cường khả năng quan sát trong điều kiện thiếu sáng. Gương chiếu hậu chỉnh điện, gập điện, tích hợp đèn báo rẽ, tiện lợi và an toàn. Vô lăng bọc da tích hợp các nút điều khiển chức năng, giúp bạn dễ dàng thao tác. Ghế da cao cấp, ôm sát cơ thể, mang lại cảm giác thoải má"
p8_s8_1774727733,Mazda 2,Prestige 2.2 AT HTRAC,2019,365.0,36000.0,Tự động,Xăng,SUV / Cross over,Việt Nam,Trắng,True,7,1.5,FWD,6,car_p8_s8_1774727733,"Mazda2 sedan 1.5AT Luxury 2019 nhập Thái, màu trắng, xe cá nhân 1 chủ từ đầu đk T3/2020, đã đi 36 .000 Km, xe sử dụng kỹ, bảo dưỡng đầy đủ, còn mới cứng. - Xe trang bị Ghế da pha nỉ, màn hình kết nối apple carplay, cam lùi, cảm biến lùi, đèn led , ga tự đông cruise control, - Cam kết xe đẹp nguyên bản, bao check test toàn quốc. - Giá 365tr, còn bớt lộc khi xem xe. - Cảm ơn ac đã quan tâm LH ĐT bên dưới để xem xe"
p38_s6_1774766311,Mazda 3,2.5 Luxury,2017,405.0,47000.0,Tự động,Xăng,Hatchback,Việt Nam,Trắng,True,5,2.5,FWD,6,car_p38_s6_1774766311,"Loại xe MAZDA 3 HB FL Hộp số Số tự động Năm sản xuất 2017 1 chủ Màu Trắng Nội thất Đen ghế da zin theo xe Biển số 51G-418.47 Số km 47.000km full lịch sử hãng Phụ kiện lắp thêm Dán phim, thảm lót sàn, 4 lốp michelin, camera hành trình, cảm biến áp suất lốp. Pháp lý xe Cá nhân. Tình trạng xe Nội ngoại thất hoàn hảo, sạch sẽ. Cam kết Không cấn đụng, không ngập nước, không tua odo, không phạt nguội hay tranh chấp. Đăng kiểm 05/2026 Giá bán 405 triệu."
p66_s17_1776276730,Mazda Other,Luxury,2025,880.0,18000.0,Tự động,Xăng,SUV / Cross over,Việt Nam,Khác,True,7,2.0,FWD,6,car_p66_s17_1776276730,Xe mới mua. Chưa đâm đụng. Ko ngập nước. Test xe thoải mái. Mua tại mazda trường trinh. Xe đang ở sài gòn
p26_s1_1776271736,Mazda 3,1.5 AT,2018,395.0,80000.0,Tự động,Xăng,Sedan,Nhật Bản,Trắng,False,5,1.5,FWD,6,car_p26_s1_1776271736,"Gia đình chuyển đi nước ngoài công tác, cần bán xe gia đình mua từ 2019. Xe Mazda 3, màu trắng, AT sản xuất 2018 Xe đã đi 80.000 km, không bị ngập nước, bao test xe, không lỗi, không va đập"
p10_s18_1776269026,Mazda 3,Unknown,2018,405.0,100000.0,Tự động,Xăng,Hatchback,Việt Nam,Trắng,False,5,2.0,FWD,6,car_p10_s18_1776269026,Bán Mazda 3 HB 2018 Xe chạy 10v km Cam kết không đâm đụng không ngập nước Hỗ trợ bank 70 giá trị xe Xem xe tại HN
p21_s10_1774760733,Mazda 3,Unknown,2014,270.0,174005.0,Tự động,Xăng,Sedan,Khác,Trắng,False,5,2.0,FWD,6,car_p21_s10_1774760733,"Mazda 3S 2014 xe chạy 174005 km. - Thiết kế đẹp, nội thất rộng rãi. - Động cơ bền bỉ, tiết kiệm. -lốp mới ,đăng kiểm dài"
p1_s15_1774726293,CX-5,Premium Exclusive 2.0 AT,2023,785.0,73000.0,Tự động,Xăng,SUV / Cross over,Việt Nam,Trắng,False,5,2.0,FWD,6,car_p1_s15_1774726293,"- Cần bán Mazda Cx5 2.0 Premium Exclusive 2023. Màu trắng. cam kết odo chuẩn 73,000 km. Full lịch sử hãng. Sơn zin còn nhiều. Tình trạng gần như mới - Bánh sơ cua chưa hạ. 4 vỏ còn dày - Trang bị full option ghế da nepa chỉnh điện nhớ ghế 2 vị trí, cửa sổ trời, đề Star/stop, phanh tay điện tử, đầu DVD, camera de, HUD kính hiển thị tốc độ, - Cam kết đúng km. Không đâm đụng, ngập nước, máy số zin - Bán bao rút hồ sơ gốc, bao pháp lý, phạt nguội - Thiện chí xem xe giá cả còn thương lượng"
p46_s9_1774768111,Mazda 3,1.5L Luxury,2025,605.0,4000.0,Tự động,Xăng,SUV / Cross over,Việt Nam,Xanh,False,5,1.5,FWD,6,car_p46_s9_1774768111,"MAZDA 3 1.5AT LUXURY ,số tự động,máy xăng,5 chỗ,màu xanh dương,sx 2025 -Xe TUYỆT ĐẸP,ZINMỚI 99, ĐÚNG 4000km bao test hãng -BSTP HCM,SƠN ZIN 100 -Cam kết không ngập nước, không lỗi,HỔ trợ Ngân Hàng 70.. -Xem xe q 7,HCM..SẼ HOÀN TOÀN ƯNG Ý NGAY..."
p11_s9_1776269123,Mazda 3,3.0,2023,569.0,43000.0,Tự động,Xăng,Sedan,Khác,Trắng,False,5,3.0,FWD,6,car_p11_s9_1776269123,"Cần bán mazda 3 đời 2023 Xe rất đẹp chất xe gia đình đi không kinh doanh dịch vụ. Xe không cấn đụng ngập nước bao check test thoải mái. Lịch sử bảo dưỡng hãng. Xe biển tiền giang gốc miền nam nha anh chị. Do chính sách đăng bài nên em che biển số, chứ xe kg phải gốc miền ngoài nha anh chị Odo 43.000km Bao rút hồ sơ cho anh chị Giá 569 tr Call hoặc gặp Mr để xem xe"
p44_s17_1774767708,Mazda 3,1.5 AT Sedan,2016,358.0,110000.0,Tự động,Xăng,Sedan,Khác,Đen,False,5,1.5,FWD,2,car_p44_s17_1774767708,"Mình bán Mazda3 1.5AT 2016, đi rất ít mới chạy được 11 vạn, bảo dưỡng full hãng nên chất lượng xe còn rất tốt, mọi thứ đều còn nguyên bản hết, 1 dàn lốp Michelin mới Cam kết máy số nguyên bản ko tai nạn ngập nước Các bác mua nhờ ng qua check test thoải mái ạ Trên đây là hình ảnh xe mình"
p39_s9_1774766592,Mazda 3,Unknown,2019,420.0,80000.0,Tự động,Xăng,Sedan,Khác,Xanh,True,5,2.0,FWD,6,car_p39_s9_1774766592,"Mazda 3 sx 2019 bản full, cửa nóc ghế chỉnh điện Một chủ mua mới sử dụng từ đầu Chìa khoá đủ 2 chìa theo xe Ko lỗi máy số rin"
p62_s13_1776276191,Mazda 6,Unknown,2017,510.0,70000.0,Tự động,Xăng,Sedan,Khác,Xanh,True,5,2.0,FWD,6,car_p62_s13_1776276191,"Mazda 6 màu xanh ngọc đời 2017, xe chính chủ. - Xe nữ sử dụng, đi ít, giữ gìn cẩn thận. - Xe nguyên bản, chưa qua sửa chữa. - Giá 510 triệu. - Xem xe tại Gò Vấp."
p49_s2_1774768759,Mazda Other,2.5 AT 2WD,2017,540.0,75000.0,Tự động,Xăng,SUV / Cross over,Việt Nam,Khác,True,5,2.5,FWD,2,car_p49_s2_1774768759,"Cx5 2.5 1cầu sản xuất 2017 đăng ký T12/2017 tư nhân 1 chủ sử dụng từ mới,xe zin toàn bộ xe anh chị em thiện chí alo em ạ"
p68_s17_1776276944,CX-5,2.0 Luxury,2023,755.0,22000.0,Tự động,Xăng,SUV / Cross over,Việt Nam,Khác,True,5,2.0,FWD,6,car_p68_s17_1776276944,"Mazda CX-5 2.0 Luxury 2023 Xe tư nhân, 1 chủ từ đầu, đăng ký Hà Nội Sản xuất 2023 Odo 2,2 vạn km chạy chuẩn, zin nguyên xe Tình trạng Xe đẹp, máy số nguyên bản Không tai nạn, không ngập nước Bảo dưỡng định kỳ hãng Nội ngoại thất sạch, đi giữ Phiên bản Luxury Đèn LED, màn hình lớn Ghế da, điều hòa tự động Gói an toàn i-Activsense cơ bản Vận hành êm, tiết kiệm, chi phí nuôi thấp Giá bán 755 triệu Có thương lượng cho người thiện chí Hỗ trợ sang tên nhanh, check xe thoải mái"
p6_s18_1774727434,Mazda 6,2.0L Premium,2022,679.0,29000.0,Tự động,Xăng,Sedan,Việt Nam,Trắng,False,5,2.0,FWD,6,car_p6_s18_1774727434,"ĐI PHỐ ÊM, ĐI XA ỔN, THẾ LÀ ĐỦ. Sedan hạng D Động cơ SkyActiv-G 2.0L Công suất 154 mã Hộp số Tự động 6 cấp Mức tiêu hao nhiên liệu 67L/100km hỗn hợp Đèn trước LED sắc nét, có tự động bật/tắt Mâm hợp kim 19 inch Ghế da cao cấp Ghế lái chỉnh điện nhớ 2 vị trí Màn hình trung tâm 7 inch Hệ thống Mazda Connect Apple CarPlay / Android Auto Âm thanh 11 loa Bose cao cấp Điều hoà tự động 2 vùng Phanh tay điện tử Auto Hold 6 túi khí Cân bằng điện tử Camera lùi Cảnh báo điểm mù Cảnh báo phương tiện cắt ngang Cảnh báo lệch làn Hỗ trợ giữ làn... MAZDA 6 PREMIUM 2.0 ĐỜI 2022 Odo 29.000 km Nội Ngoại thất long lanh Bao kiểm tra hãng, rút hồ sơ gốc. Thủ tục hồ sơ rõ ràng nhanh gọn Hỗ trợ bank 65"
p33_s12_1774765413,Mazda 2,Premium Sedan,2019,375.0,42110.0,Tự động,Xăng,Sedan,Việt Nam,Trắng,True,5,2.0,FWD,6,car_p33_s12_1774765413,"Mazda 2 sx2019 1 chủ từ mới, k lỗi nhỏ Cam kết gì cũng dc, cọc bnhiu online e cũng ok, mazda 2 chạy rất hay, hơn vios city về cảm giác lái, chia sẻ từ ng buôn nhiều xe và lái quá nhiều sedan hạng B Xe đi chuẩn 4v kilomet lốp theo xe"
p46_s15_1774768172,Mazda 3,2.0 AT,2018,455.0,90000.0,Tự động,Xăng,Sedan,Việt Nam,Trắng,False,5,2.0,FWD,6,car_p46_s15_1774768172,"Gia đinh minh can ban xe Mazda3 Facelip Premium bản 2.0 Full Option màu trắng cuối 2018 đi cực thích và tiết kiệm nhiên liệu, Option đầy đủ hơn bản 1.5 rất nhiều như Hud kính lái, ghế điện, vành 18 inch..vv.. và đắt hơn 150tr lúc mua mới, xe cua nha minh cuc moi giu gin, chỉ đi làm trong phố 3km và cuối tuần lên nội ngoại hoặc cafe cùng bạn bè chưa đi xa bao giờ, cac ban xem qua la biet ngay, moi đi đuoc hon 9v km xịn, san xuất đ/ký cuối 2018 Bien Ha Noi 30xxxx Đi rat co loc gap nhieu may man xe đi rat giu gin, toan đe trong nhà nen tranh đuoc mua va nang, 2 khoa moi cung, đang kiem phi đuong bo đen tan cuối nam 2027 moi phai đong, minh đa lap them mot so đo het hơn 20tr Len dan loa trung tam loai tot nhat cua Marshall nghe cuc hay, lên 4 Lốp Michelin đi cực thích, mua thêm lót sàn 6D trong hãng, kich hoat Full tinh nang an, hack xem Video cho man hinh trung tam đe de dang đieu khien, tinh can than nen minh thay dau bao duong đinh ky theo che đo trong hang Mazda, Xe nguyen ban 100 nen cac ban co the test thoai mai o bat ky đau neu sai minh xin tang cả xe, trước mua mới gần 1tỷ, nay gia đinh minh ban gia rất hợp lý 455tr Co thuong luong nhiet tinh cho ban nao mua ve su dung No SMS."
p48_s17_1774768690,CX-8,Premium,2020,759.0,37000.0,Tự động,Xăng,SUV / Cross over,Việt Nam,Xám,False,7,2.0,FWD,6,car_p48_s17_1774768690,"MAZDA CX-8 PREMIUM 2020 Màu xám sang trọng Odo 37.000 km xe gia đình đi kỹ Giá 7xx triệu thương lượng thiện chí TRANG BỊ NỔI BẬT Động cơ 2.5L SkyActiv mạnh mẽ, tiết kiệm Hộp số tự động 6 cấp, lẫy chuyển số vô lăng Ghế da cao cấp, ghế lái chỉnh điện nhớ ghế Màn hình trung tâm lớn, Apple CarPlay / Android Auto Camera 360, cảm biến trước sau HUD kính lái hiển thị tốc độ Gói an toàn i-Activsense Cảnh báo điểm mù Hỗ trợ giữ làn Phanh khẩn cấp Điều hòa 3 vùng độc lập 7 chỗ rộng rãi CAM KẾT Không đâm đụng không ngập nước Máy số zin, odo chuẩn Hồ sơ pháp lý rõ ràng Bao test hãng / gara uy tín Sang tên nhanh gọn MazdaCX8 CX8Premium SUV7Cho XeGiaDinh XeCuChatLuong MazdaCu XeDepGiaTot"
p58_s14_1776275605,Mazda 3,Unknown,2016,368.0,90000.0,Tự động,Xăng,Sedan,Khác,Trắng,False,5,2.0,FWD,6,car_p58_s14_1776275605,"Mazda 3 2016 , chắc mới nhất hn luôn , 9v , lốp theo xe , rin cả cây , giá nhân dân 36x Cam kết nguyên rin , ko va chạm , ko ngập Bao trek tess Xem xe mỹ đình hn"
p36_s10_1776273256,Mazda 6,2.0L Luxury,2020,565.0,8000.0,Tự động,Xăng,Sedan,Khác,Cam,False,5,2.0,FWD,6,car_p36_s10_1776273256,Gia đình cần bán Mazda 6 2.0 Luxury sx 2020 model 2021 8v km. Cam kết Không đâm đụng ngập nước máy số nguyên bản xe sx 12/2020
p11_s16_1774728314,CX-8,Premium,2022,829.0,57000.0,Tự động,Xăng,SUV,Khác,Cam,False,7,2.0,FWD,6,car_p11_s16_1774728314,"Mazda CX8 Premium 2022 - Odo 57000km -Trang bịđèn full led,cảm biến trước- sau, cảnh báo điểm mù, camera 360,mâm lốp nguyên zin theo xe,cửa sổ trời,màn hình zin theo xe, ghế da nappa,ghế tài ghế phụ chỉnh điện, nhớ ghế lái 2 vị trí, phanh tay điện tử, auto hold,cruise control,... - Giá 829- bớt lộc, hỗ trợ bank Thy"
p15_s16_1776269845,Mazda 6,Premium 2.0 AT,2019,530.0,80000.0,Tự động,Xăng,Sedan,Việt Nam,Khác,True,5,2.0,FWD,6,car_p15_s16_1776269845,"Mình lên đời xe nên muốn ra đi con vợ bé Mazda 6 sx 2019 bản 2.0 Premium - Odo 80.000 km ,xe chính chủ biển Sài Gòn - DK T6/2024 - Đăng kiểm đến T6/2027 - Bảo dưỡng full lịch sử hãng - Trang bị chế độ lái, phanh tay điện tử Auto Hold, cảnh báo lệch làn,cửa sổ trời , cảm biến quanh xe, Đèn full led, lãy số vôlang, đèn - gạt mưa tự động, ghế điện... Giá bán 52x tr bớt Lộc TUẤN"
p50_s19_1774769187,CX-30,Luxury 2.0 AT,2022,600.0,80000.0,Tự động,Xăng,SUV / Cross over,Thái Lan,Khác,True,5,2.0,FWD,6,car_p50_s19_1774769187,"Xe nhập thái 1 chủ từ đầu xe bảo dưỡng hãng từ đầu , bao ko đâm đụng ko ngập nước ."
p33_s8_1776272909,CX-5,2.0 Premium,2020,698.0,60000.0,Tự động,Xăng,SUV / Cross over,Việt Nam,Trắng,True,5,2.0,FWD,6,car_p33_s8_1776272909,"Ít sử dụng nen gia đinh minh can ban xe Mazda Cx5 Premium Full Option màu trắng bản cao cấp nhất đăng ký T1/2021 biển Hà Nội 30G moi đi được hơn 6v km, 4lop nguyên bản từ đầu, lốp sơ cua zin 100,đăng kiểm đến tận năm 2028, các bạn qua xem sẽ thấy nhà mình giữ gìn thế nào. Mình đa lên mot so đo chơi hết gần 20tr Lắp thêm cảm biến áp suất lốp loại trong hãng, lên mặt calang của mustang , phanh khoảng cách, lot san xịn nhất loại 6D..vv... Xe rất mới đầy đủ lịch sử bảo dưỡng trong hãng nen cac ban co the test thoai mai, nay minh ban giá rất hợp lý 698tr . Co thuong luong nhiet tinh cho ban nao mua ve su dung Ko nhan tin."
p56_s18_1776275339,CX-5,2.5 Signature Premium 2WD I-Activ,2019,625.0,88888.0,Tự động,Xăng,SUV / Cross over,Việt Nam,Đỏ,True,5,2.5,FWD,6,car_p56_s18_1776275339,"Mazda CX-5 2.5L Signature Premium 2019 màu đỏ, xe 5 chỗ, sản xuất tại Việt Nam. - Động cơ xăng, hộp số tự động. - Thiết kế sang trọng, nội thất tiện nghi. - Xe vận hành êm ái, tiết kiệm nhiên liệu. - 1 chủ từ mới. Biển số HN"
p22_s5_1776271166,Mazda 6,2.0L Premium,2022,678.0,30000.0,Tự động,Xăng,Sedan,Việt Nam,Khác,True,5,2.0,FWD,6,car_p22_s5_1776271166,Bán mazda 6 premium sx 22 bản cao cấp 1 chủ mua mới chạy chuẩn 30 ngàn km bao test xem là ưng ưng là đi test ạ .
p32_s11_1774765191,CX-8,3.0 Luxury,2021,745.0,73000.0,Tự động,Xăng,SUV / Cross over,Khác,Trắng,False,7,3.0,FWD,6,car_p32_s11_1774765191,"Mazda CX8 bản Luxury sản xuất 2021, xe 7 chỗ rộng rãi. - Odo 73.000km, xe còn mới. - Màu trắng sang trọng. - Động cơ mạnh mẽ, vận hành êm ái."
p26_s7_1774763770,Mazda 3,Deluxe,2022,505.0,70000.0,Tự động,Xăng,Sedan,Khác,Vàng,False,5,2.0,FWD,6,car_p26_s7_1774763770,"MAZDA 3 2022 - Lựa chọn hoàn hảo Odo chuẩn 7vạn Phiên bản Deluxe Tình trạng xe hiện tại Xe zin từ máy móc đến gầm bệ, nội - ngoại thất sạch đẹp. Trang bị hiện đại - Start/Stop tiện lợi - Đàm thoại rảnh tay - Gương kính chỉnh điện - Điều hòa auto - Hệ thống an toàn tiêu chuẩn - Vô vàng các option Chủ cũ đã trang bị thêm dán film, cam hành trình, camera 360,...vv Cam kết uy tín - Không đâm đụng, không thủy kích - Bảo hành 1 năm bao quay đầu Giá ưu đãi Chỉ từ 505tr bao rút hs gốc Có hỗ trợ sang tên xem xe trực tiếp liên hệ hotline Nhanh tay, xe đẹp không chờ lâu"
p78_s2_1776278504,Mazda 3,1.5L Sport Deluxe,2019,430.0,35000.0,Tự động,Xăng,Sedan,Việt Nam,Khác,False,5,1.5,FWD,6,car_p78_s2_1776278504,"Xe 2019, 1 đời chủ, lên xe nên bán lại cho ae cần, phiên bản full"
p23_s10_1776271351,Mazda 2,1.5 AT Sedan,2016,315.0,60000.0,Tự động,Xăng,Sedan,Khác,Trắng,False,5,1.5,FWD,2,car_p23_s10_1776271351,"Mazda 2 1.5AT sedan đời 2016 màu trắng, xe ít đi, mới 6 vạn. - Máy móc còn tốt, vận hành êm ái. - Ngoại hình có xước nhẹ, không đáng kể. - Xe ở Đường Láng, Hà Nội."
p70_s4_1776277049,Mazda 2,1.5 AT Sedan,2016,289.0,8500.0,Tự động,Xăng,Sedan,Việt Nam,Trắng,False,5,1.5,FWD,2,car_p70_s4_1776277049,"Mazda 2 /2016 tư nhân xe gia đình Xe công nhân viên làm viện nhiệt đới , đi rất ít , nguyên bản hết Xe rất đẹp , cam kết nguyên rin , ko va chạm ko ngập nước , xe đi 8,5 V km Miễn trug gian"
p67_s7_1776276799,Mazda 2,1.5L AT Standard,2022,379.0,45000.0,Tự động,Xăng,Sedan,Thái Lan,Cam,False,5,1.5,FWD,2,car_p67_s7_1776276799,"MAZDA 2 STANDARD NHỎ GỌN, TIẾT KIỆM, GIÁ MỀM CHO GIA ĐÌNH TRẺ Odo 45.000km đi cực giữ xe Bản Standard số tự động, máy êm, tiết kiệm xăng Động cơ 1.5L bền bỉ chỉ 5-6L/100km Số tự động mượt dễ lái, hợp cả nam nữ Nội thất sạch đẹp, ghế nỉ zin Điều hòa lạnh sâu, màn hình giải trí đầy đủ Xe gia đình sử dụng kỹ không dịch vụ Cam kết không đâm đụng không ngập nước máy số zin Form xe nhỏ gọn cực dễ xoay sở trong phố Phù hợp chạy gia đình, đi làm, grab, dịch vụ đều kinh tế"
p67_s0_1776276764,CX-5,Premium 2.0 AT,2022,750.0,69000.0,Tự động,Xăng,SUV / Cross over,Khác,Đỏ,False,5,2.0,FWD,6,car_p67_s0_1776276764,Mazda CX-5 2.0 Premium sản xuất 2022 Ace có khách kết nối .
p33_s18_1776272960,CX-5,2.0 AT,2017,455.0,63000.0,Tự động,Xăng,SUV / Cross over,Việt Nam,Vàng,True,5,2.0,FWD,6,car_p33_s18_1776272960,"Chính chủ bán xe Mazda CX5 bản facelift 2017 màu vàng cát. - Đăng ký 2017 biển số tphcm. ODO 63000 km cam kết ODO chuẩn. - Xe đẹp gia đình ít đi, không trầy xước, không đâm đụng, không bơi lội. - Giá bán 455tr có lương lượng chút đỉnh cho người thiện chí."
p41_s16_1774767074,Mazda 3,1.5L Premium,2022,580.0,43000.0,Tự động,Xăng,Hatchback,Khác,Khác,True,5,1.5,FWD,6,car_p41_s16_1774767074,"Mazda 3 Premium năm 2022, xe nữ lái kỹ chính chủ, chạy được 43.000 km, còn bảo hiểm đầy đủ"
p23_s5_1774761123,CX-30,Premium 2.0 AT,2022,630.0,70000.0,Tự động,Xăng,SUV / Cross over,Thái Lan,Khác,True,5,2.0,FWD,6,car_p23_s5_1774761123,"Mới về Mazda CX30 premium sản xuất 2022 nhập khẩu Thái Lan, full lịch sử hãng một chủ từ mới, chạy 7 vạn km hơn đẹp hết nước chấm Chất xe mới tinh nội thất cực mới không 1 lỗi nhỏ, xe mới tinh lăn bánh 850 Triệu"
p15_s18_1774759420,Mazda 3,Unknown,2019,456.0,94000.0,Tự động,Xăng,Sedan,Việt Nam,Trắng,True,5,2.0,FWD,6,car_p15_s18_1774759420,e cập bến mada3 sản xuất 2019 tư nhân 1 chủ từ mới xe chạy 9v4 fun hãng xe cam kết k đâm đụng k ngập nước máy số keo chỉ nguyên bản bao chekc hỗ trợ bank 70 giá trị xe liên hệ
p21_s3_1774760667,CX-5,Premium,2024,789.0,20000.0,Tự động,Xăng,SUV,Khác,Bạc,True,5,2.0,FWD,6,car_p21_s3_1774760667,"Cx5 Premium Active 2024 chạy 20,000 1 chủ mua mới từ đầu Anh em quan tâm vui lòng gọi Mình k bán giá thợ nên anh em thợ thông cảm"
p29_s5_1776272257,Mazda Other,2.0 Luxury,2021,680.0,19000.0,Tự động,Xăng,SUV / Cross over,Việt Nam,Khác,False,5,2.0,FWD,6,car_p29_s5_1776272257,Mazda CX5 Luxury 2.0 sx2021 siêu lướt mới lăn bánh 19000km chất xe thì khỏi bàn bao test thổi mái Xem xe ở bình tân
p13_s16_1774728651,Mazda 6,2.0 AT,2015,360.0,69000.0,Tự động,Xăng,Sedan,Khác,Trắng,False,5,2.0,FWD,6,car_p13_s16_1774728651,"Mazda 6 đời 2015 phiên bản 2.0AT màu trắng 69000. - Xe thiết kế sang trọng, nội thất rộng rãi. - Động cơ 2.0AT vận hành êm ái, tiết kiệm nhiên liệu. - Giá 360trđ. - LH"
p63_s18_1776276327,CX-5,2.5 AT AWD,2017,455.0,70000.0,Tự động,Xăng,SUV / Cross over,Việt Nam,Khác,True,5,2.5,AWD,2,car_p63_s18_1776276327,"Siêu phẩm mazda Cx5 sản xuất 2017 AT 2.5 2 cầu, 1 chu Odo chuẩn 70.000km rất mới Sơ cua chưa chạm đất Xem xe thực tế gò vấp."
p18_s10_1774760049,Mazda 3,1.5L Luxury,2019,458.0,52000.0,Tự động,Xăng,Sedan,Nhật Bản,Cam,False,5,1.5,FWD,6,car_p18_s10_1774760049,"Bán Mazda 3 2019 1.5AT Xe gia đình đi đẹp, đi giữ gìn Cần bán Mazda 3 1.5AT sản xuất 2019, xe cá nhân sử dụng kỹ, máy móc zin nguyên bản. Động cơ 1.5L tiết kiệm xăng, vận hành êm ái, hộp số tự động đi phố cực kỳ nhẹ nhàng Xe trang bị đầy đủ tiện nghi Nội thất da, vô lăng bọc da Màn hình giải trí, kết nối đa phương tiện Start/Stop, điều hoà mát sâu Film cách nhiệt 3M crystalline, Led trợ sáng, Apple Carplay Dàn lốp MICHELIN 2026, cảm biến áp suất lốp Camera lùi, Camera hành trình 70mai Cam kết Không đâm đụng không thuỷ kích Máy số nguyên zin Giấy tờ đầy đủ, sang tên nhanh gọn Xe phù hợp đi gia đình hoặc chạy dịch vụ đều ổn, form dáng thể thao, tiết kiệm nhiên liệu, chi phí nuôi xe thấp. Giá 458trieu có thương lượng cho người thiện chí Liên hệ"
p21_s8_1776271043,Mazda 3,1.5 AT Sedan,2015,335.0,75000.0,Tự động,Xăng,Sedan,Việt Nam,Khác,False,5,1.5,FWD,2,car_p21_s8_1776271043,Cần bán xe Mazda3 2015 Đi 13vạn rin Ace cần ib
p28_s2_1774764077,Mazda 2,1.5 Sport,2013,245.0,50000.0,Tự động,Xăng,Hatchback,Thái Lan,Cam,False,5,1.5,FWD,6,car_p28_s2_1774764077,Mazda 2 S sports xe nhập khẩu Xe nhà trùm mền it sử dụng 1.5 số tự động. Ghế da xịn theo xe . Tất cả còn original 90 Rất êm và rất tiết kiệm nguyên liệu Xe cá nhân. Dư dùng bán. Bảo đảm cam kết xe Original tất cả
p70_s18_1776277183,Mazda Other,Luxury,2020,710.0,70000.0,Tự động,Xăng,SUV / Cross over,Việt Nam,Đỏ,False,7,2.0,FWD,6,car_p70_s18_1776277183,"XE ĐẸP 7 CHỖ MAZDA CX8 2020 Luxury, màu đỏ, chạy 7 vạn km cây số. Lốp còn rất mới. Xe trang bị Start/STop, màn hình, camera lùi, cảm biến, tích hợp điều khiển vô lăng, điều hòa tự động, túi khí, 2 ghế lái điện, nhớ ghế, cốp điện, phanh tay điện tử, ABS, loa, kết nối ngoại vi,..và nhiều tiện ích khác."
p34_s2_1776273006,Mazda 6,2.0L Premium,2022,679.0,29000.0,Tự động,Xăng,Sedan,Việt Nam,Trắng,True,5,2.0,FWD,6,car_p34_s2_1776273006,"Mazda 6 máy 2.0 bản Premium cao cấp sản xuất 22 một chủ mua mới chạy chuẩn 29 ngàn km , 4 lốp rin theo xe sơn rin còn nhiều bao test 679"
p14_s3_1774759006,Mazda 3,1.5 AT Sedan,2016,336.0,120000.0,Tự động,Xăng,Sedan,Khác,Cam,True,5,1.5,FWD,2,car_p14_s3_1774759006,"Mazda 3 1.5AT - 2016 Sedan hạng C, thiết kế trẻ trung, sang trọng. Động cơ 1.5L SkyActiv mạnh mẽ, vận hành êm ái, tiết kiệm xăng khoảng 6L/100km. Trang bị cửa sổ trời, chìa khoá smartkey, đề nổ start/stop, màn hình giải trí, camera lùi, lẫy số trên vô lăng, hệ thống an toàn ABS, cân bằng điện tử, nhiều túi khí. Xe đi kỹ, bảo dưỡng đều. Chính chủ cần bán, không qua trung gian."
p66_s5_1776276649,Mazda 3,Sport 2.0L Signature Luxury,2020,550.0,32000.0,Tự động,Xăng,Sedan,Nhật Bản,Khác,True,5,2.0,FWD,6,car_p66_s5_1776276649,"Bản Sport 2.0 luxury Odo hơn 30.000 km đi ít Chính chủ, một chủ từ đầu Không chạy dịch vụ Bảo dưỡng đầy đủ, máy móc nguyên bản Nội thất đẹp, còn bảo hiểm thân vỏ Không tai nạn, không ngập nước Cho check hãng hoặc mang thợ thoải mái Bán để lên đời xe Lh có thương lượng ạh cho bạn nào nhiệt tình ạh .xe chính chủ ạh"
p19_s14_1776270761,Mazda 3,1.5L Sport Deluxe,2020,425.0,128560.0,Tự động,Xăng,Sedan,Khác,Trắng,False,5,1.5,FWD,6,car_p19_s14_1776270761,Mazda 3 1.5L sx 2020 xem xe tại Nghĩa Lộ
p32_s6_1774765133,CX-8,Deluxe,2022,789.0,22387.0,Tự động,Xăng,SUV / Cross over,Khác,Bạc,False,7,2.0,FWD,6,car_p32_s6_1774765133,"MAZDA CX8 2022 ĐẲNG CẤP VÀ SANG TRỌNG Động cơ SKYACTIV-G 2.5L Lịch sử bảo dưỡng hãng sạch sẽ, không lỗi, không va chạm. Xe vận hành êm ái, phù hợp đi phố lẫn đường dài. Ngoại thất cực chất Bộ mâm hợp kim 19 inch Lốp Yokoham chính hãng êm ái, bám đường hoàn hảo Trang Bị Cụm đèn trước LED chiếu xa/gần, đèn LED chạy ban ngày Cụm đèn sau Dạng LED Gương chỉnh điện và gập điện Xe vận hành êm ái, phù hợp đi phố lẫn đường dài. Nội thất xa xỉ Toàn bộ nội thất bọc da cao cấp Ghế Nappa, hàng ghế trước và sau gập điện tiện dụng Vô lăng bọc da tích hợp nút điều khiển và tính năng sưởi Màn hình 8, 10 loa Bose Công nghệ tiện nghi Hệ thống lạnh 3 vùng độc lập làm mát nhanh sâu Hỗ trợ lái trong sương mù Thông số xe Odo 22.387 km Sản xuất 2022 Phiên bản Deluxe Giá cực tốt còn thương lượng cho khách mến iu Xem xe tại TP.HCM. Hỗ trợ thủ tục sang tên nhanh gọn, minh bạch. Liên hệ ngay Gọi trực tiếp để xem xe"
p13_s14_1776269498,CX-5,2.0 AT,2018,550.0,80000.0,Tự động,Xăng,SUV,Khác,Đen,False,5,2.0,FWD,6,car_p13_s14_1776269498,"Mazda CX5 2.0 sản xuất 2018 xe chạy 8vạnkm Xe cam kết full , xe đẹp không 1 lỗi nhỏ - Cam kết chất lượng xe toàn bộ bằng văn bản - Hỗ trợ trả góp lên tới 70 giá trị, giao xe toàn quốc - Bao check test kiểm tra chất lượng mọi nơi theo yêu cầu"
p30_s12_1774764750,Mazda 3,2.0L Premium,2019,485.0,62000.0,Tự động,Xăng,Hatchback,Việt Nam,Cam,False,5,2.0,FWD,6,car_p30_s12_1774764750,"Xe Du Xuân Cho Các Bác Đây Mazda 2019 2.0 Sport đăng kí lần đầu tháng 11/2020 Chất xe đẹp kiểu dáng thể thao,Tiết Kiệm Nhiên Liệu - Loa hay như vũ trường -Trang bị nhiều option 2 Khoá theo xe, đèn pha xoay theo vô lăng,ga tự động,cửa sổ trời,ghế điện,cam hành trình trước sau,mâm Lốp 18ing Cam kết máy số zin,xe không tai nạn,Ngập Nước Giá 4xy Hỗ trợ trả góp 70 giá trị xe LH"
p75_s7_1776278063,Mazda 3,1.5L Luxury,2022,555.0,39000.0,Tự động,Xăng,Hatchback,Khác,Đỏ,False,5,1.5,FWD,6,car_p75_s7_1776278063,"Mazda 3_1.5 Luxury_2022 Lăn bánh 39000km Đã lên cam 360, đèn viền gầm nội thất Hỗ trợ bank 65"
p11_s17_1774728323,Mazda 2,Deluxe,2022,355.0,55000.0,Tự động,Xăng,Hatchback,Thái Lan,Xám,False,5,2.0,FWD,6,car_p11_s17_1774728323,. Mazda2 deluxe sx2022 nhập thái . Chủ xe đã vô 50triệu option . Odo55000km full lịch sử hãng . Cam kết xe k lỗi cấn đụng ngập nước . Bảo hành cửa hàng động cơ và họp số 6tháng/10000km . Hổ trợ trả góp 70_nhận đổi xe bù trừ
p18_s15_1776270386,Mazda 3,1.5L Luxury,2022,545.0,38000.0,Tự động,Xăng,Sedan,Việt Nam,Cam,False,5,1.5,FWD,6,car_p18_s15_1776270386,Mazda 3 2022 1.5L Luxury chạy 3v8 km siêu mới. Cam kết chất lượng bằng văn bản. Check test theo yêu cầu
p43_s13_1774767447,Mazda 6,2.5,2014,389.0,70000.0,Tự động,Xăng,Sedan,Nhật Bản,Khác,False,5,2.5,FWD,6,car_p43_s13_1774767447,"Hàng chất khó tìm - Nhập khẩu Nhật Bản Mazda 6 2.5L nhập Nhật lô chính hãng Công suất 188hp Lẫy chuyển vô lăng, Âm thanh xịn sò 11 loa bosé Cảm biến trước sau, rửa đèn, cân bằng điện tử....."
p39_s3_1774766533,Mazda Other,Luxury 2.2L 4x2 AT,2019,468.0,32000.0,Tự động,Dầu,Pick-up (bán tải),Thái Lan,Cam,True,5,2.2,FWD,6,car_p39_s3_1774766533,Xe 1 chủ mua mới từ đầu xe còn rất đẹp cửa hàng cam kết xe không đâm đụng ngập nước máy móc nguyên zin chưa mở 5 lop theo xe xe cua chưa chạm đất đã lên màn hình loa súp mua về chỉ việc sử dụng giá cả còn thương lượng chút đỉnh xe mới chạy 32.000 cây như mới
p71_s3_1776277268,Mazda Other,Unknown,2023,850.0,22117.0,Tự động,Xăng,SUV / Cross over,Việt Nam,Khác,False,5,2.0,FWD,6,car_p71_s3_1776277268,Honda accor2025 xe siẻu lướt - bán hộ ôg e. Giá thương lượng
p4_s4_1776268085,Mazda 3,1.5 AT Hatchback,2016,395.0,38200.0,Tự động,Xăng,Hatchback,Việt Nam,Đen,True,5,1.5,FWD,2,car_p4_s4_1776268085,"Cửa hàng TRUST CARS đang có 1 chiếc xe đẹp, cây số chuẩn cam kết văn bản không tua đồng hồ, không bán xe tai nạn, không ngập nước. Mazda 3 phiên bản 1.5 Hatchback Sản xuất 2016 Màu xanh, nội thất đen 38.200 kilomet, cá nhân, biển SG mua mới. 1 chủ Anh/Chị tìm dòng xe này, liên hệ gặp Nguyên. Mình còn thương lượng 1 mức giá cuối cùng. Cảm ơn Anh/Chị đã xem tin đăng"
p15_s10_1776269805,CX-5,2.0 AT AWD,2015,370.0,265000.0,Tự động,Xăng,SUV / Cross over,Việt Nam,Xanh,True,5,2.0,FWD,6,car_p15_s10_1776269805,"xe Mazda CX5 2015 AWD 26.5 vạn km xe mua cuối 2015,chủ từ đầu bán. xe ko đâm đung, ngập nước, bao thợ thầy kiểm tra thoải mái. xe 2 cầu AWD, 2.0 số tự động, vận hành mượt mà, êm ái, bảo dưỡng định kỳ đầy đủ. xe đã trang bị màn hình Android xem Youtube, bản đồ, Camera 360 giá 370tr, thương lượng khi xem xe"
p36_s8_1776273236,Mazda Other,Deluxe 2.0 AT,2024,720.0,10000.0,Tự động,Xăng,SUV / Cross over,Khác,Xanh,True,5,2.0,FWD,6,car_p36_s8_1776273236,"Do nhu cầu đi lại ít, nên tôi muốn bán xe chính chủ còn đẹp keng này. Mazda CX 5 2024 Deluxe 2.0 - 10000 km"
p48_s6_1776273879,CX-5,Luxury 2.0 AT,2022,650.0,68000.0,Tự động,Xăng,SUV / Cross over,Việt Nam,Cam,True,5,2.0,FWD,6,car_p48_s6_1776273879,"Cx5 2022 bản luxury Odo 6,8v Mẫu xe trẻ trung, hiện đại, bảo dưỡng chi phí thấp. Đi chục năm nữa và và chục vạn vẫn bền bỉ, điều hoà lạnh sâu, khoang ngồi và cốp đều rộng rãi. Option loa bose, cửa sổ trời, phanh tay điện tử, i-stop, ...... đã lắp cam hành trình, dàn lốp dầy bịch. Về sẵn đi ngay"
p11_s17_1776269186,CX-30,Premium 2.0 AT,2023,668.0,37000.0,Tự động,Xăng,SUV / Cross over,Việt Nam,Khác,True,5,2.0,FWD,6,car_p11_s17_1776269186,"THẾ GIỚI Ô TÔ vừa về MAZDA CX30 2.0 PREMIUM SX 2023 ODO 37.000 KM . 1 CHỦ TỪ ĐẦU BẢO DƯỠNG HÃNG MAZDA . Xe trqng bị phim , sàn Xe trang bị những tính năng Gói an toàn chủ động i-Activsense.Ghế ngồi Bọc da cao cấp, ghế lái chỉnh điện 10 hướng và nhớ 2 vị trí.Màn hình giải trí 8.8 inch kết nối Apple CarPlay/Android Auto.Hệ thống âm thanh 8 loa.Điều hòa Tự động 2 vùng độc lập, có cửa gió hàng ghế sau.Tiện ích khác Phanh tay điện tử Auto Hold, màn hình hiển thị kính lái HUD, gương chiếu hậu trong xe chống chói tràn viền.Cốp sau Đóng mở điện. . Giá tham khảo 6xx .000.000 đ . Hỗ trợ BANK - Kiểm tra xe bên đơn vị thứ 3 .Cảm ơn Anh/chị đã đọc tin, vui lòng liên hệ để có thông tin chi _________________________________ 342- 344 PHẠM VĂN ĐỒNG F HẠNH THÔNG THÀNH PHỐ HỒ CHÍ MINH ĐT ZALO"
p72_s18_1776277565,CX-8,Premium AWD,2020,700.0,75000.0,Tự động,Xăng,SUV / Cross over,Khác,Xanh,True,7,2.0,FWD,6,car_p72_s18_1776277565,"Mazda CX8 Premium 2020 2 cầubản cao nhất Xe 1 chủ từ mới chạy hơn 7vạn, zá 7xx triệu, Xe này xanh, nội thất nâu cực đẹp Xe đang sử dụng, chưa spa dọn dẹp Cam kết xe đẹp, hỗ trợ trả góp. Xem xe HN Liên hệ trực tiếp hoặc nhắn tin Zalo Hotline/zalo"
p19_s19_1776270799,CX-5,2.5,2017,475.0,100000.0,Tự động,Xăng,SUV,Khác,Xanh,True,5,2.5,FWD,6,car_p19_s19_1776270799,"Mazda CX-5 đời 2017, màu xanh, máy 2.5, xe gia đình sử dụng. - Xe một đời chủ, giữ gìn cẩn thận. - Động cơ 2.5 mạnh mẽ, vận hành êm ái. - Giá 475 triệu, có thương lượng."
p29_s10_1776272311,Mazda 3,Sport,2016,355.0,12000.0,Tự động,Xăng,Hatchback,Khác,Đỏ,False,5,2.0,FWD,6,car_p29_s10_1776272311,"Mazda 3 Sport màu đỏ, thiết kế thể thao, năng động. - Xe 5 chỗ, nội thất rộng rãi. - Động cơ mạnh mẽ, vận hành êm ái. - Trang bị nhiều tính năng an toàn."
p17_s18_1776270214,Mazda Other,Premium 2.0 AT,2025,815.0,4000.0,Tự động,Xăng,SUV / Cross over,Việt Nam,Khác,False,5,2.0,FWD,6,car_p17_s18_1776270214,CX5 2.0 premium 2025 odo 4 ngìn km Bao check test bất kì đâu - Hỗ trợ vay bank kịch
p5_s8_1774727110,CX-5,Luxury 2.0 AT,2023,742.0,9800.0,Tự động,Xăng,SUV / Cross over,Việt Nam,Trắng,True,5,2.0,FWD,6,car_p5_s8_1774727110,"MAZDA CX5 2.0 LUXURY 2023 Năm sản xuất 2023 - Màu ĐEN - Biển SG ODO 9.800 Km ODO chuẩn không tua 𝗚𝗶𝗮 𝗖𝗼𝗻𝗴 𝗞𝗵𝗮𝗶 742 Hỗ trợ trả góp 70 - Thanh toán trước 250TR nhận xe Thương lượng cho anh/em thiện chí luôn có giá 𝐔𝐮 Đ𝐚𝐢 ---------------------------------- 𝑯𝒐 𝑻𝒓𝒐 𝑳𝒂𝒊 𝑻𝒉𝒖 𝑻𝒂𝒊 𝑵𝒉𝒂 𝑪𝒂𝒎 𝑵𝒉𝒂𝒏 𝑪𝒉𝒂𝒕 𝑿𝒆 𝐋𝐢𝐞𝐧 𝐡𝐞 𝐌𝐫.𝐍𝐚𝐦𝐙𝐀𝐋𝐎 ---------------------------------- - Xe biển trắng GIA ĐÌNH, 1 chủ từ đầu mua mới - Nội thất xe còn mới - Chất xe đẹp - 4 Lốp zin theo xe, sơ cua chưa hạ 𝐏𝐡𝐮 𝐊𝐢𝐞𝐧 𝐓𝐡𝐞𝐨 𝐗𝐞 - Phim cách nhiệt - Lót sàn - Bọc vô lăng, thảm taplo - Camera hành trình 𝑪𝒂𝒎 𝑲𝒆𝒕 𝑪𝒉𝒂𝒕 𝑿𝒆 𝑩𝒂𝒏𝒈 𝑽𝒂𝒏 𝑩𝒂𝒏 THÔNG TIN XE MINH BẠCH BẢO HÀNH LÊN ĐẾN 6 THÁNG HOẶC 10.000 KM CAM KẾT XE KHÔNG ĐÂM ĐỤNG NGẬP NƯỚC 5 NGÀY LÁI THẬT CAM KẾT HOÀN TIỀN"
p27_s3_1776271881,CX-5,AT,2012,366.0,90000.0,Tự động,Xăng,SUV / Cross over,Nhật Bản,Đỏ,False,5,2.0,FWD,6,car_p27_s3_1776271881,"Mazda CX5 sx 2012 màu đỏ, xe 5 chỗ, nhập khẩu Nhật Bản. - Động cơ xăng, hộp số tự động. - Thiết kế thể thao, nội thất tiện nghi. - Vận hành êm ái, tiết kiệm nhiên liệu."
p14_s13_1776269653,CX-5,AT,2022,618.0,59000.0,Tự động,Xăng,SUV,Khác,Đỏ,False,5,2.0,FWD,6,car_p14_s13_1776269653,"Mazda CX-5 màu đỏ, xe 5 chỗ, nội thất bọc da sang trọng. - Động cơ xăng, hộp số tự động. - Thiết kế thể thao, vận hành êm ái. - Xe giữ gìn cẩn thận, sẵn sàng sử dụng."
p76_s7_1776278243,Mazda 6,Unknown,2015,380.0,77000.0,Tự động,Xăng,Sedan,Khác,Trắng,False,5,2.0,FWD,6,car_p76_s7_1776278243,"Mazda 6 đời 2015 màu trắng, xe gia đình ít đi, giữ gìn cẩn thận. - ODO 77.000 km. - Xe mua năm 2016. - Thiết kế sang trọng, nội thất rộng rãi, vận hành êm ái. - Có fix thêm nếu có thiện chí"
p70_s13_1776277136,Mazda 3,1.5L Premium,2020,525.0,28000.0,Tự động,Xăng,Sedan,Thái Lan,Khác,False,5,1.5,FWD,6,car_p70_s13_1776277136,Em cần bán chiếc Mazda 3 bản pre Sản xuất 2020 xe đã chạy được 28000 km Phone
p17_s0_1774759704,CX-5,2.0 AT,2019,610.0,61000.0,Tự động,Xăng,SUV / Cross over,Việt Nam,Xanh,True,5,2.0,FWD,6,car_p17_s0_1774759704,"Xe Mazda CX5 2.0 2019 một đời chủ, đi 61.000km. Không đâm đụng, không thuỷ kích. ODO 61.000km Xe gia đình đi nên giữ rất kỹ. Xe bóng đẹp, da còn nguyên zin, không rách. Có trầy nhẹ chỗ phần vè nhựa và cửa bên trái. Xe có gắn thêm - Camera 360 của Thiên Minh. - AutoKit không dây, kết nối Apple Carplay và Android Auto không dây. - Camera hành trình Omni camera của Xiaomi, kết nối thông qua 3G. Có thể kiểm tra xe trong/ngoài thông qua 3G, app của Xiaomi. - Thảm lót toàn xe Blackliner."
p56_s6_1776275289,Mazda 3,Unknown,2017,370.0,100000.0,Tự động,Xăng,Sedan,Khác,Trắng,True,5,2.0,FWD,6,car_p56_s6_1776275289,"Xe chính chủ em đang sử dụng Mazda 3 đời 2017. Xe cam kết không đâm đụng,không ngập nước. Chủ yếu đưa đón con đi học. Xe có lên màn hình Android, cam 360. camera hành trình 70mai,áp suất lốp....và.v. gom hết khoảng hơn 30tr. 4 vỏ xe mới thay mới 100 Thay nhớt,bão dưỡng định kỳ sạch đẹp. xem xe củ Chi. Xe mới đi xét,đăng kiểm 9/2/2026 nên anh chị cô chú yên tâm Giá 370tr còn thương lượng cho khách thiện chí. cò láI tha cho em."
p41_s6_1774766961,Mazda 3,1.5 AT,2017,389.0,106700.0,Tự động,Xăng,Hatchback,Việt Nam,Cam,False,5,1.5,FWD,6,car_p41_s6_1774766961,Mazda 3 AT Hatchback Facelift 2017 Odo 106.700km Giá bán 389 triệu CAM KẾT 𝐎𝐃𝐎 𝐂𝐡𝐮𝐚𝐧 - 𝐊𝐡𝐨𝐧𝐠 Đ𝐚𝐦 Đ𝐮𝐧𝐠 𝐍𝐠𝐚𝐩 𝐍𝐮𝐨𝐜 Xem xe tại Cần Thơ Lh zalo
p28_s7_1774764123,CX-5,2.0,2015,439.0,86000.0,Tự động,Xăng,SUV,Nhật Bản,Đen,False,5,2.0,FWD,6,car_p28_s7_1774764123,"Mazda CX-5 màu đen nội thất đen, xe 5 chỗ, rỗng rãi , đầm chắc, động cơ 2.0 mạnh mẽ bao mượt mà, anh chị lấy về đi gia đình cực kì thích hợp"
p50_s11_1774769103,CX-5,Deluxe 2.0 AT,2022,655.0,60000.0,Tự động,Xăng,SUV / Cross over,Khác,Đen,True,5,2.0,FWD,6,car_p50_s11_1774769103,"SẮM OTO SANG - ĐÓN TẾT HOÀNH TRÁNG Mazda CX-5 2022 Xe phố chính chủ công chứng ra tên bấm biển cái rẹt Odo 6 vạn - Máy móc nguyên zinn Ngoại hình còn đẹp ạ Xe chưa đâm đụng ngập nước ạ NHANH TAY NÀOOOOOOO RƯỚC EM NÓ VỀ DU XUÂN THÔI Giá ib mình sẽ có giá nhé 𝐇Ỗ 𝐓𝐑𝐎 𝐓𝐑𝐀 𝐆𝐎𝐏 𝐔𝐔 Đ𝐀𝐈 Trả góp 0đ - không cần trả trước Duyệt hs nhanh Không thẩm định người thân Hỗ trợ cả khách có nợ xấu CẦM ĐỒ NINA CỨ ĐƯA LÀ CẦM An toàn Minh bạch Thủ tục nhanh gọn DỊCH VỤ ĐA DẠNG Công nghệ - Điện tử Máy tính, laptop Máy ảnh, máy quay phim Máy chiếu, console game Đồ chơi công nghệ cao Phương tiện giao thông Xe đạp, xe máy Ô tô, xe tải Tài sản giá trị Vàng, trang sức Bằng lái xe các loại Khác Sim số đẹp Đồ dùng văn phòng Đồ điện gia dụng GỌI NGAY/ZALO - Địa chỉ 106a Cách Mạng Tháng 8 - Pleiku- Gia Lai Địa chỉ 04 Nguyễn Tất Thành - Pleiku- Gia Lai Địa chỉ 292 Lê Duẩn - Pleiku- Gia Lai FB CẦM ĐỒ NINA HỖ TRỢ NHIỆT TÌNH ĐỊNH GIÁ NHANH BẢO QUẢN TÀI SẢN AN TOÀN MáyTính Laptop Macbook PC MáyẢnh MáyQuay MáyChiếu Loa Amply ConsoleGame Nintendo Sim XeMáy Ôtô XeTải XeĐạp TrangSức ĐồngHồ Casio MáyIn MáyFax Tivi TủLạnh MáyGiặt ĐiềuHoà"
p23_s17_1774761257,CX-8,2.5 Premium,2022,870.0,43000.0,Tự động,Xăng,SUV / Cross over,Việt Nam,Khác,False,7,2.5,FWD,6,car_p23_s17_1774761257,"CẦN BÁN CX8 PREMIUM 2022 FORM MỚI Ưu đãi Hỗ trợ vay ngân hàng 70 định giá. Bao test hãng toàn quốc. Bảo hành từ 3 - 6 tháng. Tặng spa bảo dưỡng, thay nhớt khi giao xe. Nhận trao đổi bù trừ xe khác. Giao xe tận nơi toàn quốc. Xem xe tại KĐT Vạn Phúc, Thủ Đức, TpHCM. TƯ VẤN NHIỆT TÌNH - HỖ TRỢ HẾT MÌNH Vui lòng liên hệ số điện thoại bên dưới để được tư vấn chi tiết."
p58_s19_1776275632,Mazda 6,2.5 AT,2015,370.0,180000.0,Tự động,Xăng,Sedan,Việt Nam,Trắng,False,5,2.5,FWD,2,car_p58_s19_1776275632,"Mazda 6 2.5L- màu trắng sx2015 . Mới về Odo 18v km, xe chuẩn như quảng cáo Không đâm đụng Tình trạng Xe đẹp, máy móc vận hành êm, nội ngoại thất sáng bóng"
p65_s1_1776276500,Mazda 6,2.0L Premium,2018,495.0,85000.0,Tự động,Xăng,Sedan,Việt Nam,Trắng,False,5,2.0,FWD,6,car_p65_s1_1776276500,"Mada 6 2.0premium bản phun kịch. sx 2018 cần bán. Nội ngoại thất theo xe như mới . Cam kết máy số nguyên bản zin từng chi tiết, tuyệt đối không đâm đụng ngập nước. Bao tét hãng và gla, thợ thuyền toàn quốc theo yêu cầu. Ai có nhu cầu xin lh"
p35_s17_1776273122,Mazda 3,Luxury,2023,589.0,27000.0,Tự động,Xăng,Sedan,Việt Nam,Trắng,False,5,2.0,FWD,6,car_p35_s17_1776273122,Mazda 3 Luxury 2023 Odo27.000km Xe bảo dưỡng full hãng Giá589tr xem xe còn thương lượng Xe cam kết không đâm va ngập nước thuỷ kích Xe bao check test toàn quốc Lh
p26_s3_1774763729,Mazda 6,2.0 Premium,2024,720.0,16000.0,Tự động,Xăng,Sedan,Khác,Cam,False,5,2.0,FWD,6,car_p26_s3_1774763729,"Mazda 6 Premium 2.0 AT 2024 odo16.000km xe đã vào nhiều đồ chơi bi laser kenzo s900pro, led nội thất, loa taplo steg sub DLS, film kính lái 3m cr60, cam hành trình vietmap, thảm nhựa tpe full xe, tự động gập gương lên kính, cảm biển áp suất lốp, ốp má phanh brembo.... Dá chỉ 7xx triệu"
p42_s16_1776273643,Mazda 3,1.5L Luxury,2022,526.0,50000.0,Tự động,Xăng,Sedan,Khác,Đỏ,True,5,1.5,FWD,6,car_p42_s16_1776273643,"MAZDA 3 LUXURY 2022 một chủ từ mới đi hơn 4v bảo dưỡng full hãng. Lốp theo xe cả dàn Xe cam kết không đâm va ngập nước bao check test theo yêu cầu lỗi tặng xe. Ace quan tâm lh Xem xe tại 112, đường Bắc Nam, p. Phan Đình Phùng, Thái Nguyên."
p3_s0_1774726619,Mazda 2,1.5 AT Sedan,2017,315.0,80000.0,Tự động,Xăng,Hatchback,Việt Nam,Xanh,False,5,1.5,FWD,1,car_p3_s0_1774726619,"Mazda 2 Luxury đời 2017 màu xám xanh, xe đẹp, máy móc nguyên bản. - ODO 80.000 km. - Xe không đâm đụng, không ngập nước. - Xe sẵn sàng lăn bánh. - Xem xe tại 84 Phạm Hùng, Hoà Xuân, Đà Nẵng."
p14_s13_1774759116,Mazda Other,2.2L 4x2 AT,2016,350.0,109000.0,Tự động,Dầu,Unknown,Thái Lan,Cam,False,5,2.2,FWD,6,car_p14_s13_1774759116,"Cần bán lại xe bán tải Mazda BT50 số tự động hoặc giao lưu xe 7 chổ Tặng Full đồ chơi Đèn Bi trước full led sau. bi cảng. Màn hình , cam 360 loa sud điện Xem xe tại Địa chỉ 594/11C Hương Lộ 2, Phường Bình Trị Đông, Quận Bình Tân củ TP.HCM"
p20_s14_1776270913,CX-5,2.0 Premium,2021,699.0,16000.0,Tự động,Xăng,SUV / Cross over,Việt Nam,Cam,False,5,2.0,FWD,6,car_p20_s14_1776270913,"MADAZ CX5 PREMIUM T12/21 Chất khỏi bàn luôn. Lại được trang bị gói đồ chơi 30tr màn hình Androi Camera 360 độ, chải sàn chống ồn quanh xe, kính 3M sịn, nẹp si tay si inox chống xướcvvv. Bản Full Options lên đầy đủ tiện ích ko thiếu gì luôn AE nhé chìa khoá thông minh, cốp điện, túi khí quanh xe, phanh tay điện tử, màn HUD, cruicontroll ga tự động, cảnh báo va chạm vvv các kiểu luôn"
p67_s15_1776276842,Mazda 3,2.0 AT,2017,345.0,47000.0,Tự động,Xăng,Hatchback,Việt Nam,Khác,False,5,2.0,FWD,6,car_p67_s15_1776276842,Mình cần bán Mazda 3 Model 2017 Sản xuất 2016 Số tự động êm ái Fom dáng thể thao đi cực ngon anh chị có nhu cầu xin liên hệ
p59_s0_1776275652,CX-5,Luxury,2020,625.0,56000.0,Tự động,Xăng,SUV,Khác,Xanh,False,5,2.0,FWD,6,car_p59_s0_1776275652,"Mazda CX-5 phiên bản Luxury màu xanh , thiết kế hiện đại, nội thất sang trọng. - Xe 5 chỗ, động cơ xăng, hộp số tự động. - Vận hành êm ái, tiết kiệm nhiên liệu. - Trang bị nhiều tính năng an toàn."
p1_s7_1776267538,CX-5,2.0 AT,2018,565.0,55000.0,Tự động,Xăng,SUV,Việt Nam,Đỏ,True,5,2.0,FWD,6,car_p1_s7_1776267538,Cx5 2018 2.0 AT một chủ mua mới 10/2028 . Chạy đúng 5V5 55.000 km bảo dưỡng 100 hãng mazda. Sơn zin 80 Đã kiểm tra bảo dưỡng spa bill 20tr Xe Đẹp Nguyên Bản Chủ Xe Giữ Gìn Ít Đi. Đăng kiểm mới 4/2027 1.8tr Film kính lái Usa Rainer New 100 3tr 4 vỏ date new Bình GS Q85 100new 2.5tr Lọc lạnh New 100 Nhớt Lọc Nhớt Tặng cho khách hàng mau mắn nhanh gọn xem xe tl trực tiếp. Bao Check test odo và chất lượng xe bất kỳ toàn quốc. Giao xe tận nơi Xem xe tại Nhà Chợ Tam Hà Thủ Đức Khách quan tâm liên hệ trực tiếp vì lí do công việc di chuyển nhiều mình k tiếp tin nhắn xin thông cảm. Xin cám ơn
p10_s19_1776269034,Mazda 3,2.0,2019,420.0,42000.0,Tự động,Xăng,Sedan,Việt Nam,Nâu,True,5,2.0,FWD,6,car_p10_s19_1776269034,"Mazda 3 đời 2019 màu nâu, xe nhà sử dụng ít đi, còn mới. - Xe chạy êm, không va đập, không ngập nước. - Nội thất đầy đủ, có cảm biến bánh xe. - Xe chính chủ, đã chạy 42.000km. - Giá 410 triệu, có bớt lộc. Xe đang tại nhà."
p75_s4_1776278036,Mazda Other,Sport,2019,448.0,100000.0,Tự động,Xăng,Unknown,Việt Nam,Khác,True,5,2.0,FWD,6,car_p75_s4_1776278036,"Xe gia đình 1chủ mua mới Mazda 3 sport cuối 2019 Bảo dưỡng full lịch sử hãng, Có mua bảo hiểm thân vỏ 2 chiều Xe lên thêm option 3M xịn, màn hình ,loa sub,ốp viền thể thao , lốp sơcua chưa hạ"
p21_s13_1776271084,CX-30,Premium 2.0 AT,2022,599.0,93000.0,Tự động,Xăng,SUV / Cross over,Khác,Trắng,False,5,2.0,FWD,6,car_p21_s13_1776271084,"Tên xe Mazda Cx30 2022 Biển số 65A 33908 Odo 93.000km nguyên bản Phiên bản 2.0 Premium -Option trang bị thêm cam hành trình, phim cách nhiệt, lót sàn -Tình trạng xe xe đẹp không lỗi, máy số nguyên zin. - Bảo hành Động cơ hộp số 6tháng hoặc 5.000 km Giá niêm yết 599 triệu đã bao gồm phí rút hồ sơ."
p43_s1_1774767341,Mazda Other,2.0 Luxury,2019,630.0,60000.0,Tự động,Xăng,SUV / Cross over,Việt Nam,Khác,False,5,2.0,FWD,6,car_p43_s1_1774767341,"Cx5 luxury 2019 fom mới 6.5 Chạy 5,8v km Xe siêu đẹp, bảo dưỡng định kỳ"
p26_s14_1774763838,Mazda 3,Unknown,2020,520.0,1000.0,Tự động,Xăng,Sedan,Khác,Đỏ,False,5,2.0,FWD,6,car_p26_s14_1774763838,"Bán xe Mazda 3, xe đi gia đình chủ yếu đi làm quanh phố, bao đẹp, tiếp người có thiện chí. Liên hệ"
p23_s10_1774761183,Mazda Other,2.5 Premium AWD,2022,738.0,49000.0,Tự động,Xăng,SUV / Cross over,Việt Nam,Cam,True,7,2.5,FWD,6,car_p23_s10_1774761183,Xe 1 chủ mua mới từ đầu full lịch sử bảo dưỡng hãng mua về chỉ việc sử dụng 5 lốp theo xe dự phòng chưa chạm đất mua về chỉ việc sử dụng cửa hàng cam kết xe không đâm đụng ngập nước máy móc nguyên zin chưa mở bao Test hãng toàn quốc giá cả còn thương lượng trước đỉnh
p28_s4_1774764093,BT-50,Unknown,2014,295.0,110000.0,Tự động,Dầu,Pick-up (bán tải),Thái Lan,Đỏ,False,5,2.0,FWD,6,car_p28_s4_1774764093,Em cần bán Mazda BT50 động cơ 3.2 full 2 cầu 2014 Máy móc nguyên zil - xe hình thức đẹp ngon Mua về chỉ việc đi
p41_s2_1774766919,Mazda 2,AT,2017,310.0,33270.0,Tự động,Xăng,Hatchback,Khác,Trắng,False,5,2.0,FWD,6,car_p41_s2_1774766919,"Mazda 2 đời 2017 màu trắng, xe nhỏ gọn, phù hợp đi phố. - ODO 33270 km, xe còn mới. - Động cơ xăng, hộp số tự động. - Tiết kiệm nhiên liệu, dễ lái."
p37_s7_1774766115,Mazda 3,2.0L,2018,435.0,80000.0,Tự động,Xăng,Sedan,Khác,Đỏ,False,5,2.0,FWD,6,car_p37_s7_1774766115,"ACE nào tài chính hơn bốn trăm em vẫn còn Mazda 3 2018 bản 2.0 cao cấp odo 8 vạn km 4 vỏ vừa thay gai gió dày cui , trang bị mâm 18 in , chỉnh điện ghế lái , hud kính lái , màn hình hỗ trợ appel carplay , androi auto ..... Giá hơn bốn trăm - Mr Trí Chợ nổi Cái Răng, An Bình, TP Cần Thơ"
p10_s12_1774728100,Mazda 2,1.5 AT Sedan,2018,339.0,110000.0,Tự động,Xăng,Hatchback,Việt Nam,Đỏ,True,5,1.5,FWD,6,car_p10_s12_1774728100,"Em Cần Bán Mazda2 2018 1.5AT Sedan Đỏ biển hà nội , xe đẹp , chính chủ lăn bánh 11 vạn km zin siêu mới , nội thất zin căng đét , vô lăng củ số zin , trần nỉ zin mới tinh , lốp mới thay 4 quả 2025 , sơn zin còn khá nhiều Option full - ghế da - màn bình cam lùi - điều hoà auto - chìa khoá thông minh - tích hợp vô lăng - lazzang đúc thể thao - chế độ lái sport - cân bằng điện tử ...vv Xe bán cam kết bằng văn bản - máy móc nguyên bản - không tai nạn - không ngập nước - khung gầm nguyên bản Bao check test hãng hoặc gara toàn quốc - Xe bán có hỗ trợ trả góp tôi đa - Xe bán có hỗ trợ rút hồ sơ gốc - Xe bán có nhận đổi các xe cũ giá cao Anh em quan tâm liên hệ Hotline - Kiên Xe Tốt Đc 2 Nghĩa Tân - Cầu Giấy - Hà Nội"
p27_s14_1776271987,Mazda 3,1.5 AT,2017,370.0,76000.0,Tự động,Xăng,Hatchback,Việt Nam,Trắng,False,4,1.5,FWD,6,car_p27_s14_1776271987,Em bán xe mazda 3 hatchback đời 2017. Xe đi 76k km. Xe ko hỏng hóc ngập nước. Giá 370 trđ.
p33_s8_1774765369,Mazda 3,Deluxe,2020,485.0,90000.0,Tự động,Xăng,Sedan,Việt Nam,Trắng,False,5,2.0,FWD,6,car_p33_s8_1774765369,madaz3 dluxe sản xuất 2020 xem xe eakenh krong păk daklak
p23_s7_1776271332,Mazda Other,2.0 AT,2018,525.0,84000.0,Tự động,Xăng,SUV / Cross over,Việt Nam,Cam,False,5,2.0,FWD,6,car_p23_s7_1776271332,bán mazda cx 5 màu cavansiter 2.0 sx 2018 máy móc keo chỉ cột kèo zin đét cả xe lốp mới cả giàn gầm bệ chắc máy êm ru xe thật đẹp cam kêt k đâm đụng ngập nước cho chek thợ các kiểu
p29_s9_1774764352,Mazda 2,1.5 Luxury,2023,448.0,43000.0,Tự động,Xăng,Hatchback,Thái Lan,Cam,False,5,1.5,FWD,6,car_p29_s9_1774764352,"Mazda 2 sport 1.5L Luxury 2023 Odo 43.000km Giá bán 448 triệu - Xe lên màn Androi, camera 360, áp suất lốp, full phim cách nhiệt 3M, dán cách âm full xe. CAM KẾT 𝐎𝐃𝐎 𝐂𝐡𝐮𝐚𝐧 - 𝐊𝐡𝐨𝐧𝐠 Đ𝐚𝐦 Đ𝐮𝐧𝐠 𝐍𝐠𝐚𝐩 𝐍𝐮𝐨𝐜 Xem xe Cần Thơ Liên hệ"
p17_s12_1776270151,Mazda 3,1.5L Premium,2024,649.0,16000.0,Tự động,Xăng,Hatchback,Khác,Trắng,False,5,1.5,FWD,6,car_p17_s12_1776270151,"Mazdan 3 Premium - 2024- Trắng ngọc trai Sản xuất năm 2024, odo chuẩn 16.000 km, bao check test thoải mái. Lịch sử bảo dưỡng hãng sạch sẽ, không lỗi, không va chạm. Xe vận hành êm ái, phù hợp đi phố lẫn đường dài. Xem xe tại TP.HCM. Hỗ trợ thủ tục sang tên nhanh gọn, minh bạch. Có Hỗ trợ vay ngân hàng đến 70 giá trị xe, duyệt hồ sơ nhanh gọn"
p50_s8_1776273996,Mazda 2,3.0 Luxury,2019,365.0,73000.0,Tự động,Xăng,Sedan,Thái Lan,Cam,False,5,3.0,FWD,6,car_p50_s8_1776273996,"MAZDA 2 LUXURY 2019 - - - - - - - - - - - - - - - - - - - - - Odo 73.000Km Trang bị sẵn phụ kiện Film cách nhiệt, ghế da, màn hình..... - - - - - - - - - - - - - - - - - - - - - - Giá chào bán 365 - Liên hệ xem xe Cần Thơ Bảo Hành Chính Hãng 10.000Km/6 Tháng Bảo Đảm xe đã được kiễm tra 167 hạng mục theo tiêu chuẩn Ford Assured Bảo Tín Cam kết thu lại với giá cao nhất thị trường. - - - - - - - - - - - - - - - - - - - - - Lô 11C, Võ Nguyên Giáp, P.Hưng Phú, Thành Phố Cần Thơ."
p25_s14_1774763642,Mazda 2,Unknown,2018,339.0,16000.0,Tự động,Xăng,Sedan,Khác,Trắng,True,5,2.0,FWD,6,car_p25_s14_1774763642,xe gia đình 1 chủ mua mới từ 2018 trang bị full sedan -
p17_s11_1774759844,Mazda 3,2.0 AT,2017,390.0,49000.0,Tự động,Xăng,Sedan,Khác,Khác,False,5,2.0,FWD,6,car_p17_s11_1774759844,"MAZDA 3 ĐỜI CUỐI 2017 PHIÊN BẢN 2.0 Xe nữ đi trong khu vực TP.HCM, ODO 49,000 km. Xe không tai nạn, không thuỷ kích, bảo dưỡng tại hãng đầy đủ. Mâm xe lớn 18 inch, cả 4 mâm xe còn mới không trầy xước. Cửa sổ trời, cảm biến trước sau, cốp điện. Ghế lái chỉnh điện, nội thất da vô lăng bọc da, có lẫy chuyển số sau vô lăng. Xe số tự động, khởi động bằng nút bấm, có chức năng tốc độ xe hiển thị trên kính lái. Bốn tay mở cửa bên trong bọc crome rất dày. Giá bán 390 triệu đồng, chỉ bán cho ai mua sử dụng gia đình, không giao dịch với các anh em mua bán xe."
p11_s4_1774728212,Mazda 3,1.5L Luxury,2020,485.0,80000.0,Tự động,Xăng,Sedan,Việt Nam,Đỏ,False,5,1.5,FWD,6,car_p11_s4_1774728212,"Mazda 3 Luxury 2020 Đỏ Phale Rất Đẹp Xe Odo 8v Chuẩn Lốp Mic Mới Thay Cả Dàn / Sơ cua chưa Hạ Xe Nguyên Rin Gốc 47 Đẹp K Lỗi Bao Ckek Mọi Nơi Bản Luxury Trang Bị Nhiều Option Như Ghế Da , Ghế chỉnh điện , Nhớ ghế 2 vị trí , Đèn Auto ful led , Cảm Biến An toàn .... Giá Em Bán Chỉ 485 T Hỗ Trợ Bank 60 Hoặc Trao Đổi Các Loại Xe Lh E Tín"
p49_s17_1776273981,Mazda Other,Premium,2026,786.0,10000.0,Tự động,Xăng,SUV / Cross over,Việt Nam,Trắng,False,5,2.0,FWD,6,car_p49_s17_1776273981,Mazda Yên Nghĩa. NEW CX5 Premium active TRẮNG VIN 2026 GIÁ TỐT SẴN XE GIAO NGAY New cx5 premium active trắng 786 triệu ƯU ĐÃI QUÀ TẶNG CHÍNH HÃNG MAZDA Inbox Gọi ngay sdt để nhận ưu đãi lớn
p1_s10_1776267568,CX-5,Premium,2025,790.0,7000.0,Tự động,Xăng,SUV,Khác,Đỏ,False,5,2.0,FWD,6,car_p1_s10_1776267568,"MAZDA CX5 2025 PREMIUM ACTIVE chạy 7000 km, màu đỏ, model mới nhất cửa nóc... full lich sử bảo dưỡng hãng lốp theo xe cả dàn sơ cua chưa hạ, phiên bản Premium với gói an toàn Sky của Mazda như cảnh báo va chạm, . Chìa khoá thông minh, cốp điện, điểm mù. Thiếu cái hộp là thành xe mới. Còn nguyên bảo hành hãng. CHỈ BÀN VỀ GIÁ"
p70_s6_1776277066,Mazda Other,Premium 2.0 AT,2022,815.0,4000.0,Tự động,Xăng,SUV / Cross over,Việt Nam,Trắng,False,5,2.0,FWD,6,car_p70_s6_1776277066,"MỚI NHẤT VIỆT NAM MAZDA CX5 2024 PREMIUM ACTIVE chạy 4000KM, màu trắng, model mới nhất cửa nóc... full lich sử bảo dưỡng hãng lốp theo xe cả dàn sơ cua chưa hạ sơn zin 100, phiên bản Premium với gói an toàn Sky của Mazda như cảnh báo va chạm, . Chìa khoá thông minh, cốp điện, điểm mù. Thiếu cái hộp là thành xe mới. Còn nguyên bảo hành hãng. CHỈ BÀN VỀ GIÁ"
p73_s6_1776277672,Mazda 3,Deluxe,2019,480.0,41000.0,Tự động,Xăng,Sedan,Khác,Đỏ,True,5,2.0,FWD,6,car_p73_s6_1776277672,"Mazda 3 Deluxe 2019 Đỏ pha lê Xe nữ đi 41.000 km Giá 480 triệu Bán Mazda 3 đời 2019, đăng ký lần đầu năm 2020, 1 chủ từ đầu, bản Deluxe, màu đỏ pha lê rất đẹp và nổi bật. Xe nữ sử dụng, đi nhẹ, giữ gìn kỹ, cực kỳ mới Thông tin xe Năm sản xuất 2019 Đăng ký lần đầu 11/2020 Phiên bản Deluxe Màu Đỏ pha lê Số km đã đi 41.000 km Trang bị Camera lùi, màn hình giải trí, ghế da Xe nguyên bản, bảo dưỡng định kỳ đầy đủ, máy móc êm, nội thất sạch đẹp. Giá bán 480 triệu Xem xe tại Chung cư B15, đường Nguyễn Cảnh Dị, Hà Nội Liên hệ SĐT"
p29_s10_1774764365,Mazda 3,Unknown,1999,58.5,200000.0,Số sàn,Xăng,Sedan,Khác,Trắng,True,5,2.0,FWD,6,car_p29_s10_1774764365,mazda 323 1999 máy bao êm ru nha máy số ngon lành xe sạch sẽ như hình nha bs bình dương chính chủ ký giấy bao ký nha anh em giá 58tr5 có xe che nắng che mưa nha bên e nhận giao lưu bù trừ giá hợp lý nha alo để biết thêm chi tiết
p77_s6_1776278387,Mazda Other,2.5L AT FWD,2019,550.0,70000.0,Tự động,Điện,SUV / Cross over,Khác,Khác,True,5,2.5,FWD,6,car_p77_s6_1776278387,"Cần tiền bán xe CX5 sản xuất 2019 bản cao cấp 2.5 ,xe sử dụng kỷ còn rất đẹp ,ai có nhu cầu xin lh xe chính chủ"
p17_s7_1774759798,Mazda 3,S 1.6 AT,2014,275.0,130000.0,Tự động,Xăng,Sedan,Khác,Đỏ,False,5,1.6,FWD,6,car_p17_s7_1774759798,"Bán Mazda 3S 1.6 AT - SX 2014 chất lượng xe còn rất mới . Máy số keo chỉ nguyên bản , không ngập nước , keo zin từ nắp dàn cò - Bao check , test theo yêu cầu"
p41_s15_1776273547,CX-5,Unknown,2021,688.0,60000.0,Tự động,Xăng,SUV,Khác,Đỏ,False,5,2.0,FWD,6,car_p41_s15_1776273547,e bán cx5 SX 2021 xe bản cao nhất. cam kết kiểm tra hãng thoải mái
p10_s4_1774728029,CX-5,2.0 Premium,2019,655.0,63000.0,Tự động,Xăng,SUV / Cross over,Khác,Cam,True,5,2.0,FWD,6,car_p10_s4_1774728029,"MAZDA CX5 Xe mới về bản 2.0 Premium sản xuất 2019. - Xe 1 chủ từ đầu. - Do 63.000km. - Xe trang bị bao gồm Stat/Stop, Cửa nóc, điều hoà tự động, màn hình, camera lùi, cảm biến, tích hợp điều khiển vô lăng, phanh tay điện tử, Hud kính, kết nối ngoại vi, ghế điện, nhớ ghế, cốp điện, và nhiều tính năng khác.. Bao TEST Hãng, hoặc khách hàng chỉ định Đây là Mẫu Xe Lịch Lãm Siêu Bền Bỉ Siêu Tiết Kiệm Không Đối Thủ - Kiểu Dáng Sang Trọng- Lịch Lãm - Hiện Đại . Trang bị Ngập Option - Cam kết xe nguyên bản. - Không đâm va hay ngập nước. - Giấy tờ thủ tục pháp lý rõ ràng. - Nếu phát hiện xe tai nạn bồi hoàn 100 giá trị xe. - Hỗ trợ trả góp lên đến 75 giá trị xe. - Hỗ trợ sang ttên di chuyển cho quý khách hàng ở xa. - Quý khách liên hệ trực tiếp để biết thêm chi tiết và trả giá."
p62_s15_1776276210,Mazda 6,2.0MT,2003,85.0,160000.0,Số sàn,Xăng,Sedan,Nhật Bản,Khác,False,5,2.0,FWD,6,car_p62_s15_1776276210,"Cuối năm chuẩn bị sang năm mới rồi nên em muốn bán xe Mazda 6 2003 số sàn để sang năm mới nâng cấp lên xe mới ạ. Cũng rất tiếc vì gắn bó chăm chút cho em nó từng tí giờ bán nhưng lòng đã quyết . Xe em bảo dưỡng thay dầu định kỳ đầy đủ, nội ngoại thất thường xuyên chau chuốt, không có chuyện đâm đụng tai nạn ngập nước gì đâu ạ. . Địa chỉ em ở phường Hoa Lư tỉnh Ninh Bình"
p1_s6_1774726206,CX-5,2.5 Signature Premium 2WD,2020,665.0,69000.0,Tự động,Xăng,SUV / Cross over,Việt Nam,Xanh,True,5,2.5,FWD,6,car_p1_s6_1774726206,"Hoàng Thanh auto chào bán xe Mazda CX5 2.5 premium 2020 màu xanh cavansine rất đẹp, xe tên cá nhân 1 chủ, bảo dưỡng đều thường xuyên nên còn rất chất, Bản 2.5 nên đi khoẻ và thoát xe hơn bản 2.0 nhiều mà nhiên liệu tiêu hao cũng không nhiều hơn bao nhiêu"
p63_s19_1776276337,CX-8,Premium,2025,990.0,12000.0,Tự động,Xăng,SUV / Cross over,Nhật Bản,Vàng,False,7,2.0,FWD,6,car_p63_s19_1776276337,"SẴN MAZDA CX-8 PREMIUM VÀNG ÁNH KIM Năm sản xuất 2026 Giao ngay Lý do Mazda CX-8 2025 được tin tưởng - SUV 7 chỗ cao cấp không gian rộng rãi, lý tưởng cho gia đình lớn hoặc doanh nhân. - Thiết kế sang trọng đường nét tinh tế, khẳng định đẳng cấp. - Nội thất cao cấp ghế da chỉnh điện, cửa sổ trời , điều hòa tự động 3 vùng. - Công nghệ an toàn toàn diện hỗ trợ giữ làn đường, kiểm soát hành trình thích ứng, 6 túi khí. - Động cơ mạnh mẽ tiết kiệm SkyActiv-G 2.5L, hộp số tự động 6 cấp, vận hành êm ái trên mọi cung đường."
p54_s1_1776275083,Mazda 6,AT,2005,89.0,150000.0,Tự động,Xăng,Sedan,Nhật Bản,Bạc,False,5,2.0,FWD,6,car_p54_s1_1776275083,"Mazda 6 màu bạc, xe 5 chỗ, động cơ xăng, số tự động. - Thiết kế sang trọng, nội thất rộng rãi. - Xe nhập khẩu từ Nhật Bản, vận hành bền bỉ. - Cảm giác lái êm ái, tiết kiệm nhiên liệu. - Không sang tên"
p38_s4_1774766294,Mazda 2,1.5L AT Standard,2022,428.0,31225.0,Tự động,Xăng,Sedan,Thái Lan,Đỏ,True,5,1.5,FWD,2,car_p38_s4_1774766294,Mazda 2 luxury sx2022 1 chủ màu đỏ Xe zin k một con ốc nào vặn tháo Xe chỉ mới chạy hơn 3v giá bán còn TL Rất tiết kiệm nhiên liệu Xe lái đầm chắc cách âm tốt Xem xe auto em Hướng 269pvd
p38_s9_1774766344,CX-5,2.0 AT,2013,420.0,65000.0,Tự động,Xăng,SUV / Cross over,Việt Nam,Cam,False,5,2.0,FWD,6,car_p38_s9_1774766344,"MAZDA CX5 - ĐẲNG CẤP TỪ THIẾT KẾ ĐẾN VẬN HÀNH. Động cơ Skyactiv-G 2.0L Công suất tối đa 155 mã Hộp số tự động 6 cấp Điều hòa tự động Màn hình giải trí kết nối Bluetooth Chống bó cứng phanh Túi khí Camera lùi... MAZDA CX5 2.0 ĐỜI 2013 Odo 65.000 km Nội Ngoại thất long lanh Bao kiểm tra hãng, rút hồ sơ gốc. Thủ tục hồ sơ rõ ràng nhanh gọn"
p33_s5_1774765339,Mazda 6,2.5 AT,2015,415.0,100000.0,Tự động,Xăng,Sedan,Khác,Trắng,False,5,2.5,FWD,6,car_p33_s5_1774765339,"Mazda6 2015 2.5At Odo 10 vạn chuẩn Bảo dưỡng Full hãng Đèn bi led Cam360, cảm biến trước sau 4 vỏ mới Giá 415 triệu em Nhường"
p50_s15_1774769141,Mazda 3,1.5 AT Sedan,2018,420.0,80000.0,Tự động,Xăng,Hatchback,Việt Nam,Trắng,False,5,1.5,FWD,4,car_p50_s15_1774769141,"Mazda 3 2018 1.5AT màu trắng biển Hà Nội, xe gia đình sử dụng chạy 8 vạn km, không lỗi lầm, bao check mọi nơi theo yêu cầu"
p9_s7_1774727897,CX-5,2.5 AT 2WD,2018,550.0,88000.0,Tự động,Xăng,SUV / Cross over,Việt Nam,Đen,True,5,2.5,FWD,6,car_p9_s7_1774727897,"nhập đội CX5 2018 form mới bản premium, 1 chủ từ đầu sử dụng xe full đồ chơi các kiểu dành cho dân chơi nhìn phát yêu ngay, option nhiều không đếm hết anh chị quan tâm gọi"
p10_s13_1774728109,Mazda 6,2.0L Luxury,2020,565.0,8000.0,Tự động,Xăng,Sedan,Khác,Cam,False,5,2.0,FWD,6,car_p10_s13_1774728109,Gia đình cần bán Mazda 6 2.0 Luxury sx 2020 model 2021 8v km. Cam kết Không đâm đụng ngập nước máy số nguyên bản xe sx 12/2020
p18_s5_1774759993,BT-50,Luxury,2018,418.0,37000.0,Tự động,Dầu,Bán tải,Khác,Khác,False,5,2.0,FWD,6,car_p18_s5_1774759993,"Bán BT50 AT sx 2018 bản Luxury 1 cầu , xe chạy 37 ngàn km mới 95. Tks"
p40_s15_1774766857,Mazda 3,2.0 Premium,2021,579.0,37000.0,Tự động,Xăng,Sedan,Khác,Cam,False,5,2.0,FWD,6,car_p40_s15_1774766857,Đổi mẹc GLC bán lại cho anh chị em chiếc mazda 3 bản Premium 2.0 sx 2021 rất hiếm. Xe nhà đi ít giữ gìn chỉ 37.000km. Chăm sóc bảo dưỡng định kỳ hãng. Cam kết xe nguyên zin không đâm đụng ko ngập nước. Giá bán 5xx triệu. Ngân hàng hỗ trợ 70. Xem xe thương lượng mua nhanh có giá .
p45_s17_1776273750,CX-3,Premium,2022,570.0,26000.0,Tự động,Xăng,SUV,Khác,Xám,False,5,2.0,FWD,6,car_p45_s17_1776273750,"Em có con mazda CX3 bản premium mua cuối năm 2022 còn rất mới - ô tô sạch sẽ đẹp chưa sửa chữa, ổn định Tình trạng đi được 26.000km nữ đi ít chỉ chở con quanh thành phố Nguyên zin, không ngập nước, không tai nạn, không lỗi 5XX triệu Quan tâm ib hoặc alo em"
p42_s5_1774767176,Mazda 3,1.5L Sport Luxury,2023,595.0,18000.0,Tự động,Xăng,Hatchback,Việt Nam,Khác,False,5,1.5,FWD,6,car_p42_s5_1774767176,"Mazda 3 sx 2023 Odo 1v8 km Lịch sử bảo dưỡng full hãng Phiên bản 1.5 Luxury Tình trạng xe K lỗi, nguyên zin"
p59_s9_1776275690,CX-5,Premium Exclusive 2.0 AT,2023,739.0,80000.0,Tự động,Xăng,SUV / Cross over,Khác,Cam,True,5,2.0,FWD,6,car_p59_s9_1776275690,"Mazda CX-5 2.0 Premium 2023 Bản full cao cấp, xe đẹp sẵn giao ngay 1 chủ từ mới, chuẩn 80.000km Còn bảo hành chính hãng Xe đẹp, không lỗi kiểm tra thoải mái Võ còn theo xe, tặng kèm 03 võ mới mua chưa sử dụng Giá tốt 739tr Giao xe ngay kịp đi Tết Trang bị nổi bật Mazda CX-5 2023 2.0 Premium nổi bật với gói an toàn cao cấp i-Activsense, màn hình HUD, âm thanh 10 loa Bose, camera 360 và nội thất da Nappa cao cấp. An toàn i-Activsense Cảnh báo điểm mù Cảnh báo phương tiện cắt ngang khi lùi Cảnh báo hỗ trợ giữ làn Phanh tự động giảm thiểu va chạm Cruise Control thích ứng Nội thất tiện nghi Ghế da Nappa cao cấp Ghế lái chỉnh điện nhớ vị trí HUD kính lái Màn hình 8 Apple CarPlay/Android Auto 10 loa Bose cao cấp Điều hòa 2 vùng độc lập Sạc không dây, cửa sổ trời, đá cốp Ngoại thất Đèn LED thích ứng AFS Mâm 19 inch thể thao Gương chống chói, kính 2 lớp chống ồn Vận hành Động cơ SkyActiv-G 2.0L 154hp Hộp số tự động 6 cấp Auto Hold, chế độ lái Sport Xe bản Premium cao cấp, trang bị đầy đủ mua về chỉ việc chạy. Tân Thành Auto cam kết Xe chuẩn kiểm tra kỹ trước khi giao Hỗ trợ sang tên nhanh gọn Thu mua trao đổi xe cũ giá tốt Xem xe trực tiếp tại Tân Thành Auto 146K Trần Văn Hoài, P. Ninh Kiều, TP. Cần Thơ"
p58_s18_1776275622,CX-5,2.0 Premium,2024,810.0,5000.0,Tự động,Xăng,SUV,Khác,Đen,False,5,2.0,FWD,6,car_p58_s18_1776275622,"Cần bán xe Mazda CX5 2.0 premium sản xuất 2024 Mới đi được 5.000 km Sơn zin 100, chưa sơn dặm Xe được dán PPF cả xe hết gần 40tr, có nước hoa khuyết tán,camera hành trình, bảo hiểm thân vỏ . Mình bán với giá 810tr"
p56_s16_1776275317,Mazda 3,1.5 AT,2015,345.0,103000.0,Tự động,Xăng,Hatchback,Việt Nam,Đen,True,5,1.5,FWD,6,car_p56_s16_1776275317,"XE MỘT CHỦ, SIÊU ĐẸP SIÊU KỸ , CÒN RẤT MỚI XEM XE ƯNG NGAY. Thông tin xe như sau - Loại xe Mazda 3, bản 1.5AT HB cao cấp - Năm sản xuất 2015 model mới 2016 - Màu xe Đỏ nội thất đen, da zin nguyên bản - Biển số 51F-320-23 - Số km 103.000 km bao test , bảo dưỡng full hãng - Phụ kiện lắp thêm dán phim, lót sàn, vô lăng cacbon, cam hành trình, camera de. - Tình trạng xe Nội ngoại thất đẹp, máy móc nguyên zin, hệ thống chức năng hoạt động tốt, vỏ xe mới thay. - Pháp lý xe cá nhân một chủ. - Cam kết Không đâm đụng, máy zin không ngập nước, không tua km, không tranh chấp, không phạt nguội, bao rút gốc thu hồi biển số. - Xem xe Gò Vấp"
p49_s14_1776273952,Mazda 2,1.5 AT,2018,325.0,59000.0,Tự động,Xăng,Hatchback,Khác,Cam,False,5,1.5,FWD,6,car_p49_s14_1776273952,"MAZDA2 1.5AT 2018 FORM ĐẸP, XE GIỮ KỸ Odo 59.000 km Đi ít, còn rất mới Đề nổ Start/Stop tiện lợi Vô lăng tích hợp phím gương kính chỉnh điện Màn hình giải trí camera lùi camera hành trình Nội thất da nỉ nguyên zin sạch đẹp 4 lốp MIC còn mới thảm lót sàn đầy đủ Sedan hạng B nhỏ gọn, tiết kiệm xăng, cực hợp đi phố Xe giữ kỹ máy số êm gầm chắc"
p21_s5_1774760680,CX-8,Premium,2023,930.0,29000.0,Tự động,Xăng,SUV,Khác,Trắng,False,7,2.0,FWD,6,car_p21_s5_1774760680,"Bán xe gia đình đi Mazda CX8 Premium màu trắng đời 2023 Biển số HCM Xe gia đình đi cẩn thận bao test, hình đăng là ảnh thật, thông tin xe đầy đủ như đã mô tả. Bảo hiểm 2 chiều Odo 29k km Cò lái ép giá quá vui lòng ko inbox."
p23_s6_1776271322,Mazda 3,1.5,2019,415.0,79000.0,Tự động,Xăng,Sedan,Khác,Đỏ,True,5,1.5,FWD,6,car_p23_s6_1776271322,Mazda3 2019 1.5 FL 1 chủ mua mới từ đầu odo 79.000km chuẩn k tua Máy móc keo chỉ khung giằng nguyên zin k tai nạn k ngập nước Bao test toàn quốc
p74_s12_1776277931,BT-50,3.2L 4x4 AT,2014,288.0,100000.0,Tự động,Dầu,Pick-up (bán tải),Thái Lan,Đen,False,5,2.0,FWD,6,car_p74_s12_1776277931,"Mazda BT-50 màu đen, xe bán tải 5 chỗ, động cơ dầu mạnh mẽ, tiết kiệm nhiên liệu. - Số tư động vận hành bền bỉ. - ODO 100.000 km. - Xe phù hợp đi công trường, chở hàng."
p30_s9_1776272456,Mazda 3,Unknown,2017,355.0,45000.0,Tự động,Xăng,Sedan,Nhật Bản,Nâu,True,5,2.0,FWD,6,car_p30_s9_1776272456,Thanh lý mazda 3 217 chính chủ 43 Xe màu nâu ghế da cực kì đẹp . Cam kết keo chỉ số máy nguyên rin . Xe đã bão dưỡng từ a đến á mua về là chạy Giá 355tr giá có thương lượng kết alo
p44_s2_1776273683,CX-5,2.0 AT,2018,595.0,90000.0,Tự động,Xăng,SUV,Khác,Đen,False,5,2.0,FWD,6,car_p44_s2_1776273683,"Mazda CX-5 màu đen, xe 5 chỗ, động cơ xăng, hộp số tự động. - Thiết kế hiện đại, nội thất rộng rãi. - Vận hành êm ái, tiết kiệm nhiên liệu. - Xe sẵn sàng lăn bánh."
p74_s13_1776277941,Mazda 2,Unknown,2015,290.0,1000.0,Tự động,Xăng,Hatchback,Nhật Bản,Vàng,False,5,2.0,FWD,6,car_p74_s13_1776277941,"Chốt giá cực hời Chỉ 290 triệu sở hữu ngay Mazda 2 sản xuất 2015 mẫu xe Nhật cực kỳ bền bỉ, tiết kiệm nhiên liệu và giữ giá hàng đầu phân khúc. Ngoại thất sang trọng Xe sở hữu màu vàng đồng tinh tế, nước sơn còn bóng đẹp, thiết kế Kodo trẻ trung không bao giờ lỗi mốt, cam kết xe gia đình giữ gìn kỹ. Nội thất Tiện nghi Nội thất nguyên bản sạch sẽ, hệ thống giải nhiệt và âm thanh hoạt động hoàn hảo, mang lại trải nghiệm lái êm ái và tiện nghi cho cả gia đình. Cam kết chất lượng Máy móc nguyên bản, vận hành đầm chắc, bao check hãng/thợ toàn quốc để khách hàng hoàn toàn yên tâm về chất lượng. Giao dịch nhanh gọn Giá công khai 290 triệu có thương lượng nhẹ cho anh em thiện chí, xem xe trực tiếp và chốt ngay trong ngày"
p9_s3_1774727865,CX-5,2.0,2014,410.0,111500.0,Tự động,Xăng,SUV,Khác,Trắng,False,5,2.0,FWD,6,car_p9_s3_1774727865,"Bán xe nhà CX5, xe màu trắng, sản xuất 2014. Bảo dưỡng hẵng đinh kỳ. Xe xăng 2.0 L, đẵ đi 130000km. Tiếp khách thiện chí. Biển số TPHCM Tặng bảo hiểm 1 năm, phù hợp cho tài mới"
p9_s12_1776268862,Mazda 3,Unknown,2018,403.0,79000.0,Tự động,Xăng,Sedan,Khác,Khác,False,5,2.0,FWD,6,car_p9_s12_1776268862,Mazda 3 SX2018 ODO 7v9 km Giá Bán 403Tr Bớt Lộc Xe không đâm đụng không ngập nước Bao Rút Hồ Sơ - THU XE CŨ ĐỔI XE MỚI.. NHẬN ĐẤU GIÁ BIỂN SỐ ĐẸP Liên hệ trực tiếp 24/7 Minh Tuấn LUXCARS _ Siêu thị ô tô lướt Sài Gòn 469 QL13 Thủ Đức TP Hồ Chí Minh
p24_s11_1776271495,CX-3,1.5 Luxury,2023,530.0,30000.0,Tự động,Xăng,SUV,Khác,Trắng,False,5,1.5,FWD,6,car_p24_s11_1776271495,"Mẫu xe gầm cao tiết kiệm xăng Mazda CX3 Luxury sx 2023, chạy chuẩn 3 vạn km, màu trắng, xe đẹp. Động cơ 1.5 phun xăng trực tiếp ăn xăng như ngửi. Bất chấp xăng tăng giá. Quý khách có nhu cầu mua xe vui lòng xem xe tại ManyCar Cầu Giấy - số 2 Nghĩa Tân kéo dài, HN"
p27_s5_1776271898,Mazda 6,2.0 AT,2015,385.0,83000.0,Tự động,Xăng,Sedan,Khác,Cam,False,5,2.0,FWD,2,car_p27_s5_1776271898,Mazda6 bản 2.0 Mới chạy 83.000km chuẩn. Xe cam kết zin nguyên bản. Bao Test. Em bán 395 triệu có thương lượng ạh
p10_s18_1774728149,CX-8,Premium AWD,2020,750.0,50000.0,Tự động,Xăng,SUV / Cross over,Khác,Đỏ,True,7,2.0,FWD,6,car_p10_s18_1774728149,"Mazda CX8 bản premium AWD SX2020 1 chủ . Odo 50000km full lịch sử bảo dưỡng . Cam kết xe k đâm xô,ngập nước . Động cơ và họp số rin 100 Bảo hành cửa hàng động cơ và họp số 10000km/6tháng Hổ trợ bank 60_nhận đổi xe bù trừ Xem xe 390 Nguyễn hữu thọ Đà Nẵng"
p70_s5_1776277056,Mazda 3,1.5L Luxury,2019,448.0,62000.0,Tự động,Xăng,Sedan,Việt Nam,Cam,False,5,1.5,FWD,6,car_p70_s5_1776277056,Mình bán Mazda3 1.5 Luxury 2019 xe tên tư nhân chạy đúng 6v2 full lịch sử. Xe đã được kiểm tra chất lượng máy số khung gầm nguyên bản. Xe đã vào màn cam 360 loa sup vv Bác nào có nhu cầu xin liên hệ trực tiếp e để xem xe rồi chạy thử.
p57_s6_1776275404,Mazda 3,Unknown,2024,570.0,26000.0,Tự động,Xăng,Sedan,Khác,Đỏ,True,5,2.0,FWD,6,car_p57_s6_1776275404,Tôi có chiếc xe Mazda3 đời 2024 ai có nhu cầu alô cho tôi xe chính chủ tôi đang đi xe đi được hơn hai vạn
p71_s7_1776277290,Mazda 2,1.5 AT,2017,345.0,40000.0,Tự động,Xăng,Hatchback,Khác,Trắng,False,5,1.5,FWD,6,car_p71_s7_1776277290,"Siêu cọp chạy ít cập bến Em về Mazda2 1.5AT sản xuất và đăng ký 2017 , chạy 4v km zin , full lịch sử bảo dưỡng hãng . Xe chạy siêu ít nên nội thất và ngoại thất còn rất đẹpp . Anh chị em quan tâm liên hệ e nhé . Xem xe tại Phạm Văn Đồng , Hà Nội"
p24_s5_1776271449,Mazda 3,1.5 Luxury,2018,395.0,70000.0,Tự động,Xăng,Sedan,Khác,Trắng,False,5,1.5,FWD,6,car_p24_s5_1776271449,"Mazda 3 2018 1.5 luxury felip phanh điện tử lướt hơn 7 vạn cực đẹp , nội thất giữ gìn nên còn rất mới, xe đi cực đầm và chắc xe xe ko đâm đụng, ko ngập nước, máy số zin Giá 39x Alo e để xem xe và thử xe tại 90 phạm hùng- hà nội"
p8_s1_1776268622,Mazda 3,Unknown,2017,350.0,10000.0,Tự động,Xăng,Sedan,Khác,Đỏ,False,4,2.0,FWD,6,car_p8_s1_1776268622,"Cần bán Mada3 2017 Mazda 3 2017 sendan , đi cực sướng Xe đẹp, form dáng thể thao, màu sắc sang trọng Nội thất cao cấp, option đầy đủ màn hình, cam lùi , ghế da xịn Động cơ bền bỉ, tiết kiệm nhiên liệu đi phố hay đường dài đều ổn, phanh tay điện tử giá bán 350.000"
p26_s14_1776271805,CX-5,Premium 2.0 AT,2024,775.0,8888.0,Tự động,Xăng,SUV / Cross over,Việt Nam,Khác,True,5,2.0,FWD,6,car_p26_s14_1776271805,"CX5 Premium 2.0 2024 siêu lướt 8000km , xe 1 chủ từ đầu Hà Nội chất lượng cao . Quý khách vui lòng liên hệ trực tiếp để có ưu đãi bao gồm toàn bộ chi phí sang tên và chi phí kiểm tra xe"
p24_s13_1776271516,Mazda 3,AT,2018,400.0,80000.0,Tự động,Xăng,Sedan,Khác,Trắng,False,5,2.0,FWD,6,car_p24_s13_1776271516,"Mazda 3 đời 2018 màu trắng, xe 5 chỗ, số tự động, chạy xăng. - Thiết kế sang trọng, không gian rộng rãi. - Cảm giác lái mượt mà, tiết kiệm nhiên liệu. - Xe giữ gìn cẩn thận, sẵn sàng lăn bánh."
p29_s12_1774764388,CX-30,Luxury 2.0 AT,2024,640.0,13000.0,Tự động,Xăng,SUV / Cross over,Thái Lan,Khác,False,5,3.0,FWD,6,car_p29_s12_1774764388,"Mazda CX30 Luxury 2024 siêu lướt chạy đúng 13.000 km Xe đẹp không lỗi, sơn zin nguyên chiếc, máy số zin... bao check test. Giá có bớt lộc thêm ạ"
p21_s1_1774760647,Mazda 3,1.5 AT Sedan,2016,355.0,86000.0,Tự động,Xăng,Sedan,Việt Nam,Đen,False,5,1.5,FWD,2,car_p21_s1_1774760647,"Mazda 3 1.5AT sản xuất 2016 full đồ chơi giá 355tr. Odo 86km xe cá nhân gia đình dùng, cam kết bằng văn bản chất lượng xe không cấn đụng, không ngập nước, máy móc nguyên bản, keo chỉ nguyên bản. Full đồ chơi Cửa sổ trời, màn android 15inch lớn, đèn pha 4 bi led, đèn daylight led, đèn hậu led, bi gầm led, ca lăng kim cương, ốp heo, ốp lẫy số, full nt da kem, trần da lộn, film cách nhiệt, mâm sơn đen, 2 chìa khóa,... - Auto 2K Xem xe TP. Thủ Đức, HCM."
p64_s11_1776276409,Mazda 3,1.5 AT Sedan,2016,362.0,63000.0,Tự động,Xăng,Sedan,Việt Nam,Cam,False,5,1.5,FWD,2,car_p64_s11_1776276409,"Xe Cũ Chính Hãng Toyota Tân Cảng chào bán MAZDA 3 1.5AT 2016 Phiên bản 1.5AT - Số Tự Động Odo 63.000Km - Biển 51F Giá bán 362 Triệu - Xe trang bị film cách nhiệt, ghế da, DVD cam lùi, cửa sổ trời. -------------------------------------- MUA XE TẠI HÃNG - CAM KẾT CHẤT LƯỢNG Đã kiểm tra chất lượng 176 hạng mục Xe không đâm đụng - tai nạn - ngập nước Công nghệ làm đẹp Maru-Kuri độc quyền"
p76_s8_1776278247,Mazda 3,Unknown,2019,400.0,67000.0,Tự động,Xăng,Sedan,Nhật Bản,Trắng,True,5,2.0,FWD,6,car_p76_s8_1776278247,"Mazda 3 đời 2019 màu trắng, thiết kế sang trọng, không gian rộng rãi, cảm giác lái mượt. - Xe chính chủ, giữ gìn cẩn thận. - Trang bị đầy đủ tiện nghi. - Xe sẵn sàng lăn bánh."
p46_s14_1774768160,Mazda Other,Premium 2.0 AT,2025,855.0,300000.0,Tự động,Xăng,SUV / Cross over,Việt Nam,Đỏ,False,5,2.0,FWD,6,car_p46_s14_1774768160,"Mazda CX 5, màu đỏ quyến rũ, sản xuất năm 2025. Xe thuộc phiên bản Premium 2.0 AT, thiết kế sang trọng và hiện đại. Nội thất rộng rãi với 4 chỗ ngồi thoải mái, phù hợp cho gia đình nhỏ hoặc những người yêu thích phong cách cá tính. Thiết kế ngoại thất cuốn hút với màu đỏ nổi bật, tạo ấn tượng mạnh mẽ và thu hút mọi ánh nhìn trên đường phố. Nội thất tiện nghi, trang bị đầy đủ các tính năng hiện đại, mang đến trải nghiệm lái xe thoải mái và thú vị. Động cơ mạnh mẽ, vận hành êm ái và tiết kiệm nhiên liệu, giúp bạn tự tin chinh phục mọi hành trình. Hệ thống an toàn tiên tiến, đảm bảo an toàn tối đa cho người lái và hành khách trên mọi nẻo đường.Phiên bản Premium 2.0 AT với nhiều trang bị cao cấp, mang đến trải nghiệm lái xe tuyệt vời và đẳng cấp. Xe được bảo dưỡng định kỳ, tình trạng hoạt động tốt, sẵn sàng đồng hành cùng bạn trên mọi chuyến đi.Kiểu dáng SUV năng động, phù hợp với nhiều mục đích sử dụng, từ đi làm hàng ngày đến những chuyến du lịch xa. Không gian nội thất rộng rãi, thoải mái cho cả người lái và hành khách phía sau, tạo cảm giác thư giãn trên mọi hành trình. Hệ thống giải trí hiện đại, kết nối dễ dàng với điện thoại thông minh, giúp bạn tận hưởng những giây phút giải trí tuyệt vời. Vô lăng tích hợp nhiều phím chức năng, giúp người lái dễ dàng điều khiển và tập trung vào việc lái xe.Màu đỏ thể hiện sự cá tính và năng động của chủ sở hữu.Mazda CX 5 là sự lựa chọn hoàn hảo cho những ai yêu thích sự sang trọng, tiện nghi và an toàn."
p6_s16_1776268430,Mazda 3,Unknown,2016,330.0,97000.0,Tự động,Xăng,Sedan,Khác,Đen,True,5,2.0,FWD,6,car_p6_s16_1776268430,"Mình mới đổi xe nên bán lại chiếc Mazda 3 2016, màu đen, mua mới từ đầu, một chủ, đi có 97.000km thôi. Xe mình đi giữ gìn, bảo dưỡng đầy đủ, mọi thứ còn nguyên bản, máy móc chưa hề sữa chữa gì cả. Ai có nhu cầu liên hệ xem xe tại nhà hoặc cơ quan. Cảm ơn"
p23_s13_1774761217,Mazda 2,1.5 Luxury,2021,412.0,25000.0,Tự động,Xăng,Hatchback,Việt Nam,Trắng,True,5,1.5,FWD,6,car_p23_s13_1774761217,"bán xe mazda 2 bản luxury odo chuẩn 25000km 1 chủ sử dụng , mua và bảo dưỡng tại mazda Tân bình , ko đâm đụng bao check xe có hỗ trợ ngân hàng trả trước 150tr"
p13_s16_1776269516,Mazda 2,1.5 AT Sedan,2018,329.0,110000.0,Tự động,Xăng,Hatchback,Việt Nam,Đỏ,True,5,1.5,FWD,6,car_p13_s16_1776269516,"Em Cần Bán Mazda2 2018 1.5AT Sedan Đỏ biển hà nội , xe đẹp , chính chủ lăn bánh 11 vạn km zin siêu mới , nội thất zin căng đét , vô lăng củ số zin , trần nỉ zin mới tinh , lốp mới thay 4 quả 2025 , sơn zin còn khá nhiều Option full - ghế da - màn bình cam lùi - điều hoà auto - chìa khoá thông minh - tích hợp vô lăng - lazzang đúc thể thao - chế độ lái sport - cân bằng điện tử ...vv Xe bán cam kết bằng văn bản - máy móc nguyên bản - không tai nạn - không ngập nước - khung gầm nguyên bản Bao check test hãng hoặc gara toàn quốc - Xe bán có hỗ trợ trả góp tôi đa - Xe bán có hỗ trợ rút hồ sơ gốc - Xe bán có nhận đổi các xe cũ giá cao Anh em quan tâm liên hệ Hotline - Kiên Xe Tốt Đc 2 Nghĩa Tân - Cầu Giấy - Hà Nội"
p41_s14_1774767051,CX-5,2.0 Premium Exclusive,2023,795.0,7166.0,Tự động,Xăng,SUV / Cross over,Việt Nam,Đỏ,False,5,2.0,FWD,6,car_p41_s14_1774767051,"MADZA CX5 BẢN PREMIUM EXCLUSIVE BẢN CAO CẤP NHẤT- FULL OPTION EM KHẲNG ĐỊNH KHÔNG THỂ TÌM XE EM XE LƯỚT NÀO NGON HƠN XE NÀY Xe em mua 31/12/2023 nhưng hết hàng nên 01/2024 mới nhận xe sx2023 n 2024 mới nhận và đăng kiểm. Xe siêu lướt mới đi hơn 7100km. Vì mua cho gia đình sử dụng nên em đã làm rất nhiều đồ tầm 60tr - 70tr và đều chọn đồ PFF hãng của mỹ, Film cách nhiệt 3M, Android box Zestech, thảm lót sàn, bọc vô lăng, phủ gầm gốc dầu và mạ bộ chống rỉ. Định mua chở con đi học nhưng con học gần nên 2 năm nay xe gần như chỉ để trong hầm, k có chạy . Năm ngoái đi vũng tàu mấy lần mới có chút km. Em muốn tìm người dùng để bán , gỡ lại chút lỗ. Bán salon trả em tiếc lắm ạ vì xe không khác gì xe mới cả. Em đăng đúng giá bán, không có thương lượng cũng k bán bằng giá salon trả cho xe cũ nên các bác salon đừng trả giá giúp em nha. Vì xe mới em cũng tiếc. Em ở SG k có chuyện ngập nước. Hồi miền trung lụt cũng mua bạt đề phòng 1tr4 mà chưa khui luôn, bác nào mua thì em tặng luôn nha"
p46_s4_1774768048,Mazda Other,Unknown,2006,79.0,64000.0,Tự động,Xăng,Unknown,Khác,Bạc,False,5,2.0,FWD,6,car_p46_s4_1774768048,Xe đep khg loi Tất cả hd tốt Bốn vỏ moi Khg muc mot Số tu đong doi 2006
p1_s22_1776267678,CX-5,Premium 2.0 AT,2021,675.0,23000.0,Tự động,Xăng,SUV / Cross over,Việt Nam,Khác,True,5,2.0,FWD,6,car_p1_s22_1776267678,"Bán cx-5 lướt đời 2021 đăng ký 2022 xe cọp đi đúng 23 ngàn km một chủ từ đầu xe bao test hãng tất cả còn zin hết 100 Bản cao cấp premium 2.0 Cửa sổ trời Ghế điện, cốp điện 10 loa bose Đồng hồ hắt kiếng HAD head-Up Display Bốn vỏ zin nguyên bản , vỏ sơ cua chưa trạm đất Coi xe tại 282 đường số 5 phường bình hưng hoà quận bình tân tphcm"
p46_s15_1776273775,Mazda 2,AT,2024,375.0,70000.0,Tự động,Xăng,Sedan,Khác,Cam,False,5,2.0,FWD,6,car_p46_s15_1776273775,"MAZDA 2 SEDAN BẢN AT Sx 2024 Lăn bánh 7v km Đã trang bị thêm màn hình androi Giá nay chỉ 375tr THANH HUY AUTO Cam ket khong tai nan , Khong ngap nuoc, không phạt nguội, Pháp lý rõ ràng. Thu mua ô tô giá cao Hỗ trợ vay ngân hàng lãi suất tốt 392-394 Phan Chau Trinh.Đa Nang Hotline Han hanh đuoc phuc vu Xin chân thành cám ơn"
p16_s19_1774759681,Mazda 2,AT,2011,195.0,92000.0,Tự động,Xăng,SUV / Cross over,Khác,Trắng,False,5,2.0,FWD,6,car_p16_s19_1774759681,"Mazda2 đời 2011, odo 9,2 vạn km. - Xe số tự động, màu trắng. - Thiết kế nhỏ gọn, dễ di chuyển trong phố. Đời xe Sản xuất 2011 Tình trạng Odo 9.2v km Xe chạy giữ gìn, bảo dưỡng đều, máy móc êm. Cam kết Bao check test toàn quốc theo yêu cầu. Xe sẵn sử dụng, không cần tốn thêm chi phí bảo dưỡng. Giá chào bán 195 Triệu Có thương lượng sâu cho anh em thiện chí."
p72_s0_1776277404,Mazda 3,Luxury,2018,400.0,83294.0,Tự động,Xăng,Sedan,Khác,Trắng,False,5,2.0,FWD,6,car_p72_s0_1776277404,"MAZDA 3 LUXURY SPORT 2018 XANH SANG TRỌNG Phiên bản Luxury Sport Năm SX 2018 Màu Trắng ODO 83.294 km Xe gia đình sử dụng đi giữ gìn Khung gầm máy móc keo chỉ nguyên bản Km zin form dáng đẹp Không đâm va không ngập nước Cam kết chất lượng bằng văn bản Liên hệ Xem xe tại Khu TĐC Đông Hoà,KP Đông A, P Đông Hoà, Tp Bình Dương"
p3_s1_1774726633,Mazda 2,1.5 AT,2024,392.0,33000.0,Tự động,Xăng,Hatchback,Việt Nam,Đỏ,False,5,3.0,FWD,6,car_p3_s1_1774726633,"Mazda 2 2024 Đỏ 33.000 km Xe lên 50 triệu đồ chơi, phụ kiện Ghế da napa, lót sàn, bọc trần, Màn hình adroi, camera hành trình, camera 360... Xem xe 84 Phạm Hùng, Hoà Xuân, Đà Nẵng"
p12_s16_1776269343,Mazda Other,2.2L 4x2 ATH,2018,349.0,180000.0,Tự động,Dầu,Pick-up (bán tải),Việt Nam,Khác,True,5,2.2,FWD,6,car_p12_s16_1776269343,Bt50 2018 rin keng 1 chủ sử dụng rat mới
p51_s16_1776274980,CX-5,2.0 AT,2013,420.0,65000.0,Tự động,Xăng,SUV / Cross over,Việt Nam,Cam,False,5,2.0,FWD,6,car_p51_s16_1776274980,"MAZDA CX5 - ĐẲNG CẤP TỪ THIẾT KẾ ĐẾN VẬN HÀNH. Động cơ Skyactiv-G 2.0L Công suất tối đa 155 mã Hộp số tự động 6 cấp Điều hòa tự động Màn hình giải trí kết nối Bluetooth Chống bó cứng phanh Túi khí Camera lùi... MAZDA CX5 2.0 ĐỜI 2013 Odo 65.000 km Nội Ngoại thất long lanh Bao kiểm tra hãng, rút hồ sơ gốc. Thủ tục hồ sơ rõ ràng nhanh gọn"
p35_s9_1776273111,Mazda 6,2.0L Premium,2022,679.0,29000.0,Tự động,Xăng,Sedan,Việt Nam,Trắng,False,5,2.0,FWD,6,car_p35_s9_1776273111,"ĐI PHỐ ÊM, ĐI XA ỔN, THẾ LÀ ĐỦ. Sedan hạng D Động cơ SkyActiv-G 2.0L Công suất 154 mã Hộp số Tự động 6 cấp Mức tiêu hao nhiên liệu 67L/100km hỗn hợp Đèn trước LED sắc nét, có tự động bật/tắt Mâm hợp kim 19 inch Ghế da cao cấp Ghế lái chỉnh điện nhớ 2 vị trí Màn hình trung tâm 7 inch Hệ thống Mazda Connect Apple CarPlay / Android Auto Âm thanh 11 loa Bose cao cấp Điều hoà tự động 2 vùng Phanh tay điện tử Auto Hold 6 túi khí Cân bằng điện tử Camera lùi Cảnh báo điểm mù Cảnh báo phương tiện cắt ngang Cảnh báo lệch làn Hỗ trợ giữ làn... MAZDA 6 PREMIUM 2.0 ĐỜI 2022 Odo 29.000 km Nội Ngoại thất long lanh Bao kiểm tra hãng, rút hồ sơ gốc. Thủ tục hồ sơ rõ ràng nhanh gọn Hỗ trợ bank 65"
p76_s19_1776278314,Mazda 3,1.5 AT Sedan,2018,418.0,100000.0,Tự động,Xăng,Hatchback,Việt Nam,Khác,False,5,1.5,FWD,4,car_p76_s19_1776278314,Xe sx 2018 zin ko lôi. Ko va đâm. Ko ngập nước Đã độ led viền nội thất. Bi gầm. Độ HUD kính lái
p21_s6_1776271029,Mazda 3,1.5 AT,2018,430.0,43000.0,Tự động,Xăng,Sedan,Khác,Xanh,False,5,3.0,FWD,6,car_p21_s6_1776271029,"Xe gia đình ít chạy , bảo dưỡng hãng định kì , sản xuất 2018 , đã đi 43.000"
p25_s16_1774763655,Mazda 3,1.5 Luxury,2021,485.0,81240.0,Tự động,Xăng,Sedan,Việt Nam,Đen,False,5,1.5,FWD,6,car_p25_s16_1774763655,"Mazda 3 Luxury đời 2021 màu đen, xe chạy 81.555 km. - Thiết kế sang trọng, nội thất tiện nghi. - Động cơ vận hành êm ái, tiết kiệm nhiên liệu. - thích hợp vô lăng , ga tự động , sposrt tăng tốc , lẫy vô lăng , đàm thoại 2 chiều , - Xe giữ gìn cẩn thận, sẵn sàng sử dụng. -Rin toàn tập, 2 khoá theo de dc 55 phước lý 9 tp dn"
p30_s12_1776272487,Mazda 3,1.5 Luxury,2022,525.0,32000.0,Tự động,Xăng,Sedan,Khác,Trắng,False,5,1.5,FWD,6,car_p30_s12_1776272487,"Mazda 3 1.5AT Hatchback Sport Luxury sản xuất 2022, màu trắng. - Xe chạy 32.000 km, biển Hà Nội, tên tư nhân. - Thiết kế thể thao, nội thất tiện nghi. - Giá 525 triệu, hỗ trợ vay ngân hàng 70."
p7_s8_1774727535,Mazda 3,1.5L Sport Deluxe,2019,410.0,92000.0,Tự động,Xăng,Sedan,Khác,Cam,False,5,1.5,FWD,6,car_p7_s8_1774727535,"Mazda 3 2019 1.5 AT sedan đẹp, giá tốt Bán Mazda 3 2019 1.5 AT Giá 410 triệu còn thương lượng Sedan rộng rãi, chạy êm, phù hợp gia đình Máy 1.5 tiết kiệm xăng Số tự động dễ lái Nội thất sạch sẽ, sử dụng kỹ Xe đi đầm, ổn định Cam kết Không đâm đụng, không tai nạn Không ngập nước Khung gầm zin, pháp lý rõ ràng Máy số ổn định Bao test check thoải mái Giá 410 triệu còn thương lượng Liên hệ xem xe 85 Nguyễn Hồng Ánh, Đà Nẵng Xe sẵn giá hợp lý xem là dễ chốt"
p38_s1_1774766262,CX-8,2.5 AT,2020,679.0,60000.0,Tự động,Xăng,SUV / Cross over,Việt Nam,Đen,False,7,2.5,FWD,6,car_p38_s1_1774766262,"𝐌𝐚𝐳𝐝𝐚 𝐂𝐗-𝟖 𝟐.𝟓𝐀𝐓 𝐌𝐨𝐝𝐞𝐥 𝟐𝟎𝟐𝟏 𝐒𝐢𝐞𝐮 Đ𝐞𝐩 Xe màu Đen / Nội thất Đen Sản xuất 2020 ODO 6v km Full Ls Hãng Xe trang bị Động cơ Skyactiv-G 2.5L, Hộp số tự động 6 cấp, Hệ thống đèn full LED, Mâm hợp kim 19 inch, Ghế chỉnh điện bọc da cao cấp, Điều hoà 3 vùng độc lập, Màn hình 7 inch kết nối Apple Carplay và Android Auto, 6 Loa, Cốp điện, 6 túi khí, Camera sau,. Trang bị thêm Film cách nhiệt, thảm lót sàn, 𝐂𝐀𝐌 𝐊𝐄𝐓 Không đâm đụng Không ngập nước Không tua Km"
p13_s5_1774728554,CX-5,2.0 AT,2018,560.0,111000.0,Tự động,Xăng,SUV / Cross over,Khác,Nâu,False,5,2.0,FWD,6,car_p13_s5_1774728554,"Bán xe Mazda Cx5 phiên bản động cơ 2.0, sản xuất năm 2018. Máy móc nguyên bản, không tai nạn, không ngập nước. Xe tâm huyết, đã trang bị thêm hơn 50tr tiền đồ - Màn hình Andoid GoTech Mazda kèm Camera 360 màn hình zin theo xe vẫn còn. - Camera hành trình trước sau loại xịn. - Cảm biến áp suất lốp cảnh báo giọng nói tích hợp trên màn hình. - Gập gương lên kính tự động khi khoá xe. - Lẫy số trên vô lăng. - Phim cách nhiệt Rayno. - Vietmap gói Siêu cấp. - Phủ sàn 360 cách âm chống ồn. - Thảm sàn 6D Thảm cốp, tấm chia cốp. - Cần số pha lê cần số zin theo xe vẫn còn. - Xe vừa gia hạn đăng kiểm đến tháng 2/2027, bảo hiểm tháng 2 acquy vừa thay được 2 tuần. Xem xe tại tp Thanh Hoá. Cảm ơn"
p56_s5_1776275279,Mazda 2,1.5 AT,2013,230.0,120000.0,Tự động,Xăng,Hatchback,Khác,Trắng,False,5,1.5,FWD,6,car_p56_s5_1776275279,MAZDA 2 1.5AT sx2013 biển Hà Nội trắng Ngọc Trinh chạy hơn 12vkm. Nội thất zin theo xe. Đã bảo dưỡng gầm bệ ngon lành. Anh em quan tâm liên hệ ngay nhé..
p45_s13_1774767913,CX-3,1.5,2022,444.0,80000.0,Tự động,Xăng,SUV,Thái Lan,Xám,True,5,1.5,FWD,6,car_p45_s13_1774767913,"Gia đình cần bán xe Mazda CX3 1.5, Một dòng xe SUV cở nhỏ mới hiện đại nhất hiện nay , rất gọn gàng, mang lại cảm giác dễ chịu khi lái xe, Sản xuất cuối năm 2021 nhập Thái màu xám, bốn vỏ theo xe, máy êm, lạnh buốt, xe chính chủ ký bán nhanh trong ngày"
p36_s3_1776273183,CX-5,2.0 Premium Sport,2023,800.0,15024.0,Tự động,Xăng,SUV / Cross over,Việt Nam,Đen,False,5,2.0,FWD,6,car_p36_s3_1776273183,"Xe nữ đi , ít lái , chưa ngập , ko đụng chợt gì hết Mới đi 15024km Mazda cx5 2023 bản sport mua cuối năm 2023 đầu năm 2024 Thử tset thoải mái đảm bảo uy tín"
p9_s7_1776268818,Mazda Other,Premium Sport 2.0 AT,2023,779.0,19999.0,Tự động,Xăng,SUV / Cross over,Việt Nam,Đen,False,5,2.0,FWD,6,car_p9_s7_1776268818,"New MAZDA CX-5 Premium Sport Sx 9/2023 Siêu Mới Odo 19.900 km Thế hệ nâng cấp mới nhất, phiên bản full Option , sở hữu đầy đủ công nghệ Adas. -Thời điểm ra mắt cái giá để sở hữu em nó là gần 1 tỷ , Giờ đã tiết kiệm quá hợp lý. Màu xe Machine Grey Metallic / Black Phiên bản Premium Sport Thể thao nhất Sản xuất 2023 Đăng ký 26/9/2023 Odo 19.900KM - Siêu Lướt Xe 1 đời chủ mua mới đập thùng. Ðược bảo quản, giữ gìn chăm sóc cẩn thận, nội thất sạch sẽ , cả 2 hàng ghế da căng đẹp như mới. Bảo trì bảo dưỡng đúng lộ trình và định kỳ tại hãng Mazda Cam kết Hoàn hảo, Zin từ A đến Z , Sẵn sàng check Hãng - Xe luôn đỗ trong hầm lửng chung cư cao cấp rất thoáng, không 1 ngày phơi nắng phơi mưa. Option đã lắp em tặng hết cho Khách mua xe Đã mua Bảo Hiểm thân xe 2 chiều trị giá 10 triệu đến 9/2026 Mua Bảo hiểm bắt buộc 9/2026 Dán full Phim cách nhiệt chính hãng Phủ Ceramic loại cao cấp full xe Lắp nẹp chống trầy cốp sau Lắp Lót sàn nhựa đúc nguyên khối Camera hành trình Bảo Hành chính hãng 5 Năm hoặc 150.000 km Xem xe va giao dich tai nha rieng Cam ket Tinh trang xe hoan hao Khuyen khich khach moi tho xin đen ho tro xem xe hoac đua vao hang Mazda bat ky check Thank you"
p28_s16_1776272178,Mazda Other,Premium 2.0 AT,2021,688.0,60000.0,Tự động,Xăng,SUV / Cross over,Việt Nam,Cam,False,5,2.0,FWD,6,car_p28_s16_1776272178,"Cần Bán Mazda_CX5 Premium động cơ 2.0. Odo 60.000km chuẩn cam kết không tua. Xe trang bị full option, 2 ghế chỉnh điện, cốp điện, cửa sổ trời.. Tình trạng Xe không tai nạn nặng, ngập nước, máy số zin nguyên bản.Có sơn tỉa ngoài da do trầy xước cơ bản. 688tr bao rút hồ sơ, hỗ trợ sang tên. Giá còn thương lượng A/c thiện chí mua cứ đến xem, e cân đối bán. Đ/c Thủ Đức / HCM."
p47_s18_1774768444,Mazda 6,Premium 2.0 AT,2023,719.0,24000.0,Tự động,Xăng,Sedan,Việt Nam,Đỏ,True,5,2.0,FWD,6,car_p47_s18_1774768444,"Mazda 6 2.0 Premium 2023 Full TCCC Giá 750 triệu Mazda 6 2.0 Premium 2023 Full TCCC, odo 24.000km, màu đỏ Soul Red, nội thất cao cấp. Xe 1 chủ sử dụng, bảo dưỡng định kỳ, không đâm đụng không ngập nước không tua km. Trang bị nổi bật Gói an toàn i-Activsense radar Ga tự động thích ứng, cảnh báo hỗ trợ giữ làn HUD kính lái Ghế da chỉnh điện nhớ ghế Phanh tay điện tử, Auto Hold Màn hình giải trí hỗ trợ Apple CarPlay / Android Auto Xe nguyên bản, máy móc khung gầm zin. Bao check test, giấy tờ đầy đủ, sang tên nhanh."
p13_s15_1776269505,Mazda 3,Luxury,2020,495.0,40000.0,Tự động,Xăng,Sedan,Việt Nam,Đỏ,True,5,2.0,FWD,6,car_p13_s15_1776269505,M3 luxury 1 chủ mua mới 6/2020 4V full hãng 100 Cách âm 3M full xe lúc mua mới Camera 360 Camera hành trịnh Film vvv Giá bao rút hs. Bớt lộc cho phi thue sang ten cho Anh Chị thiện chí xem xe trực tiếp . Tư vấn chi tiết qua zalo trực tiếp. Vì công việc di chuyên mình k tiếp tin nhắn thông cảm. Check test toàn quốc giao xe tận nơi. Xem xe tại nhà Chợ Tam Hà Thủ Đưc. Xin cám ơn
p31_s0_1774764847,Mazda 3,1.5 Luxury,2025,599.0,7000.0,Tự động,Xăng,Sedan,Khác,Đỏ,False,5,1.5,FWD,6,car_p31_s0_1774764847,"Mazda 3 1.5L Luxury màu đỏ, đăng ký lần đầu 2025. - Xe lướt 7.000 km, tình trạng như mới. - Không lỗi nhỏ, bảo dưỡng đầy đủ tại hãng, sơn zin cả xe. - Thiết kế sang trọng, vận hành êm ái. Ae thiện chí alo e co giá êm ạ - thanks"
p31_s6_1774764912,CX-5,2.0L FWD,2017,485.0,61000.0,Tự động,Xăng,SUV / Cross over,Việt Nam,Cam,False,5,2.0,FWD,6,car_p31_s6_1774764912,"- Cần bán Mazda Cx5 2.0AT 2017 cam kết odo chuẩn 62,000 km. Full lịch sử hãng. Sơn zin còn nhiều. Tình trạng gần như mới - Bánh sơ cua chưa hạ. 4 vỏ mới thay - Trang bị full option ghế điện, cửa sổ trời, đề Star/stop, phanh tay điện tử, đầu DVD, camera de, HUD kính hiển thị tốc độ, camera Hành Trình VietMap cảnh báo giao thông. - Cam kết đúng km. Không đâm đụng, ngập nước, máy số zin - Bán bao rút hồ sơ gốc, bao pháp lý, phạt nguội - Thiện chí xem xe giá cả còn thương lượng"
p23_s19_1776271401,Mazda Other,2.0 Premium,2024,795.0,50000.0,Tự động,Xăng,Unknown,Nhật Bản,Trắng,True,5,2.0,FWD,6,car_p23_s19_1776271401,"Bán xe Mazda CX 5 , Premium 2.0AT đời t5/2024 , nữ , màu trắng biển Hà Nội, km 5 v , cam kết không tua đồng hồ ,không đâm đụng, lốp dự phòng mới 100 đăng kiểm đến t5 2027. Một chủ đi từ đầu"
p67_s8_1776276805,Mazda Other,AT,2005,125.0,250000.0,Tự động,Xăng,Unknown,Nhật Bản,Cam,True,7,2.0,FWD,6,car_p67_s8_1776276805,"Phermacy 2005 số tự động. 125 triệu phermacy một chủ từ đầu - Máy không ráo, không thấm dầu, nổ êm ru - Hộp số ngon, không lỗi - Thân vỏ ko mục, đồng sơn không một vết trầy - Hệ thống điện không lỗi - Phụ kiện Ghế da, màn hình adroi, camera hành trình trước, camera lùi, 6 loa - Xe để trong Gara gia đình, nội thất không xuống, máy ko bị chuột đái vào do đó tình trạng xe rất tốt Xem xe 84 Phạm Hùng, Đà Nẵng"
p47_s19_1774768455,Mazda 6,2.0 Premium GTCCC,2021,620.0,65000.0,Tự động,Xăng,Sedan,Việt Nam,Xanh,True,5,2.0,FWD,6,car_p47_s19_1774768455,"Mazda 6 2.0 Premium 2021, màu xanh, odo 65.000km. Xe full gói an toàn TCCC i-Activsense, 1 chủ sử dụng, bảo dưỡng đầy đủ. Trang bị HUD, ghế da chỉnh điện nhớ ghế, phanh tay điện tử Auto Hold, màn hình CarPlay/Android Auto. Xe nguyên bản, không đâm đụng, không ngập nước. Bao check test, sang tên nhanh."
p19_s4_1776270698,Mazda 6,Premium 2.5 AT,2018,465.0,65000.0,Tự động,Xăng,Sedan,Việt Nam,Khác,False,5,2.5,FWD,6,car_p19_s4_1776270698,"CẦN BÁN MAZDA 6 MÁY 2.5 2018 XE CỌP ĐI ÍT Ưu đãi Hỗ trợ vay ngân hàng 50 định giá. Bao test hãng toàn quốc. Bảo hành từ 3 - 6 tháng. Tặng spa bảo dưỡng, khi giao xe. Nhận trao đổi bù trừ xe khác. Giao xe tận nơi toàn quốc. Xem xe tại KĐT Vạn Phúc, Thủ Đức, TpHCM. TƯ VẤN NHIỆT TÌNH - HỖ TRỢ HẾT MÌNH Vui lòng liên hệ số điện thoại bên dưới để được tư vấn chi tiết."
p50_s5_1774769037,Mazda 6,MT,1995,58.0,20000.0,Số sàn,Xăng,Sedan,Khác,Đen,False,5,2.0,FWD,6,car_p50_s5_1774769037,"Bán xe Mazda 626 màu đen, số sàn. - Xe vận hành tốt, máy móc ổn định. - Thiết kế cổ điển, bền bỉ. - Phù hợp cho người thích xe số sàn."
p38_s15_1774766412,Mazda 3,1.6 AT,2010,235.0,132000.0,Tự động,Xăng,Sedan,Đài Loan,Khác,False,5,1.6,FWD,6,car_p38_s15_1774766412,Đổi xe mới cần bán xe madaz 3 máy móc zin xe zin ko lổi ae mua về đi gd yên tâm
p72_s3_1776277437,Mazda 3,AT,2016,365.0,100000.0,Tự động,Xăng,Sedan,Khác,Trắng,False,5,2.0,FWD,6,car_p72_s3_1776277437,"Bán mazda 3 , xe rất đẹp, không lỗi lầm , ai có nhu cầu liên hệ để biết thêm thông tin"
p36_s8_1774765956,Mazda 3,Unknown,2004,110.0,123000.0,Số sàn,Xăng,Sedan,Khác,Trắng,True,5,2.0,FWD,6,car_p36_s8_1774765956,"Cần bán xe mazda như hình, máy móc em ru, không lỗi lầm. Xe gia đình chạy kĩ, ngoại hình đẹp. Xe chính chủ sang tên nhanh chóng"
p12_s17_1774728494,Mazda 3,1.5 AT Hatchback,2016,360.0,140000.0,Tự động,Xăng,Hatchback,Việt Nam,Cam,False,5,1.5,FWD,2,car_p12_s17_1774728494,"Mazda 3 xe tư nhân chủ đi giữ gìn sản xuất 2016 lăn bánh 2017 bản sport full kịch túi khí quanh xe -Trang bịđộng cơ 1.5L máy cực tiết kiệm chỉ 6l/100 Km. - Ga tự động, gẩy số vô lăng, hệ thống dừng/khởi động i-stop, hệ thống phanh Abs 4 bánh, túi khí an toàn, 02 chế độ lái, màn hình DVD, cam lùi nguyên bản theo xe, chìa khoá thông minh sờ nổ, xi nhan trên gương, gương kính chỉnh điện Tình trạng xe - Keo chỉ zin không đâm va ko ngập nước . - Máy số zin nguyên bản theo nhà máy chưa sờ cà lê keo tai chuột nguyên bản Niêm yết 360 triệu bao rút hồ sơ Cam kết xe không đâm đụng, không ngập nước, pháp lý rõ ràng. xem xe Hải Phòng"
p16_s9_1776269953,CX-5,Premium 2.0 AT,2023,745.0,39000.0,Tự động,Xăng,SUV / Cross over,Việt Nam,Đỏ,False,5,2.0,FWD,6,car_p16_s9_1776269953,"Mazda CX5 2023 2.0AT Premium chất xe chuẩn đẹp _ Sản xuất 2023 _ Bs 51K _ Odo 39,000km Tình trạng xe Kẻo chỉ nguyên zin, 4 lốp theo xe, lịch sử BD hãng đầy đủ Cam kết 3 KHÔNG KHÔNG ĐÂM ĐỤNG - KHÔNG THUỶ KÍCH - KHÔNG TUA ĐỒNG HỒ Hỗ trợ Thu xăng-Đổi điện tận nhà giá Tốt Hỗ trợ vay ngân hàng 70"
p23_s7_1774761147,CX-8,Premium,2019,700.0,68000.0,Tự động,Xăng,SUV / Cross over,Việt Nam,Đỏ,True,7,2.0,FWD,6,car_p23_s7_1774761147,"Chính chủ bán xe mazda CX8 bản bản cao nhất. Một cầu. 12/2019. Xe gia đình chủ mua mới. Bao đâm đụng, ngập nước. Xe còn rất mới ít đi. LH chính chủ . Giá 700tr"
p4_s7_1774726887,Mazda 6,Premium 2.0 AT,2022,679.0,29000.0,Tự động,Xăng,Sedan,Việt Nam,Khác,True,5,2.0,FWD,6,car_p4_s7_1774726887,"Mazda 6 bản 2.0 Premium TCCC 2022 một chủ mua mới từ đầu đi đúng 29 ngàn km 4 vỏ theo xe, sơ cua chưa hạ nguyên zin bao check toàn quốc option ngập tràn loa Bose, Mâm lớn, ghế chỉnh điện, nhớ vị trí, làm mát ghế..v..v giá bán bao sang tên và còn thương lượng"
p10_s15_1774728124,Mazda 2,Premium Sedan,2019,378.0,30000.0,Tự động,Xăng,Sedan,Thái Lan,Khác,True,5,2.0,FWD,6,car_p10_s15_1774728124,"Mazda 2 2019 nhập Thái Lan một chủ mua mới từ đầu đăng ký tháng 12/2019 đi đúng 30 ngàn km bảo dưỡng full lịch sử 4 vỏ theo xe, sơ cua chưa hạ giá bán xem xe còn thương lượng"
p21_s7_1776271035,CX-5,2.0 Deluxe,2022,585.0,51258.0,Tự động,Xăng,SUV / Cross over,Việt Nam,Khác,True,5,2.0,FWD,6,car_p21_s7_1776271035,"Bán nhanh xe Mazda cx5 2022 2.0 full cao cấp 1 chủ cực đẹp, ghế điện cửa nóc Dòng xe 5 chỗ cao cấp sang trọng cho mọi gia đình, Full chức năng, keo chỉ zin, máy số zin như mới nên đi cực kỳ êm sướng nhẹ bốc Xe 1 chỗ sử dụng chuẩn 51ng km, chất xe mọi chi tiết như mới Có trao đổi các loại xe khác Giá bao rẻ nhất thị trường Ai cần alô trực tiếp không nhắn tin Giấy tờ chính chủ ký giao dịch ngay"
p33_s16_1776272948,CX-5,2.0 Premium,2022,698.0,38000.0,Tự động,Xăng,SUV,Khác,Xám,False,5,2.0,FWD,6,car_p33_s16_1776272948,"Mazda CX5 Premium 1 cầu 2.0 đời 2022 màu xám. - Odo 38.000 km, bao check test. - Thiết kế hiện đại, nội thất tiện nghi. - Động cơ 2.0 mạnh mẽ, vận hành êm ái. - Giá 698 triệu."
p22_s9_1774760944,Mazda 3,1.5 Sedan,2017,363.0,58764.0,Tự động,Xăng,Sedan,Việt Nam,Khác,False,5,1.5,FWD,2,car_p22_s9_1774760944,cần bán xe masda3 xe đi giữ gìn cẩn thận sạch sẻ lh sđt.
p19_s9_1774760280,Mazda 3,Unknown,2019,460.0,90000.0,Tự động,Xăng,Sedan,Việt Nam,Trắng,True,5,2.0,FWD,6,car_p19_s9_1774760280,Hoàn kều chào bán - Mazda 3 sx 2019 Dk 2020 . Tư nhân 1 chủ từ mới - Xe đẹp xuất sắc chạy vài vạn km thôi ạ - Dàn lốp mới thay chạy êm chắc . Bao check test mọi nơi Hỗ trợ ngân hàng 65 giá trị Bác nào nhu cầu lh e nhé
p7_s13_1776268554,Mazda 3,1.5L Premium,2022,579.0,66000.0,Tự động,Xăng,Sedan,Việt Nam,Đen,True,5,1.5,FWD,6,car_p7_s13_1776268554,"𝐌𝐚𝐳𝐝𝐚 𝟑 𝟏.𝟓𝐋 𝐏𝐫𝐞𝐦𝐢𝐮𝐦 𝟐𝟎𝟐𝟐 Đ𝐨𝐧𝐠 𝐜𝐨 Xăng 1.5L, 110HP 𝐇𝐨𝐩 𝐬𝐨 Số tự động 𝐌𝐚𝐮 𝐱𝐞 Xanh Cavansite - nội thất đen 𝐒𝐚𝐧 𝐱𝐮𝐚𝐭 Việt Nam 𝐗𝐞 đ𝐮𝐨𝐜 𝐭𝐫𝐚𝐧𝐠 𝐛𝐢 Xe là bản cao cấp nhất của Mazda 3, trang bị hệ thống an toàn chủ động i-ActivSense bao gồm cảnh báo điểm mù, cảnh báo phương tiện cắt ngang phía sau, cảnh báo lệch làn đường, hỗ trợ giữ làn đường, hỗ trợ phanh tự động thông minh, điều khiển hành trình thích ứng thông minh, HUD, nhớ vị trí lái, cửa sổ trời, 7 túi khí...và vô vàng các trang bị an toàn khác,... 𝐓𝐢𝐧𝐡 𝐭𝐫𝐚𝐧𝐠 𝐱𝐞 Xe 1 chủ làm bên xây dựng, đi kĩ, động cơ hộp số zin mượt mà, ngoại thất và nội thất còn mới, mới thay 4 lốp mới đi Tết, 5 chỗ rộng rãi, siêu đầm chắc, chạy cực êm, siêu tiết kiệm nhiên liệu. 𝐂𝐚𝐦 𝐤𝐞𝐭 𝐤𝐡𝐨𝐧𝐠 𝐭𝐚𝐢 𝐧𝐚𝐧, 𝐧𝐠𝐚𝐩 𝐧𝐮𝐨𝐜, 𝐭𝐮𝐚 đ𝐨𝐧𝐠 𝐡𝐨 Đ𝐨𝐧𝐠 𝐜𝐨, 𝐡𝐨𝐩 𝐬𝐨 𝐧𝐠𝐮𝐲𝐞𝐧 𝐛𝐚𝐧, 𝐛𝐚𝐨 𝐡𝐚𝐧𝐡 𝟓𝟎𝟎𝟎𝐤𝐦 𝐡𝐨𝐚𝐜 𝟔 𝐭𝐡𝐚𝐧𝐠 𝐁𝐚𝐨 𝐭𝐞𝐬𝐭 𝐡𝐚𝐧𝐠, 𝐠𝐢𝐚𝐨 𝐱𝐞 𝐭𝐨𝐚𝐧 𝐪𝐮𝐨𝐜 𝐇𝐨 𝐭𝐫𝐨 𝐯𝐚𝐲 𝐭𝐫𝐚 𝐠𝐨𝐩 𝐓𝐡𝐮 𝐦𝐮𝐚 đ𝐚 𝐝𝐚𝐧𝐠 𝐭𝐚𝐭 𝐜𝐚 𝐜𝐚𝐜 𝐝𝐨𝐧𝐠 𝐱𝐞 𝐜𝐮 𝐠𝐢𝐚 𝐜𝐚𝐨"
p33_s12_1776272928,Mazda 2,1.5 AT Luxury,2020,378.0,74000.0,Tự động,Xăng,Sedan,Khác,Khác,True,5,1.5,FWD,6,car_p33_s12_1776272928,Cần bán mazda 2 2020 luxury bản đủ Tên cá nhân chính chủ sử dụng Xe đẹp bao check test mọi nơi Không lỗi nhỏ
p14_s14_1776269664,BT-50,AT,2015,280.0,190000.0,Tự động,Dầu,Pick-up (bán tải),Khác,Xám,False,5,2.0,FWD,6,car_p14_s14_1776269664,"Mazda BT-50 màu xám - 2015 , số tự động 1 cầu 19 vạn Tại 113 vĩnh khang ngọc hồi thanh trì hà nội"
p34_s4_1774765514,CX-3,1.5 Deluxe,2023,490.0,18000.0,Tự động,Xăng,SUV / Cross over,Thái Lan,Trắng,False,5,1.5,FWD,6,car_p34_s4_1774765514,"Bán Mazda CX3 mua tháng 11/2023, đi được 18k KM xe gia đình đi."
p73_s17_1776277779,Mazda 3,1.5 AT Sedan,2017,350.0,98000.0,Tự động,Xăng,Sedan,Việt Nam,Khác,False,5,1.5,FWD,2,car_p73_s17_1776277779,Em lên đời nên cần bán ạ. Xe lên đồ chơi nhiều. Tiếp người thiện chí. Không tiếp cò lái dân buôn ạ. Giá cả thương lượng ít . Cảm ơn
p15_s4_1776269739,CX-5,AT,2020,595.0,80000.0,Tự động,Xăng,SUV,Khác,Đỏ,False,5,2.0,FWD,6,car_p15_s4_1776269739,"Mazda CX-5 sx 2020 màu đỏ, xe 5 chỗ, động cơ xăng, hộp số tự động. Odo 8van - Thiết kế thể thao, nội thất tiện nghi. - Vận hành êm ái, tiết kiệm nhiên liệu. - Xe sẵn sàng lăn bánh."
p16_s14_1774759621,Mazda 3,1.5 AT,2016,355.0,86000.0,Tự động,Xăng,Sedan,Việt Nam,Đen,False,5,1.5,FWD,6,car_p16_s14_1774759621,"Mazda 3 1.5AT sản xuất 2016 full đồ chơi giá 355tr. Odo 86km xe cá nhân gia đình dùng, cam kết bằng văn bản chất lượng xe không cấn đụng, không ngập nước, máy móc nguyên bản, keo chỉ nguyên bản. Full đồ chơi Cửa sổ trời, màn android 15inch lớn, đèn pha 4 bi led, đèn daylight led, đèn hậu led, bi gầm led, ca lăng kim cương, ốp heo, ốp lẫy số, full nt da kem, trần da lộn, film cách nhiệt, mâm sơn đen, 2 chìa khóa,... - em Phát Xem xe TP. Thủ Đức, HCM. mazda32016 mazda32017"
p76_s10_1776278253,BT-50,Unknown,2015,350.0,20000.0,Tự động,Dầu,Pick-up (bán tải),Khác,Trắng,False,5,2.0,FWD,6,car_p76_s10_1776278253,"tôi cần bán xe tư nhân, xe ổn định chạy tốt, dòng xe bán tải MAZDA, số điện thoại liên hệ"
p75_s5_1776278045,Mazda 3,1.5L Premium,2023,630.0,2000.0,Tự động,Xăng,Hatchback,Việt Nam,Trắng,True,5,1.5,FWD,6,car_p75_s5_1776278045,"Mazda3 1.5L Premium 2023 Đăng ký cá nhân, 1 chủ từ mới Odo 2 vạn km, zin toàn bộ Full lịch sử bảo dưỡng hãng Ngoại thất nội thất như xe lướt, chưa dọn Động cơ 1.5L tiết kiệm, vận hành mượt Bản Premium đèn LED, HUD, ghế da, màn hình lớn, an toàn đầy đủ Giá bán 630 triệu Hỗ trợ bank, bao check/test theo yêu cầu."
p8_s2_1776268626,Mazda 3,1.5L Premium,2024,639.0,16471.0,Tự động,Xăng,Hatchback,Việt Nam,Trắng,False,5,1.5,FWD,6,car_p8_s2_1776268626,"Mazda 3 Premium sx 2024, màu trắng, xe đẹp, chạy êm. - ODO 16.471 km. - Xe 5 chỗ, dùng nhiên liệu xăng. - Thiết kế sang trọng, nội thất tiện nghi. Xe zin 100, như xe mới, xem xe hóc môn"
p15_s17_1774759409,Mazda 3,AT,2013,280.0,120000.0,Tự động,Xăng,Sedan,Việt Nam,Cam,False,4,2.0,FWD,6,car_p15_s17_1774759409,"Keo chỉ , máy móc , nguyên bản Nội thất lung linh Lốp dự phòng mới tinh Cửa sổ trời Màn hình cam lùi"
p22_s19_1776271260,Mazda 6,Premium 2.0 AT,2020,510.0,70000.0,Tự động,Xăng,Sedan,Việt Nam,Xanh,False,5,2.0,FWD,6,car_p22_s19_1776271260,"Mazda 6 2.0 Premium 2020 xanh cavansite Trang bị loa Bose, hud kính, màn hình android... Xe nội và ngoại thất đẹp, chạy 7 vạn bảo dưỡng đều như vắt chanh, máy số zin... không đâm va. Giá bán bao ký, bao uỷ quyền cho anh em chạy Xem xe Vinhomes Grand Park quận 9"
p15_s3_1774759238,CX-5,Unknown,2024,810.0,14500.0,Tự động,Xăng,SUV,Việt Nam,Trắng,False,5,2.0,FWD,6,car_p15_s3_1774759238,"Người dùng bán CX5 Exclusive odo 1 vạn 4 trắng biển SG xuất hoá đơn cty được, sx cuối 2024 đăng kiểm đến T8/2028. Xe gồm - Film 3M Crystalline - Áp suất lốp trong - Dán ppf nhựa bóng giữ rất kỹ Giá 810 triệu, bớt lộc cho người thiện chí Đã đăng sát giá, hợp lý hẳn gọi đừng làm mất thời gian đôi bên"
p16_s2_1774759473,Mazda 3,1.5 Deluxe,2023,520.0,2700.0,Tự động,Xăng,SUV / Cross over,Khác,Đỏ,True,5,1.5,FWD,6,car_p16_s2_1774759473,"Tiếp tục seri xe mua về trùm mền ko đi Mazda CX 3 Deluxe sx 2023 một chủ mua mới, sơn zin 99,9 Odo 2.700 km mới thay nhớt lần đầu mốc 2000 km full hãng xe đã lên màng Zestech kèm cam 360 xịn sò 5xx cho mẫu SUV phân khúc B gầm cao đi phố Liên hệ e xem xe thương lượng trực tiếp ạ. Thanks Minh CX3"
p17_s14_1776270173,Mazda 3,1.5L Luxury,2021,495.0,49999.0,Tự động,Xăng,Sedan,Nhật Bản,Đỏ,False,5,1.5,FWD,6,car_p17_s14_1776270173,xe mazda 3 bản luxury đăng ký lần đầu tháng 12 năm 2021 xe gia đình đi ít bảo dưỡng hãng định kỳ. không chạy dịch vụ . 49.999 cây. còn lần bảo dưỡng mốc 50 ngàn cây free của hãng. giá bán 495tr lh
p32_s4_1774765114,Mazda 3,Premium,2020,530.0,60000.0,Tự động,Xăng,Sedan,Khác,Xanh,True,5,2.0,FWD,6,car_p32_s4_1774765114,"Xe all new mazda 3 premium 2020 60000km Xe gia đình 1 chủ, đi kỹ Trang bị sẵn camera hành trình cảnh báo giao thông bằng giọng nói Vietmap, đèn led viền 4 cửa, cảm biến áp suất lốp, bảo dưỡng định kỳ đầy đủ. Nay kẹt vốn nên muốn sang nhượng lại giá 530tr. KHÔNG TRẢ GIÁ, MIỄN TIẾP CÒ LÁI VÀ MUA BÁN LẠI"
p12_s4_1774728383,Mazda 3,Unknown,2016,359.0,92000.0,Tự động,Xăng,Sedan,Việt Nam,Xanh,False,5,2.0,FWD,6,car_p12_s4_1774728383,Mazda3 sx 2016 xanh Cavansai . gốc sg chuẩn zin đét Odo 9v km . 4 vỏ lốp dày cui . Xe mua về đúng nghĩa đổ xăng là đi tết . Cam kết ko tai nạn - ko ngập nước . máy zin số zin - nắp dàn cò zin chưa mở - chân máy zin . Keo chỉ ko mất phân nào . Còn đủ 2 remost Nâng cấp đèn led siu sáng . Bánh sơ cua zin chưa hạ
p18_s9_1774760037,Mazda 3,1.5 AT Sedan,2017,390.0,76000.0,Tự động,Xăng,Sedan,Khác,Bạc,True,5,1.5,FWD,2,car_p18_s9_1774760037,"- Phiên bản 1.5 AT sản xuất 2017 đăng kí lần đầu 2018 và vì là Facelift nên giống y bản 2018, có cửa sổ trời, thắng tay điện tử, odo 7,6 vạn km. - Tiện ích bổ sung thay 4 lốp Bridgestone mới chạy được khoảng 30.000km, dán film 3M full xe, camera 3 mắt 170 độ, camera hành trình trước sau, cảm biến áp suất lốp tích hợp HUD Vietmap, lọc không khí Sharp, đã mở khóa Android auto, chế độ LIM giới hạn tốc độ, tự động lên kính, đã thay cả 2 mô tơ gương hậu fix lỗi gập gương của Mazda... - Xe chính chủ, chạy kĩ, bảo dưỡng hãng - Giá ra đi 39xtr có lui chủ chút xíu cho may mắn đầu năm, anh em vui lòng ib hoặc lh Cường ạ. Xem xe tại Bình Thạnh, TPHCM"
p24_s2_1776271428,BT-50,3.2L 4x4 AT,2014,300.0,143025.0,Tự động,Dầu,Bán tải,Thái Lan,Trắng,False,5,2.0,FWD,6,car_p24_s2_1776271428,"Bán xe Mazda BT-50 màu trắng,đời 2014 số tự động 2 câù, nhập khẩu Thái Lan. - Động cơ Diesel mạnh mẽ, tiết kiệm nhiên liệu. Xe gia đình sử dụng bảo dưỡng thường xuyên, nên còn rất đẹp, bảo đảm không đâm đụng hay ngập nước . Ace nào có nhu cầu xin đến 274 Lê Duẩn phường tân thành tp Buôn ma Thuột tỉnh đắk lắk để xem trực tiếp. Có trao đổi những dòng xe khác"
p47_s0_1776273817,CX-8,2.5 Luxury,2022,788.0,38997.0,Tự động,Xăng,SUV / Cross over,Khác,Cam,False,7,2.5,FWD,6,car_p47_s0_1776273817,"MAZDA CX8 2022 2.5 AT LUXURY 62A 41909 Odo 39.000 km nguyên bản Giá bán 788 triệu bao rút hồ sơ Xe có lên màn hình android camera 360 , film cách nhiệt 3M, sàn da 5D 360"
p22_s12_1776271208,Mazda 3,1.6 AT,2005,128.0,120000.0,Tự động,Xăng,Sedan,Khác,Bạc,False,5,1.6,FWD,6,car_p22_s12_1776271208,Mada3 2005 số tự động 1.6 Cam kết ko đâm va ngập nước Bao rút hồ sơ ship tận nhà Nhận đổi các xe
p15_s12_1776269812,Mazda Other,Premium,2021,740.0,37000.0,Tự động,Xăng,SUV / Cross over,Việt Nam,Khác,False,7,2.0,FWD,6,car_p15_s12_1776269812,Mình cần bán Mazda CX 8 Model 2021 Sản xuất 2020 Premium Siêu mới Fom dáng sang trọng đẳng cấp chạy cực ngon xe gia đình giữ gìn cẩn thận zin đét anh chị có nhu cầu xin liên hệ
p5_s1_1774727041,CX-5,Luxury 2.0 AT,2024,754.0,15000.0,Tự động,Xăng,SUV / Cross over,Khác,Trắng,False,5,2.0,FWD,6,car_p5_s1_1774727041,"Mazda CX-5 màu trắng, xe chạy 15000 km. - Thiết kế hiện đại, nội thất rộng rãi. - Vận hành êm ái, tiết kiệm nhiên liệu. - Xe giữ gìn cẩn thận, sẵn sàng sử dụng."
p6_s7_1774727303,CX-5,2.0 AT,2012,379.0,90000.0,Tự động,Xăng,SUV / Cross over,Nhật Bản,Đỏ,False,5,2.0,FWD,6,car_p6_s7_1774727303,"Mazda CX-5 màu đỏ, xe 5 chỗ, nội thất ghế da sang trọng. - Sx 2012 nhập Nhật , xe nhập đi đại chất - Động cơ xăng vận hành êm ái. - Thiết kế thể thao, mạnh mẽ. - Xe gầm cao, di chuyển linh hoạt."
p11_s1_1774728185,Mazda Other,Premium,2021,740.0,37000.0,Tự động,Xăng,SUV / Cross over,Việt Nam,Khác,False,7,2.0,FWD,6,car_p11_s1_1774728185,Mình cần bán Mazda CX 8 Model 2021 Sản xuất 2020 Premium Siêu mới Fom dáng sang trọng đẳng cấp chạy cực ngon xe gia đình giữ gìn cẩn thận zin đét anh chị có nhu cầu xin liên hệ
p18_s12_1774760068,Mazda 3,MT,2004,115.0,250000.0,Số sàn,Xăng,Sedan,Khác,Bạc,True,5,2.0,FWD,6,car_p18_s12_1774760068,"Mazda 3 sx 2004 số sàn. Xe đã bảo dưỡng toàn bộ từ máy số, gầm bệ, sơn mới. Chạy êm ru gầm bệ chắc nịch, Bao chạy bắc nam.. Đăng kiểm dài, chính chủ ký uỷ quyền or mua bán."
p36_s5_1776273198,Mazda 2,Unknown,2018,315.0,131000.0,Tự động,Xăng,Hatchback,Khác,Trắng,False,5,2.0,FWD,6,car_p36_s5_1776273198,"Mazda 2 đời 2018 màu trắng, xe nữ đi giữ gìn cẩn thận. - Ngoại hình đẹp, nội thất sạch sẽ. - Xe nhỏ gọn, dễ di chuyển trong phố. - Giá 315 triệu."
p17_s8_1776270117,CX-8,Premium AWD,2020,740.0,70000.0,Tự động,Xăng,SUV / Cross over,Khác,Cam,False,7,2.5,FWD,6,car_p17_s8_1776270117,"Hàng mới về 740tr, cần bán gấp Mazda CX8 2.5 Premium AWD 2 cầu, sản xuất 2020 Odo chạy rất ít , mới chạy 7 vạn km, Full lịch sử hãng. Đã check chữ tín băng văn bản . Trên thị trường khắng định không tìm được chiếc xe nào cùng đời mới bằng , xe đi quá ít so với đời xe . cam kết - Xe không đâm đụng, không ngập nước - Động cơ nguyên bán - Hỗ trợ thủ tục sang tên - Hồ trợ mua trả góp 50-70 Giá 740tr, xem xe Nguyễn Chánh Cầu Giấy, Hà Nội Lh , vui lòng liên hệ trước để Em được đón tiếp Anh/Chị chu đáo nhất"
p14_s3_1776269569,Mazda Other,1.5L Premium,2019,415.0,86000.0,Tự động,Xăng,Sedan,Khác,Khác,False,5,1.5,FWD,6,car_p14_s3_1776269569,"Gđ lên đời cần bán mazda3 2019 bản cao cấp Xe dẹp máy sô zin k tai nạn nghập nươc sùng chỉ k mât,đac biet tk xăng chỉ 5,5l/100km Cưa sổ trời,ghê điện,đề star stop bs 93 ngay chủ bán Xem xe bình phuoc"
p72_s8_1776277479,CX-5,2.5 AT,2016,470.0,94000.0,Tự động,Xăng,SUV / Cross over,Việt Nam,Trắng,True,5,2.5,FWD,6,car_p72_s8_1776277479,"Mazda CX-5 bản 2.5 1 cầu màu trắng, xe 5 chỗ, động cơ xăng, hộp số tự động. - Xe cá nhân 1 chủ từ đầu - Bảo dưỡng Full hãng - Xe ko va đụng nặng, ko có dấu hiệu ngập nước, a chị mua nên nhờ a e rành xe tới check - Giá cả thương lượng"
p33_s11_1774765402,CX-5,Luxury,2020,639.0,69000.0,Tự động,Xăng,SUV,Khác,Đỏ,False,5,2.0,FWD,6,car_p33_s11_1774765402,Mada Cx5 sản xuất 2020 luxurry sơn zin 90 . Lên full cam 360 màn zentech áp xuất lốp theo màn. Lốp mới thay dàn mới . Tai chính hơp lý cam kết xe zin bản ko đâm va ngập nước . Lh
p7_s15_1776268573,Mazda 6,Luxury,2021,560.0,46000.0,Tự động,Xăng,Sedan,Nhật Bản,Xanh,False,5,2.0,FWD,6,car_p7_s15_1776268573,"Mazda 6 luxury sản xuất 2021, oddo lướt 46,000km. Xe zin chưa đâm đụng, ngập nước, bão dưỡng full Hãng. Đã lên Màn android, Fiim cách nhiệt 3M, 4 lốp Micherlin siêu êm, Lót sàn da Nappa, cần số pha lê. Màn zin, cần số zin còn nguyên. Biển số TPHCM."
p71_s9_1776277304,Mazda Other,AT,2003,80.0,200000.0,Tự động,Xăng,Unknown,Khác,Đen,False,5,2.0,FWD,6,car_p71_s9_1776277304,"Bán xe Mazda premacy 2003 Dong cơ 1.8, AT. Nhiều xe nên phải bán. Xe hoạt động tốt. Giá 80tr."
p32_s15_1774765240,CX-8,2.5 Premium,2020,695.0,82000.0,Tự động,Xăng,SUV,Khác,Đỏ,False,7,2.5,FWD,6,car_p32_s15_1774765240,BÁN XE MAZDA CX8 2.5L PRENIUM SX2020 xe đẹp Odo 82 ngàn km xe không cấn đụng xe không ngập nước keo chỉ số máy nguyên zin nguyên bản gầm bệ máy êm nội ngoại thất rất mới xe đã Qua kiểm tra chất lượng giá hợp ly 695tr xe đang bán tại sàn oto thiên Hải bình dương
p42_s0_1776273593,Mazda 3,AT,2024,612.0,10500.0,Tự động,Xăng,Sedan,Việt Nam,Trắng,True,5,2.0,FWD,6,car_p42_s0_1776273593,"Mazda 3 màu trắng, xe 5 chỗ, động cơ xăng, hộp số tự động. - Xe sản xuất tại Việt Nam. - Thiết kế hiện đại, nội thất tiện nghi. - Vận hành êm ái, tiết kiệm nhiên liệu. - Sản xuất 2024 - ODO 10.500km - Cavet 1 chủ - Pháp nhân cá nhân Vỏ xe 4 vỏ theo xe , sơ cua chưa hạ - Đăng kiểm 11/2027 - Bảo hiểm thân xe còn 11/2026 - Xe lên camera 360 độ , lên màn hình , áp suất lốp , led nội thất , dán phim"
p71_s6_1776277284,Mazda 3,Unknown,2019,429.0,70000.0,Tự động,Xăng,Hatchback,Khác,Khác,False,5,2.0,FWD,6,car_p71_s6_1776277284,"Mazda 3 hatchback 2019 Xe đẹp không lỗi, Không đâm, không đụng, máy số zin."
p75_s3_1776278027,Mazda Other,2.5 AT 2WD,2019,655.0,32000.0,Tự động,Xăng,SUV / Cross over,Việt Nam,Cam,False,5,2.5,FWD,6,car_p75_s3_1776278027,"MAZDA CX-5 2.5L PREMIUM 2019 XE ĐẸP HẾT NƯỚC CHẤM TẠI CẦN THƠ Mới về một em siêu phẩm cho anh em thích gầm cao mà ngại mua xe mới Cần nhượng lại siêu phẩm gầm cao, chất xe cực mới cho anh em sành xe Model Mazda CX-5 2.5L Premium Bản cao cấp nhất. Odo Chỉ 32.000 km Lốp zin cả dàn, sơn zin cực nhiều. Tình trạng Nội thất còn thơm mùi mới, máy 2.5L cực bốc, loa Bose nghe nhạc cực hay. Pháp lý Biển số Cần Thơ, ký giấy sang tên ngay trong ngày. Cam kết Xe không đâm đụng, không ngập nước, bao check hãng toàn quốc. Giá 6xxtr Ưu đãi tốt cho anh em xem xe trực tiếp Xem xe tại 19-21 Lê Hồng Phong, P. Vị Tân, TP. Cần Thơ. Hotline Liên hệ ngay để có giá"
p74_s6_1776277868,Mazda 2,Sport Deluxe,2020,420.0,47942.0,Tự động,Xăng,Hatchback,Khác,Cam,False,5,2.0,FWD,6,car_p74_s6_1776277868,"Nam Dương Auto vừa về Mazda2 Sport 2020 Model 2021 Xe nguyên bản, nội ngoại thất đẹp, đầy đủ phụ kiện theo. Xe cam kết tuyệt đối không đâm đụng va chạm ảnh hưởng đến keo chỉ, kết cấu, khung gầm. Không thuỷ kích, ngập nước, động cơ hộp số nguyên zin, bảo dưỡng định kỳ. Khi mua sắm tại Công Ty CP Ô tô Nam Dương, Quý Khách sẽ được những quyền lợi đặc biệt sau - Thông báo trung thực, chi tiết tình trạng, chất lượng của xe. Quý khách được ký hợp đồng với công ty để việc cam kết đúng quy định và được pháp luật bảo vệ quyền lợi. - Không cần đặt cọc, quý khách được mang xe đi check/ test bất kỳ đâu nếu ưng mới thanh toán, ký hợp đồng. - Ký hợp đồng bảo hành xe tuỳ từng xe từ 06-36 tháng. - Tặng gói bảo dưỡng xe nên quý khách sẽ không tốn thêm chi phí nào khác khi mua sắm tại Nam Dương Auto. - Kiểm tra định kỳ miễn phí và thay dầu miễn phí 1 năm. - Hỗ trợ trả góp với lãi suất thấp, nhanh gọn - Check xe và định giá miễn miễn phí cho khách hàng có nhu cầu bán hoặc đổi xe - Nhận xử lý phạt nguội, sang tên, thay thế phụ tùng Và rất nhiều chính sách hậu mãi cực kỳ tuyệt vời khác. Quý Khách vui lòng gọi điện tới Hotline hoặc qua showroom để nghe tư vấn miễn phí."
p30_s10_1776272463,Mazda 6,2.0L Premium,2022,679.0,29000.0,Tự động,Xăng,Sedan,Việt Nam,Trắng,True,5,2.0,FWD,6,car_p30_s10_1776272463,"Mazda 6 máy 2.0 bản Premium cao cấp sản xuất 22 một chủ mua mới chạy chuẩn 29 ngàn km , 4 lốp rin theo xe sơn rin còn nhiều bao test 679"
p28_s13_1774764187,BT-50,2.2 AT 2WD,2017,400.0,130000.0,Tự động,Dầu,Pick-up (bán tải),Thái Lan,Khác,False,5,2.2,FWD,2,car_p28_s13_1774764187,"Chiếc xe bán tải Mazda BT-50, số chỗ ngồi 5, sản xuất năm 2017, phiên bản 2.2 AT 2WD đang tìm kiếm chủ nhân mới. Xe phù hợp cho những ai cần một phương tiện vận chuyển hàng hóa mạnh mẽ và bền bỉ. Mazda BT-50 nổi tiếng với khả năng vận hành mạnh mẽ và độ tin cậy cao, Động cơ và khung gần sử dụng chung với Ford Ranger nên rất êm ái và tiết kiệm. Động cơ 2.2AT 2WD mạnh mẽ, tiết kiệm nhiên liệu, phù hợp cho cả đường trường và địa hình khó khăn. Ngoại thất xe được giữ gìn cẩn thận, ít trầy xước, thể hiện sự mạnh mẽ và cá tính. Nội thất xe rộng rãi, thoải mái, tập trung vào sự tiện dụng cho người lái và hành khách. Hệ thống giải trí cơ bản đáp ứng nhu cầu giải trí trên đường đi, giúp những chuyến đi trở nên thú vị hơn. Thích hợp cho việc chở hàng, đi công trình, đi phượt hoặc sử dụng cho mục đích cá nhân. Xe được bảo dưỡng định kỳ, đảm bảo hoạt động tốt, không gặp vấn đề gì lớn. Thiết kế mạnh mẽ, nam tính, thể hiện phong cách riêng của chủ sở hữu, thu hút mọi ánh nhìn. Khung gầm chắc chắn, chịu tải tốt, phù hợp với nhiều loại hàng hóa, từ vật liệu xây dựng đến đồ dùng cá nhân. Khoang chở hàng rộng rãi, đáp ứng nhu cầu vận chuyển hàng hóa lớn, giúp bạn dễ dàng vận chuyển đồ đạc. Xe không bị tai nạn, không ngập nước, đảm bảo chất lượng, mang lại sự an tâm cho người mua. Hệ thống treo hoạt động tốt, mang lại cảm giác lái êm ái, thoải mái trên mọi địa hình."
p76_s3_1776278204,Mazda 3,1.5L Luxury,2025,628.0,2800.0,Tự động,Xăng,Sedan,Việt Nam,Khác,False,5,1.5,FWD,6,car_p76_s3_1776278204,"Cần bán xe mazda 3, sản xuất 2025, đi 2.800km"
p45_s17_1774767959,Mazda 3,1.5L Luxury,2025,616.0,4500.0,Tự động,Xăng,Sedan,Việt Nam,Xanh,True,5,1.5,FWD,6,car_p45_s17_1774767959,"Mazda 3 1.5 Luxury Sx 2025 - Xe cá nhân 1 chủ siêu lướt không khách gì xe mới Sản xuất 2025 Odo 4.500 km sai tặng xe Màu xe Xanh cavansite Trang bị Động cơ 1.5L 111 mã lực, Hộp số tự động 6 cấp, vô lăng bọc da 3 chấu tích hợp lẩy chuyển số, điều hòa tự động có cửa gió hàng ghế sau, Đảm bảo ko đâm đụng, ngập nước. Bao test hãng Bao bank, duyệt hồ sơ trong ngày Tặng gói chăm sóc xe và phủ Ceramic cao cấp Ngân hàng hỗ trợ 70 Giá chỉ 616tr VND Hotline - Inbox Zalo Duy Phương kingdom_auto ----------------------------------- 𝐊𝐈𝐍𝐆𝐃𝐎𝐌 𝐀𝐔𝐓𝐎 Website 53 đường số 85, Phường. Tân Hưng, Tphcm. Gần Lotte Mart Quận 7 cũ Kingdom_Auto"
p18_s6_1776270309,Mazda 3,Unknown,2021,495.0,50000.0,Tự động,Xăng,Sedan,Nhật Bản,Trắng,True,5,2.0,FWD,6,car_p18_s6_1776270309,"Tôi chính chủ, muốn bán xe mazda 3 - 2021 - Biển số SG, màu trắng, xe cam kết không đâm đụng, bao thợ check - Đã đi được hơn 5 vạn - Xe 1 đời chủ - Xe chạy gia đình, nên rất kỹ, bảo dưỡng đầy đủ, bao check hãng. - Mua bán tại nhà, khu vực Tân Bình, ngay Sân Bay Vì muốn nâng cấp lên xe gầm cao, rộng hơn, nhiều chỗ hơn để phục vụ gia đình nên mới bán lại, chứ không kinh doanh mua bán xe. Giá tốt cho anh em thiện chí"
p63_s4_1776276254,Mazda 6,2.5 AT,2015,419.0,90000.0,Tự động,Xăng,Sedan,Việt Nam,Khác,False,5,2.5,FWD,2,car_p63_s4_1776276254,"Mazda6 2.5L Đời 2015 Odo 9x.000 km Giá bán 420 triệu Xe gia đình sử dụng kỹ, ngoại thất còn rất đẹp Máy 2.5L mạnh mẽ, vận hành mượt và tiết kiệm Nội thất sạch sẽ, các chức năng hoạt động tốt 4 lốp còn dày, mới thay gần đây Gầm bệ chắc chắn, không đâm đụng, không ngập nước Bảo dưỡng định kỳ đầy đủ Thiết kế KODO sang và hiện đại, nhìn trẻ nhưng vẫn lịch lãm Hệ thống SkyActiv vận hành cân bằng mạnh tiết kiệm bền Khả năng cách âm tốt hơn so với các xe cùng tầm đời Cảm giác lái thể thao, vô-lăng chính xác, đi đường trường rất thích Khoang lái rộng, ghế ngồi thoải mái, tính năng tiện nghi đầy đủ Chi phí bảo dưỡng hợp lý, phụ tùng sẵn, độ bền cao"
p26_s0_1776271730,CX-5,Unknown,2024,870.0,6500.0,Tự động,Xăng,SUV,Khác,Đỏ,False,5,2.0,FWD,6,car_p26_s0_1776271730,"MAZDA CX-5 2024 AWD SIÊU LƯỚT 6.500 KM GIÁ CHỈ 870 TRIỆU Bạn đang tìm một chiếc SUV hạng C gần như mới nhưng giá mềm hơn xe lăn bánh Đây là lựa chọn cực kỳ đáng tiền Xe sản xuất 2024, đăng ký 2025, odo chỉ 6.500 km sơn zin 100, nội thất còn thơm mùi xe mới. Màu đỏ Soul Red Crystal sang trọng, nổi bật. Bản cao cấp AWD dẫn động 4 bánh, vận hành chắc chắn, bám đường tốt. Trang bị đầy đủ i-Activsense, loa Bose, HUD, cửa sổ trời Giá chỉ 870 triệu tiết kiệm lớn so với xe mới nhưng chất lượng gần như tương đương. Hỗ trợ trả góp lãi suất thấp Cam kết không đâm đụng, không ngập nước, bao check hãng Xe đẹp không đợi ngại gì 1 cuộc gọi để chốt giá ,"
p28_s17_1774764232,Mazda Other,3.0,2017,485.0,53000.0,Tự động,Xăng,SUV / Cross over,Việt Nam,Cam,True,5,3.0,FWD,6,car_p28_s17_1774764232,"Mazda CX5 sản xuất 2017, 1 chủ sử dụng từ đầu,dòng odo hơn 53.000 km zin, full lịch sử bảo dưỡng hãng đúng định kỳ Xe chủ cũ cực giữ gìn, nội thất rất mới Cam kết xe không đâm đụng ngập nước, máy hộp số nguyên bản Bao check hãng hoặc gara bất kỳ theo yêu cầu Vui lòng liên hệ để biết thêm chi tiết"
p71_s10_1776277309,Mazda 2,Unknown,2023,408.0,12000.0,Tự động,Xăng,Sedan,Thái Lan,Đỏ,False,5,2.0,FWD,6,car_p71_s10_1776277309,"Cần tìm chủ mới cho em mazda 2 Xe nữ chạy trong thành phố Đã làm nội thất da, cam 360, đèn les nội thất Ai có nhu câu ib nhẹ"
p2_s10_1774726474,CX-3,1.5 Premium,2023,498.0,40000.0,Tự động,Xăng,SUV,Việt Nam,Cam,False,5,1.5,FWD,6,car_p2_s10_1774726474,"Thông tin chi tiết - Xe đứng tên cá nhân sử dụng - Odo 4 vạn km zin - Trang bị rất nhiều option tính năng hiện đại trên xe - Bảo dưỡng định kì - Nội ngoại thất tươi mới giữ gìn cẩn thận - Cam kết máy số keo chỉ nguyên bản , không đâm va , không ngập nước - khuyến khích khách hàng check test bên thứ 3 , thợ thuyền để công tâm trước khi giao dịch - Quý khách có nhu cầu mua xe vui lòng liên hệ gọi trực tiếp để xem xe và trao đổi cụ thể"
p13_s15_1774728641,Mazda 3,Luxury,2024,585.0,41000.0,Tự động,Xăng,Sedan,Khác,Trắng,True,5,2.0,FWD,6,car_p13_s15_1774728641,"Oto Duy Dương - 167 Nguyễn Văn Cừ - Đắk Lắk Mazda 3 2024 Luxury 1 Chủ Rất Đẹp Xe trang bị 4 lốp zin theo xe, đèn Auto full led, nhớ ghế 2 vị trí... Odo 41.000km - bao check mọi nơi Giá 585 triệu - Bao rút hồ sơ - Hổ trợ bank 60 Lh Gặp Dương - Zalo"
p36_s14_1774766021,Mazda 3,1.5L Premium,2022,579.0,29579.0,Tự động,Xăng,Hatchback,Việt Nam,Cam,True,5,1.5,FWD,6,car_p36_s14_1774766021,"MAZDA 3 sedan 1.5 premium. Sản xuất 2022. Cực mới, 1 chủ đập thùng. Odo 29.579km Option Ghế da chỉnh điện có nhớ vị trí ghế. Cảm biến trước sau. Cảnh báo điểm mù. Đèn auto hệ thống lái thông minh tự lái tự phanh. Ga tự động. Phanh tay nút. Cửa sổ trời. Khoá thông minh đề startop. Chế độ chạy sport. Đầu Dvd theo xe. Và còn rất nhiều tính năng hiện đại khác. Xe cực mới. Đã qua kiểm tra chất lượng. Cam kết không lỗi nhỏ. Hỗ trợ ngân hàng nhanh chóng."
p10_s8_1774728064,Mazda 3,1.5L Luxury,2025,609.0,10000.0,Tự động,Xăng,Hatchback,Việt Nam,Xanh,True,5,1.5,FWD,6,car_p10_s8_1774728064,"MAZDA 3 1.5 AT luxury 2025 Sản xuất 7/2025 1 chủ từ mới Giá bán 609 triệu Màu Xanh Cavansite Blue ODO lướt 10.000 km Option theo xe nguyên rin Salon viết giấy cam kết Không cấn đụng Máy móc nguyên bản Không thuỷ kích Không lỗi phạt nguội Test ra lỗi Salon hoàn tiền 100 Hỗ trợ vay 70giá trị xe , lãi suất thấp, thủ tục nhanh gọn. 𝐇𝐀𝐈 𝐕𝐀𝐍 𝐀𝐔𝐓𝐎 Hotline/ Zalo - Địa chỉ Showroom 1 821 Nguyễn Hữu Thọ,Khuê Trung, Cẩm Lệ , TP Đà Nẵng Showroom 2 52, 54, 56 Phạm Tứ, Khuê Trung, Cẩm Lệ , TP Đà Nẵng"
p47_s1_1774768250,CX-3,Sport,2024,495.0,40000.0,Tự động,Xăng,Hatchback,Thái Lan,Khác,True,5,2.0,FWD,6,car_p47_s1_1774768250,"Gia đình sắp xuất cảnh cần bán xe đang sử dụng hiệu Mazda CX-3 SX 2024 bản cao cấp full option, có chế độ Cruiser Control, Auto Light, chế độ iStop, số Sport, màn hình Navi, phanh điện tử, kính xếp điện... tình trạng mới 95, xe trùm mền sơ-cua chưa xài đến, biển số Sài Gòn, chính chủ đứng tên xe bán. Ai có nhu cầu xin liên hệ xem xe tại chợ Gò Vấp . Xin miễn tiếp giới buôn xe nhé. Thanks"
p14_s4_1776269579,Mazda Other,Deluxe,2022,785.0,58000.0,Tự động,Xăng,SUV / Cross over,Việt Nam,Khác,False,7,2.0,FWD,6,car_p14_s4_1776269579,"Đời chủ thứ 2, nhu cầu đổi xe khác nên cần bán, a e thiện chí ib"
p13_s18_1774728665,CX-5,2.0L Premium,2020,665.0,50000.0,Tự động,Xăng,SUV / Cross over,Việt Nam,Đỏ,False,5,2.0,FWD,6,car_p13_s18_1774728665,"Em Cần Bán Mazda Cx5 2020 2.0Premium Đỏ pha lê , xe đẹp không lỗi , chạy 5 vạn km zin , bảo dưỡng full hãng , lốp theo xe cả dàn , sơ cua chưa hạ , nội thất zin đẹp , gầm bệ mới tinh , cá nhân sử dụng cẩn thận cực chất , xe nguyên zin nguyên bản như hãng Bản đủ option - 2 ghế điện nhớ ghế - cảnh báo vượt - cửa nóc - loa Bose - cốp điện - cảm biến quanh xe - đèn full led - phanh tay điện tử - màn hình cam lùi ...vv - Xe bán cam kết bằng văn bản - máy móc nguyên bản - không tai nạn - không ngập nước - Khung gầm nguyên bản - kilomet zin không tua Bao check test hãng hoặc gara toàn quốc - Xe bán có hỗ trợ trả góp tối đa - Xe bán có hỗ trợ rút hồ sơ gốc - Xe bán có nhận đổi các xe cũ giá cao Anh em quan tâm liên hệ Hotline - Kiên Xe Tốt Đc 2 Nghĩa Tân - Cầu Giấy - Hà Nội"
p10_s12_1776268980,CX-5,Premium 2.0 AT,2022,709.0,34000.0,Tự động,Xăng,SUV / Cross over,Khác,Xám,False,5,2.0,FWD,6,car_p10_s12_1776268980,"Mazda CX5 2.0Premium 2022 - Odo 34.000km. - Trang bị ghế chỉnh điện, ghế bọc da, cửa sổ trời, phanh tay điện tử, cảm biến trước sau, cruise control, auto hold, cảm biến trước sau, - Giá 709 triệu - bớt lộc, hỗ trợ bank Thy"
p11_s0_1776269050,Mazda 3,1.5L Sport Premium,2019,515.0,92000.0,Tự động,Xăng,Sedan,Khác,Cam,False,5,1.5,FWD,6,car_p11_s0_1776269050,MAZDA3 1.5L PREMIUM SPORT 1 ĐƠI CHU CTY XHD Thông tin xe - Dòng xe Mazda3 1.5L Premium Sport - Năm sản xuất 2019 - Năm đăng ky T2/2020 - Màu ngoại thất Xam - Odo 92.000 km - Pháp nhân Công ty XHĐ Cam kết chất lượng Không đâm đụng không ngập nước Không làm máy Keo chỉ nguyên zin 100 Odo chuẩn theo xe Bảo dưỡng full hãng Giá bán 515tr TL Xem xe tại Thu Đưc
p36_s9_1776273245,CX-5,2.0 Luxury,2019,615.0,100000.0,Tự động,Xăng,SUV / Cross over,Việt Nam,Đỏ,True,5,2.0,FWD,6,car_p36_s9_1776273245,"Mazda CX-5 2.0 Luxury 2019 model 2020 Màu Đỏ 1 chủ từ mới - Lăn bánh 12/2019 Odo 10 vạn km Nội ngoại thất giữ gìn kỹ, còn rất mới Full lịch sử bảo dưỡng hãng Tình trạng xe - Xe đẹp xuất sắc - Máy móc nguyên bản - Cam kết không tai nạn - Không ngập nước / thuỷ kích Hỗ trợ ngân hàng 5070 giá trị xe Hồ sơ gốc đầy đủ sang tên trong ngày Xem xe trực tiếp tại Cầu Giấy Hà Nội Liên hệ ngay để xem xe và nhận giá trong ngày"
p26_s10_1774763800,Mazda 6,2.5L Signature Premium,2020,580.0,60000.0,Tự động,Xăng,Sedan,Việt Nam,Khác,False,5,2.5,FWD,6,car_p26_s10_1774763800,Xe gđ rất mới muốn đổi 7 chổ Nay cần bán cho ng thiện chí sử dụng
p48_s0_1774768479,Mazda 6,2.0 AT,2014,350.0,140000.0,Tự động,Xăng,Sedan,Khác,Đen,False,5,2.0,FWD,2,car_p48_s0_1774768479,"Sedan hạng D Sang trọng, đầm chắc, bền bỉ Năm sản xuất 2014 Động cơ 2.0 xăng Hộp số Tự động Máy móc hộp số hoạt động êm ái, ổn định Khung gầm chắc chắn, vận hành đầm Nội ngoại thất giữ gìn, Ghế da zin theo xe. Điều hòa mát sâu, đầy đủ tiện nghi. Xe không ngập nước, không tai nạn"
p42_s1_1774767135,CX-5,2.5 Signature Premium 2WD,2019,658.0,88000.0,Tự động,Xăng,SUV / Cross over,Việt Nam,Khác,True,5,2.5,FWD,6,car_p42_s1_1774767135,"CX5 2.5L premium model 2020 Biển HN 1 chủ đi từ mới Odo hơn 8v km zin keng Full LS bảo dưỡng hãng Sẵn xe và hồ sơ giao ngay Giá tk 6xy còn TL tiếp Ht bank , bao check Ship xe toang quốc Xem xe tại Long Biên , HN Xin cảm ơn"
p12_s17_1776269355,CX-3,Deluxe,2024,488.0,20000.0,Tự động,Xăng,SUV,Khác,Khác,True,5,2.0,FWD,6,car_p12_s17_1776269355,"Gia đình sắp xuất cảnh cần bán xe đang sử dụng hiệu Mazda CX-3 SX 2024 bản Deluxe full option, có chế độ Cruiser Control, auto light, chế độ iStop, số Sport, màn hình Navi, thắng điện tử... tình trạng mới 95, xe trùm mền sơ-cua chưa xài đến, biển số Sài Gòn, chính chủ đứng tên xe bán. Ai có nhu cầu xin liên hệ xem xe tại chợ Gò Vấp . Thanks"
p64_s13_1776276429,Mazda 2,Sport Luxury,2019,365.0,40000.0,Tự động,Xăng,Hatchback,Thái Lan,Cam,True,5,2.0,FWD,6,car_p64_s13_1776276429,"MAZDA 2 SPORT 1.5 Một chủ mua mới từ đầu. Bảo dưỡng đầy đủ Năm sản xuất 2019 Odo 40.000km 365 Tr ------//------ CAM KẾT - KHÔNG ĐÂM ĐỤNG - KHÔNG NGẬP NƯỚC - KHÔNG ĐẠI TU ĐỘNG CƠ HỘP SỐ - HỒ SƠ PHÁP LÝ RÕ RÀNG - KHÔNG TRANH CHẤP, KHÔNG PHẠT NGUỘI Hỗ trợ sang tên, thủ tục pháp lý HOTLINEZALO EM TIẾNG"
p76_s2_1776278198,Mazda 6,Mazda 6 2.5L Premium,2019,565.0,27000.0,Tự động,Xăng,Sedan,Khác,Trắng,False,5,2.5,FWD,6,car_p76_s2_1776278198,"Bán xe Mazda 6 2019, bản Premium 2.5. Bản cao cấp nhất. Xe nhà ít đi, chưa đến 27.000 km. Đã trang bị camera 360, cảm biến áp suất lốp. Đăng kiểm đến tháng 4/2027. Liên hệ A. Nghĩa, đt"
p8_s19_1776268732,Mazda 6,2.5 AT,2015,399.0,100000.0,Tự động,Xăng,Sedan,Khác,Trắng,False,5,2.5,FWD,2,car_p8_s19_1776268732,"Quá tốt. Mazda 6 2.5L Giờ có 399tr thôi sản xuất 2015 odo 10 vạn. Cam kết, bao check test"
p49_s5_1774768798,CX-5,Signature Exclusive 2.5 AT,2024,876.0,10000.0,Tự động,Xăng,SUV / Cross over,Việt Nam,Khác,False,5,2.5,FWD,6,car_p49_s5_1774768798,"Mazda phiên bản đặt hàng rất it xe Cx5 2.5 signature 2 cầu full cao cấp. - sx cuối 23 DKld 2024. - chạy lướt hơn 10 ngìn klm chất xe như mới ạ - full ls bảo dưỡng hãng- sơn zin còn 99,99 - Chất xe miển bàn ạ - gia e bán 8xxtr còn bớt lọc ạ ACE thiện chí alo ngay cho e ak để dc giá iu nhất lh 09e bình. Xem xe Q12.TP.HCM."
p6_s4_1774727276,Mazda Other,Premium,2020,745.0,75000.0,Tự động,Xăng,SUV / Cross over,Việt Nam,Cam,False,7,2.0,FWD,6,car_p6_s4_1774727276,"MAZDA CX8 2020 PREMIUM AWD FULL OPTION GIÁ CHỈ 745 TRIỆU Dòng SUV 7 chỗ sang trọng rộng rãi vận hành êm ái, cực kỳ phù hợp cho gia đình đi công việc Thông tin chi tiết Mazda CX8 2020 Premium bản cao cấp nhất Dẫn động 2 cầu AWD chạy cực đầm, an toàn mọi cung đường Động cơ mạnh mẽ, tiết kiệm nhiên liệu Xe gia đình sử dụng, giữ gìn kỹ Trang bị nổi bật Nội thất da cao cấp, ghế chỉnh điện nhớ ghế Cửa sổ trời, cốp điện thông minh Màn hình giải trí lớn, âm thanh chất lượng Camera 360, cảm biến trước sau Gói an toàn i-Activsense cảnh báo điểm mù, giữ làn, phanh tự động Cam kết Không tai nạn không ngập nước Máy móc, hộp số zin nguyên bản Bao test hãng hoặc gara thoải mái Giá bán 745 triệu còn thương lượng nhẹ Hỗ trợ trả góp ngân hàng nhanh gọn Xem xe trực tiếp ưng là chốt ngay"
p74_s17_1776277965,Mazda 3,Unknown,2018,435.0,110000.0,Tự động,Xăng,Sedan,Việt Nam,Đỏ,True,5,2.0,FWD,6,car_p74_s17_1776277965,"Xe chính chủ giấy tờ đầy đủ đứa em. Miễn trung gian. Xe madzda3 2018 gia đình cần bán để đổi vf8. Xe đẹp nét, zin ko đâm đụng, ngập nước, sửa chữa gì... Bảo dưỡng đầy đủ, giấy tờ đăng kiểm 9/2026 Ko phạt muột hay gì cả. Sang tên nhanh chóng Giá trên có thể thuơbg lượng thêm"
p28_s4_1776272072,CX-5,Premium 2.0 AT,2025,818.0,9800.0,Tự động,Xăng,SUV / Cross over,Việt Nam,Trắng,False,5,2.0,FWD,6,car_p28_s4_1776272072,"Mazda CX5 Premium 2025 2.0 AT siêu lướt - Phiên Bản Cao Cấp với Gói an toàn i-ActivSense Trang bị Động cơ xăng SkyActiv-G 2.0L công suất 154 mã lực, Hộp số tự động 6 cấp, Màn hình trung tâm 8 inch hỗ trợ Apple Carplay/Android Auto, Vô lăng tích hợp lẫy chuyển số thể thao và Nút bấm đa chức năng, Hệ thống âm thanh 10 loa Bose, HUD kính lái, Phanh điện tử Auto Hold, Cốp đóng/mở điện, Cửa sổ trời, Ghế da cao cấp với hàng ghế trước chỉnh điện. Hệ thống An toàn chủ động i-ActivSense Cảnh báo điểm mù BSM, Cảnh báo phương tiện cắt ngang RCTA, Hỗ trợ giữ làn LAS, Kiểm soát hành trình thích ứng MRCC, Hỗ trợ phanh thông minh FR SCBS, Cảnh báo mất tập trung DAA. An toàn cơ bản ABS, EBD, DSC, HLA, TCS, 6 túi khí, Phanh tay điện tử Auto Hold, Camera 360 Màu xe Trắng/ Nội thất Đen ODO 9,800 km Full lịch sử hãng Sản xuất 2025 Biển số xe HCM Pháp lý Công ty Có hoá đơn GTGT Nâng cấp thêm Phim cách nhiệt, thảm sàn nhựa đúc,..."
p75_s13_1776278113,CX-5,2.0,2017,580.0,141000.0,Tự động,Xăng,SUV,Khác,Trắng,False,5,2.0,FWD,6,car_p75_s13_1776278113,"Mazda CX5 2.0 đời 2017 phom mới mắt híp. - Xe đẹp, chất lượng tốt. - Màu trắng sang trọng. - Giá 570 triệu."
p75_s19_1776278163,Mazda 3,AT,2019,470.0,91000.0,Tự động,Xăng,Sedan,Khác,Đỏ,False,5,2.0,FWD,6,car_p75_s19_1776278163,"Mazda 3 màu đỏ, xe 5 chỗ, số tự động, dùng xăng. - Thiết kế thể thao, nội thất tiện nghi. - Vận hành êm ái, tiết kiệm nhiên liệu. - Xe sẵn sàng lăn bánh. - xe bản phun kịch trần"
p13_s17_1774728656,Mazda 3,3.0 Luxury,2023,565.0,43000.0,Tự động,Xăng,Sedan,Khác,Đỏ,True,5,3.0,FWD,6,car_p13_s17_1774728656,"Oto Duy Dương - 167 Nguyễn Văn Cừ - Đắk Lắk Mazda 3 2023 Luxury 1 Chủ Mua Mới Xe trang bị 4 lốp zin theo xe, secua chưa hạ, led nội thất, củ số kim cương.... Odo 43.000km - full bảo dưỡng hãng Giá 565 triệu - bao rút hồ sơ - hổ trợ bank 60 Lh Gặp Dương - Zalo"
p34_s3_1774765505,Mazda 6,Premium 2.0 AT,2020,535.0,69000.0,Tự động,Xăng,Sedan,Việt Nam,Khác,True,5,2.0,FWD,6,car_p34_s3_1774765505,"Gđ cần bán Madda 6 bản premium 2020 đk 2021 1 chủ từ đầu,không thuỷ kích,keo chỉ,máy móc nguyên rin xem xe ở huế"
p62_s14_1776276199,CX-8,Luxury 2.5 AT,2025,949.0,14000.0,Tự động,Xăng,SUV / Cross over,Việt Nam,Trắng,False,7,2.5,FWD,6,car_p62_s14_1776276199,Mazda CX-8 2.5 LUXURY 2025 Odo 14.000km Màu Trắng Giá 949 triệu CAM KẾT 𝐎𝐃𝐎 𝐂𝐡𝐮𝐚𝐧 - 𝐊𝐡𝐨𝐧𝐠 Đ𝐚𝐦 Đ𝐮𝐧𝐠 𝐍𝐠𝐚𝐩 𝐍𝐮𝐨𝐜 Xem xe tại Cần Thơ Lh
p59_s17_1776275756,Mazda 3,1.5 AT Sedan,2018,435.0,78123.0,Tự động,Xăng,Hatchback,Việt Nam,Khác,True,5,1.5,FWD,4,car_p59_s17_1776275756,"Mazda 3 2018 Facelift Odo 7v9. Một chủ từ mới, xe không lỗi, máy số nguyên zin. Hồ sơ cầm tay sẵn sàng vô tên. Bao check test. Giá còn thương lượng"
p10_s6_1776268944,Mazda 2,1.5 AT Sedan,2016,290.0,100000.0,Tự động,Xăng,Hatchback,Khác,Đỏ,True,5,1.5,FWD,2,car_p10_s6_1776268944,"Lên đời cần bán chiếc mazda 2 2016 chính chủ, khu vực TpHCM. Đã lên màn hình androi Camera 360 độ Áp suất lốp và 4 mâm mới sáng chưng Odo 100k km Đã bảo dưỡng lớn thay nhớt, lọc nhớt, lọc xăng, thay dầu hộp số.. Ae mua về chỉ việc đổ xăng chạy thôi Bớt mạnh cho ae thiện chí"
p16_s9_1774759558,CX-5,Premium,2023,759.0,40000.0,Tự động,Xăng,SUV / Cross over,Việt Nam,Đen,True,5,2.0,FWD,6,car_p16_s9_1774759558,"Mazda CX-5 2023 Premium SUV hạng C cực đẹp, giá mềm Cần bán Mazda CX-5 2023 Premium mẫu SUV quốc dân, thiết kế sang trọng, vận hành êm ái, cực kỳ giữ giá. Thông tin xe Phiên bản Premium bản cao cấp Năm sản xuất 2023 Odo 40.000 km Màu Đen sang trọng Xe gia đình sử dụng kỹ, còn rất mới Nội ngoại thất zin đẹp, máy móc vận hành êm ái Option cao cấp ghế da chỉnh điện, nhớ ghế, màn hình trung tâm, camera 360, cửa sổ trời, đề nổ Start/Stop, phanh tay điện tử Giá bán chỉ 759 triệu cực kỳ hợp lý cho một chiếc CX-5 Premium đời cao Xe đã kiểm tra kỹ, pháp lý rõ ràng Hỗ trợ trả góp ngân hàng nhanh gọn Bao check hãng / test thoải mái Xem xe tại Fastcars Thủ Đức Liên hệ ngay Thái Fastcars xem xe và lái thử."
p5_s3_1774727061,Mazda 6,Luxury 2.0 AT,2020,486.0,78000.0,Tự động,Xăng,Sedan,Việt Nam,Đỏ,False,5,2.0,FWD,6,car_p5_s3_1774727061,"Bán nhanh Mazda 6 Luxury model 2020 đỏ cực đẹp, lên nhiều đồ chơi Xe gia đình sử dụng, mua mới từ hãng, odo 78.000 Km, máy móc gầm bệ đi cực êm, ga đạp cực vọt, option nhớ ghế, chế độ lái sport, vô lăng tích hợp đa chức năng, cửa sổ trời, điều hòa auto.... Đã lên thêm màn hình android sịn kết nối apple car play không dây, loa sub bánh sơ cua, cách âm, cách nhiệt..... Giá bán 486 triệu"
p33_s14_1776272938,BT-50,2.2L 4x2 ATH,2018,405.0,10000.0,Tự động,Dầu,Pick-up (bán tải),Thái Lan,Bạc,False,5,2.2,FWD,6,car_p33_s14_1776272938,"BT50 sx 2018 ATH 2.2AT 1 cầu màu bạc Gầm bệ sạch sẽ Trang bị lốp địa hình, nội thất sạch đẹp , nắp thùng kín đáo , cam 360, màn androi, cảm biến áp suất lốp Cam kết máy số, cột kèo keo chỉ zin bao check tét theo yêu cầu"
p31_s11_1776272666,Mazda 6,Mazda 6 2.0L Premium,2019,499.0,121583.0,Tự động,Xăng,Sedan,Khác,Đỏ,False,5,2.0,FWD,6,car_p31_s11_1776272666,"Mazda 6 2019, Premium 2.0. Xe chưa đâm đụng, chưa ngập nước, ODO 12v. Giá 499tr. Xem xe tại Đà Nẵng hoặc Quảng Ngãi. Liên hệ"
p20_s9_1776270871,CX-5,Premium Sport 2.0 AT,2024,815.0,16017.0,Tự động,Xăng,SUV / Cross over,Việt Nam,Đen,False,5,2.0,FWD,6,car_p20_s9_1776270871,"Mazda CX5 2.0 Premium Sport -Đời 2024 -Màu đen -odo 15.825 km -Giá chào bán 815triệu Giảm tiền mặt trực tiếp Hỗ trợ trả góp 70 với lãi xuất cực kì ưu đãi Carpla cam kết chuẩn odo Máy móc nguyên zin Không đâm đụng , không thuỷ kích Khuyến khích khách hàng mang check hãng Bảo hành 12 tháng hoặc 20.000km Minh Tân Địa chỉ Automall Carpla Tân Phú - 314 Lũy Bán Bích, P. Hòa Thạnh, Q. Tân Phú, TPHCM"
p8_s5_1774727706,Mazda 3,1.5L Luxury,2022,530.0,90000.0,Tự động,Xăng,Sedan,Khác,Đỏ,False,5,1.5,FWD,6,car_p8_s5_1774727706,"Mazda 3 2022 bản luxury 1 Đời Chủ Odo 9v bao chuẩn , gầm bệ khoan máy sáng bóng cực kỳ đẹp , Keo Chỉ Máy Số Zin . Bao không đâm đụng , ngập lụt , thuỷ kích ạ . Xe Chuẩn có sơn dậm spa vài chỗ , có sao nói vậy cho khỏi mất thời gian , bao thầy thợ test check kiểu gì cũng đc hết ạ . Giá 530tr"
p32_s9_1774765171,Mazda 3,1.5 Luxury,2024,600.0,17000.0,Tự động,Xăng,Sedan,Khác,Khác,True,5,1.5,FWD,6,car_p32_s9_1774765171,"Mazda3 1.5L Sport Luxury 2024 - Odo 1v7 km - 1 chủ đăng ký từ mới - Full lịch sử bảo dưỡng hãng, xe zin không lỗi nhỏ - Xe về sẵn đi - Có hỗ trợ ngân hàng"
p7_s10_1774727555,CX-8,2.5 Premium,2022,829.0,56000.0,Tự động,Xăng,SUV / Cross over,Việt Nam,Xám,False,7,2.5,FWD,6,car_p7_s10_1774727555,"Mazda CX8 2022 Premium 2.5L, 1 cầu,màu xám còn rất mới đẹp. - Odo 56.000 km, biển số 49 Lâm Đồng.. - Trang bị camera 360,2 ghế chỉnh điện,loa bose, cốp điện,... - Đăng kiểm đến 8/2026. Giá bán 829 triệu còn bớt lộc. Bao rút hồ sơ gốc. Hỗ trợ sang tên các tỉnh. Hỗ trợ hồ sơ trả góp ngân hàng. Hỗ trợ giao xe tận nơi. Thu đổi xe tận nơi giá cao. Cam kết chất lượng xe bán ra Không tai nạn, không cháy nổ Không ngập nước, thủy kích. Động cơ,hộp số, khung gầm nguyên bản. Bảo hành 6 tháng/5000km cho động cơ, hộp số."
p43_s19_1776273663,Mazda 3,1.6 MT Sedan,2011,195.0,130000.0,Số sàn,Xăng,Sedan,Nhật Bản,Trắng,True,5,1.6,FWD,1,car_p43_s19_1776273663,Mình cần nhượng lại xe mazda3 2011 nhập khẩu Nhật. Liên hệ chính chủ
p4_s8_1776268114,Mazda 3,1.6 AT,2010,230.0,130000.0,Tự động,Xăng,Hatchback,Đài Loan,Trắng,False,5,1.6,FWD,6,car_p4_s8_1776268114,"BÁN XE MAZDA 3 1.6AT 2010 NHẬP ĐÀI LOAN Xe màu trắng cực đẹp dáng thể thao, đi giữ gìn, máy móc êm ái, vận hành bền bỉ Thông tin chi tiết Mazda 3 1.6AT sản xuất 2010 nhập Đài Loan Trang bị full options - Cửa sổ trời sang xịn - Tích hợp vô lăng tiện lợi - Màn hình Android Zestech giải trí cực đã - Camera lùi camera hành trình đầy đủ Lốp mới cả dàn đi cực yên tâm Đăng kiểm còn dài 02 chìa khoá zin theo xe Xe phù hợp đi gia đình hoặc chạy dịch vụ đều ngon tiết kiệm, lành, dễ nuôi Cam kết xe không đâm đụng, không ngập nước, máy số zin Liên hệ ngay để xem xe và thương lượng giá tốt Odo 130.000km Giá 230tr"
p64_s14_1776276441,Mazda 3,1.5 AT Sedan,2016,362.0,63000.0,Tự động,Xăng,Sedan,Khác,Trắng,False,5,1.5,FWD,2,car_p64_s14_1776276441,"MAZDA 3 1.5AT 2016 Odo 63.000km Option Dán kính, trải sàn, camera lùi, ghế da, màn hình android, Bảo hành chính hãng ------------------------- Mua xe tại T Sure - Trung Tâm Mua Bán Xe Cũ Chính Hãng tại Toyota Hiroshima Tân Cảng Giấy tờ rõ ràng minh bạch đủ điều kiện sang tên Giấy chứng nhận kiểm tra 176 hạng mục Bảo hành riêng biệt đối với từng dòng xe Hỗ trợ kỹ thuật 24/7 CAM KẾT 3 KHÔNG Không đâm đụng - Không ngập nước. Không tháo rã động cơ - Không tua km. Không phạt nguội - Không tranh chấp."
p75_s6_1776278056,Mazda 2,Unknown,2017,305.0,72000.0,Tự động,Xăng,Hatchback,Việt Nam,Đỏ,False,5,2.0,FWD,6,car_p75_s6_1776278056,cần bán Mazda màu đỏ xe còn rất đẹp bà con có nhu cầu lh xem trực tiếp tại Thủ Dầu Một Bình Dương
p74_s19_1776277981,Mazda Other,2.0 AT 2WD,2018,550.0,110000.0,Tự động,Xăng,SUV / Cross over,Việt Nam,Đen,True,5,2.0,FWD,6,car_p74_s19_1776277981,Chính chủ cần bán xe Mazda CX5 đời 2018 màu đen. Bản 2.0 có cửa sổ trời. Xe đã đi 105.000km. Xe gia đình bao thợ thầy kiểm tra. Cam kết không đâm đụng ngập nước. Có thương lượng với khách thiện chí. Mọi người cần xe đẹp đón tết thì liên hệ nhé. Mr Ân -
p16_s5_1776269920,CX-5,2.5 AT AWD,2016,460.0,95041.0,Tự động,Xăng,SUV / Cross over,Hàn Quốc,Vàng,False,5,2.5,AWD,2,car_p16_s5_1776269920,"Cần bán một xe Mazda CX5 đời 2016 phiên bản cao cấp 2.5 hai câù , xe gia đình sử dụng ki bảo dưỡng thường xuyên nên còn rất đẹp . Xe vào rất nhiều đồ chơi, cam trước sau,,, côp điện,,,tự đôņg tắt máy khi đưng Đèn đoʻ ,, xe còn nguyên bản máy móc và đôṅg sơn còn nguyên bản chưa làm gì .Ace nào có nhu cầu xe nòi thì đến xem trực tiếp tại 35A tây sơn phường tân thành tp Buôn ma Thuột tỉnh đắk lắk"
p21_s3_1776271001,BT-50,AT,2017,360.0,140000.0,Tự động,Dầu,Pick-up (bán tải),Khác,Nâu,True,5,2.0,FWD,6,car_p21_s3_1776271001,"Mazda BT50 sx 2017 1 cầu số tự động, xe 1 chủ mua mới từ đầu, chạy chuẩn 14vạn. Xe đẹp nguyên zin ko lỗi nhỏ, đầy đủ đồ chơi, cam 360, nắp thùng giá còn thương lượng,"
p19_s2_1774760193,CX-5,AT,2019,618.0,79000.0,Tự động,Xăng,SUV / Cross over,Khác,Cam,True,5,2.0,FWD,6,car_p19_s2_1774760193,"MAZDA CX5 2019 5 chổ gầm cao rất đep - Chất xe gia đình một chủ sử dụng rất đẹp, rin không lỗi, máy rin nguyên bản,,sơ cua chưa rớt,, - Nội thất ngoại thất còn rất mới,,đăng kiểm dài, đèn bi led, điều hòa tự động, cửa sổ trời, ghế tài chỉnh điện, cốp điện,, đã lên màn hình androi , cam 360,, xem xe 503 Nguyễn Văn Cừ, Tp BMT, DakLak"
p50_s9_1776274007,Mazda 3,1.5L Premium,2022,579.0,29579.0,Tự động,Xăng,Hatchback,Việt Nam,Cam,True,5,1.5,FWD,6,car_p50_s9_1776274007,"MAZDA 3 sedan 1.5 premium. Sản xuất 2022. Cực mới, 1 chủ đập thùng. Odo 29.579km Option Ghế da chỉnh điện có nhớ vị trí ghế. Cảm biến trước sau. Cảnh báo điểm mù. Đèn auto hệ thống lái thông minh tự lái tự phanh. Ga tự động. Phanh tay nút. Cửa sổ trời. Khoá thông minh đề startop. Chế độ chạy sport. Đầu Dvd theo xe. Và còn rất nhiều tính năng hiện đại khác. Xe cực mới. Đã qua kiểm tra chất lượng. Cam kết không lỗi nhỏ. Hỗ trợ ngân hàng nhanh chóng."
p42_s15_1776273628,Mazda 3,AT,2017,365.0,69000.0,Tự động,Xăng,Sedan,Khác,Xanh,False,5,2.0,FWD,6,car_p42_s15_1776273628,"Mazda 3 2017 xe cực đẹp chủ đi giữ gìn, máy số keo chỉ nguyên zin không lỗi lầm.Xem xe ưng ý ngay ạ"
p75_s10_1776278089,Mazda 3,AT,2019,430.0,74000.0,Tự động,Xăng,Sedan,Khác,Xám,False,5,2.0,FWD,6,car_p75_s10_1776278089,"Mazda 3 bản cao cấp màu xám, số tự động, trang bị cửa sổ trời. - Xe chạy 74.000 km, còn 3 lốp theo xe. - Ngoại hình đẹp, nội thất giữ gìn. - Hỗ trợ ngân hàng. - Xem xe tại xã Ea Knuếc, Đắk Lắk. A chị mua alo e"
p28_s0_1776272032,Mazda 3,Unknown,2018,399.0,103432.0,Tự động,Xăng,Sedan,Việt Nam,Trắng,False,5,2.0,FWD,6,car_p28_s0_1776272032,"Bán Mazda 3 màu trắng, thiết kế sang trọng, không gian rộng rãi, cảm giác lái mượt. - Xe đi 103.432 km, 5 chỗ ngồi. - Ngoại hình đẹp, xe giữ gìn cẩn thận. - Trang bị đầy đủ tiện nghi. - Không tai nạn không thuỷ kích - Xe giáo viên đi - Bảo dưỡng hãng đầy đủ"
p77_s3_1776278356,Mazda Other,2.5 AT AWD,2018,555.0,94000.0,Tự động,Xăng,SUV / Cross over,Khác,Bạc,True,5,2.5,AWD,6,car_p77_s3_1776278356,"MAZDA CX-5 CHẤT LƯỢNG ĐỈNH CAO, XE ĐẸP KHÔNG LỖI FULL LỊCH SỬ HÃNG CHÍNH CHỦ CẦN BÁN Bạn đang tìm một chiếc SUV 5 chỗ sang trọng, bền bỉ và tiết kiệm để sử dụng lâu dài Chiếc Mazda CX-5 này chắc chắn sẽ khiến bạn hài lòng ngay từ lần đầu xem xe Cam kết chất lượng Xe đẹp xuất sắc, thân vỏ zin, Có qua quẹt nhẹ, không đâm đụng. Tuyệt đối không thủy kích máy móc nguyên bản, vận hành mượt như mới. Bảo dưỡng đầy đủ tại hãng, có đủ lịch sử kiểm tra rõ ràng, minh bạch. Khung gầm chắc nịch, nội thất sạch sẽ, chủ xe giữ cực kỹ. Ưu điểm nổi bật của dòng Mazda CX-5 Động cơ mạnh mẽ nhưng tiết kiệm nhiên liệu. Công nghệ an toàn hiện đại, nhiều tính năng tiện ích thông minh. Kiểu dáng sang trọng, trẻ trung, phù hợp gia đình hoặc công việc. Cảm giác lái đầm chắc đúng chất Mazda. Giá bán tốt vì chủ đang cần tiền, nên để lại cho anh chị nào thiện chí một mức giá dễ thương nhất. Xe hoàn toàn mua về chạy ngay, không tốn thêm chi phí sửa chữa. Liên hệ ngay để xem xe thực tế xem là mê, lái là thích"
p56_s17_1776275327,CX-5,2.5 AT AWD,2017,470.0,97000.0,Tự động,Xăng,SUV / Cross over,Khác,Cam,False,5,2.5,AWD,2,car_p56_s17_1776275327,"Bán nhanh Mazda CX5 2017 Bản 2.5G AT Full xe zin không lỗi nội ngoại thất tươi mới chủ trước trang bị đầy đủ nhiều đồ chơi, màn hình cam hình trình cam lùi loa súp cảm biến áp suất lốp... Xe hồ sơ gốc cầm tay chỉ cần đóng thuế bấm biển số mới nhanh gọn trong ngày thiện chí alo trực tiếp cho mình"
p67_s12_1776276828,Mazda 3,1.6 AT,2011,225.0,256088.0,Tự động,Xăng,Sedan,Nhật Bản,Đỏ,False,5,1.6,FWD,6,car_p67_s12_1776276828,"Mazda 3 lăn bánh 2011 Xe Nhật bền bỉ, dáng thể thao, đi cực ổn trong tầm tiền. Bản AT-1.6 Máy móc êm, nổ nhẹ, không hú không gằn Gầm bệ chắc chắn, đi đầm xe Hộp số sang mượt Điều hòa mát sâu Nội ngoại thất còn đẹp, sử dụng giữ gìn Pháp lý rõ ràng Giấy tờ đầy đủ Mua bán sang tên nhanh gọn Phù hợp Đi làm hàng ngày Gia đình nhỏ Người mua xe lần đầu, cần xe bền tiết kiệm dễ sửa Xe gia đình sử dụng còn mới và được bảo dưỡng định kỳ. Các bác liên hệ số điện thoại"
p45_s8_1774767848,Mazda 2,Sport Luxury,2020,399.0,50000.0,Tự động,Xăng,Hatchback,Việt Nam,Trắng,False,5,2.0,FWD,6,car_p45_s8_1774767848,"𝐌𝐚𝐳𝐝𝐚 𝟐 𝟏.𝟓𝐋 𝐇𝐚𝐭𝐜𝐡𝐛𝐚𝐜𝐤 𝐒𝐩𝐨𝐫𝐭 𝐋𝐮𝐱𝐮𝐫𝐲 𝐌𝐨𝐝𝐞𝐥 𝟐𝟎𝟐𝟏 𝐒𝐢𝐞𝐮 Đ𝐞𝐩 Xe màu Trắng / Nội thất Xám - Đen Sản xuất 2020 ODO 5v km Full Ls Hãng Xe trang bị Động cơ Skyactiv-G 1,5L, Hộp số tự động 6 cấp, Hệ thống đèn full LED, Hệ thống âm thanh 6 loa, Màn hình cảm ứng 7inch, Camera và cảm biến lùi, Đề nổ Start/Stop, Trang bị thêm Film cách nhiệt, thảm lót sàn, Camera hành trình, Giá chào 3xxTriệu 𝐂𝐚𝐦 𝐤𝐞𝐭 bằng văn bản Không đâm đụng Không ngập nước Không tua km Động Cơ, Hộp Số nguyên bản Bảo hành 3 tháng hoặc 5.000km Test hãng toàn quốc, Giao xe tận nơi. 𝐇𝐨 𝐭𝐫𝐨 𝐯𝐚𝐲 𝐧𝐠𝐚𝐧 𝐡𝐚𝐧𝐠 𝐭𝐨𝐢 đ𝐚 𝟔𝟎-𝟕𝟎 𝐯𝐨𝐢 𝐥𝐚𝐢 𝐬𝐮𝐚𝐭 𝐭𝐨𝐭 𝐧𝐡𝐚𝐭 Liên hệ ngay để nhận thêm thông tin và thật nhiều ưu đãi nhé"
p41_s15_1774767059,Mazda 6,Premium 2.0 AT,2023,719.0,24000.0,Tự động,Xăng,Sedan,Khác,Cam,False,5,2.0,FWD,6,car_p41_s15_1774767059,"Xe mới về Diamondcars Mazda6 2023 2.0L Premium TCCC Odo 25.000km Ngoại thất - Đèn pha LED, tự động bật/tắt, tự động cân bằng góc chiếu, tích hợp công nghệ đèn thích ứng thông minh. ALH - Đèn LED chạy ban ngày Có - Gương chiếu hậu ngoài Chỉnh điện, gập điện, tích hợp đèn báo rẽ - Cửa sổ trời Chỉnh điện - Ốp cản sau thể thao Có Nội thất Tiện nghi - Ghế ngồi Bọc da - Ghế lái Chỉnh điện 8 hướng, tích hợp chức năng nhớ vị trí Ghế hành khách trước Chỉnh điện 6 hướng Hàng ghế sau Gập tỉ lệ 6040, tích hợp tựa tay với ngăn để ly và cổng sạc USB Hệ thống điều hòa Tự động 2 vùng độc lập, có cửa gió cho hàng ghế sau Hệ thống giải trí Màn hình cảm ứng 8 inch, hỗ trợ kết nối AUX/USB/Bluetooth, đầu DVD, hệ thống âm thanh 10 loa Bose Vô lăng Bọc da, tích hợp các nút chức năng, có lẫy chuyển số Màn hình hiển thị thông tin trên kính lái HUD Có Rèm che nắng kính sau chỉnh điện Có Giá 739 triệu Có hỗ trợ vay ngân hàng 70 Có cam kết bằng văn bản Hỗ trợ lái thử kiểm tra hãng Có bảo hành và bao quay đầu Liên hệ em Nhường"
p55_s11_1776275214,CX-30,Premium 2.0 AT,2023,685.0,17000.0,Tự động,Xăng,SUV / Cross over,Thái Lan,Xanh,True,5,2.0,FWD,6,car_p55_s11_1776275214,"Mazda CX30 - 2.0 Premium Sx 2023 - Xe gầm cao nhập khẩu cá nhân 1 chủ Siêu lướt 𝐌𝐚𝐮 𝐱𝐞 Xanh Cavansite - nội thất nâu 𝐒𝐚𝐧 𝐱𝐮𝐚𝐭 2023 𝑂𝑑𝑜 𝑐ℎ𝑢𝑎𝑛 17.000 km Trang bị Xe gầm cao Động cơ 2.0L - 153Hp , Hộp số tự động 6 cấp, camera 360 độ, 7 túi khí, cảm biến đỗ xe, màn hình HUD, cốp chỉnh điện, và cửa, sổ trời, An toàn cao cấp i-Activsense, Đảm bảo ko đâm đụng, ngập nước. Bao test hãng Bao bank, duyệt hồ sơ trong ngày Tặng gói chăm sóc xe và phủ Ceramic cao cấp Ngân hàng hỗ trợ 70 Giá chỉ 685tr VND Hotline - Inbox Zalo Duy Phương kingdom_auto ----------------------------------- 𝐊𝐈𝐍𝐆𝐃𝐎𝐌 𝐀𝐔𝐓𝐎 Website 53 đường số 85, Phường. Tân Hưng, Tphcm. Gần Lotte Mart Quận 7 cũ Kingdom_Auto"
p4_s13_1776268142,Mazda 6,2.0,2015,355.0,93000.0,Tự động,Xăng,Sedan,Khác,Đỏ,True,5,2.0,FWD,6,car_p4_s13_1776268142,"mazda 6 động cơ 2.0 cực kỳ tích kiệm xe sx 2015 1 chủ zin hết , công nghệ Full option nói ko với lỗi check tét thoải mái theo yêu cầu xe ko đúng như cam kết mô tả , e xin gửi đền bù chi phí đi lại Bao rút hồ sơ , vẫn có bớt lộc cho ae nhanh gọn . nhẹ nhàng ae có nhu cầu alo em , xem xe tại Tp Thanh Hoá"
p27_s9_1776271936,CX-5,Luxury,2023,720.0,4900.0,Tự động,Xăng,SUV,Khác,Đỏ,True,5,2.0,FWD,6,car_p27_s9_1776271936,Cx5 2023 phom 2026 bản luxury 1 chủ. Odo 4900km bao check. Ko đúng tặng 50 triệu Máy số rin. Ko tai nạn. Ko ngập nước Giáa 720. Xe tại Đồng Nai you tobe trung trảng bom
p33_s0_1776272822,Mazda 3,Unknown,2019,425.0,70000.0,Tự động,Xăng,Sedan,Khác,Đỏ,False,5,2.0,FWD,6,car_p33_s0_1776272822,Cần tìm chủ mới cho e Mazda3 2019 ôđô 7 vạn giá 425triệu đt .
p10_s10_1774728081,CX-5,Premium,2021,685.0,60000.0,Tự động,Xăng,SUV,Việt Nam,Khác,True,5,2.0,FWD,6,car_p10_s10_1774728081,"Bán CX5 sx cuoi 2021 bản cao cap nhất, premium, 1 chủ xe zin ko lôi, trang bị 6 túi khí cân bằng điện tử, cruse ga tu dong, 2 ghế điện, nhớ vị trí ghế, gat mua tu động, cảm bien quanh xe , cảnh báo dẽ tren gương, HUD hiển thị km trên kính, loa BOSE ,gia 685 tr bao rút hồ sơ nhanh gọn thanks"
p44_s15_1774767686,Mazda 3,1.5 AT Sedan,2018,415.0,76000.0,Tự động,Xăng,Hatchback,Khác,Cam,False,5,1.5,FWD,4,car_p44_s15_1774767686,"Mazda3 1.5 FL Sản xuất 2018 Odo 76.000 km Giá 415 Tr Trang bị Cruise Control , Phanh tay điện tử , Cam hành trình , Màn hình hiển thị đa thông tin....."
p68_s14_1776276925,Mazda 6,2.0L Premium,2016,390.0,110000.0,Tự động,Xăng,Sedan,Khác,Đỏ,False,5,2.0,FWD,6,car_p68_s14_1776276925,"MAZDA6 Premium 2.0L sản xuất 2016 Xe lên màu đỏ pha lê rất đẹp Chủ đi giữ gìn nên nội thất còn rất mới Odo 11 vạn km rin Trang bị - Đề nổ star/stop - i-stop - Cruise control - 2 ghế chỉnh điện - Cửa sổ trời - Điều hoà auto 2 dàn độc lập - Đèn và gạt mưa auto - Cảm biến quanh xe - Màn hình Android, cam hành trình cam lùi - Nội thất da xịn sò Giá lh Xem xe tại 172 Hà Hồng, Hoà Xuân, tp Đà Nẵng"
p27_s2_1776271870,CX-8,Premium,2020,660.0,129000.0,Tự động,Xăng,SUV,Khác,Trắng,True,7,2.0,FWD,6,car_p27_s2_1776271870,Cần bán CX8 bản Premium. Sx 2020. Xe đc trang bị cực nhìu option. HUD kính. Cam 360. Full đèn. Âm thanh Bose. Cốp điện. ...... Xe nhà 1 đời chủ từ đầu. Thân vỏ máy số zin. Keo chỉ zin 100. Bảo hiểm thân vỏ đầy đủ. Bảo dưỡng full lịch sử hãng. Không thiếu kì nào. Xem xe là mua đc. Mời a c thiện chí đến xem xe ép giá.
p17_s5_1776270092,Mazda 2,Unknown,2015,290.0,110000.0,Tự động,Xăng,Sedan,Thái Lan,Đỏ,False,5,2.0,FWD,6,car_p17_s5_1776270092,"Bán Mazda 2 màu đỏ, thiết kế trẻ trung, nhỏ gọn, phù hợp di chuyển trong phố. - Xe nhập khẩu nguyên chiếc từ Thái Lan. - Động cơ SkyActiv tiết kiệm nhiên liệu. - Trang bị đầy đủ tiện nghi."
p23_s12_1774761208,Mazda 3,Premium,2022,578.0,36000.0,Tự động,Xăng,Sedan,Khác,Cam,True,5,2.0,FWD,6,car_p23_s12_1774761208,"Mazda 3 Sporty 2022 Premium 1 chủ HCM Odo 36.000km full lịch sử hãng Xe cam kết nguyên zin, không đâm đụng ngập nước Giá 578tr bao công chứng rút gốc Nhận trao đổi bù trừ lên đời tất cả các dòng Alo em xem xe tại Q.Tân Bình -"
p45_s5_1774767816,CX-3,Luxury,2022,520.0,40000.0,Tự động,Xăng,SUV,Khác,Đỏ,False,5,2.0,FWD,6,car_p45_s5_1774767816,"MÀN HÌNH LÊN TO CHÀ BÁ Mazda CX3 2022 Luxury, màu đỏ, NHẬP KHẨU, chạy hơn 4 vạn km. Full lịch sử bảo dưỡng hãng Động cơ SkyActiv ,Lazang 18inch, đèn trước Led,hệ thống Mazda Connect với màn hình cảm ứng 7 inch, kết nối Apple Carplay và Android Auto, phanh tay điện tử và tính năng giữ phanh tự động, gương chống chói tự động, điều hòa tự động...Camera lùi, cảm biến lùi. 6 túi khí...."
p22_s4_1774760889,CX-3,Luxury 1.5 AT,2022,515.0,30000.0,Tự động,Xăng,SUV / Cross over,Khác,Khác,False,5,1.5,FWD,6,car_p22_s4_1774760889,"Phúc Lâm auto chào bán MAZDA CX3 LUXURY, ĐỜI 2022. Giá 5xx tr Động cơ 1.5L ODO 3 Vạn km Số chỗ 5 chỗ Hộp số Tự động Tới trực tiếp Showroom của PHÚC LÂM AUTO CS1 KM2 - QL 3, MAI LÂM, ĐÔNG ANH CS2 686 NGUYỄN VĂN CỪ, LONG BIÊN"
p29_s9_1776272299,Mazda 3,AT,2013,262.0,79832.0,Tự động,Xăng,Sedan,Khác,Xám,False,5,2.0,FWD,6,car_p29_s9_1776272299,"Mazda3 đời 2013 số tự động màu xám. - Xe đẹp, chạy 79.832 km. - Thiết kế sang trọng, không gian rộng rãi. - Cảm giác lái mượt, trang bị đầy đủ tiện nghi."
p14_s17_1774759165,Mazda 3,3.0 Luxury,2023,565.0,43000.0,Tự động,Xăng,Sedan,Khác,Đỏ,True,5,3.0,FWD,6,car_p14_s17_1774759165,"Oto Duy Dương - 167 Nguyễn Văn Cừ - Đắk Lắk Mazda 3 2023 Luxury 1 Chủ Mua Mới Xe trang bị 4 lốp zin theo xe, secua chưa hạ, led nội thất, củ số kim cương.... Odo 43.000km - full bảo dưỡng hãng Giá 565 triệu - bao rút hồ sơ - hổ trợ bank 60 Lh Gặp Dương - Zalo"
p1_s16_1774726306,CX-5,Premium,2022,725.0,14000.0,Tự động,Xăng,SUV / Cross over,Việt Nam,Cam,True,5,2.0,FWD,6,car_p1_s16_1774726306,Mazda Cx5 premium 2022 lướt 14.000 km. 100 bảo dưỡng hãng. sơn zin cả xe. Một chủ mua mới 12/2022 thơm mùi xe mới. Tiết kiệm hơn 200tr mua mới phụ kiện giá trị camera màn hình 360 film 3m phủ Cecramic vvv Check test giao toàn quốc tận nhà khách. Xe xe tại nhà Chợ Tam Hà Thủ Đức Anh Chị thiện chí liên hệ trực tiếp để được báo giá . Vì lí do cv di chuyển không tiện trả lời tin nhắn xin thông cảm . Xin Cám ơn
p58_s7_1776275535,Mazda 3,1.5L Luxury,2022,535.0,40000.0,Tự động,Xăng,Sedan,Việt Nam,Cam,False,5,1.5,FWD,6,car_p58_s7_1776275535,"Mazda 3 Luxury 2022 đẹp long lanh. odo 4v chuẩn, gốc Daklak, full lịch sử hãng. Cam kết ko đâm đụng ngập nước, bao check hãng hoặc bên thứ 3 bất kỳ Hỗ trợ bank 70 giá trị xe xem xe Buôn Ma Thuột, Daklak."
p37_s1_1774766061,CX-5,2.0 Premium,2020,680.0,60000.0,Tự động,Xăng,SUV,Khác,Xanh,True,5,2.0,FWD,6,car_p37_s1_1774766061,"Mazda CX5 2.0 Premium màu xanh Canvansite, xe chính chủ, đời 2020. - Đã đi hơn 6 vạn, bảo dưỡng hãng đầy đủ. - Loa Bose - cửa sổ trời, cốp điện tử, bản full . - Giá 680 triệu, có bớt lộc."
p9_s3_1776268782,Mazda 3,2.0 AT Sedan,2015,355.0,140000.0,Tự động,Xăng,Sedan,Việt Nam,Cam,True,5,2.0,FWD,2,car_p9_s3_1776268782,"Mazda 3 Sx 2015 Phiên bản 2.0L Full - Một Chủ Mua Mới Odo 14Vạn Chuẩn Km - Xe Bản Ghế điện hud Kính Mâm 18inch - Xe Rin ko Lỗi, Máy Số Rin Chưa Chạm Xe Có Bão Dưỡng Mặt Cò Cam, Cao Su Chân Máy,Capo Cửa cốp Keo Chỉ Rin. - Giá 355 Triệu Bao Rút Hồ Sơ. . ."
p4_s0_1776268047,Mazda 3,Unknown,2018,398.0,58000.0,Tự động,Xăng,Sedan,Việt Nam,Xám,False,5,2.0,FWD,6,car_p4_s0_1776268047,"Mazda 3 facelift bản nâng cấp Sản xuất 2018 Màu xám ghi Odo chuẩn 58 ngàn km Option phanh điện tử, cửa sổ trời Dàn lốp còn 80 Gầm bệ êm máy móc hộp số zin Cam kết không đâm đụng, thuỷ kích Biển sài gòn pháp lý cá nhân Liên hệ xem xe trực tiếp"
p7_s3_1776268488,Mazda 6,AT,2004,105.0,70000.0,Tự động,Xăng,Sedan,Khác,Bạc,False,5,2.0,FWD,6,car_p7_s3_1776268488,"Mazda6 đời 2004 màu bạc, xe đẹp, ít sử dụng, bảo quản kỹ. - Điều hòa tự động, khung chỉ, đinh bấm nguyên bản. - Máy zin, êm, mạnh mẽ, sơn mỏng bóng đẹp. - Ghế da, trần, sàn nỉ zin sạch đẹp. - Hệ thống âm thanh zin theo xe, nghe nhạc hay. - Đăng kiểm, bảo hiểm mới dài."
p22_s13_1776271219,BT-50,AT,2020,285.0,8900.0,Tự động,Dầu,Bán tải,Thái Lan,Nâu,True,5,2.0,FWD,6,car_p22_s13_1776271219,"Quá đẹp , em bán xe bán tải sx 2020 đúng 1 chủ đi ít km , số tự động máy dầu xe nhập thái lan Cam kết zin nguyên bản máy số zin hết Cam kết đúng chất lượng , bao check tes mọi nơi Bao lỗi cho cô chú anh chị , có hỗ trỡ trả góp Có nhận đỗi xe, giao luu bù trừ đưa 200 tr nhận xe Xem xe Auto Huynh kontum E xin cãm ơn ạ Giá bán bao rút hoso 485 tr"
p59_s16_1776275744,Mazda 2,1.5 AT Sedan,2018,348.0,32000.0,Tự động,Xăng,Sedan,Việt Nam,Trắng,False,5,1.5,FWD,6,car_p59_s16_1776275744,"Mazda 2 sản xuất 2018 AT- máy 1.5 Sedan- Số tự động. Xe chủ đi kỹ và giữ gìn . Odo chuẩn 32 ngàn km, lốp theo xe, bảo dưỡng hãng đều đặn. Cam kết máy móc nguyên bản, không tai nạn, không ngập nước. Xem xe thực tế 730/130 Lê Đức Thọ p15 Gò Vấp."
p33_s2_1774765301,Mazda 3,Luxury,2023,555.0,40000.0,Tự động,Xăng,Sedan,Việt Nam,Đỏ,True,5,2.0,FWD,6,car_p33_s2_1774765301,Chính chủ bán Mazda3 2023 Luxury Xe đi giữ gìn chạy chuẩn 4v Km Cam kết máy số keo chỉ zin Bao check test bên thứ 3 Hỗ trợ bank 70 giá trị xe
p9_s9_1776268840,Mazda 3,S 1.6 AT Sedan,2013,258.0,100000.0,Tự động,Xăng,Sedan,Việt Nam,Cam,False,5,1.6,FWD,2,car_p9_s9_1776268840,"Bán hoặc gluu xe Mazda 3S model 2013 xe cực đẹp máy móc nguyên bản ko đâm va ngập nước,xe chất chạy hơn chục vạn tý,đã lên full đồ chơiđề nổ startop, màn android,cảm biến quanh xe,cam 360,áp suất lốp dkiem mới tinh về chỉ việc đi giá 258tr ra lộc cho ae ko sms"
p59_s1_1776275659,Mazda 6,AT,2015,345.0,112000.0,Tự động,Xăng,Sedan,Nhật Bản,Đỏ,False,5,2.0,FWD,6,car_p59_s1_1776275659,"Mazda 6 màu đỏ, xe 5 chỗ, nhập khẩu Nhật Bản. - Động cơ xăng, hộp số tự động. - Thiết kế sang trọng, vận hành êm ái. - Nội thất tiện nghi, rộng rãi."
p46_s17_1774768194,Mazda 6,2.0L Premium,2016,398.0,92452.0,Tự động,Xăng,Sedan,Nhật Bản,Đỏ,False,5,2.0,FWD,6,car_p46_s17_1774768194,"Mazda 6 tự động 2016 ,xe trang bị 2 ghế điện ,nhớ ghế 2 vị trí ,của sổ trời Máy móc nguyên rin ,keo chỉ rin ,xe không đâm đụng ngập nước ,bao test thoải mái Bao rút hồ sơ cho người mua"
p70_s9_1776277099,Mazda 3,1.5L Sport Luxury,2019,445.0,57000.0,Tự động,Xăng,Hatchback,Khác,Trắng,True,5,1.5,FWD,6,car_p70_s9_1776277099,"Mazda 3 Sport sx 2019 bản Luxury Xe còn rất chất, 1 chủ từ đầu, Cty xuất hoá đơn Quý ac quan tâm vui lòng liên hệ trực tiếp qua sđt Tl trực tiếp khi xem xe tại Cà Mau or Cần Thơ"
p46_s3_1774768036,CX-30,Premium 2.0 AT,2024,715.0,3400.0,Tự động,Xăng,SUV / Cross over,Thái Lan,Cam,False,5,2.0,FWD,6,car_p46_s3_1774768036,"Mazda CX-30 Premium 2024 Xe lướt cực chất Odo 3.400 km Gần như xe mới Phiên bản Premium Đủ đồ, nội thất sang Giá bán 7xx triệu Liên hệ Cam kết Xe không tai nạn không ngập nước Odo chuẩn, bao check hãng Pháp lý rõ ràng sang tên nhanh gọn Hỗ trợ test xe xem xe tại chỗ MazdaCX30 CX30Premium Mazda2024 Xeluot XeDepGiaTot OdoThap XeGiaDinh XeGamCao"
p36_s5_1774765927,Mazda 3,1.5 AT,2016,369.0,90000.0,Tự động,Xăng,Sedan,Khác,Khác,True,5,1.5,FWD,6,car_p36_s5_1774765927,Hàng hót mới về tới Mazda3 2016 1.5At sedan Odo 9 vạn chuẩn full hãng Một chủ biển 51F Đã lên Bi Led Bốn vỏ mới thay Nội thất rất đẹp Keo chỉ máy móc nguyên Zin Giá 369 triệu em Nhường
p67_s9_1776276816,CX-5,2.0 Luxury,2021,688.0,60000.0,Tự động,Xăng,SUV / Cross over,Khác,Trắng,True,5,2.0,FWD,6,car_p67_s9_1776276816,"Mazda CX5 2.0 LUXURY 2021 trắng, Odo 6 vạn km hơn, đăng ký 1 chủ từ mới, Đã Lên 04 quả lốp mechilank siêu êm, sơ cua chưa hạ. Trang bị Start / Stop , ghế điện bên lái , Cruise Control , đàm thoại rảnh tay , Apple Carplay , Androi AUto , cửa nóc , auto hold , chế độ lái .... Cam kết Bao khong ngap nuoc, khong đam đung. Bao rut ho so gốc . Ho tro sang ten Bao quay đầu 1 năm 10 theo giá thị trường Có dán tem bảo hành ở các vị trí xung yếu Ho tro vay ngan hang lai suat uu đai. Bao hanh 6 thang hoặc 10.000km đong co, may moc. Ho tro test hang co van ban _________________________________ ----BOSS CAR---- Địa chỉ 68 Lê Văn Lương, Thanh Xuân, Hà Nội CHUYÊN MUA BÁN - TRAO ĐỔI XE ĐÃ QUA SỬ DỤNG. XE ĐÃ QUA KIỂM ĐỊNH CHẤT LƯỢNG VÀ CÓ BẢO HÀNH ---------------------- ----------------------"
p3_s13_1776267989,Mazda 3,1.5L Luxury,2024,585.0,31000.0,Tự động,Xăng,Hatchback,Khác,Khác,True,5,1.5,FWD,6,car_p3_s13_1776267989,"Thông tin xe Mazda 3 2024 bản Luxury. Xe zin đẹp. Một chủ mua mới. Giá 585 triệu Không đâm đụng ngập nước Bảo hành 6 tháng Xem xe tại 33 Đồng Khởi, Khu phố 1, Trảng Dài, Biên Hòa, Đồng Nai Hotline"
p49_s13_1774768886,Mazda Other,AT,2017,378.0,80000.0,Tự động,Dầu,Unknown,Thái Lan,Cam,False,5,2.0,FWD,6,car_p49_s13_1774768886,"Bán Mazda BT-50 số tự động sản xuất 2017 Xe đi 80.000 km, sử dụng kỹ Sơn zin còn rất đẹp, bóng loáng Máy số zin nguyên bản, vận hành êm ái Cam kết không cấn đụng không ngập nước Giá bán 378 triệu"
p6_s11_1774727350,CX-5,AT,2017,485.0,58000.0,Tự động,Xăng,SUV,Khác,Trắng,False,5,2.0,FWD,6,car_p6_s11_1774727350,"Mazda CX-5 màu trắng, xe 5 chỗ, nội thất da sang trọng. - Động cơ xăng, hộp số tự động. - Thiết kế hiện đại, vận hành êm ái. - Xe phù hợp cho gia đình. xe bảo dưỡng đúng định kỳ"
p5_s9_1774727122,BT-50,2.2L 4x2 AT,2017,350.0,80000.0,Tự động,Dầu,Pick-up (bán tải),Thái Lan,Cam,True,5,2.2,FWD,6,car_p5_s9_1774727122,"Madaz BT50 AT 2017 1 cầu 1 chủ sử dụng xe sẵn dùng, màn hình cam de đầy đủ Xe nguyên rin nguyên bản, máy móc keo chỉ rin. Xe cam kết bằng văn bản ko cấn đụng, ko kích thuỷ Bảo hành máy 6 tháng hoặc theo số km Hỗ trợ bank hoặc vay tài chính Hỗ trợ rút hồ sơ sang tên đổi biển Xem xe trực tiếp tại cửa hàng ÔTÔ INH HÁT ĐỊA CHỈ 127 Phạm Văn Đồng - P.Tân Lập- Đaklak Km5 QL26 ĐỊA CHỈ 22 Phạm Văn Đồng - P.Tân Lập- Đaklak Km5 QL26 Zalo Minh Hạnh"
p14_s12_1774759105,Mazda 3,2.0 AT,2018,410.0,95682.0,Tự động,Xăng,Hatchback,Khác,Đỏ,True,5,2.0,FWD,6,car_p14_s12_1774759105,"Lên Đời Xe Cần Bán Xe Bán Mazda 3 2018 bản full 2.0 Màu đỏ sơn lại nguyên xe từ đỏ bầm qua đỏ tươi Xe 5 chỗ, thiết kế thể thao, vận hành êm ái máy móc nguyên zin ODO 95682 km. Xe Cty Chính Chủ 1 Đời Nội thất rộng rãi, tiện nghi. Xe giữ gìn cẩn thận, sẵn sàng sử dụng"
p66_s14_1776276704,Mazda 3,1.5L Luxury,2022,545.0,50000.0,Tự động,Xăng,Hatchback,Việt Nam,Khác,False,5,1.5,FWD,6,car_p66_s14_1776276704,"Mazda3 2022 luxury xe cực đẹp , chất hàng hiếm .t"
p62_s1_1776276140,Mazda 3,1.5 AT Sedan,2018,389.0,9800.0,Tự động,Xăng,Hatchback,Việt Nam,Đỏ,True,5,1.5,FWD,4,car_p62_s1_1776276140,"Mazda 3 2018 filip phah tay điện tử mầu đỏ , Đăng ký chính chủ, mua lại của người quen. Giá 389 tr . Máy nguyên zin. Cam kết máy số rin , khung gầm rin , ko ngập nước"
p44_s6_1774767577,CX-5,Premium Sport 2.0 AT,2024,823.0,16000.0,Tự động,Xăng,SUV / Cross over,Việt Nam,Đen,False,5,2.0,FWD,6,car_p44_s6_1774767577,"MAZDA CX-5 2024 PREMIUM SPORT SIÊU LƯỚT, GIÁ TỐT Xe đời 2024, bản Premium Sport cao cấp Odo 16.000 km đi cực ít, xe còn rất mới Giá bán 8xx triệu làm việc trực tiếp thiện chí ƯU ĐIỂM NỔI BẬT Thiết kế thể thao, sang trọng chuẩn Mazda Động cơ mạnh mẽ vận hành êm ái Nội thất cao cấp, nhiều công nghệ an toàn Xe cá nhân sử dụng kỹ, bảo dưỡng định kỳ CAM KẾT CHẤT LƯỢNG Xe không đâm đụng không ngập nước Máy số nguyên bản, khung gầm chuẩn Odo chuẩn, kiểm tra thoải mái Hồ sơ pháp lý rõ ràng, sang tên nhanh gọn Hỗ trợ kiểm tra hãng / garage uy tín Liên hệ xem xe Xem xe trực tiếp lái thử thoải mái"
p40_s5_1774766744,Mazda 3,Sport 1.5L Luxury,2019,429.0,76000.0,Tự động,Xăng,Hatchback,Việt Nam,Khác,True,5,1.5,FWD,6,car_p40_s5_1774766744,Xe chính chủ Mua mới từ đầu Xe máy móc keo chỉ zin Mua về chỉ sử dụng không cần làm thêm bất cứ gì Có hổ trợ ngân hàng
p57_s18_1776275468,Mazda 3,1.6 MT,1999,50.0,340000.0,Số sàn,Xăng,Sedan,Việt Nam,Khác,False,5,1.6,FWD,6,car_p57_s18_1776275468,"Xe mới đại tu máy, gầm. Tiền xe chưa bằng tiền sửa. Công chứng thu hồi đăng ký và biển số vì biển định danh. Nhượng lại cho ai cần trước Tết liên hệ xem xe tại Phường Hội Phú, Gia Lai"
p17_s3_1776270072,Mazda Other,2.2 AT 2WD,2017,385.0,120000.0,Tự động,Dầu,Pick-up (bán tải),Thái Lan,Cam,True,5,2.2,FWD,2,car_p17_s3_1776270072,"Hoàng Thanh Auto chào bán xe Mazda BT50 2.2AT 2017 máy dầu số tự động, xe nhập khẩu Thái Lan tên cá nhân 1 chủ xe đẹp zin, lốp mới 4 quả Xe bán cam kết nguyên zin, không đâm đụng ngập nước Máy số zin keo chỉ khung gầm cột kèo zin Bao check test toàn quốc"
p24_s14_1776271527,CX-5,Premium Sport 2.0 AT,2023,795.0,34000.0,Tự động,Xăng,SUV / Cross over,Việt Nam,Đỏ,False,7,2.0,FWD,6,car_p24_s14_1776271527,"MAZDA CX5 PREMIUM SPORT Sản xuất 2023 ODO 34.000km Màu Đỏ Động cơ Xăng Xuất xứ VN Biển số Tỉnh Xe trang bị thêm Dán phim cách nhiệt, sàn,. Xe cam kết chất lượng không đâm đụng, không ngập nước, odo chuẩn, pháp lý chuẩn"
p77_s16_1776278459,Mazda Other,2.0 AT,2018,540.0,69000.0,Tự động,Xăng,SUV / Cross over,Việt Nam,Khác,False,5,2.0,FWD,6,car_p77_s16_1776278459,Xe 2.0 đời 2018 Đã đi 69000km Giá bán 540tr
p60_s18_1776275888,Mazda Other,Deluxe,2021,725.0,30000.0,Tự động,Xăng,SUV / Cross over,Việt Nam,Khác,False,7,2.0,FWD,6,car_p60_s18_1776275888,"- Xe gia đình ít đi , chủ yếu bọc để trong nhà nên xe gần như mới xuất xưởng luôn ạ - Có thương lượng cho người thiện chí mua nhanh ạ"
p45_s12_1774767901,Mazda 6,2.5 AT,2016,395.0,110000.0,Tự động,Xăng,Sedan,Khác,Đỏ,True,5,2.5,FWD,2,car_p45_s12_1774767901,"MAZDA 6 2.5AT 2016 XE GIA ĐÌNH SỬ DỤNG RẤT KĨ, 1 CHỦ MUA MỚI XE ĐẸP MÁY SỐ ZIN 100, LÊN FULL ĐỒ CHƠI, KHÔNG LỖI. 1 XE BÁN CÓ BẢO HÀNH 1 NĂM 2 ODO 110.000 KM ĐẢM BẢO ĐÚNG ĐỒNG HỒ 3 MÀU ĐỎ 4 BAO RÚT HỒ SƠ THU HỒI BIỂN SỐ 5 BẢO DƯỠNG HÃNG ĐẦY ĐỦ ĐÚNG ĐỊNH KÌ. 6 HÌNH THỨC XE CÁ NHÂN, 1 CHỦ MUA MỚI CAM KẾT XE KHÔNG ĐÂM ĐỤN- KHÔNG NGẬP NƯỚC- KHÔNG PHẠT NGUỘI-KHÔNG TRANH CHẤP- THỦ TỤC PHÁP LÍ RÕ RÀNG MINH BẠCH Tình trạng xe SƠN ZIN CÒN 90 KHÔNG LÀM ĐỒNG HOẶC DẶM TUỐT, ĐÃ ĐƯỢC BÊN HÃNG ĐÃ KIỂM ĐỊNH,4 VỎ MỚI THAY. ĐỘNG CƠ MÁY ZIN, ÓC 7 MÀU CÒN DẤU CỦA NHÀ SẢN XUẤT. PHỤ KIỆN GHẾ DA,LÓT SÀN, MÀN HÌNH LỚN, CAMMERA HÌNH TRÌNH, CAM TRƯỚC SAU, DÁN FIML,LÓT SÀN.RẤT TIỆN ÍT FULL ĐỒ RẤT TIỆN LỢI KHÔNG PHÁT SINH THÊM CHI PHÍ NÀO. KHUNG GẦM ZIN CÒN RẤT MỚI LH CẢNH XEM XE THƯƠNG LƯỢNG GIÁ ĐC 251 Đ SỐ 5, P AN LẠC, Q BÌNH TÂN"
p29_s0_1776272214,Mazda Other,AT,2005,130.0,203981.0,Tự động,Xăng,Sedan,Nhật Bản,Khác,False,7,2.0,FWD,6,car_p29_s0_1776272214,xe đời 2005 số tự động giá 130 thương lượng
p54_s3_1776275089,Mazda Other,AT,2003,89.0,180000.0,Tự động,Xăng,SUV / Cross over,Việt Nam,Cam,False,7,2.0,FWD,6,car_p54_s3_1776275089,"Gia đình cần bán chiếc Mazda Premacy 2003, xe 7 chỗ SỐ TỰ ĐỘNG, xe rất đẹp, đã bảo dưỡng cẩn thận. Đầy đủ màn hình giải trí, camera lùi, camera hành trình... Xe chạy rất đầm chắc, tiết kiệm nhiên liệu. Dòng 7 chỗ đa dụng vừa chở người vừa có khoang sau rộng rãi chở hàng. Đi gia đình rất phù hợp, đa dụng phục vụ nhiêu mục đích ạ. Nhà mình để lại chỉ 89 triệu, ai cần qua xem trực tiếp tại nhà. Lê Đức thọ, hà nội. Xin cảm ơn"
p2_s7_1776267721,CX-5,2.0 Deluxe,2022,669.0,52000.0,Tự động,Xăng,SUV / Cross over,Khác,Đỏ,False,5,2.0,FWD,6,car_p2_s7_1776267721,Mazda CX5 Deluxe 2022 Đỏ Pha Lê cực đẹp - Xe cá nhân - biển Hà Nội - odo 5v2 Km - Lốp zin theo xe cả dàn - sơ cua chưa hạ Giá bán 669 triệu
p21_s1_1776270979,CX-5,Deluxe,2022,640.0,49000.0,Tự động,Xăng,SUV,Khác,Trắng,False,5,2.0,FWD,6,car_p21_s1_1776270979,"Mazda cx5 2022 bản deluxe máy số nguyên zin. xe đi 4.9vạn. Ghế điện, cửa sổ trời đầy đủ Form dáng trẻ trung, giá chỉ hơn 600tr Lh xem xe"
p2_s1_1774726376,Mazda 3,1.5 AT Sedan,2016,355.0,86868.0,Tự động,Xăng,Sedan,Việt Nam,Đen,False,5,1.5,FWD,2,car_p2_s1_1774726376,"Mazda 3 1.5AT sản xuất 2016 full đồ chơi giá 355tr. Odo 86km xe cá nhân gia đình dùng, cam kết bằng văn bản chất lượng xe không cấn đụng, không ngập nước, máy móc nguyên bản, keo chỉ nguyên bản. Full đồ chơi Cửa sổ trời, màn android 15inch lớn, đèn pha 4 bi led, đèn daylight led, đèn hậu led, bi gầm led, ca lăng kim cương, ốp heo, ốp lẫy số, full nt da kem, trần da lộn, film cách nhiệt, mâm sơn đen, 2 chìa khóa,... - Auto 2K Xem xe TP. Thủ Đức, HCM."
p21_s7_1774760696,Mazda 3,Luxury,2023,575.0,17000.0,Tự động,Xăng,Sedan,Khác,Trắng,False,5,2.0,FWD,6,car_p21_s7_1774760696,"Màu trắng thì không còn gì để chê Mazda 3 Luxury 2023 Odo 17k, bảo dưỡng đầy đủ tại hãng Hỗ trợ bank, trao đổi xe 5xx"
p18_s10_1776270331,Mazda 2,AT,2012,210.0,1000.0,Tự động,Xăng,Hatchback,Khác,Trắng,False,5,2.0,FWD,6,car_p18_s10_1776270331,"Bán Mazda 2 màu trắng, xe 5 chỗ, số tự động, dùng xăng. - Thiết kế trẻ trung, nhỏ gọn, dễ di chuyển trong phố. - Nội thất tiện nghi, vận hành êm ái. - Xe giữ gìn cẩn thận,bảo dưỡng định kỳ"
p25_s7_1774763570,CX-5,2.0 Deluxe,2022,660.0,18668.0,Tự động,Xăng,SUV / Cross over,Khác,Đỏ,False,5,2.0,FWD,6,car_p25_s7_1774763570,"Em chào bán𝐌𝐚𝐳𝐝𝐚 𝐂𝐱-𝟓 𝟐𝟎𝟐𝟐 𝐃𝐞𝐥𝐮𝐱𝐞odo chuẩn18.000km,full lịch sử bảo dưỡng hãng,nguyên rin-nguyên bản ,sơn zin 95,4 lốp rin theo xe,sơ cua chưa chạm đất Hổ trợ bank 65 giá trị xe,trả trước 215tr nhận xe về ngay ạ Có cam kết văn bản,bảo hành 12 tháng cho khách hàng. Khách hàng được checktest kiểm tra bên thứ 3 theo yêu cầu trước khi giao dịch. -------------------------------------------------- 𝐓𝐡𝐚𝐧𝐡 Đ𝐚𝐭 𝐀𝐮𝐭𝐨-𝐂𝐡𝐮𝐲𝐞𝐧 𝐌𝐮𝐚 𝐁𝐚𝐧,𝐓𝐫𝐚𝐨 Đ𝐨𝐢 𝐎𝐭𝐨 𝐂𝐮 𝐓𝐨𝐚𝐧 𝐐𝐮𝐨𝐜 Địa chỉLô 04 Lê Đức Thọ,Sơn Trà,Đà Nẵng FBThành Đạt Auto-Chuyên Mua,Bán Oto Đã Qua Sử Dụng Hotline Thành A Đạt"
p18_s8_1774760024,Mazda Other,Luxury,2019,365.0,36000.0,Tự động,Xăng,Sedan,Thái Lan,Cam,False,5,1.5,FWD,6,car_p18_s8_1774760024,"Sedan rộng rãi - tiết kiệm nhiên liệu - bảo dưỡng nhẹ nhàng. Em Hưng vê được em siêu lướt phục vụ cô chú anh chị em, giá chỉ ngang Kia morning, Hyundai I10... MAZDA 2 SEDAN LUXURY 1.5AT SX 2019 Nhập Thái Lan, Odo 36.000km chuẩn cực mới. Bản cao cấp full option với ghế nội thất da pha da lộn, đề nổ start/stop, lẫy số thể thao, cruise control, đèn projector siêu sáng, camera và cảm biến lùi,... Tiêu chuẩn khí thải Mức 5 vô tư vào Trung Tâm, tiết kiệm nhiên liệu chỉ 6-8l/100km. CAM KẾT Xe không tai nạn ngập nước, máy số zin nguyên bản. Bao check test toàn quốc, bảo hành 3-6 tháng hoặc 5.000-10.000km Bao rút hồ sơ gốc - Hỗ trợ sang tên toàn quốc. Giá 3.6.5 triệu Hỗ trợ trả góp Đưa trước khoảng 180tr là có thể rước em. Xem xe tại Quốc Lộ 13, Thủ Đức, TP.HCM Lh/zl em Hưng Mazda2 Mazda2luxury Mazda2sedan Sieuthiotothuduc Sieuthiotohanoi389 PhongQuanAuto Muabanxeotocu hotrotragop thumuaxeotocu"
p77_s0_1776278331,CX-5,2.0 Luxury,2023,725.0,9000.0,Tự động,Xăng,SUV / Cross over,Việt Nam,Khác,False,5,2.0,FWD,6,car_p77_s0_1776278331,Mazda Cx5 Luxury sx 2023 Model 2024 Odo 9.000km chuẩn bao test. Trang bị nhiều option công nghệ hiện đại 725tr thương lượng Xem xe Thủ Đức TPHCM Bá Lộc
p29_s17_1776272376,CX-5,Premium Exclusive 2.0 AT,2024,840.0,18000.0,Tự động,Xăng,SUV / Cross over,Việt Nam,Cam,True,5,2.0,FWD,6,car_p29_s17_1776272376,"Mazda cx5 2024 bản Premium exclusive. Xe chạy 1v8 km. 1 chủ từ mới. Sơn zin 100. Cam kết chất lượng bằng văn bản, check test theo yêu cầu khách hàng"
p10_s4_1776268934,BT-50,AT,2022,488.0,123456.0,Tự động,Dầu,Bán tải,Khác,Khác,False,5,2.0,FWD,6,car_p10_s4_1776268934,"Cần bán Mazda BT-50 2022 Số tự động, 1 cầu Giá 488 triệu thương lượng nhẹ Bản số tự động AT, chạy nhẹ nhàng, phù hợp đi phố Máy dầu 1.9L tiết kiệm, bền bỉ Xe zin toàn bộ, không tai nạn, không ngập nước Nội thất sạch đẹp, sử dụng kỹ Phù hợp đi gia đình, đi làm hoặc chở hàng nhẹ Giá tốt trong phân khúc xem xe là ưng Anh em quan tâm liên hệ Xem xe tại Quận 7, TP.HCM"
p24_s16_1776271539,Mazda 3,1.5L Premium,2020,465.0,50000.0,Tự động,Xăng,Sedan,Nhật Bản,Đỏ,True,5,1.5,FWD,6,car_p24_s16_1776271539,Chính chủ Bán Mazda 3 Premium cuối 2020 - Màu Đỏ Rất mới - Bao Đẹp - Bao Zin - Đăng ký TPHCM - Odo Chuẩn 50.000 km - Bao Test Hãng - Bao Ngập nước - Giá 465 triệu - Xem xe tại Quận Quận 2 - Tp.HCM Miễn Tiếp Cò/ lái
p24_s12_1776271505,Mazda 6,2.0 Premium,2021,569.0,69000.0,Tự động,Xăng,Sedan,Việt Nam,Khác,False,5,2.0,FWD,6,car_p24_s12_1776271505,"Mazda 6 Premium 2.0 sản xuất 2021 Odo zin 6,9 vạn Full lịch sử hãng Sơ cua chưa hạ, máy số zin, không bơi lội Giá có 500tr Xy thôi ạ"
p73_s4_1776277653,CX-5,2.0 Deluxe,2020,639.0,65000.0,Tự động,Xăng,SUV,Khác,Trắng,False,5,2.0,FWD,6,car_p73_s4_1776277653,"CX5 2020 deluxe bản 2.0 lăn bánh đúng 65.000km , xe đã được check test kỹ càng tại 1 trong những trung tâm kiểm định lớn nhất Việt Nam."
p48_s19_1774768720,CX-8,Premium FWD,2020,765.0,38000.0,Tự động,Xăng,SUV / Cross over,Khác,Xám,True,7,2.5,FWD,6,car_p48_s19_1774768720,"Mazda CX-8 2.5L Premium 2020 màu xám, xe 7 chỗ rộng rãi, tiện nghi. - ODO 38,000 km, xe đi ít, giữ gìn cẩn thận. - Động cơ xăng, hộp số tự động mượt mà. - Xe sẵn sàng lăn bánh. - Xe 1 chủ mua mới, 4 lốp mới thay date 2025 - Xe công ty XHD cao"
p31_s4_1776272609,CX-5,2.0 AT,2013,418.0,65000.0,Tự động,Xăng,SUV / Cross over,Khác,Khác,False,5,2.0,FWD,6,car_p31_s4_1776272609,"MAZDA CX-5 2.0 AT 2013 - HÀNG SIÊU CỌP, ĐẸP HIẾM CÓ Cần nhượng lại mẫu CUV đô thị cực chất, xe gia đình sử dụng kỹ, tình trạng hoàn hảo Sản xuất 2013 Odo 65.000 km Xe cực cọp so với đời Phiên bản 2.0 AT Số tự động 6 cấp mượt mà Trang bị nổi bật Mâm 19 inch thể thao. Ghế lái chỉnh điện, tích hợp sấy ghế. Cửa sổ trời thoáng đãng. Smart Cruise Control. Đặc biệt Lốp dự phòng chưa hạ. Tình trạng Nội ngoại thất nguyên bản, máy móc êm ru, bảo dưỡng đầy đủ. Giá chào thương lượng cho anh em nhanh gọn Xem xe QL13, đối diện BV Hạnh Phúc. Liên hệ Tuấn"
p4_s16_1774726986,CX-5,Luxury,2020,645.0,70000.0,Tự động,Xăng,SUV,Khác,Khác,False,5,2.0,FWD,6,car_p4_s16_1774726986,"Cx5 2020 luxury xe di 70k 4 vỏ theo xe Bão dưỡnh full , không lỗi lầm"
p73_s18_1776277787,Mazda 3,2.0 AT,2009,180.0,156000.0,Tự động,Xăng,Sedan,Đài Loan,Khác,True,5,2.0,FWD,6,car_p73_s18_1776277787,"Bán Mazda 3 sedan 2009 chính chủ, ít sử dụng, còn hạn đăng kiểm."
p44_s18_1774767719,CX-5,Premium Sport 2.0 AT,2025,850.0,10000.0,Tự động,Xăng,SUV / Cross over,Khác,Đỏ,False,5,2.0,FWD,6,car_p44_s18_1774767719,"Mazda CX-5 Premium màu đỏ, xe 5 chỗ, động cơ xăng, hộp số tự động. - Thiết kế hiện đại, nội thất tiện nghi. - Vận hành êm ái, tiết kiệm nhiên liệu. - Xe sẵn sàng lăn bánh."
p75_s17_1776278150,CX-8,2.5,2021,770.0,70000.0,Tự động,Xăng,SUV,Khác,Đỏ,False,7,2.5,FWD,6,car_p75_s17_1776278150,"Bán xe MAZDA CX8 AWD. Đời 2021.phiên bản cao cấp nhất.động cơ 2.5L.dẫn động 4 bánh. Nút khởi động. Hiển thị lên kính lái. Loa boose,cốp điện.ghế chỉnh điện có memory,camera 360.xe đã chạy 70.000 km.còn rất mới"
p5_s7_1776268214,Mazda 3,AT,2015,325.0,92000.0,Tự động,Xăng,Sedan,Nhật Bản,Đen,False,5,2.0,FWD,6,car_p5_s7_1776268214,"Cần bán gấp Madaz 3, đời 2015, số tự động, cửa sổ trời, màu Đen VIP. Xe đẹp, máy mạnh và êm, zin toàn bộ, bán 325 triệu, ký giấy công chứng mua bán ngay. Thương lượng bớt cho ace nhiệt tình đến xem mua xe, mong tiếp người thiện chí. Xem xe Cầu Thị Nghè, phường Gia Định - Tphcm Liên hệ gặp e Khoa"
p4_s17_1776268161,CX-5,2.0 Deluxe,2019,595.0,37934.0,Tự động,Xăng,SUV,Khác,Trắng,False,5,2.0,FWD,6,car_p4_s17_1776268161,"MAZDA Cx5 - Deluxe - 2019 Động cơ SKYACTIV-G 2.0L Bộ mâm 19 inch Cụm đèn trước sau Dạng LED Gương chỉnh điện và gập điện Toàn bộ nội thất bọc da sang trọng, tích hợp ghế chỉnh điện Vô lăng được bọc da, tích hợp nút điều khiển chức năng Bảng đồng hồ kỹ thuật 7 inch Màn hình cảm ứng trung tâm 8 inch có thể kết nối AUX, USB và Bluetooth Thông số xe Odo 3v7 Sản xuất 2019 Phiên bản Deluxe Giá cực tốt còn thương lượng cho quý anh chị đến xem xe trực tiếp tại Mẫn Đạt auto Xem xe tại TP.HCM Hỗ trợ thủ tục sang tên nhanh gọn, minh bạch. Có Hỗ trợ vay ngân hàng đến 70 giá trị xe, duyệt hồ sơ nhanh gọn"
p36_s16_1776273311,Mazda 3,1.5 Luxury,2020,490.0,130000.0,Tự động,Xăng,Sedan,Khác,Cam,False,5,1.5,FWD,6,car_p36_s16_1776273311,"MAZDA 3 2020 LUXURY Đời xe Sản xuất 2020 Tình trạng Xe chạy giữ gìn, bảo dưỡng đều, máy móc êm. Cam kết Bao check test toàn quốc theo yêu cầu. Xe sẵn sử dụng, không cần tốn thêm chi phí bảo dưỡng. Giá chào bán 490Triệu Có thương lượng sâu cho anh em thiện chí."
p12_s6_1776269259,Mazda 3,1.5 AT,2016,347.0,12500.0,Tự động,Xăng,Sedan,Khác,Vàng,False,5,1.5,FWD,6,car_p12_s6_1776269259,"MAZDA 3 1.5 AT 2016 - Odo 12v5 km Biển Đà Nẵng Năm sản xuất 2016 Giá bán 347 Triệu lăn bánh Ngoại thất Màu vàng cát Nội thất Ghế da nguyên rin Option theo xe Salon viết giấy cam kết Máy móc nguyên bản Không thuỷ kích Không tai nạn Không lỗi phạt nguội Test ra lỗi Salon hoàn tiền 100 𝐇𝐀𝐈 𝐕𝐀𝐍 𝐀𝐔𝐓𝐎 Hotline/ Zalo - Địa chỉ Showroom 1 821 Nguyễn Hữu Thọ,Khuê Trung, Cẩm Lệ , TP Đà Nẵng Showroom 2 52, 54, 56 Phạm Tứ, Khuê Trung, Cẩm Lệ , TP Đà Nẵng"
p1_s3_1774726175,CX-5,Luxury 2.0 AT,2022,685.0,16000.0,Tự động,Xăng,SUV / Cross over,Việt Nam,Khác,False,5,2.0,FWD,6,car_p1_s3_1774726175,Mình cần bán Mazda CX5 Model 2022 Sản xuất 2021 Luxury 16.000KM Siêu mới đi cực ngon Fom dáng Sang trọng đẳng cấp anh chị có nhu cầu xin liên hệ
p50_s2_1774768997,Mazda 3,1.5 AT Hatchback,2016,348.0,68000.0,Tự động,Xăng,Hatchback,Việt Nam,Xám,True,5,1.5,FWD,2,car_p50_s2_1774768997,"Mazda 3 Hatchback đời 2016 màu xám, xe một chủ, bảo dưỡng đầy đủ. - Odo 68.000 Km, sơn zin, 4 vỏ mới. - Gầm máy, nội thất còn mới. - Xe 5 chỗ, tiện nghi, vận hành êm ái."
p6_s8_1776268386,CX-5,2.0 Premium,2021,668.0,52000.0,Tự động,Xăng,SUV / Cross over,Việt Nam,Đỏ,True,5,2.0,FWD,6,car_p6_s8_1776268386,"CX-5 2.0 Premium 2021 Màu Đỏ Soul Red Crystal Một Chủ Mua Mới Km 52.000, bệ bước,Hud kính, 10 loa Bose, Cruise control, Apple Carplay,4 vỏ mới tinh, sơ cua chưa lăn, cốp điện, cửa sổ trời...Vvv Hỗ trợ Bank 70 giá trị xe - 𝗖𝗮𝗺 𝗸𝗲𝘁 𝗞𝗵𝗼𝗻𝗴 đ𝗮𝗺 đ𝘂𝗻𝗴, 𝗡𝗴𝗮𝗽 𝗻𝘂𝗼𝗰 - Đ𝗼𝗻𝗴 𝗰𝗼,𝗵𝗼𝗽 𝘀𝗼 𝗻𝗴𝘂𝘆𝗲𝗻 𝗯𝗮𝗻 - 𝗕𝗮𝗼 𝗵𝗮𝗻𝗵 𝟲 𝘁𝗵𝗮𝗻𝗴 𝗰𝗵𝗼 𝘅𝗲 𝗯𝗮𝗻 𝗿𝗮 - 𝗕𝗮𝗼 𝘁𝗲𝘀𝘁 𝗵𝗮𝗻𝗴, 𝗚𝗶𝗮𝗼 𝘅𝗲 𝘁𝗼𝗮𝗻 𝗤𝘂𝗼𝗰 Showroom 655 ĐT 747, Bình Mỹ, Bắc Tân Uyên, Bình Dương https//maps.app.goo.gl/GJwKCou6quXdr7JSAg_stiz Hotline ÔTôQuânBồBìnhDương"
p22_s4_1776271157,CX-5,2.0 AT,2018,550.0,96000.0,Tự động,Xăng,SUV,Khác,Khác,False,5,2.0,FWD,6,car_p22_s4_1776271157,"E bán Mazda cx5 2.0 AT sx 2018 chạy chuẩn 9v6 . Xe dc bảo dưỡng định kỳ , thay dầu bảo dưỡng theo đúng qui trình vận hành của xe"
p20_s5_1774760466,Mazda 3,1.5 Sport,2017,395.0,60000.0,Tự động,Xăng,Sedan,Khác,Khác,False,5,1.5,FWD,6,car_p20_s5_1774760466,"Bán Mazda 3 1.5L sport AT Số tự động Hackback Xe 5 chỗ Sx 2017 Xe trang bị cửa sổ trời, phanh tay điện tử, đề Starstop, ghế da Xe zin đẹp toàn bộ Máy móc, hộp số, cầu láp nguyên zin 100 Anh chị mua xài an tâm"
p4_s1_1776268059,Mazda 6,2.0L Premium,2018,468.0,81000.0,Tự động,Xăng,Sedan,Việt Nam,Cam,False,5,2.0,FWD,6,car_p4_s1_1776268059,"THẾ GIỚI Ô TÔ về MAZDA 6 2.0 PREMIUM SX 2018 ODO 8 VẠN Xe được trang bị những tính năng sau Động cơ SkyActiv-G 2.0L 154 mã lực/200 Nm, hộp số tự động 6 cấp và công nghệ i-Stop. Hệ thống i-ActivsenseGhế da cao cấp, nhớ ghế, màn hình HUD, màn hình trung tâm, camera lùi, phanh tay điện tử EPB, cửa sổ trời.loa BOSE Hỗ trợ BANK - Kiểm tra xe bên đơn vị thứ 3 Cảm ơn Anh/chị đã đọc tin, vui lòng liên hệ để có thông tin chi tiết SHOWROOM THẾ GIỚI Ô TÔ 342- 344 PHẠM VĂN ĐỒNG F HẠNH THÔNG THÀNH PHỐ HỒ CHÍ MINH"
p48_s3_1774768517,Mazda 3,1.5L Luxury,2025,615.0,6400.0,Tự động,Xăng,Sedan,Việt Nam,Cam,False,5,1.5,FWD,6,car_p48_s3_1774768517,"_ Ông hoàng trong phân khúc có doanh số bán phân khúc C 𝐌𝐚𝐳𝐝𝐚 𝟑 𝟐𝟎𝟐𝟓 𝐋𝐮𝐱𝐮𝐫𝐲 siêu lướt . Xe mới đăng ký 2 tháng . Lăn bánh chuẩn 6.400km . Nội - ngoại thất - lốp còn nguyên rin 100 theo xe . Tiết kiệm gần 100tr so vs xe mới . TT 170tr nhận xe . Thời hạn vay 8 năm . Lãi suất 7,65năm . Gốc 4tr6 . Lãi 2tr8 . Tháng góp 7tr400k . Option Thiết kế ngôn ngữ kodo sang trọng , lịch lãm , động cơ Skyactive thế hệ mới đi kèm hộp số 6 cấp bền bỉ - tiết kiệm nhiên liệu phân khúc , hệ thống chiếu sáng tự động bật tắt , chìa khoá thông minh , khởi động xe bằng nút bấm Start Stop , nội thất bọc da , phanh tay điện tử , dừng xe tự động Auto Hold , xe có 2 chế độ lái , màn hình trung tâm 10 inch kết nối Apple Carplay - Androi Auto , điều hoà 2 vùng độc lập , hệ thống an toàn 6 túi khí , camera lùi , cảm biến va chạm sau , phanh điện tử ABS ,... 𝐊𝐡𝐨𝐚 𝐂𝐡𝐮𝐨𝐧𝐠 𝐀𝐮𝐭𝐨 Đẳng cấp xe lướt Bên em chuyên trao đổi ô tô đã qua sử dụng , xe ô tô đời mới lướt Bảo hành khi mua xe tại showroom lên đến 2 năm Hổ trợ vay ngân hàng lãi suất thấp - thủ tục nhanh gọn .𝐃𝐮𝐲𝐞𝐭 𝐡𝐨 𝐬𝐨 𝐯𝐚𝐲 𝐭𝐫𝐨𝐧𝐠 𝐯𝐨𝐧𝐠 𝟓 𝐏𝐡𝐮𝐭 . Không cần chứng minh thu nhập. Nói không với xe đâm đụng - ngập nước tại showroom KC Auto. Hoàn trả 100 tiền nếu phát hiện lỗi ở toàn quốc . Hổ trợ vay ngân hàng đối với khách hàng bị nợ xấu lãi suất tốt . Địa chỉ 38-40 Nguyễn Phước Lan - TP Đà Nẵng"
p33_s0_1774765283,Mazda 3,Unknown,2019,420.0,100000.0,Tự động,Xăng,Sedan,Khác,Đen,False,5,2.0,FWD,6,car_p33_s0_1774765283,Mazda 3 - 2019 Đi 100.000km check thoải mái không đâm đụng thuỷ kích. Liên hệ trực tiếp giá mong muốn 420trcó thương lượng
p36_s3_1774765904,Mazda 2,1.5 AT,2023,395.0,2000.0,Tự động,Xăng,Hatchback,Khác,Khác,True,5,1.5,FWD,6,car_p36_s3_1774765904,"Mazda 2 1.5AT 2023 Zin 2 vann km Tư nhân 1 chủ từ mới Full lịch sử bảo dưỡng hãng Trang bị đèn full led tự động cân bằng góc chiếu, khởi động nút bấm Start Stop, gương chỉnh điện, tựa đầu 3 điểm, cân bằng điện tử, khởi hành ngang dốc, tự động khóa cửa khi vận hành, cảnh báo chống trộm,... Phanh tay điện tử 395"
p39_s1_1774766511,Mazda 3,1.5L Luxury,2024,575.0,27000.0,Tự động,Xăng,Sedan,Việt Nam,Đỏ,True,5,1.5,FWD,6,car_p39_s1_1774766511,"Mazda 3 1.5 bản Luxury lăn bánh được 27.000 kilomet , sản xuất năm 2024. Xe cá nhân, 1 chủ mua mới từ đầu. Bảo dưỡng đầy đủ, nội thất bên trong còn mới, thơm mùi da. Mazda 3 cho cảm giác lái linh hoạt, động cơ 1.5 rất tiết kiệm xăng. Giá bán mong muốn và còn thương lượng thêm Sản phẩm có bảo hành. - - Anh/Chị quan tâm Nguyên hoặc SMS Địa chỉ 1076 Tạ Quang Bửu, Phường Bình Đông, Quận 8, TP Hồ Chí Minh"
p47_s7_1774768314,Mazda 3,Sport 1.5L Luxury,2019,455.0,65258.0,Tự động,Xăng,Hatchback,Việt Nam,Khác,True,5,1.5,FWD,6,car_p47_s7_1774768314,"Bán nhanh xe Mazda 3 2019 mẫu mới sport full cao cấp 1 chủ cực đẹp zin, xe 1 chủ cực chất nguyên zin như hãng , keo chỉ máy số zin Dòng xe 5 chỗ cao cấp sang trọng cho mọi gia đình, Full chức năng , bảo dưỡng tốt nên gầm máy số đi cực kỳ êm sướng nhẹ bốc như mới Giá dân sử dụng như lái buôn ưu tiên bà con sử dụng Có trao đổi các loại xe khác Hồ sơ cầm tay nhập tên chính chủ ngay nhanh gọn Ai cần alô trực tiếp không nhắn tin Bao tét hãng thợ thầy các kiểu Giấy tờ chính chủ ký giao dịch ngay"
p39_s2_1774766523,CX-5,Premium,2024,865.0,20000.0,Tự động,Xăng,SUV,Khác,Bạc,False,5,2.0,FWD,6,car_p39_s2_1774766523,"Mazda CX-5 Premium Exclusive san xuat 2024, mau trang, lan banh 20.000 km, mot chu tu moi.... - Cam kết không đâm đụng , không ngập nước , hồ sơ pháp lý minh bạch . - Hỗ trợ check test theo yêu cầu. - Hỗ trợ trả góp ngân hàng lên tới 70-75. - Hỗ trợ mua - bán , sang tên biển định danh. - Hỗ trợ giao xe toàn quốc."
p29_s8_1774764343,Mazda 3,Luxury,2022,550.0,30000.0,Tự động,Xăng,Sedan,Khác,Trắng,False,5,2.0,FWD,6,car_p29_s8_1774764343,"Mazda 3 luxury sản xuất 2022 30.000.000km, bao check-test Giá"
p6_s8_1774727316,Mazda 2,1.5 Hatchback,2017,318.0,77123.0,Tự động,Xăng,Hatchback,Nhật Bản,Trắng,False,5,1.5,FWD,2,car_p6_s8_1774727316,Xe nhà mua mới 1 đời chủ ít sử dụng . Đồng Sơn máy nội thất nguyên thủy. ACE muốn đưa lên hãng kiểm tra thì ok . Coi xe ưng ý ngay
p10_s0_1774727994,CX-5,2.0 Premium Sport,2023,810.0,15024.0,Tự động,Xăng,SUV / Cross over,Việt Nam,Đen,False,5,2.0,FWD,6,car_p10_s0_1774727994,"Xe nữ đi , ít lái , chưa ngập , ko đụng chợt gì hết Mới đi 15024km Mazda cx5 2023 bản sport mua cuối năm 2023 đầu năm 2024 Thử tset thoải mái đảm bảo uy tín"
p17_s2_1774759733,Mazda 6,2.3 AT,2005,165.0,130000.0,Tự động,Xăng,Sedan,Việt Nam,Bạc,True,5,2.0,FWD,6,car_p17_s2_1774759733,"Bán mazda 6 đời cuối 2005 số Tự Động.gốc sg chính chủ.full đồ chơi.4 vỏ michelin date 2024,màn hình Android,camera lùi,ghế điện,máy số zin sùn chỉ đủ.đã bảo dưỡng full. bao ký rút cho a chị.ai có nhu cầu alo nhé.xem xe cầu ngang Bình Dương cũ.thaanks"
p71_s11_1776277316,CX-5,2.5 Premium,2019,639.0,32000.0,Tự động,Xăng,SUV,Khác,Trắng,True,5,2.5,FWD,6,car_p71_s11_1776277316,"Mazda CX-5 2.5L Premium 2019 Xe đẹp xuất sắc 1 chủ Odo 32.000 km Biển Cần Thơ Xe zin, nội thất như mới Loa Bose HUD cảnh báo điểm mù, lệch làn Vỏ sơ cua chưa dùng, lốp zin theo xe Mua về chạy Tết khỏi lo nghĩ Giá 6xx triệu Phương Nam Lê Hồng Phong, Vị Tân, Cần Thơ"
p44_s4_1774767560,BT-50,3.2L 4x4 AT,2016,395.0,97000.0,Tự động,Dầu,Pick-up (bán tải),Thái Lan,Xanh,False,5,2.0,FWD,6,car_p44_s4_1774767560,Bán tải BT50 STD 2 Cầu 2016 3.2 4x4 AT bản cao cấp nhất Màu Xanh mẫu mới đẹp keng chạy cực khỏe lên màn hình anroi cam lùi hành trình ghế da võ lốp dày cui có nắp thùng thấp Giá chỉ hơn xe 1 cầu tí 395tr bao rút hồ sơ xem xe Bảo Vinh Long Khánh Đồng Nai
p38_s10_1774766357,CX-5,2.0L Luxury,2020,635.0,79000.0,Tự động,Xăng,SUV / Cross over,Khác,Khác,False,5,2.0,FWD,6,car_p38_s10_1774766357,Cx5 2020 2.0 luxury đẹp căng nét. odo 79 ngàn cây Ace quan tâm thì alo cho em ạ
p3_s5_1774726675,BT-50,Premium,2019,560.0,50000.0,Tự động,Dầu,Pick-up (bán tải),Thái Lan,Trắng,False,5,2.0,FWD,6,car_p3_s5_1774726675,"- Bản Premium 4x4 Phiên bản cao cấp nhất dòng BT-50 2019 - Chịu ngập lội 80 cm, điều khiển gương, ghế lái tự động - Đăng ký lần đầu tháng 8/2023 Xe chạy 5 vạn - Trang bị thêm Màn hình Camera 360 OledPro Độ loa nghe nhạc, Đèn bi Led, - Bảo dưỡng, bảo trì 100 trong Gara Mazda - Cam kết chưa dính ngập nước, không đâm đụng - Nội thất mới, Xe chỉ phục vụ đi lại cho gia đình nên gia đình rất giữ gìn ---------------- Giá 5xx Các bác có thiện mua chí vui lòng inbox mình nhé. Nếu bác nào có nhu cầu mình có đủ giấy nộp thuế trước bạ khi đăng ký lần đầu để yên tâm về thời gian bắt đầu lăn bánh của xe, hóa đơn các lần bảo trì, bảo dưỡng nhé"
p5_s14_1774727180,Mazda 3,1.5L Luxury,2023,589.0,27000.0,Tự động,Xăng,Sedan,Việt Nam,Trắng,True,5,1.5,FWD,6,car_p5_s14_1774727180,"MAZDA 3 1.5 AT LUXURY 2023 Năm sản xuất 2023 - Màu TRẮNG - Biển TỈNH ODO 27.000 Km ODO chuẩn không tua 𝗚𝗶𝗮 𝗖𝗼𝗻𝗴 𝗞𝗵𝗮𝗶 589 Thương lượng cho anh/em thiện chí luôn có giá 𝐔𝐮 Đ𝐚𝐢 ---------------------------------- 𝑯𝒐 𝑻𝒓𝒐 𝑳𝒂𝒊 𝑻𝒉𝒖 𝑻𝒂𝒊 𝑵𝒉𝒂 𝑪𝒂𝒎 𝑵𝒉𝒂𝒏 𝑪𝒉𝒂𝒕 𝑿𝒆 𝐋𝐢𝐞𝐧 𝐡𝐞 𝐌𝐫.𝐍𝐚𝐦𝐙𝐀𝐋𝐎 ---------------------------------- - Xe biển trắng GIA ĐÌNH, 1 chủ từ đầu mua mới - Nội thất xe còn mới - Chất xe đẹp 𝐏𝐡𝐮 𝐊𝐢𝐞𝐧 𝐓𝐡𝐞𝐨 𝐗𝐞 - Phim cách nhiệt - Lót sàn 𝑪𝒂𝒎 𝑲𝒆𝒕 𝑪𝒉𝒂𝒕 𝑿𝒆 𝑩𝒂𝒏𝒈 𝑽𝒂𝒏 𝑩𝒂𝒏 THÔNG TIN XE MINH BẠCH BẢO HÀNH LÊN ĐẾN 6 THÁNG HOẶC 10.000 KM CAM KẾT XE KHÔNG ĐÂM ĐỤNG NGẬP NƯỚC 5 NGÀY LÁI THẬT CAM KẾT HOÀN TIỀN"
p11_s14_1776269161,Mazda 2,Premium,2024,495.0,23000.0,Tự động,Xăng,Hatchback,Khác,Cam,True,5,1.5,FWD,6,car_p11_s14_1776269161,"Mới về hàng lướt Mazda 2 Premium 1.5 AT sx 2024 nhập khẩu - Xe một chủ từ đầu odo 2,3v km zin, chất xe rất đẹp rất mới đã lên màn hình android cam 360 và còn bảo hiểm thân vỏ... - Xe bán có bảo hành, có cam kết chất lượng bằng văn bản, check test thoải mái. Giá 495tr Lh Đc Nghĩa Đô, Hà Nội"
p22_s14_1776271229,Mazda 3,1.5L Luxury,2022,525.0,50000.0,Tự động,Xăng,Hatchback,Khác,Trắng,False,5,1.5,FWD,6,car_p22_s14_1776271229,"Mazda 3 2022 luxury trắng ngọc trinh odo 5 vạn xịn chuẩn odo 4 vỏ mới thay gai gió còn dày cui , màn hìh hỗ trợ giải trí apcarplay androi auto , máy số zin chuẩn chỉnh Giá bán 525tr Hỗ trợ bank trả trước 190tr"
p61_s17_1776276101,Mazda 3,2.0L,2018,450.0,70000.0,Tự động,Xăng,Sedan,Khác,Khác,False,5,2.0,FWD,6,car_p61_s17_1776276101,"Mazda3 2.0AT sx 2018, động cơ xăng, hộp số tự động. - Thiết kế thể thao, nội thất tiện nghi. - Vận hành êm ái, tiết kiệm nhiên liệu. - Xe sẵn sàng lăn bánh."
p73_s16_1776277768,Mazda Other,2.2L 4x4 MT,2017,405.0,99000.0,Số sàn,Dầu,Pick-up (bán tải),Thái Lan,Bạc,False,5,2.2,FWD,6,car_p73_s16_1776277768,"Mazda BT-50, sản xuất năm 2017, nhập khẩu từ Thái Lan, là một lựa chọn đáng cân nhắc cho những ai đang tìm kiếm một chiếc xe bán tải mạnh mẽ và bền bỉ. Xe có màu bạc sang trọng, phù hợp với nhiều đối tượng khách hàng. Đây là phiên bản BT-50 với hộp số sàn, mang lại cảm giác lái chân thực và khả năng kiểm soát tốt trên mọi địa hình. Xe sử dụng nhiên liệu dầu, giúp tiết kiệm chi phí vận hành. Thông tin chi tiết Thương hiệu Mazda Model BT-50 Xuất xứ Thái Lan Số chỗ ngồi 2 Loại xe Bán tải Pick-up Nhiên liệu Dầu Hộp số Số sàn Năm sản xuất 2017 Số km đã đi 99.000 km Màu sắc Bạc Phiên bản 650298 Xe được bảo dưỡng định kỳ và giữ gìn cẩn thận. Ngoại thất xe còn khá mới, nội thất sạch sẽ và tiện nghi. Động cơ hoạt động ổn định, mạnh mẽ, đáp ứng tốt nhu cầu vận chuyển hàng hóa và di chuyển trên đường trường. Mazda BT-50 là một chiếc xe đáng tin cậy, phù hợp cho cả công việc và gia đình."
p73_s12_1776277727,CX-8,Premium,2020,700.0,111000.0,Tự động,Xăng,SUV,Khác,Khác,False,7,2.0,FWD,6,car_p73_s12_1776277727,"Không có nhu cầu sử dụng. Cần bán Mazda CX8 Premium 2020. Xe gia đình, 1 đời chủ, không đâm đung, thủy kích. ODO 111000. Liên hệ Zalo hoặc Call SDT giúp mình"
p15_s13_1776269822,CX-5,Premium 2.0 AT,2022,709.0,34000.0,Tự động,Xăng,SUV / Cross over,Việt Nam,Xám,False,5,2.0,FWD,6,car_p15_s13_1776269822,"MAZDA CX5 PREMIUM 2022 ODO 34.000 KM XE ĐẸP CHUẨN CHỈ Form dáng hiện đại nội thất sang trọng vận hành êm ái, tiết kiệm nhiên liệu Xe gia đình sử dụng kỹ, cam kết zin từng chi tiết Trang bị bản Premium full option ghế da cao cấp, điều chỉnh điện, nhớ hai vị trí, màn hình lớn, camera, cảm biến, cửa sổ trời, hệ thống giải trí loa Bose, cốp điện, phanh điện tử, auto hold, điều hoà tự động ... Mazda CX5 Premium 2022 Odo 34.000 km chuẩn Tình trạng cực đẹp không lỗi nhỏ Giá cực tốt chỉ 709 triệu Xe sẵn tại kho xem xe trực tiếp, hỗ trợ trả góp nhanh Liên hệ ngay Thái Fastcars"
p12_s12_1774728450,Mazda 3,1.5 Luxury,2021,525.0,41000.0,Tự động,Xăng,Sedan,Việt Nam,Trắng,True,5,1.5,FWD,6,car_p12_s12_1774728450,"Bán Mazda 3 2021 bản Luxury, màu trắng. Chính chủ biển Hà Nội. Chạy 4.1 vạn còn rất mới. Ghế da theo xe, cảm biến camera lùi, điều hoà auto. Ghế điện bên lái. Máy móc zin. giá mong muốn 525 triệu"
p65_s5_1776276519,Mazda 3,1.5 AT,2018,419.0,90000.0,Tự động,Xăng,Sedan,Nhật Bản,Khác,True,5,1.5,FWD,6,car_p65_s5_1776276519,Cần đổi xe 7 chỗ vì đông người Xe 1 chủ mua mới từ đầu - vô lăng cacbon - lên màn hình lớn - mâm vỏ mới Chia lại cho anh em có nhu cầu Bao check test thoải mái
p29_s2_1774764272,Mazda Other,2.2L 4x2 AT,2016,340.0,125000.0,Tự động,Dầu,Unknown,Thái Lan,Khác,True,5,2.2,FWD,6,car_p29_s2_1774764272,Xe nhà chính chủ không dùng cần bán tình trạng xe còn mới đẹp chưa va chạm ngập nước
p32_s2_1774765097,Mazda 3,Unknown,2005,115.0,183393.0,Số sàn,Xăng,Sedan,Việt Nam,Bạc,True,4,2.0,FWD,6,car_p32_s2_1774765097,mazda3 2005 xe chính chủ xe đẹp rin từ trong ra ngoài giá bán 115tr
p28_s11_1774764168,CX-5,2.5,2019,550.0,200000.0,Tự động,Xăng,SUV,Khác,Đen,True,5,2.5,FWD,6,car_p28_s11_1774764168,madaz cx5 đời 2019 bản 2.5 full xe đi đc 20 vạn. chính chủ.
p20_s10_1776270881,CX-5,2.0L FWD,2018,569.0,56000.0,Tự động,Xăng,SUV / Cross over,Việt Nam,Đen,True,5,2.0,FWD,6,car_p20_s10_1776270881,"𝐌𝐚𝐳𝐝𝐚 𝐂𝐗𝟓 𝟐.𝟎𝐋 𝐅𝐨𝐫𝐦 𝐦𝐨𝐢 𝟐𝟎𝟏𝟖 Đ𝐨𝐧𝐠 𝐜𝐨 Xăng 2.0L, 110HP 𝐇𝐨𝐩 𝐬𝐨 Số tự động 𝐌𝐚𝐮 𝐱𝐞 Bạc - nội thất đen 𝐒𝐚𝐧 𝐱𝐮𝐚𝐭 Việt Nam 𝐎𝐃𝐎 56.000km 𝐗𝐞 đ𝐮𝐨𝐜 𝐭𝐫𝐚𝐧𝐠 𝐛𝐢 Xe sản xuất cuối 2017, trang bị nhiều hệ thống an toàn cao cấp, ga tự động, phanh tay điện tử, phanh tự động, cửa sổ trời, 6 túi khí, cốp điện...và vô vàng các trang bị an toàn khác,... 𝐓𝐢𝐧𝐡 𝐭𝐫𝐚𝐧𝐠 𝐱𝐞 Xe 1 chủ từ đầu, đi kĩ, động cơ hộp số zin mượt mà, ngoại thất và nội thất còn mới, mới thay 4 lốp mới đi Tết, 5 chỗ rộng rãi, siêu đầm chắc, chạy cực êm, siêu tiết kiệm nhiên liệu. 𝐂𝐚𝐦 𝐤𝐞𝐭 𝐤𝐡𝐨𝐧𝐠 𝐭𝐚𝐢 𝐧𝐚𝐧, 𝐧𝐠𝐚𝐩 𝐧𝐮𝐨𝐜, 𝐭𝐮𝐚 đ𝐨𝐧𝐠 𝐡𝐨 Đ𝐨𝐧𝐠 𝐜𝐨, 𝐡𝐨𝐩 𝐬𝐨 𝐧𝐠𝐮𝐲𝐞𝐧 𝐛𝐚𝐧, 𝐛𝐚𝐨 𝐡𝐚𝐧𝐡 𝟓𝟎𝟎𝟎𝐤𝐦 𝐡𝐨𝐚𝐜 𝟔 𝐭𝐡𝐚𝐧𝐠 𝐁𝐚𝐨 𝐭𝐞𝐬𝐭 𝐡𝐚𝐧𝐠, 𝐠𝐢𝐚𝐨 𝐱𝐞 𝐭𝐨𝐚𝐧 𝐪𝐮𝐨𝐜 𝐇𝐨 𝐭𝐫𝐨 𝐯𝐚𝐲 𝐭𝐫𝐚 𝐠𝐨𝐩 𝐓𝐡𝐮 𝐦𝐮𝐚 đ𝐚 𝐝𝐚𝐧𝐠 𝐭𝐚𝐭 𝐜𝐚 𝐜𝐚𝐜 𝐝𝐨𝐧𝐠 𝐱𝐞 𝐜𝐮 𝐠𝐢𝐚 𝐜𝐚𝐨"
p71_s16_1776277360,CX-30,Premium 2.0 AT,2021,595.0,90000.0,Tự động,Xăng,SUV / Cross over,Thái Lan,Cam,False,5,2.0,FWD,6,car_p71_s16_1776277360,"Mazda Cx30 sản xuất 2021 nhập thái / 2 remote zin hub kính - mâm lốp - heo thắng - cam360 - 2 ghế điện - cốp điện - cảnh báo làn , cảnh báo vượt trên gương - sấy sưởi nhớ 2 vị trí ghế - cần số pha lê - đèn bi led - trần sao rơi - cảng gió thể thao. Toàn đồ xịn còn nhiều đồ chơi khác... máy số keo chỉ nguyên zin / không 1 lỗi nhỏ bao check test bất kì đơn vị thứ3"
p3_s6_1774726687,CX-5,Unknown,2024,780.0,12246.0,Tự động,Xăng,SUV,Khác,Trắng,False,5,2.0,FWD,6,car_p3_s6_1774726687,Thì trường đang chậm nhưng mà mới quá lại phải mua Mazda cx5 2024 pre Xuất hóa đơn 600 triệu 7xx triệu
p50_s10_1774769090,CX-5,Premium,2022,755.0,53000.0,Tự động,Xăng,SUV / Cross over,Khác,Trắng,False,7,2.5,FWD,6,car_p50_s10_1774769090,"MAZDA CX5 bản 2.5L Premium Sản xuất 2022 ODO 53.000km Màu Trắng Động cơ Xăng Biển số Tỉnh Xe trang bị Dán phim cách nhiệt, sàn, cam 360,. Xe cam kết chất lượng không đâm đụng, không ngập nước, odo chuẩn, pháp lý chuẩn. Giá Bán 755tr"
p19_s16_1776270767,Mazda 3,1.5 AT Sedan,2015,330.0,130364.0,Tự động,Xăng,Sedan,Việt Nam,Xám,False,5,1.5,FWD,2,car_p19_s16_1776270767,"Mình cần bán Mazda3 sx cuối 2015 cá nhân công chức HN đi, bảo dưỡng định kỳ, vừa thay 4 quả lốp 2026 mới tinh, xe vừa bảo dưỡng nên mn mua về chỉ việc đi."
p20_s14_1774760566,CX-5,Premium,2024,819.0,4947.0,Tự động,Xăng,SUV,Khác,Bạc,False,5,2.0,FWD,6,car_p20_s14_1774760566,"Mazda CX-5 premium sport đời 2024 màu bạc, xe chạy 4947 km. - Hộp số tự động, 5 chỗ ngồi. - Thiết kế hiện đại, nội thất tiện nghi. - Xe vận hành êm ái, tiết kiệm nhiên liệu. - cam kết xe không lỗi nếu sai xin chịu hoàn toàn chi phí"
p27_s6_1776271910,Mazda 2,Luxury,2021,416.8,37000.0,Tự động,Xăng,Hatchback,Thái Lan,Trắng,False,5,2.0,FWD,6,car_p27_s6_1776271910,"Mazda 2 Luxury 2021 nhập Thái Em có con xe mua cho vợ đi chợ nhưng dạo này hay đi ăn ngoài, thấy thừa quá nên chia lại cho ae Xe mới đi đúng 37k cây, cam kết không tua Đăng kiểm còn hơn 1 năm Bao đâm đụng ngập nước, check bảo hiểm luôn Bảo dưỡng 100 hãng, mọi thứ nguyên bản. Chỉ dùng đón con và đi chợ nên cũng chả đi nhiều. Xem xe trực tiếp tại HCM"
p31_s10_1776272657,CX-5,2.0 Premium,2024,765.0,22000.0,Tự động,Xăng,SUV / Cross over,Việt Nam,Cam,True,5,2.0,FWD,6,car_p31_s10_1776272657,"-Mazda cx5 tháng 11 năm 2024 premium 2.0 AT chạy lướt hơn 2v chính chủ -Cam kết máy móc zin,xe siêu đẹp siêu lướt..xe đẹp như mới tiết kiệm hơn 100 triệu so với xe mới - Xe chạy 22000 Km - Xe có cửa sổ trời"
p24_s19_1776271566,Mazda 6,2.0MT,2003,165.0,280000.0,Số sàn,Xăng,Sedan,Nhật Bản,Đỏ,False,5,2.0,FWD,6,car_p24_s19_1776271566,"Mazda6 đời 2003 số sàn, xe đẹp, sử dụng tốt. - Máy vận hành ổn định, khung gầm chắc chắn. Đi cao tốc 100 mượt mà, không rung lắc. Chạy đường dài ổn định. - Nội thất da đẹp, sạch sẽ. - Sơn xe còn đẹp. - Trang bị màn hình Android, camera lùi, camera hành trình. - Giá 165 triệu, có thương lượng."
p74_s2_1776277829,Mazda 3,1.5L Luxury,2022,565.0,64986.0,Tự động,Xăng,Hatchback,Khác,Trắng,False,5,1.5,FWD,6,car_p74_s2_1776277829,"Nam Dương Auto vừa về Mazda3 Luxury 2022 Xe nguyên bản, nội ngoại thất đẹp, đầy đủ phụ kiện theo. Xe cam kết tuyệt đối không đâm đụng va chạm ảnh hưởng đến keo chỉ, kết cấu, khung gầm. Không thuỷ kích, ngập nước, động cơ hộp số nguyên zin, bảo dưỡng định kỳ. Khi mua sắm tại Công Ty CP Ô tô Nam Dương, Quý Khách sẽ được những quyền lợi đặc biệt sau - Thông báo trung thực, chi tiết tình trạng, chất lượng của xe. Quý khách được ký hợp đồng với công ty để việc cam kết đúng quy định và được pháp luật bảo vệ quyền lợi. - Không cần đặt cọc, quý khách được mang xe đi check/ test bất kỳ đâu nếu ưng mới thanh toán, ký hợp đồng. - Ký hợp đồng bảo hành xe tuỳ từng xe từ 06-36 tháng. - Tặng gói bảo dưỡng xe nên quý khách sẽ không tốn thêm chi phí nào khác khi mua sắm tại Nam Dương Auto. - Kiểm tra định kỳ miễn phí và thay dầu miễn phí 1 năm. - Hỗ trợ trả góp với lãi suất thấp, nhanh gọn - Check xe và định giá miễn miễn phí cho khách hàng có nhu cầu bán hoặc đổi xe - Nhận xử lý phạt nguội, sang tên, thay thế phụ tùng Và rất nhiều chính sách hậu mãi cực kỳ tuyệt vời khác. Quý Khách vui lòng gọi điện tới Hotline hoặc qua showroom để nghe tư vấn miễn phí."
p3_s17_1774726804,CX-5,2.5 Premium,2018,580.0,87000.0,Tự động,Xăng,SUV,Khác,Đỏ,True,5,2.5,FWD,6,car_p3_s17_1774726804,"Cx5 2018, bản 2.5 Premium Một chủ từ đầu, đi được 87.000km Xe đẹp, cam kết không đâm đụng, ko ngập nước"
p70_s16_1776277162,Mazda 3,1.5L Deluxe,2023,530.0,40000.0,Tự động,Xăng,Sedan,Khác,Bạc,True,5,1.5,FWD,6,car_p70_s16_1776277162,"𝑴𝒂𝒛𝒅𝒂 𝟑 𝟐𝟎𝟐𝟑 𝑩𝒂𝒏 𝑫𝒆𝒍𝒖𝒙𝒆 Xe 1 chủ , chất xe đẹp lướt . Odo 4vạn km Xe đã trang bị đề nổ strartop, phanh tay điện tử, auto hold, ghế da , màn hình lớn 8inch , chế độ lái Sport, cam lùi, .. 𝑪𝒂𝒎 𝒌𝒆𝒕 𝒗𝒂𝒏 𝒃𝒂𝒏 . 𝑲𝒉𝒐𝒏𝒈 𝒕𝒂𝒙𝒊 , 𝒅𝒊𝒄𝒉 𝒗𝒖 𝑩𝒂𝒐 𝒄𝒉𝒆𝒄𝒌 𝒕𝒆𝒔𝒕 𝒉𝒂𝒏𝒈 𝑴𝒂𝒚 𝒔𝒐 𝑹𝒊𝒏 . 𝑲𝒉𝒐𝒏𝒈 𝒅𝒂𝒊 𝒕𝒖 𝒅𝒐𝒏𝒈 𝒄𝒐, 𝒉𝒐𝒑 𝒔𝒐 . 𝑲𝒉𝒐𝒏𝒈 𝒅𝒂𝒎 𝒅𝒖𝒏𝒈, 𝒕𝒂𝒊 𝒏𝒂𝒏 . 𝑲𝒉𝒐𝒏𝒈 𝒏𝒈𝒂𝒑 𝒏𝒖𝒐𝒄 . Hỗ trợ bank 60-70 Giá chỉ 𝟓30𝑻𝑹 bao rút hồ sơ Giấy tờ pháp lý hợp lệ, minh bạch . Xem xe tại 𝑨𝒖𝒕𝒐 𝑻𝒊𝒆𝒏 𝑷𝒉𝒂𝒕 -𝟏𝟗𝟗𝑬 𝑷𝒉𝒂𝒎 𝑽𝒂𝒏 𝑫𝒐𝒏𝒈, 𝑷𝒍𝒆𝒊𝒌𝒖, 𝑮𝒊𝒂 𝑳𝒂𝒊"
p6_s17_1776268441,Mazda 3,2.0L Signature Luxury,2020,535.0,18000.0,Tự động,Xăng,Sedan,Việt Nam,Khác,False,5,2.0,FWD,6,car_p6_s17_1776268441,"MAZDA 3 2.0 SIGNATURE LUXURY 2020 SIÊU LƯỚT BẢN GIỚI HẠN - ĐỘNG CƠ 2.0 SKYACTIVE // ODO chỉ 𝟏𝟖.𝟎𝟎𝟎𝐊𝐌 cực ít đi. Chất xe cực kỳ mới, lịch sử bảo dưỡng hãng đầy đủ. Sơn zin xe trên 95. Còn nylon chưa bốc seal luôn ạ. Xe thuộc BẢN CAO CẤP nên sẽ được trang bị - Động cơ 𝟐.𝟎𝐀𝐓 𝐒𝐤𝐲𝐚𝐜𝐭𝐢𝐯𝐞 trứ danh của Mazda cho công suất đầu ra cực kỳ mạnh mẽ. Nhưng vẫn RẤT TIẾT KIỆM nhiên liệu. - Trang bị mâm 18inch cực kỳ đẹp thể thao. Mazda 3 máy 𝐒𝐤𝐲𝐚𝐜𝐭𝐢𝐯𝐞 𝟐.𝟎𝐀𝐓 thuộc hàng hiếm trên thị trường vì em nó đã không còn sản xuất từ tháng 9/2022 rồi ạ. Trên thị trường chỉ còn bản động cơ 1.5At mâm 16inch thôi. G ÍA B Á N CÔNG KHAI 𝟓𝟑𝟓 𝐭𝐫 Em luôn CÓ G Í A ĐẸP cho anh chị em nhanh gọn. Anh em nào thích HÀNG HIẾM - CỰC SIÊU MỚI thì về đội em PC Trương nhé. ------------------------- TIÊU CHÍ CHẤT LƯỢNG XE - Xe không đâm đụng, không tai nạn, không lỗi. - Xe không bị thuỷ kích - Động cơ , hộp số zin nguyên bản không tháo rã. - Odo chuẩn km, không tua km. - Hỗ trợ mang xe vào hãng để check ở toàn quốc. ------------------------- LIÊN HỆ em Châu - chủ xe ĐỊA CHỈ XEM XE 200 Đường 3 Tháng 2 - P12- Q10 TP.HCM Hà Đô centrosa Q10. mazda3 xeluot xedaquasudung"
p41_s0_1774766893,Mazda 6,2.5 AT,2015,370.0,180000.0,Tự động,Xăng,Sedan,Việt Nam,Trắng,False,5,2.5,FWD,2,car_p41_s0_1774766893,"Mazda 6 2.5L- màu trắng sx2015 . Mới về Odo 18v km, xe chuẩn như quảng cáo Không đâm đụng Tình trạng Xe đẹp, máy móc vận hành êm, nội ngoại thất sáng bóng"
p28_s6_1776272094,Mazda 3,1.5L Luxury,2022,530.0,63000.0,Tự động,Xăng,Hatchback,Việt Nam,Trắng,False,5,1.5,FWD,6,car_p28_s6_1776272094,Phân khúc C quốc dân đẹp như mới MAZDA 3 1.5AT LUXURY 2022 Xe màu TRẮNG Nội Thất ĐEN ODO 6.3V KM Giá bán 5xx Liên hệ ngay để nhận thêm thông tin và thật nhiều ưu đãi Lh - Mr.Tuấn_Xe lướt Auto.
p31_s4_1774764891,BT-50,2.2L 4x2 AT,2014,285.0,213000.0,Tự động,Dầu,Pick-up (bán tải),Khác,Khác,True,5,2.2,FWD,6,car_p31_s4_1774764891,Đổi nhu cầu ra đi em BT50 2.2 AT đk 2014 nhập Thái Máy số bao zin ko lỗi Em chính chủ bán giá tốt cho người sử dụng
p8_s15_1776268709,Mazda 3,1.6 AT,2004,155.0,100000.0,Tự động,Xăng,Sedan,Nhật Bản,Bạc,True,5,1.6,FWD,6,car_p8_s15_1776268709,"Mazda 3 đời 2004 màu bạc, một chủ từ đầu, xe giữ gìn cẩn thận. - Xe không đâm đụng, không ngập nước, máy số êm ru. - Điều hòa mát lạnh, nội thất sạch sẽ. - Trang bị đầy đủ phụ kiện ghế da, lót sàn, camera lùi, camera hành trình, màn hình DVD, 4 lốp mới, mâm đúc. - Xe sẵn sàng lăn bánh. Xem xe 84 Phạm Hùng, Hoà Xuân, Đà Nẵng"
p9_s5_1774727879,CX-5,2.0 Luxury,2021,685.0,70000.0,Tự động,Xăng,SUV / Cross over,Khác,Trắng,False,5,2.0,FWD,6,car_p9_s5_1774727879,Mazda Cx5 Luxury 2.0 AT 2021 Lăng Bánh 2022 Xe Lăng bánh Chuẩn 7v Lốp Mới Thay Cả Dàn / Sơ Cua Chưa Hạ Ngoại Thất Màu Trắng Sơn Rin 95 Mới Keng Nội Thất Dùng Rất kĩ Còn Mới / Siu Mới Còn Chưa Bóc Máy Số Nguyên Rin Xe Rất Đẹp Và Chắc Chắn K Lỗi Bao Ckek Mọi Nơi Hỗ Trợ Bank Thoai mái Hoặc Đổi Xe Ace Qtam Lh Em Tín Showroom ÔTô-Xe Máy-Xe Điện Tín Sỹ
p7_s5_1774727501,Mazda 3,1.5L Luxury,2025,628.0,12000.0,Tự động,Xăng,Sedan,Việt Nam,Xanh,False,5,2.0,FWD,6,car_p7_s5_1774727501,"Mazda 3 1.5AT Luxury 2025 màu xanh cavansite. Xe chạy lướt 12.000km siêu đẹp như mới, ko tỳ vết, nilon nhiều vị trí còn chưa bóc hết. Xe nhật thiết kế đẹp, bền bỉ, cực tiết kiệm xăng, còn nguyên vẹn mọi thứ và bảo hành chính hãng"
p71_s2_1776277261,Mazda Other,3.2L 4x4 AT,2017,400.0,89000.0,Tự động,Dầu,Pick-up (bán tải),Nhật Bản,Khác,False,5,2.0,FWD,6,car_p71_s2_1776277261,"Cần tìm mua xe Mada Bt50, mua nhanh uy tín nhanh gọn, bảo mật, inbox"
p35_s5_1774765724,Mazda 3,Luxury,2023,550.0,40000.0,Tự động,Xăng,Sedan,Việt Nam,Trắng,False,5,2.0,FWD,6,car_p35_s5_1774765724,Mazda 3 Luxury 2023 Odo 40.000km Xem xe Tiền Giang Giá 550 còn bớt Lh
p61_s12_1776276068,CX-8,Premium AWD,2023,929.0,14140.0,Tự động,Xăng,SUV / Cross over,Việt Nam,Cam,True,7,2.0,FWD,6,car_p61_s12_1776276068,"Mazda CX-8 Premium AWD 6 chỗ 2023 xe lướt cực đẹp, full option cao cấp Mazda CX-8 Premium AWD 6S sản xuất 2023 Odo chuẩn 14.140 km Một chủ từ đầu Xe đẹp, không cấn đụng không ngập nước máy số zin Chủ xe có bảo hiểm 2 chiều nên đã thay cảng trước tại hãng, có đầy đủ lịch sử bảo dưỡng Phiên bản cao cấp CX-8 2023, cấu hình 6 ghế thương gia, dẫn động AWD, nội thất sang trọng tiện nghi đầy đủ. Vận hành mạnh mẽ ổn định Động cơ SkyActiv-G 2.5L 188Hp 252Nm Hộp số tự động 6 cấp Dẫn động 4 bánh toàn thời gian AWD GVC Plus Off-road Traction Assist Nội thất tiện nghi cao cấp Cấu hình 6 ghế Captain Chair thương gia, bệ tỳ tay riêng Nội thất da Nappa cao cấp Sưởi ghế trước hàng ghế 2, sưởi vô lăng HUD kính lái, màn hình giải trí 8 inch Apple CarPlay/Android Auto Âm thanh Bose 10 loa cao cấp Sạc không dây, điều hòa tự động 3 vùng Gương tràn viền, phanh tay điện tử, Auto Hold An toàn i-Activsense Camera 360, 6 túi khí Radar Cruise Control MRCC Cảnh báo lệch làn, cảnh báo va chạm trước Hỗ trợ phanh thông minh trước/sau Nhắc nhở tập trung lái xe Ngoại thất Mâm 19 inch Đèn LED tự động Cốp điện chống kẹt Ống xả kép thể thao Tân Thành Auto cam kết Xe chuẩn kiểm tra kỹ trước khi giao Hỗ trợ sang tên nhanh gọn Thu mua trao đổi xe cũ giá tốt Liên hệ Tân Thành Auto - Cần Thơ để xem xe và làm việc trực tiếp hoặc đặt cọc 2tr để được giao xe tận nhà."
p19_s1_1776270677,Mazda 2,1.5 AT,2024,369.0,51000.0,Tự động,Xăng,Hatchback,Khác,Khác,False,5,1.5,FWD,6,car_p19_s1_1776270677,BÁN XE MAZDA2 1.5AT SX2024 nhập khẩu thái lan Odo51 ngàn km xe không thủy kích xe không ngập nước keo chỉ số máy nguyên zin nguyên bản gầm bệ máy êm nội ngoại thất rất mới xe đã Qua kiểm tra chất lượng giá hợp lý 369 tr xe đang bán tại ôtô thiên Hải bình dương
p27_s12_1776271966,CX-5,Premium,2021,689.0,60000.0,Tự động,Xăng,SUV / Cross over,Khác,Cam,False,5,2.0,FWD,6,car_p27_s12_1776271966,"Cập bến CX5 premium 2021 - Mazda CX5 premium 2021 Odo 60.000km Trang bị nhiều option Ghế chỉnh điện, nhớ ghế, cửa sổ trời, phanh tay điện tử, hub kính, cốp điện, - Cam kết Xe không đâm đụng, không ngập nước, máy số, khung gầm, động cơ nguyên bản. Check test thoải mái. Hotline để em hỗ trợ và tư vấn chi tiết hơn cho anh chị nhé"
p26_s17_1776271817,CX-5,Premium 2.0 AT,2022,690.0,46000.0,Tự động,Xăng,SUV / Cross over,Khác,Trắng,False,5,2.0,FWD,6,car_p26_s17_1776271817,"Đắn đo mấy hôm rồi vẫn phải đăng bán em Mazda CX-5 2022 Premium chiếc xe gắn bó 4 năm Xe mình đi giữ kỹ, chủ yếu phục vụ gia đình nên mọi thứ còn rất đẹp và sạch sẽ, ODO 46.000km chạy êm, máy móc zin, ko bị thuỷ kích. Thật lòng là không muốn bán chút nào, vì đi rất thích, đầm và an toàn. Nhưng do cần đổi xe nên đành tìm chủ mới cho em nó -Xe 1 đời chủ. Bản Premium full option camera 360,vietmap, cửa sổ trời, cốp điện, nội thất da xịn. Bảo dưỡng định kỳ đầy đủ, chỉ việc mua về đi Giá 690tr có thương lượng nhẹ cho người thiện chí Ai đang tìm một chiếc CX5 đẹp, đi giữ gìn thì đây là lựa chọn rất đáng cân nhắc. Mong gặp người thật sự cần."
p23_s18_1776271390,Mazda 3,Unknown,2017,345.0,38479.0,Tự động,Xăng,Sedan,Khác,Đen,False,5,2.0,FWD,6,car_p23_s18_1776271390,ko có nhu cầu sử dụng nên bán lại e mazda 3 sx2017 bản thắng tay điện tử.xe còn rất mới.ko đâm đụng thủy kích. xem xe tân phú tphcm
p30_s17_1774764806,CX-3,Deluxe 1.5 AT,2025,548.0,6000.0,Tự động,Xăng,SUV / Cross over,Khác,Trắng,False,5,1.5,FWD,6,car_p30_s17_1774764806,"Mazda CX-3 1.5 Deluxe đời 2025 màu trắng, xe mới mua, chạy 6.000 km. - Xe còn mới, nguyên bản. - Thiết kế trẻ trung, vận hành linh hoạt. - Giá 548 triệu."
p5_s2_1776268187,BT-50,2.2 AT 2WD,2014,320.0,131000.0,Tự động,Dầu,Bán tải,Khác,Đỏ,False,5,2.2,FWD,2,car_p5_s2_1776268187,"Mazda BT50 đời 2014, xe bán tải cabin kép, màu đỏ đô. - ODO 131.000km, động cơ dầu diesel, hộp số tự động. - Xe gia đình dùng, bảo dưỡng định kỳ đầy đủ tại hãng Mazda PMH. - Máy số zin, không đâm đụng, không ngập nước. - Nội thất sạch đẹp, trang bị màn hình Android, bi-led, thùng che mưa. - Giá 320 triệu."
p28_s16_1774764219,CX-5,2.0 AT 2WD,2015,425.0,98000.0,Tự động,Xăng,SUV / Cross over,Việt Nam,Đen,False,5,2.0,FWD,2,car_p28_s16_1774764219,"𝗠𝗔𝗭𝗗𝗔 𝗖𝗫-𝟱 𝟮.𝟬𝗔𝗧 𝗦𝗫 𝟮𝟬𝟭𝟱 𝘾𝙖𝙢 𝙠ế𝙩 𝙜𝙞𝙖 𝙩ố𝙩 - 𝙝ỗ 𝙩𝙧ợ 𝙩𝙧ả 𝙜𝙤𝙥. Chỉ hơn 4 đồng, xem xe còn ra lộc. Tʜᴏɴɢ ᴛɪɴ ᴄʜɪ ᴛɪᴇᴛ Xuất xứ Việt Nam Dòng xe CUV 5 chỗ ngồi Thông số vận hành Số tự động, máy xăng. Màu Xám ghi / Nội thất Da đen Odo 98.000km Mô tả thêm Xe đi ít tính ra mỗi năm chưa tới 10.000km, sơm zin còn nhiều, nội thất zin còn rất mới so vố tuổi xe, 4 vỏ michealin mới thay, sơ cua chưa hạ, hỗ trợ rút hồ sơ gốc. 𝐓r𝐚n𝐠 𝐛ị f𝐮l𝐥 𝐨p𝐭i𝐨n Đèn bi chiếu sáng tự động, đèn led định vị, đèn hậu led tích hợp halogen, cảm biến lùi đỗ xe. Chìa khóa thông minh, tay năm mở cửa thông minh, đề nổ start/stop. Nội thất da cao cấp theo xe, ghế tài chỉnh điện, cửa sổ trời, vô lăng tích hợp nút điều khiển, ga tự động. Màn hình zin theo xe, kết nối bluetooth, camera lùi đỗ xe, hệ thống giải trí loa Bose cực hay... 6 túi khí, cảnh báo áp suất lốp, cân bằng điện tử, phanh abs,... Lh em Hưng Siêu thị ô tô Hà Nội, 389 Quốc Lộ 13 Hiệp Bình Phước, Thủ Đức, TP.HCM -------------------------- Cam kết không đâm đụng, tai nạn, ngập nước. Bao test hãng, test thợ hoặc gara chỉ định, bảo hành 3-6 tháng hoặc 5.000- 10.000km động cơ và hộp số. Pháp lý sang tên rõ ràng, bao rút hồ sơ gốc. mazdacx5 mazda cx5 mazdacx52015 Sieuthiotohanoi389 Sieuthiotothuduc Sieuthiotohanoi banxecugiare banxeototragop muabanxeotosaigon"
p18_s8_1776270319,Mazda 3,1.5 AT Sedan,2017,369.0,80000.0,Tự động,Xăng,Sedan,Khác,Trắng,False,5,1.5,FWD,2,car_p18_s8_1776270319,"Mazda 3 sx 2017 thắng điện tử , rin toàn tập udo 8v giá 370t 2 khoá theo xe , máy số rin toàn tập dàn lốp mới tinh , xe rất mới dc 55 phước lý 9 tp dn liên he A bo"
p10_s15_1776269002,Mazda 3,Premium,2020,515.0,24000.0,Tự động,Xăng,Hatchback,Khác,Đỏ,True,5,2.0,FWD,6,car_p10_s15_1776269002,"E lên sóng sedan hạng C 𝐌𝐚𝐳𝐝𝐚 𝟑 𝐏𝐫𝐞𝐦𝐢𝐮𝐦 𝐛𝐚𝐧 𝐜𝐚𝐨 𝐜𝐚𝐩 𝐧𝐡𝐚𝐭 𝐬𝐱𝟐𝟎𝟐𝟎. 𝐎𝐝𝐨 𝟐𝟒.𝟎𝟎𝟎𝐤𝐦. 1 chủ từ đầu. Bản full được trang bị thêm gói công nghệ an toàn Activsense có ra da phanh khoảng cách, giữ làn, bám đuôi, cảnh báo điểm mùA/c quan tâm alo e nhé - 𝐂𝐚𝐦 𝐊𝐞𝐭 Xe đẹp, Không Cấn Đụng Ngập Nước 𝑻𝒉𝒂𝒏𝒉 𝑵𝒂𝒎 𝑨𝒖𝒕𝒐 𝑫𝒂𝒌𝑳𝒂𝒌 - Chuyên Mua, Bán Xe Ôtô Đã Qua Sử Dụng. - Chuyên Nghiệp - Lịch Sự - Tận Tâm 𝐔𝐲 𝐓𝐢𝐧-𝐂𝐡𝐚𝐭 𝐋𝐮𝐨𝐧𝐠 Đ𝐚𝐭 𝐋𝐞𝐧 𝐇𝐚𝐧𝐠 Đ𝐚𝐮 𝟔𝟕𝟔 𝐕𝐨 𝐕𝐚𝐧 𝐊𝐢𝐞𝐭, 𝐏.𝐓𝐡𝐚𝐧𝐡 𝐍𝐡𝐚𝐭 𝐃𝐚𝐤𝐋𝐚𝐤."
p21_s15_1774760791,CX-5,AT,2018,570.0,86000.0,Tự động,Xăng,SUV,Khác,Đỏ,False,5,2.0,FWD,6,car_p21_s15_1774760791,"Mazda CX-5 màu đỏ, xe 5 chỗ, động cơ xăng, hộp số tự động. - Thiết kế thể thao, nội thất tiện nghi. - Vận hành êm ái, tiết kiệm nhiên liệu. - Xe sẵn sàng lăn bánh."
p36_s9_1774765964,Mazda 2,1.5 AT Sedan,2016,299.0,61000.0,Tự động,Xăng,Sedan,Việt Nam,Cam,False,5,1.5,FWD,2,car_p36_s9_1774765964,"Mazda 2 2016 xe zin Bao check test Cam kêt ko đâm đụng ,ngập nước ,ko thủy kích"
p2_s22_1776267847,Mazda 3,1.5L Luxury,2022,555.0,35000.0,Tự động,Xăng,Hatchback,Khác,Đỏ,False,5,1.5,FWD,6,car_p2_s22_1776267847,"Mazda 3 Sport 2022 Luxury Xe đẹp, giá tốt cho ai thiện chí Cần bán Mazda 3 Sport 2022 bản Luxury Xe 1 đời chủ nữ, sử dụng kỹ chạy bao bền Odo 35.000 km Nội ngoại thất còn rất đẹp, giữ gìn kỹ Máy móc zin, vận hành êm ái Giá bán còn thương lượng nhẹ cho người thiện chí Liên hệ Hồng Phát Anh/chị/em quan tâm inbox hoặc gọi trực tiếp để xem xe và thương lượng thêm nha"
p48_s1_1774768491,Mazda Other,2.5 AT AWD,2016,470.0,78000.0,Tự động,Xăng,SUV / Cross over,Việt Nam,Cam,True,5,2.5,AWD,2,car_p48_s1_1774768491,"Auto Ngọc Lân địa chỉ Ngã Ba Ngoài , Ninh Hoà , Khánh Hoà Mới về em Mazda Cx5 đời 2016 , 1 chủ mua mới Odo 7 vạn nội thất nguyên bản theo xe Cam kết keo chỉ máy số rin , không đâm đụng hay thuỷ kích Xe đã lên màn hình , lốp sơ cua chưa hạ chủ xe giữ kỹ nên xe còn rất đẹp mời quý khách hàng đến xem xe để cảm nhận Bao kí rút hồ sơ , hỗ trợ sang tên bấm biển số mới Alo e Vững để được giá tốt Trân trọng"
p31_s13_1774764993,Mazda 3,Luxury,2023,535.0,36000.0,Tự động,Xăng,Sedan,Khác,Khác,False,5,2.0,FWD,6,car_p31_s13_1774764993,"Mazda 3 Luxury Sport đăng ký 2023 odo zin 3,6 vạn, xe như mới"
p21_s8_1774760709,Mazda 2,Premium,2019,375.0,44000.0,Tự động,Xăng,Hatchback,Khác,Đỏ,True,5,2.0,FWD,6,car_p21_s8_1774760709,"𝐂𝐀𝐍 𝐁𝐀𝐍 𝐌𝐀𝐙𝐃𝐀 𝟐 𝐏𝐑𝐄𝐌𝐈𝐔𝐌 𝟐𝟎𝟏𝟗 Odo 44.000km 1 chủ từ đầu , Pháp lí rỏ ràng Bảo dưỡng hãng đầy đủ. Phụ kiện phim cách nhiệt,cam hành trình, lót sàn . Xe đẹp bao check test Giá còn thương lượng cho anh chị thiện chí mua xe nhanh chốt lẹ ạ . Gọi e Trinh nha"
p48_s7_1776273890,Mazda 3,AT,2010,238.0,150000.0,Tự động,Xăng,Sedan,Khác,Xanh,False,5,2.0,FWD,6,car_p48_s7_1776273890,Madaz3 2010 số tự động Đổi hoặc bán Xe ko đâm va ngập nước máy số zin Bao ship tận nhà
p36_s2_1774765898,Mazda Other,Premium,2026,786.0,10000.0,Tự động,Xăng,SUV / Cross over,Việt Nam,Trắng,False,5,2.0,FWD,6,car_p36_s2_1774765898,Mazda Yên Nghĩa. NEW CX5 Premium active TRẮNG VIN 2026 GIÁ TỐT SẴN XE GIAO NGAY New cx5 premium active trắng 786 triệu ƯU ĐÃI QUÀ TẶNG CHÍNH HÃNG MAZDA Inbox Gọi ngay sdt để nhận ưu đãi lớn
p11_s5_1774728221,Mazda Other,Deluxe 2.0 AT,2023,660.0,29000.0,Tự động,Xăng,SUV / Cross over,Việt Nam,Khác,True,5,2.0,FWD,6,car_p11_s5_1774728221,"Cần bán Cx5 sx 2023 deluxe Xe 1 chủ mua từ mới Full lịch sử hãng Chạy chuẩn 2,9 vạn km Xe zin k lỗi Lốp theo xe cả dàn sơ cua chưa hạ Bao check tets Lỗi tặng 50 triệu"
p32_s1_1774765085,CX-8,Premium,2019,745.0,49000.0,Tự động,Xăng,SUV / Cross over,Khác,Đỏ,False,5,2.5,FWD,6,car_p32_s1_1774765085,"Mazda CX-8 2.5 Premium 2019 1 cầu màu đỏ, thiết kế sang trọng, không gian rộng rãi. - Odo 49.000 km, xe giữ gìn cẩn thận. - Trang bị đầy đủ tiện nghi. - Giá 745 triệu."
p64_s9_1776276403,Mazda 3,1.5 AT,2017,375.0,78000.0,Tự động,Xăng,Sedan,Khác,Cam,False,5,1.5,FWD,6,car_p64_s9_1776276403,"Showroom Ô Tô Hiệp Thành Phát Biên Hoà xin chào quý A/C khách hàng cả nước. - Bên em vừa mới về mẫu Mazda 3 phanh tay điện tử đang hoat động tốt, có hỗ trợ góp không lãi suất, hỗ trợ bảo hành, - Động cơ 1.5L tiết kiệm, Mẫu mã đẹp - xe đuược trang bị phanh tay điện tử cửa sổ nóc, nội thất đẹp, máy êm. - Xe được đảm bảo cam kết về chất lượng - Phục vụ chuyên nghiệp, nhiệt tình, chu đáo - xem chi tiết trên kênh youtube hiệp thành phát auto hoặc titok HTP Auto"
p34_s17_1776273080,CX-5,Unknown,2024,780.0,12246.0,Tự động,Xăng,SUV,Khác,Trắng,False,5,2.0,FWD,6,car_p34_s17_1776273080,Thì trường đang chậm nhưng mà mới quá lại phải mua Mazda cx5 2024 pre Xuất hóa đơn 600 triệu 7xx triệu
p21_s9_1776271053,Mazda 2,Premium,2018,345.0,90000.0,Tự động,Dầu,Hatchback,Việt Nam,Xanh,True,5,2.0,FWD,6,car_p21_s9_1776271053,"Showroom Ô Tô Hiệp Thành Phát Biên Hoà xin chào quý A/C khách hàng cả nước. - Bên em vừa mới về mẫu Mazda 2 2018 premium đang hoat động tốt, hỗ trợ bảo hành, - Xe mua mới 1 chủ sử dụng đi kỹ, 1 chủ từ đầu - Có bao check hãng, bao đâm đụng ngập nước máy số zin - Động cơ dầu tiết kiệm, Mẫu mã đẹp - xe được trang bị thêm màn hình androi mới, nội thất đẹp, máy êm. - Xe được đảm bảo cam kết về chất lượng - Phục vụ chuyên nghiệp, nhiệt tình, chu đáo - xem chi tiết trên kênh youtube hiệp thành phát auto hoặc titok HTP Auto"
p72_s2_1776277426,CX-5,2.5,2017,535.0,90000.0,Tự động,Xăng,SUV,Khác,Trắng,True,5,2.5,FWD,6,car_p72_s2_1776277426,Mazda CX5 2.5 2017. tư nhân 1 chủ. đi 9v zin. Giá 535tr
p37_s15_1774766194,Mazda 3,Unknown,2003,60.0,200000.0,Số sàn,Xăng,Sedan,Nhật Bản,Đen,False,5,2.0,FWD,6,car_p37_s15_1774766194,"Cần tiền bán gấp Mazda 323 đời 2003,mọi chức năng hoạt động ok, đi xa tốt..xe vừa hết đk..,xe e bán giấy tay bao tranh chấp nên ngày nghỉ anh chị đến mua bán vẫn được nhé..., máy chạy khỏe nên a chị lấy về đi gia đình hay tập chạy tập lái là quá OK..,xem xe ở Củ Chi, TP HCM... Anh chị em nào cần thì liên hệ với e qua sđt Em cảm ơn"
p8_s14_1774727786,Mazda 2,1.5 AT,2024,395.0,43000.0,Tự động,Xăng,Hatchback,Khác,Đỏ,False,5,1.5,FWD,6,car_p8_s14_1774727786,"Mazda 2 sx 2024 1.5 AT Xe đã có màn hình, cam lùi cam hành trình, đèn pha full led, đèn gầm led."
p18_s19_1776270434,CX-30,Luxury,2024,619.0,37000.0,Tự động,Xăng,SUV / Cross over,Thái Lan,Xanh,True,5,2.0,FWD,6,car_p18_s19_1776270434,"Mazda CX-30 màu xanh đậm, bản luxury. xe 5 chỗ, số tự động, chạy xăng. - Thiết kế hiện đại, nội thất tiện nghi. - Vận hành êm ái, tiết kiệm nhiên liệu. Xe chính chủ mua và sử dụng từ tháng 4/2024. Xe sử dụng ở TP HCM nên có trầy xước xung quanh, chưa đâm đụng, ngập nước. Máy móc nguyên zin, bao check mọi nơi. Xin miễn tiếp cò lái."
p11_s10_1776269133,Mazda 3,Sport 1.5L Premium,2019,518.0,38079.0,Tự động,Xăng,Hatchback,Việt Nam,Cam,False,5,1.5,FWD,6,car_p11_s10_1776269133,"Mazda 3 Sport phiên bản cao cấp Premium. Thế hệ All New 7.0 Skyactive G model 2020 Máy 1.5 tiết kiệm nhiên liêu. Trang bị cao cấp cửa sổ trời, ghế điện, màn hình cảm ứng 8.8 inchs, Apple Carplay, cảm biến vật cản trước sau, camera lùi, bộ mâm to 18inchs, đèn full Led tự động tắt mở Xe cam kết không đâm đụng, không ngập nước, km chuẩn Check test thoải mái theo nhu cầu Xem xe HCM"
p2_s5_1774726424,Mazda 3,1.5L Luxury,2020,475.0,70000.0,Tự động,Xăng,Sedan,Việt Nam,Trắng,False,5,1.5,FWD,6,car_p2_s5_1774726424,"cần bán Mazda 3 1.5 , sản xuất 2022 mầu trắng Xe đăng kí tên tư nhân , odo 7 vạn Km. Xe trang bị gồm Start/Stop, màn hình, camera lùi, cảm biến, vô lăng tích hợp, điều hòa tự động, túi khí, gương gập điện, ghế điện, phanh tay điện tử, Bluetooth, USB/Ipod, CD/Radio, ABS, EBD... - Cam kết xe nguyên bản không đâm đụng, ngập nước. - Hỗ trợ mọi thủ tục vay vốn, sang tên, lãi suất ưu đãi. ae có nhu cầu alo em xem xe tại Hạc Thành , Thanh Hoá ."
p14_s15_1774759145,Mazda 3,Luxury,2024,585.0,41000.0,Tự động,Xăng,Sedan,Khác,Trắng,True,5,2.0,FWD,6,car_p14_s15_1774759145,"Oto Duy Dương - 167 Nguyễn Văn Cừ - Đắk Lắk Mazda 3 2024 Luxury 1 Chủ Rất Đẹp Xe trang bị 4 lốp zin theo xe, đèn Auto full led, nhớ ghế 2 vị trí... Odo 41.000km - bao check mọi nơi Giá 585 triệu - Bao rút hồ sơ - Hổ trợ bank 60 Lh Gặp Dương - Zalo"
p65_s17_1776276594,Mazda 2,AT,2023,360.0,30000.0,Tự động,Xăng,Sedan,Nhật Bản,Khác,True,5,2.0,FWD,6,car_p65_s17_1776276594,"Mazda 2 2023 - Xe gia đình - chính chủ - nguyên zin. - Bao phạt nguội - không đâm đụng, ngập nước - Động cơ xăng, hộp số tự động. - 5 chỗ ngồi, nội thất tiện nghi. - Xe giữ gìn cẩn thận, sẵn sàng sử dụng."
p29_s1_1774764266,CX-5,Signature,2022,725.0,30000.0,Tự động,Xăng,SUV,Khác,Đỏ,False,5,2.0,FWD,6,car_p29_s1_1774764266,"Mazda CX-5 Signature AWD màu đỏ, thiết kế thể thao, nội thất sang trọng. Model 2023 - Động cơ mạnh mẽ, vận hành êm ái. - Trang bị nhiều tính năng an toàn, tiện nghi. - Xe sẵn sàng lăn bánh."
p19_s0_1776270670,Mazda 3,1.5L Luxury,2023,565.0,360000.0,Tự động,Xăng,Hatchback,Việt Nam,Khác,False,5,1.5,FWD,6,car_p19_s0_1776270670,Xe gia đình đi chạy rất ít bảo dưỡng định kì . Xe chạy chắc nịch
p22_s6_1774760914,CX-5,Premium 2.0 AT,2023,725.0,51000.0,Tự động,Xăng,SUV / Cross over,Việt Nam,Khác,True,5,2.0,FWD,6,car_p22_s6_1774760914,"Ô Tô Hiếu Đắk Lắk đang có bán Mazda CX5 2023 Cavansite Xe Đắk Lắk 1 chủ mua mới . Phiên bản 2.0 Premium Xe trang bị Hud tốc độ kính lái , radar hổ trợ giữ làn , cảnh báo điểm mù trên gương , 2 ghế chỉnh điện có nhớ ghế 2 vị trí , cốp điện , loa Bose . . . 159 Lê Duẫn , Buôn Ma Thuột"
p11_s8_1774728246,Mazda 3,1.5L Luxury,2023,565.0,35000.0,Tự động,Xăng,Hatchback,Nhật Bản,Xanh,True,5,1.5,FWD,6,car_p11_s8_1774728246,"Đổi xe nên em cần bán Mazda 3 Sedan 1.5L Luxury 2023, Odo 3 vạn rưỡi, màu xanh cavansite. 1 chủ từ đầu. Xe bảo dưỡng đầy đủ, định kì ở hãng. Đảm bảo nguyên zin, có làm bảo hành sơn vài lần do va quệt xước xát nhẹ Bảo hiểm thân vỏ đến hết tháng 7.2026 Đã trang bị cam lùi, cảm biến áp suất lốp steelmate, cam hành trình. Giá 565, xem xe ở Long Biên."
p45_s6_1774767830,CX-5,Deluxe 2.0 AT,2022,665.0,46000.0,Tự động,Xăng,SUV / Cross over,Khác,Khác,False,5,2.0,FWD,6,car_p45_s6_1774767830,Cx5 2.0 sx 2022 deluxe Odo 4v6 km Mời các bác xem xe Long Biên
p18_s13_1776270360,CX-5,2.5L AWD,2018,515.0,100000.0,Tự động,Xăng,SUV / Cross over,Khác,Đỏ,False,5,2.5,FWD,6,car_p18_s13_1776270360,E về cx5 2.5 bản 2 cầu AwD sản xuất 2018 xe đẹp mút mắt chạy 10 vạn xịn nguyên zin mọi thứ nguyên bản đã vào màn hình androi zezstech. Giá loanh quanh 500 triệu. Liên hệ tuấn anh auto phú tài 55 tố hữu
p40_s10_1774766802,CX-8,Premium AWD - 6 ghế,2022,899.0,30000.0,Tự động,Xăng,SUV / Cross over,Việt Nam,Vàng,False,5,2.5,FWD,6,car_p40_s10_1774766802,"Mazda CX-8 2.5 Premium AWD 6S 2022 Màu Vàng Ánh Kim - Bản 2 cầu 6 ghế form mới, có cửa nóc Odo 3,2 vạn km cực đẹp, chuẩn zin Sơn zin toàn bộ xe Nội thất giữ gìn kỹ, còn rất mới Full lịch sử bảo dưỡng hãng Trang bị thêm - Màn hình Android tiện ích - Cảm biến áp suất lốp - Cam kết không tai nạn - Không ngập nước / thuỷ kích Hỗ trợ ngân hàng 5070 giá trị xe Hồ sơ gốc đầy đủ sang tên trong ngày Xem xe trực tiếp tại Cầu Giấy Hà Nội Liên hệ ngay để xem xe và nhận giá trong ngày"
p28_s5_1776272082,Mazda 3,1.5 AT Sedan,2015,343.0,100000.0,Tự động,Xăng,Sedan,Việt Nam,Trắng,False,5,1.5,FWD,2,car_p28_s5_1776272082,"Mazda3 2015 1.5L siêu siêu đẹp Phân Khúc C Full option2 chìa khoá theo xe,Cửa Sổ Trời,Màn Hình Androi,Cam Lùi,Cam Hành Trình,Đèn Bi Gầm,Đèn Bi Lez Trắng Cam kết máy số zin,Không Tai Nạn,Ngập Nước Bao check test bên thứ 3 Giá nhỉnh 3đ LH"
p2_s23_1776267858,CX-8,Luxury,2019,620.0,99000.0,Tự động,Xăng,SUV / Cross over,Khác,Trắng,True,5,2.0,FWD,6,car_p2_s23_1776267858,"CX8, Luxury, 2019, xe một đời chủ, chính chủ rao bán, odo 99k km. Xe bão dưỡng đúng định kỳ, bao test hãng. Giá mong muốn 620tr. Xe đứng tên công ty, xuất hoá đơn đủ. Xem xe ở KCN Tân Tạo, HCM"
p15_s3_1776269729,Mazda 6,2.0L Luxury,2020,487.0,76000.0,Tự động,Xăng,Sedan,Việt Nam,Trắng,False,5,2.0,FWD,6,car_p15_s3_1776269729,"Bán nhanh Mazda 6 Luxury model 2020 màu trắng Xe chạy đươc 76.000 km, zin đẹp xem xe kiểm tra thoải mái, nội thất sang trọng, option màn hình giải trí Mazda Connect, nội thất da, điều hòa 2 vùng, cửa sổ trời, cảm biến trước/sau, camera lùi, túi khí, hệ thống phanh ABS/EBD/BA, cân bằng điện tử DSC, kiểm soát lực kéo TCS và hỗ trợ khởi hành ngang dốc.... Giá bán 487 triệu"
p15_s5_1776269750,Mazda 3,1.5L Luxury,2019,458.0,76000.0,Tự động,Xăng,Sedan,Việt Nam,Trắng,True,5,1.5,FWD,6,car_p15_s5_1776269750,"MAZDA3 1.5L AT sx 2019, tư nhân chính chủ phủ tây hồ, ghế da bò cửa sổ trời, ghế điện phanh tay điện tử, gẩy số thể thao, full 2 chìa smarkey, điều hoà auto, đèn bi auto, màn hình cam lùi, lốp mới cả dàn, sơ cua chưa hạ, đăng kiểm dài. Chẳng có gì là tự nhiên rẻ. Đã rẻ thì không có xe đẹp, đã đẹp thì không có rẻ 5 TIÊU CHÍ VÀNG Tại VĨNH CƯỜNG AUTO 1.Xe không bị tai nạn. 2.Xe không đại tu động cơ và hộp số. 3.Xe không bị thuỷ kích. 4.Xe không bị phạt nguội. 5.Giấy tờ theo xe hợp lệ,đủ điều kiện mua, bán, sang tên. HOÀN TIỀN NẾU SAI 5 TIÊU CHÍ VÀNG Hỗ trợ Bank lên tới 75. Rút hồ sơ miễn phí."
p11_s6_1774728230,Mazda 2,2.0 Sport,2014,249.0,102000.0,Tự động,Xăng,Hatchback,Khác,Trắng,False,5,2.0,FWD,6,car_p11_s6_1774728230,Mazda 2 Sport sx 2014 Odo 102.000 km Giá rao 249tr ace hợp tài chính alo Có fix cho người thiện chí xem xe tl Xem xe tại hoà xuân đà nẵng
p1_s15_1776267606,Mazda 3,1.5L Luxury,2023,555.0,30000.0,Tự động,Xăng,Sedan,Khác,Xám,True,5,1.5,FWD,6,car_p1_s15_1776267606,Mazda 3 luxury 2023 Một chủ mua mới đăng kí 2024 Bảo hành chính hãng 1/2027 Bảo hiểm thân vỏ BHVC 9/2026 Lót sàn đúc film áp suất lốp Vietmap camera hành trình 2 hệ vietmap Odo 3v full lịch sử hãng k sót kì sơn zin 80. Anh Chị Mua Xe Mới Cân Đối Tiết Kiệm 150tr đươck call em Giá thương lượng khi xem xe trực tiếp cho khách thiện Chí Vì lý do công việc di chuyển mình chỉ nhận call trực tiếp xin thông cảm ạ Xe xe tại Chợ Tam Hà - Thủ Đức Google Map Huy Tam Hà
p6_s4_1776268354,Mazda Other,2.5 AT AWD,2018,568.0,100000.0,Tự động,Xăng,SUV / Cross over,Việt Nam,Khác,False,5,2.5,AWD,6,car_p6_s4_1776268354,"Mazda CX5 Cx5premium Daklak Mazda CX-5 2018 full hub kính lái , ghế chỉnh điện nhớ ghế 2 vị trí , cốp điện loa b , màn hình . Loanh quanh 5xx . Bank thoải mái cho ae"
p46_s16_1776273787,CX-8,Premium,2024,970.0,20000.0,Tự động,Xăng,SUV,Khác,Trắng,False,7,2.0,FWD,6,car_p46_s16_1776273787,"CX8 2024 Premium trắng tinh khôi phom dáng mới nhất, chạy 2 vạn km Chất lượng tuyệt đối, bao check thoải mái Chỉ 9xx triệu Có hỗ trợ ngân hàng Xem xe tại hà nội Nhận trao đổi hoặc thu mua xe mazdacx8"
p61_s11_1776276061,Mazda 3,AT,2005,135.0,185632.0,Tự động,Xăng,Sedan,Khác,Bạc,False,5,2.0,FWD,6,car_p61_s11_1776276061,Bán mazda3 tự động máy số chất lành bền tiếc kiệm xăng anh xhij quan tâm liên hệ xin cảm ơn
p44_s7_1774767591,Mazda 3,2.0L,2018,435.0,80000.0,Tự động,Xăng,Sedan,Khác,Đỏ,False,5,2.0,FWD,6,car_p44_s7_1774767591,mazda 3 2018 odo 8 vạn đã lên ghếp da naspa
p64_s8_1776276393,Mazda 6,Unknown,2001,68.0,12345.0,Số sàn,Xăng,Sedan,Việt Nam,Xanh,False,5,2.0,FWD,6,car_p64_s8_1776276393,Cần bán xe Mazda 626 đời 201 tên tư nhân đăng kiểm dài xe sơn xi sạch đẹp máy ngon côn số nhẹ nhàng điều hòa mát lạnh xe đẹp không lỗi chạy đường dài yên tâm đã lên màn hình Android cam lùi đầy đủ em bán 68 triệu LH xe ở Hà Nội
p76_s11_1776278258,Mazda 3,1.5L Luxury,2025,615.0,4000.0,Tự động,Xăng,Hatchback,Khác,Đen,False,5,1.5,FWD,6,car_p76_s11_1776278258,"Siêu siêu lướt 4.000km như xe hãng chạy ra, tiết kiệm cho anh em 1 khoản hời. Lên đời Mẹc để lại em Mazda3 Luxury sx 2025 màu xanh canvat nt nâu đen sạch sẽ, còn nguyên bảo hành hãng. Giá 61x triệu bank 70"
p35_s17_1774765848,CX-5,2.0 AT,2016,460.0,80339.0,Tự động,Xăng,SUV / Cross over,Việt Nam,Cam,False,5,2.0,FWD,6,car_p35_s17_1774765848,"MAZDA CX5 2.0, Sản xuất 2016 FL .Odo 80.339km. Nội thất dzin theo xe rất mới. Option Ghế da chỉnh điện, hệ thống loa Bose, lạnh auto 2 vùng độc lập, tích hợp vô lăng, ga tự động, báo áp suất lốp, động cơ i-stop dừng 3s tắt máy, phanh tay điện tử, chế độ chạy sport, đèn pha gạt mưa auto. Khoá thông minh khởi động bằng nút. Cửa sổ trời, màn hình Dvd tích hợp cam lùi. Xe đã qua kiểm tra chất lượng, không lỗi."
p70_s12_1776277126,Mazda 3,1.5L Luxury,2023,550.0,49000.0,Tự động,Xăng,Hatchback,Nhật Bản,Xám,True,5,1.5,FWD,6,car_p70_s12_1776277126,"Xe Bán Mazda 3, màu xám titan. Bản màu sang trọng, Khá hiếm trên thị trường. Phiên bản Luxury 2022 đăng kí lần đầu T4/2023. Odo 49.000 km. Chủ sử dụng kĩ , lốp sơ cua chưa hạ. Chính chủ, full lịch sử bảo dưỡng hãng. Trang bị sẵn đèn led, thắng tay điện, cruise control, đèn auto , gạt mưa auto, nhớ ghế 2 vị trí, ...... Đã lên thêm 1 số đồ chơi cơ bản Led nội thất, film cách nhiệt, thảm sàn da nappa ,... Em Bán 560tr Bao hồ sơ, Có thương lượng . Cam kết đúng mô tả, không đâm đụng ngập nước, máy số zin nguyên bản. Xem xe tại Hoà Phú, Buôn Ma Thuột, Đắk Lắk."
p74_s1_1776277823,Mazda 3,Unknown,2016,365.0,80000.0,Tự động,Xăng,Sedan,Việt Nam,Trắng,True,5,2.0,FWD,6,car_p74_s1_1776277823,"Mazda 3 màu trắng, xe chính chủ, chạy 8 vạn. - Sơn nguyên bản, xe ít đi. - Luôn để trong gara nên giữ gìn cẩn thận. - Giá bán 365 triệu."
p77_s11_1776278420,Mazda Other,2.5L FWD,2018,575.0,73000.0,Tự động,Xăng,SUV / Cross over,Khác,Cam,True,5,2.5,FWD,6,car_p77_s11_1776278420,"Đổi xe cần bán Mazda CX5 2.5 Premium - Xe chính chủ, cam kết không đâm đụng ngập nước - Động cơ SkyActiv-G 2.5L. - Công suất tối đa 188 mã lực tại 5.700 vòng/phút. - Hộp số Tự động 6 cấp SkyActiv. - Hệ dẫn động FWD cầu trước. - Odo 73.000km - 7 vạn ba - Loa bose 10 loa, sub hơi lòng bánh dự phòng. - Màn hình kính lái HUD theo xe. Option nhiều miên man, kể đến đêm không hết. - Phủ nano sơn thân vỏ, thảm sàn, phim cách nhiệt, Cam hành trình 70mai trước sau, bánh dự phòng. - Không chính 685427 chính chính Xem xe tại Quang Trung Gò Vấp hoặc Nguyễn Văn Cừ Q5."
p1_s19_1776267645,Mazda 3,Unknown,2019,415.0,86000.0,Tự động,Xăng,Sedan,Khác,Xám,False,5,2.0,FWD,6,car_p1_s19_1776267645,"Gđ cần bán mazda3 sx cuối 2019 bản full. Ghế điện,cửa nóc. Xe đẹp,máy số zin, Tk xăng 5l/100km Chinh chủ bán bao rút hs vê ra tên nhanh Xem xe tại tân khai"
p37_s2_1774766069,CX-8,3.0 Premium,2019,699.0,63000.0,Tự động,Xăng,SUV,Khác,Xám,False,7,3.0,FWD,6,car_p37_s2_1774766069,Mazda Premium AWA 2019 Odo 63.000 km Giá 699 triệu
p31_s3_1774764880,BT-50,MT,2017,390.0,140000.0,Số sàn,Dầu,Pick-up (bán tải),Khác,Xanh,False,5,2.0,FWD,6,car_p31_s3_1774764880,"Mazda BT-50 màu xám xanh, xe bán tải 5 chỗ, động cơ dầu tiết kiệm nhiên liệu. - Hộp số sàn, vận hành mạnh mẽ. - Phù hợp đi công trường, chở hàng hoặc đi gia đình."
p72_s15_1776277549,CX-5,2.0 AT 2WD,2018,560.0,89000.0,Tự động,Xăng,SUV,Việt Nam,Trắng,True,5,2.0,FWD,6,car_p72_s15_1776277549,"Xe mazda CX5 2018. đi dc 8,9 vạn km Xe gđ chính chủ .cần bán cho ai có nhu cầu giá 560tr. đt liên hệ"
p5_s11_1776268256,CX-5,2.5,2019,615.0,75000.0,Tự động,Xăng,SUV,Khác,Đỏ,True,5,2.5,FWD,6,car_p5_s11_1776268256,"Xe bán CX5 2.5 2WD đời 2019 màu đỏ pha lê rất đẹp,xe mua mới một chủ từ đầu đi 75 ngàn km đang còn bảo hành chính hãng đến 150 ngàn km. Xe vô nhiều đồ đẹp cam kết xe đẹp như mới full lịch sử bảo dưỡng hãng . biển số tphcm"
p16_s15_1774759633,Mazda 6,2.0 AT,2015,385.0,100000.0,Tự động,Xăng,Sedan,Khác,Đỏ,False,5,2.0,FWD,2,car_p16_s15_1774759633,"MAZDA 6 2.0AT sx2015 đỏ Chạy 10vkm zin, zin từ giàn cò, nội thất còn rất mới Đã trang bị màn hình Androis, cam hành trình Giá bán 385 triệu"
p1_s18_1776267641,CX-5,Unknown,2014,400.0,50000.0,Tự động,Xăng,SUV,Khác,Xám,True,5,2.0,FWD,6,car_p1_s18_1776267641,"Mazda CX5 đời 2014 màu xám, xe đẹp, đi kỹ. - Odo 50.000km, một đời chủ. - Xe không đâm đụng, không thủy kích. - Thiết kế sang trọng, vận hành êm ái."
p53_s14_1776275057,CX-30,Premium,2022,630.0,70000.0,Tự động,Xăng,SUV,Khác,Khác,True,5,2.0,FWD,6,car_p53_s14_1776275057,"Mới về Mazda CX30 premium sản xuất 2022 nhập khẩu Thái Lan, full lịch sử hãng một chủ từ mới, chạy 7 vạn km hơn đẹp hết nước chấm Chất xe mới tinh nội thất cực mới không 1 lỗi nhỏ, xe mới tinh lăn bánh 850 Triệu giờ em bán chỉ 635 triệu"
p10_s3_1774728020,Mazda 2,Unknown,2018,315.0,131000.0,Tự động,Xăng,Hatchback,Khác,Trắng,False,5,2.0,FWD,6,car_p10_s3_1774728020,"Mazda 2 đời 2018 màu trắng, xe nữ đi giữ gìn cẩn thận. - Ngoại hình đẹp, nội thất sạch sẽ. - Xe nhỏ gọn, dễ di chuyển trong phố. - Giá 315 triệu."
p25_s9_1774763592,BT-50,MT,2021,470.0,60000.0,Số sàn,Dầu,Pick-up (bán tải),Thái Lan,Trắng,True,5,2.0,FWD,6,car_p25_s9_1774763592,"Chính chủ cần bán Mazda BT50 số sàn 2 cầu, SX 2021 NK Thailand, Odo 6v, tình trạng mới trên 95. Xe em đi kỹ, bảo dưỡng đầy đủ. Giá bán 470tr thương lượng. Xem Xe Linh Tây, Thủ Đức. ."
p17_s13_1776270161,Mazda 3,1.5 AT,2016,350.0,86000.0,Tự động,Xăng,Sedan,Việt Nam,Đen,False,5,1.5,FWD,6,car_p17_s13_1776270161,"Mazda 3 1.5AT sản xuất 2016 full đồ chơi giá 350tr. Odo 86km xe cá nhân gia đình dùng, cam kết bằng văn bản chất lượng xe không cấn đụng, không ngập nước, máy móc nguyên bản, keo chỉ nguyên bản. Full đồ chơi Cửa sổ trời, màn android 15inch lớn, đèn pha 4 bi led, đèn daylight led, đèn hậu led, bi gầm led, ca lăng kim cương, ốp heo, ốp lẫy số, full nt da kem, trần da lộn, film cách nhiệt, mâm sơn đen, 2 chìa khóa,... - Auto 2K Xem xe TP. Thủ Đức, HCM."
p27_s1_1774763909,Mazda 3,1.5L Luxury,2024,599.0,13000.0,Tự động,Xăng,Hatchback,Khác,Trắng,False,5,1.5,FWD,6,car_p27_s1_1774763909,"Mazda 3 1.5 Luxury đời 2024, màu trắng, số tự động. - Odo 13.000 km. - Biển số 95D 00511. - Trang bị thêm camera hành trình Vietmap, film cách nhiệt. - Giá bán 599tr"
p42_s15_1774767280,BT-50,2.2L 4x2 AT,2017,379.0,12345.0,Tự động,Dầu,Bán tải,Thái Lan,Xám,False,5,2.2,FWD,6,car_p42_s15_1774767280,Đổi xe nên cân bán lại mazda bt50 2.2 số tự động sản xuất 2017. Xe hiện tại còn rất đẹp cả nội thất và ngoại thất. Các chứa năng còn hoạt động mượt mà. Xe đã trang bị đầy đủ các hạng mục cần thiết nên về chỉ việc đi ko cần phải làm thêm gì. Vậy ai thiện chí lh
p63_s16_1776276316,CX-5,2.0 Luxury,2022,665.0,44000.0,Tự động,Xăng,SUV,Khác,Khác,True,5,2.0,FWD,6,car_p63_s16_1776276316,"Cần bán xe CX5 Tôi chính chủ cần bán xe cx5 2.0 Luxury 2022, xe đi 44100km. Bảo dưỡng hãng từ đầu.xe đi giữ dìn,ko đâm đụng, ngập nước.xem xe tại linh đàm hoặc đt .giá 665tr.cảm ơn Xe mình chính chủ từ đầu.mua thẳng.mình có thể ra hãng check cùng.xe đã lắp các thiết bị tầm 20tr.cảm ơn"
p31_s2_1776272583,CX-5,2.0 AT 2WD,2013,418.0,65000.0,Tự động,Xăng,SUV / Cross over,Việt Nam,Khác,False,5,2.0,FWD,2,car_p31_s2_1776272583,"MAZDA CX-5 2.0 AT 2013 - HÀNG SIÊU CỌP, ĐẸP HIẾM CÓ Cần nhượng lại mẫu CUV đô thị cực chất, xe gia đình sử dụng kỹ, tình trạng hoàn hảo Sản xuất 2013 Odo 65.000 km Xe cực cọp so với đời Phiên bản 2.0 AT Số tự động 6 cấp mượt mà Trang bị nổi bật Mâm 19 inch thể thao. Ghế lái chỉnh điện, tích hợp sấy ghế. Cửa sổ trời thoáng đãng. Smart Cruise Control. Đặc biệt Lốp dự phòng chưa hạ. Tình trạng Nội ngoại thất nguyên bản, máy móc êm ru, bảo dưỡng đầy đủ. Giá chào thương lượng cho anh em nhanh gọn Xem xe QL13, đối diện BV Hạnh Phúc. Liên hệ Tuấn zalo wechat"
p34_s2_1774765492,Mazda 3,Unknown,2016,362.0,83000.0,Tự động,Xăng,Sedan,Khác,Khác,False,5,2.0,FWD,6,car_p34_s2_1774765492,"Quá mới cho 1 siêu phẩm odo 8,3 vạn Mazda 3 2016 siêu cọp zin từng con ốc Giá 300 mấy chục triệu Xem xe châu Đức brvt"
p18_s4_1776270284,Mazda 3,Sport 1.5L Premium,2019,519.0,38000.0,Tự động,Xăng,Hatchback,Việt Nam,Cam,True,5,1.5,FWD,6,car_p18_s4_1776270284,"Mazda 3 Sport Premium 2019 Hatchback thể thao, đi cực sướng Xe đẹp, form dáng thể thao, màu sắc sang trọng Nội thất cao cấp, option đầy đủ màn hình, cam 360, HUD, ghế da xịn Động cơ bền bỉ, tiết kiệm nhiên liệu đi phố hay đường dài đều ổn Odo 38.000km Giá 5xxtr Liên hệ Cam kết Xe không đâm đụng không ngập nước Máy số zin 100 odo chuẩn Pháp lý rõ ràng hỗ trợ bank Bao test hãng, kiểm tra thoải mái Xe sẵn xem là ưng ngay mazda3 mazda3sport mazda32019 xehatchback xeluot"
p1_s9_1774726228,Mazda 3,1.5 Luxury,2019,415.0,98000.0,Tự động,Xăng,Sedan,Việt Nam,Cam,False,5,1.5,FWD,6,car_p1_s9_1774726228,"Xe gia đình bán Mazda 3- 2019 - máy 1.5 luxury, cửa sổ trời Cam kết máy số zin không lỗi nhỏ Sơn zin còn 75 xe Không đâm đụng ngập nước Nọi thất zin theo xe còn khá Bstp ngay chủ dứng tên cavet Gầm bệ êm ái , võ lốp mới tinh Anh chị cần qua xemnxe ngã tư ga , quân 12 Giá có bớt chonae nhanh gọn lẹ"
p70_s10_1776277106,Mazda Other,Luxury,2023,700.0,36037.0,Tự động,Xăng,SUV / Cross over,Việt Nam,Trắng,True,5,2.0,FWD,6,car_p70_s10_1776277106,"Dư xe, cần tiền gấp bán xe CX 5, 2023, Luxury mua tháng 9/2023 mới 99,9999, zin, màu trắng. Tại Phú Hòa Thủ Dầu Một BD Giá bán 700xxxx vừa trang bị 1 con màn ANroi 13.3Inch, Cam 360, Loa cực hay Chính chủ bán giá hời Alo"
p77_s18_1776278471,CX-5,Unknown,2013,355.0,140000.0,Tự động,Xăng,SUV / Cross over,Việt Nam,Khác,True,5,2.0,FWD,6,car_p77_s18_1776278471,"Cần bán CX5 2013 chính chủ từ mới, đi giữ gìn bảo dưỡng trong hãng theo định kỳ đã đi 14 vạn xe còn đẹp. Ko tai nạn đâm đụng ngập nước. Bác nào có nhu cầu Lh"
p32_s7_1774765147,CX-5,2.0 Premium Exclusive,2023,780.0,31024.0,Tự động,Xăng,SUV / Cross over,Nhật Bản,Khác,False,5,2.0,FWD,6,car_p32_s7_1774765147,"Một Chiếc CX-5 Exclusive 2023 - XE DEMO LÁI THỬ CÔNG TY Odo 31k km Không Đâm Đụng, Không Thủy Kích, bao check tại Hãng. Giá Hấp dẫn đ. Liên hệ sdt em ngay để hỗ trợ nhé Xem xe trực tiếp tại hãng, liên hệ em ngay nhé."
p36_s2_1776273174,Mazda 3,AT,2017,375.0,58000.0,Tự động,Xăng,Sedan,Khác,Trắng,False,5,2.0,FWD,6,car_p36_s2_1776273174,"Mazda 3 xe dễ dùng tầm trung Trang bị Cửa sổ nóc, điều hoà tự động, chìa khoá thông minh.... Giá 3xx triệu Thanh toán 200 triệu nhận xe. Giao xe toàn quốc, nhận xe thanh toán, bảo hành 1 năm và 10.000km"
p21_s16_1776271100,Mazda 3,1.5L Luxury,2022,540.0,76000.0,Tự động,Xăng,Sedan,Việt Nam,Cam,False,5,1.5,FWD,6,car_p21_s16_1776271100,"Mazda3 2022 Luxury Đẳng cấp không cần phô trương Không phải xe mới, nhưng chất thì vẫn như mới MAZDA 3 2022 bản Luxury lựa chọn dành cho người thích sự tinh tế, lái êm, nhìn là mê xe đã lăn bánh được 7v6 km hỗ trợ vay 60 giá xe Giá bán 5xx tr Thiết kế sang trọng, nội thất xịn xò chuẩn phong cách Nhật Vận hành mượt mà, tiết kiệm nhiên liệu đi phố hay đi xa đều phê Xe gia đình giữ kỹ, cam kết không đâm đụng không ngập nước Trang bị đầy đủ, lên xe là tận hưởng ngay Quan tâm inbox hoặc gọi ngay xe đẹp không chờ người chậm chân Ae quan tâm alo e KHANG QUÂN AUTO - 02 THANH LƯƠNG 17- TP ĐÀ NẴNG xeluotdanang khangquanauto otocu mazda3 mazda32022"
p49_s0_1774768742,Mazda 3,1.5L Luxury,2019,430.0,150000.0,Tự động,Xăng,Sedan,Khác,Đen,True,5,1.5,FWD,6,car_p49_s0_1774768742,"Mazda 3 2019 màu xanh đen, xe 5 chỗ, động cơ xăng, số tự động. - Thiết kế hiện đại, nội thất tiện nghi. - Vận hành êm ái, tiết kiệm nhiên liệu. - Xe 1 chủ từ khi mua, xem xe tại đình thôn Cam kết ko va đụng , chỉ xước sơn hàng năm sơn lại . Ko tual km ."
p40_s12_1774766825,Mazda 3,Unknown,2009,180.0,70000.0,Tự động,Xăng,Sedan,Đài Loan,Bạc,False,5,2.0,FWD,6,car_p40_s12_1774766825,"Nhu cầu nâng đời xe nên mình bán xe Mazda 3 nhập khẩu nguyên chiếc Đài Loan. Xe không lỗi lầm, chưa từng va quệt hay ngập nước. Bao check. Máy, vỏ nguyên zin giá 180 triệu có ra lộc. Xem xe tại Hạ Long"
p1_s8_1774726221,Mazda 3,Unknown,2019,435.0,80000.0,Tự động,Xăng,Sedan,Khác,Xanh,False,5,2.0,FWD,6,car_p1_s8_1774726221,Cần bán xe Mazda 3 sản xuất 2019. Xe màu xanh. Bảo dưỡng đúng hãng. Xem xe tại quận 2.
p62_s8_1776276181,Mazda 3,1.5L Luxury,2020,528.0,22000.0,Tự động,Xăng,Sedan,Việt Nam,Đen,True,5,1.5,FWD,6,car_p62_s8_1776276181,"Oto đại phát chào bán MAZDA3 - Luxuty Năm sx 2020 đăng ký 2021 chính chủ mua từ mới ODO Zin 2,2van km lốp theo xe như mới Biển Hà Nội , chủ cực kỳ giữ gìn xe , Xe đẹp xuất sắc k lỗi nhỏ, đăng kiểm dài đến 01.2028 Cam kết không tai nạn, ngập nước. Check test hãng toàn quốc, pháp lý rõ ràng Hỗ trợ ngân hàng lên tới 70 giá trị xe"
p18_s0_1774759942,Mazda 3,1.5L Luxury,2025,608.0,5600.0,Tự động,Xăng,Sedan,Việt Nam,Đỏ,True,5,1.5,FWD,6,car_p18_s0_1774759942,"Bán Mazda 3, màu đỏ Sản xuất 2025. Mua mới chính hãng Mazda. Km đã đi 5600 km, mới chạy 5 tháng. Đã bảo dưỡng mốc 5000 km. Xe đẹp như mới, thời gian để hầm là chính, cuối tuần mới lấy ra chạy. Đã lắp camera hành trình, hạn đăng kiểm tiếp theo 10/2028. Coi xe tại Vinhomes quận 9. Lý do bán Mua bằng trả góp, giờ muốn tất toán khoản vay cho nhẹ đầu, và từ lúc mua 90 vẫn đi lại hàng ngày bằng xe máy, nên bán để lấy tiền làm việc khác. Liên hệ chính chủ Thương lượng với khách thiện chí mua nhanh trong tháng này"
p32_s14_1774765227,CX-5,2.0 Premium,2023,770.0,30000.0,Tự động,Xăng,SUV / Cross over,Việt Nam,Khác,False,5,2.0,FWD,6,car_p32_s14_1774765227,"Mazda CX5 Premium 2.0L 2023 Động cơ 2.0L dẫn động 2WD Odo 30.000 km Sản xuất 2023 Biển số Sài Gòn Xe gia đình sử dụng kỹ, ngoại hình và nội thất còn rất đẹp Trang bị bản Premium nhiều option cao cấp Xe zin, không đâm đụng không ngập nước Phù hợp gia đình cần xe rộng rãi, tiết kiệm nhiên liệu Giá chào bán 770 triệu có thương lượng nhẹ Liên hệ xem xe trực tiếp hỗ trợ sang tên nhanh gọn."
p60_s10_1776275835,Mazda 3,1.5 AT Sedan,2016,349.0,90000.0,Tự động,Xăng,Sedan,Khác,Cam,False,5,1.5,FWD,2,car_p60_s10_1776275835,"--- Bán hoặc giao lưu xe nhỏ hackback cho vợ chạy ưu tiên VF3 .... mazda 2 hackback . Yaris . Brio . Jazz ----- Mazda 3 mua 2016 . 1.5At - odo 90.000 km --- bản số tự động 1.5 siêu tiết kiệm xăng đi phố chỉ 6 7 lit/100km - xe còn rất đẹp và ngon lành nhíc ga là vọt .. khung gầm thân vỏ chắc chắn . Đi êm ru ko nghe tiếng động lạ Xe zin ------ Cam kết Không cấn đụng hay ngập lụt . máy số zin 100 .. gầm bệ leng keng bao test hãng nhé hoạt động rất tốt khó tìm được chiếc nào cùng đời mà đẹp hơn - xe bảo dưỡng thường xuyên .. chạy bao ngon máy lạnh chạy lạnh buốt - có Cam lùi . Camera hành trình . Cảm biến trước và sau . Kính dán 3m sịn -- xem xe tại nhà, xe gia đình .. ký giấy sang tên ngay khi mua xe bán bao chạy .. nếu có vấn đề gì e hoàn tiền ---- Em bán 349tr ------- hoặc giao lưu xe nhỏ cho vợ chạy"
p20_s10_1774760522,CX-5,2.0 AT,2016,475.0,50000.0,Tự động,Xăng,SUV / Cross over,Việt Nam,Xanh,True,5,2.0,FWD,6,car_p20_s10_1774760522,"MAZDA CX-5 Xe Gia Đình Cực Đẹp - SX 2016 / 1 Chủ Từ Đầu - Odo Chuẩn 5 Vạn Km / Bảo Dưỡng Full Lịch Sử Hãng - Bản 2.0 Số Tự Động Có Thắng Tay Điện Tử Cam Kết Máy Móc Zin Nguyên Bản - Không Đâm Đụng, Ngập Nước Liên Hệ Ngay Em Tuấn Để Xem Xe Thực Tế"
p28_s1_1776272042,Mazda 6,2.0 Premium,2017,435.0,114000.0,Tự động,Xăng,Sedan,Khác,Xanh,False,5,2.0,FWD,6,car_p28_s1_1776272042,"Mazda 6 2.0 Premium 2017 Full Option Màu Xanh Cavansite Xe Đẹp Xe Mazda 6 bản 2.0 Premium Năm sản xuất 2017 Màu Xanh Cavansite rất đẹp và hiếm Odo 114.000 km chuẩn Máy số zin vận hành êm Keo chỉ nguyên zin, chưa tai nạn Nội thất sạch đẹp, full option Xe gia đình sử dụng kỹ, không lỗi Giá bán 435 triệu còn thương lượng cho người thiện chí Xem xe tại Đà Lạt Lâm Đồng"
p34_s1_1774765484,Mazda 3,1.5L Sport Premium,2022,580.0,50000.0,Tự động,Xăng,Hatchback,Việt Nam,Xanh,False,5,1.5,FWD,6,car_p34_s1_1774765484,"Mazda 3 Sport Premium 2022 màu xanh đậm, xe đi 50.000km. - Xe giữ gìn cẩn thận, không lỗi, không đâm đụng, không thủy kích. - Thiết kế thể thao, nội thất tiện nghi. - Giá 580 triệu. - Xe đang ở Hà Nội."
p5_s4_1774727073,Mazda Other,Deluxe 2.0 AT,2021,628.0,46000.0,Tự động,Xăng,SUV / Cross over,Việt Nam,Cam,True,5,2.0,FWD,6,car_p5_s4_1774727073,"Gia đình em cần bán xe cx5 đời 2021 xe mới như xe thùng chạy đúng 4 vạn , máy số sùn chỉ rin 100 . 4 vỏ rin theo xe còn mới vỏ sơ cua chưa chạm đất , xe trang bị màn hình xịn cam 360 Cammera để màn hình đầy đủ , xe em chính chủ ký mua bán huỷ quyền điều được , em bán bao ký rút hồ sơ gốc cho khach ở xa, có bớt lộc lá cho anh chị thiện chí đến xem xe mua nhanh vui vẻ nhiệt tình"
p36_s10_1774765971,CX-30,Luxury 2.0 AT,2022,608.0,77000.0,Tự động,Xăng,SUV / Cross over,Việt Nam,Cam,True,5,2.0,FWD,6,car_p36_s10_1774765971,"Mazda CX30 Luxury sản xuất 2022 Xe một chủ mua từ mới đã đi được 7v7 kilomet bảo dưỡng đầy đủ tại hãng Cam kết Không tai nạn Không ngập nước Động cơ, hộp số nguyên bản Pháp lý rõ ràng Bao kiểm tra xe toàn quốc"
p39_s6_1774766569,Mazda Other,2.2L 4x2 AT,2018,390.0,180000.0,Tự động,Dầu,Pick-up (bán tải),Khác,Cam,False,5,2.2,FWD,6,car_p39_s6_1774766569,"Cam kết xe zin đét. K tai nạn, ngập nước. Lh"
p22_s11_1774760967,BT-50,3.2L 4x4 AT,2013,295.0,170000.0,Tự động,Dầu,Pick-up (bán tải),Thái Lan,Nâu,False,5,2.0,FWD,6,car_p22_s11_1774760967,"Cần tiền bán xe mazda bt50, sx 2013 nhập khẩu thái lan, stđ 2 cầu. Xe vừa sơn quây, máy làm lại ngon. Cột kèo keo zin, có cảm biến áp suất lốp,màn hình androi cam hành trình cam lùi đầy đủ. Giá mong muốn 295tr có thương lượng. Ac có nhu cầu lh Xem xe thủ đức, tphcm."
p18_s2_1776270258,Mazda 6,Premium 2.0 AT,2019,525.0,69000.0,Tự động,Xăng,Sedan,Khác,Đỏ,True,5,2.0,FWD,6,car_p18_s2_1776270258,". Mazda6 2.0 premium sx2019 xe 1 chủ mua mới sử dụng . Odo69000 km full lịch sử bảo dưỡng . Cam kết xe k lỗi cấn đungj,thuỷ kích,ngập nước . Cam kết động cơ và họp số rin 100 . Bảo hành cửa hàng động cơ và họp số 10000km/6 tháng . Hổ trợ trả góp 50_nhận đổi xe bù trừ . Xem xe 390 Nguyễn hữu thọ Đà Nẵng"
p41_s4_1774766941,CX-5,Premium 2.0 AT,2022,735.0,30000.0,Tự động,Xăng,SUV / Cross over,Việt Nam,Xanh,False,5,2.0,FWD,6,car_p41_s4_1774766941,"MAZDA CX-5 2.0 PREMIUM 2022 Màu xanh 42M Odo 3 vạn km, xe giữ gìn Nguyên dàn lốp theo xe ốp dự phòng chưa hạ Trang bị nhiều option hiện đại Cam kết chất lượng bản văn bản Check test mọi nơi Hỗ trợ vay ngân hàng lãi suất ưu đãi"
p45_s7_1774767843,Mazda 2,GLX AT,2022,386.0,70000.0,Tự động,Xăng,Minivan (MPV),Khác,Khác,True,7,2.0,FWD,6,car_p45_s7_1774767843,Cần Bán Mazda 2 AT 1.5 2024 Biển 43 - Nói không với đâm đụng ngập nước - Full lịch sử hãng - Lốp sơ cua chưa hạ - Màn Androi Mec 12ing - Flim Cách Nhiệt - Odo 7vạn Giá 386tr có thương lượng LH Toàn Xe chính chủ ra công chứng sang tên nhanh gọn
p34_s15_1774765620,CX-8,Premium,2023,899.0,55000.0,Tự động,Xăng,SUV,Khác,Cam,False,7,2.0,FWD,6,car_p34_s15_1774765620,"Mazda CX8 Premium 2023 Odo 55.000km Giá 899tr Cam kết odo chuẩn, k đâm đụng, k ngập nước, k đại tu động cơ hộp số LH Thy"
p43_s6_1774767392,Mazda 3,Unknown,2016,370.0,80000.0,Tự động,Xăng,Sedan,Khác,Trắng,False,5,2.0,FWD,6,car_p43_s6_1774767392,"MAÁDA 3 odo 8 vạn siêu hiếm cá nhân biển Hà Nội zin tuyệt đối ngoại thất sơn si bóng đẹp, Nội thất tươi điều hòa mát gầm bệ chắc , đăng kiểm dài 2026 ,Chủ xe bảo dưỡng định kỳ. giá 37x Địa chỉ 90 Phạm hùng đối diện tòa Keangnam nam Từ liêm Hà Nội"
p40_s16_1774766871,CX-5,2.0 Premium,2024,810.0,5000.0,Tự động,Xăng,SUV,Khác,Đen,False,5,2.0,FWD,6,car_p40_s16_1774766871,"Cần bán xe Mazda CX5 2.0 premium sản xuất 2024 Mới đi được 5.000 km Sơn zin 100, chưa sơn dặm Xe được dán PPF cả xe hết gần 40tr, có nước hoa khuyết tán,camera hành trình, bảo hiểm thân vỏ . Mình bán với giá 810tr"
p31_s12_1774764980,CX-8,Premium,2024,970.0,20000.0,Tự động,Xăng,SUV,Khác,Trắng,False,7,2.0,FWD,6,car_p31_s12_1774764980,"CX8 2024 Premium trắng tinh khôi phom dáng mới nhất, chạy 2 vạn km Chất lượng tuyệt đối, bao check thoải mái Chỉ 9xx triệu Có hỗ trợ ngân hàng Xem xe tại hà nội Nhận trao đổi hoặc thu mua xe mazdacx8"
p4_s12_1774726940,Mazda 3,1.5 AT Sedan,2017,365.0,139000.0,Tự động,Xăng,Sedan,Việt Nam,Khác,False,5,1.5,FWD,2,car_p4_s12_1774726940,Mazda 3 FL 1.5 Hatchback đời cuối 2017 xe gia đình sử dụng kỷ còn rất mới cá nhân đứng tên ngay chủ bán xem xe tại sài gòn
p72_s11_1776277510,Mazda 6,Premium 2.0 AT,2024,779.0,8500.0,Tự động,Xăng,Sedan,Việt Nam,Cam,True,5,2.0,FWD,6,car_p72_s11_1776277510,"MAZDA 6 2.0 GÓI TCCC 2024 XE LƯỚT CỰC ĐẸP Anh/chị nào đang tìm sedan hạng D rộng rãi sang lái sướng thì đừng bỏ qua chiếc này nhé Mazda 6 2.0 AT Gói TCCC Năm sản xuất 2024 Odo 8.500 km xe lướt đúng nghĩa Ngoại thất sang trọng nội thất đẹp như mới Máy xăng 2.0 số tự động, vận hành êm ái, tiết kiệm Gói TCCC an toàn cao cấp Cảnh báo va chạm Hỗ trợ phanh thông minh Cảnh báo lệch làn Kiểm soát hành trình Camera, cảm biến đầy đủ Xe zin nguyên bản không tai nạn không ngập nước Hồ sơ pháp lý chuẩn, sang tên nhanh gọn Giá bán chỉ 779 triệu giá quá tốt cho Mazda 6 2024 lướt Liên hệ xem xe lái thử Thái Fastcars"
p36_s13_1776273279,Mazda 3,1.5L Luxury,2020,485.0,80000.0,Tự động,Xăng,Sedan,Việt Nam,Đỏ,False,5,1.5,FWD,6,car_p36_s13_1776273279,"Mazda 3 Luxury 2020 Đỏ Phale Rất Đẹp Xe Odo 8v Chuẩn Lốp Mic Mới Thay Cả Dàn / Sơ cua chưa Hạ Xe Nguyên Rin Gốc 47 Đẹp K Lỗi Bao Ckek Mọi Nơi Bản Luxury Trang Bị Nhiều Option Như Ghế Da , Ghế chỉnh điện , Nhớ ghế 2 vị trí , Đèn Auto ful led , Cảm Biến An toàn .... Giá Em Bán Chỉ 485 T Hỗ Trợ Bank 60 Hoặc Trao Đổi Các Loại Xe Lh E Tín"
p10_s3_1776268924,Mazda 6,3.0,2018,498.0,53000.0,Tự động,Xăng,Sedan,Khác,Đỏ,True,5,3.0,FWD,6,car_p10_s3_1776268924,"Mazda 6 Đỏ 2018 1 chủ HCM mới có 53.000km Xe chuẩn zin không đâm đụng ngập nước Động cơ 2.0 êm ái, tiết kiệm nhiên liệu Bao test hãng toàn quốc, sơ cua chưa hạ luôn Giá 498tr bao công chứng rút gốc Nhận trao đổi lên đời tất cả các hãng Alo em xem xe -"
p9_s0_1776268751,CX-8,Premium,2020,748.0,58000.0,Tự động,Xăng,SUV,Khác,Cam,False,7,2.0,FWD,6,car_p9_s0_1776268751,"Mazda CX8 SX 2020 bản Premium cao cấp Xe gia đình sử dụng giữ gìn kĩ, bảo dưỡng full lịch sử hãng Chất xe cứng , không lỗi lầm 1 chi tiết nhỏ xíu cam kết chất lượng Máy zin , không đâm va hay thủy kích, bao check test thoải mái Hỗ trợ sang tên đổi chủ , thủ tục nhanh gọn Hỗ trợ bank , lãi suất tốt, thủ tục đơn giãn Chế độ hậu mãi tốt, bảo hành động cơ máy móc sau khi mua xe Gía cả hợp lí , thương lượng khi khách tới xem xe trực tiếp"
p14_s18_1776269701,Mazda Other,2.0 Deluxe,2022,668.0,59000.0,Tự động,Xăng,SUV / Cross over,Việt Nam,Cam,True,5,2.0,FWD,6,car_p14_s18_1776269701,"Mazda CX 5 2022 2.0 Deluxe chạy 5v9 km, 1 chủ từ mới. Cam kết chất lượng bằng văn bản, check test theo yêu cầu"
p57_s4_1776275382,CX-5,Luxury 2.0 AT,2021,685.0,16000.0,Tự động,Xăng,SUV / Cross over,Việt Nam,Khác,False,5,2.0,FWD,6,car_p57_s4_1776275382,"Mazda cx5 sx 2021 bản luxury siẻu đẹp như mới, odo đúng 16.000km 5 lốp theo xe, sơ cua chưa hạ Xem là mê ngay Xem xe quận 12 Cảm ơn ae xem tin"
p3_s12_1774726755,Mazda 3,1.5L Luxury,2023,590.0,30000.0,Tự động,Xăng,Hatchback,Khác,Đen,True,5,1.5,FWD,6,car_p3_s12_1774726755,"Chính chủ cần bán xe Mazda 3 Luxury màu xanh đen, xe 5 chỗ, thiết kế hiện đại, vận hành êm ái. - Nội thất rộng rãi, tiện nghi. - Xe 1 đời chủ giữ gìn cẩn thận, sẵn sàng sử dụng. - Xe tại HCM"
p41_s6_1776273536,Mazda 3,1.5 Luxury,2024,610.0,10600.0,Tự động,Xăng,Sedan,Khác,Trắng,False,5,1.5,FWD,6,car_p41_s6_1776273536,Mazda 3 1.5 Luxury 2024 Odo 10.600 Km Giá 610Tr 200Tr nhận xe Hổ Trợ Vay 70 CAM KẾT 𝐎𝐃𝐎 𝐂𝐡𝐮𝐚𝐧 - 𝐊𝐡𝐨𝐧𝐠 Đ𝐚𝐦 Đ𝐮𝐧𝐠 𝐍𝐠𝐚𝐩 𝐍𝐮𝐨𝐜 Xem Xe Cần Thơ-
p42_s13_1774767262,Mazda 6,Unknown,2002,60.0,10245.0,Số sàn,Xăng,Sedan,Nhật Bản,Khác,False,5,2.0,FWD,6,car_p42_s13_1774767262,Xe chạy tốt. Mọi chức năng ok. Bán lại cho ae chạy tết
p65_s13_1776276574,Mazda 6,2.0L,2017,395.0,73000.0,Tự động,Xăng,Sedan,Việt Nam,Khác,True,5,2.0,FWD,6,car_p65_s13_1776276574,Mình cần bán Mazda 6 2016 đăng kí 2017 Siêu cọp 73.000KM mới đét chạy cực ngon biển Sài Gòn 1 chủ mua mới anh chị có nhu cầu xin liên hệ
p73_s8_1776277685,CX-5,Premium 2.0 AT,2024,815.0,21639.0,Tự động,Xăng,SUV / Cross over,Việt Nam,Khác,True,5,2.0,FWD,6,car_p73_s8_1776277685,"Mazda CX5 2.0 Premium Active 2024 Một chủ từ đầu Odo 2 vạn km, xe zin nguyên bản Xe cá nhân sử dụng, bảo dưỡng đúng lịch Ngoại thất nội thất rất mới Máy số êm, khung gầm chắc Không tai nạn, không ngập nước Phiên bản Premium Active Đủ công nghệ an toàn, vận hành ổn định, giữ giá tốt Giá bán 815 triệu Xe sẵn, hồ sơ đầy đủ, sang tên nhanh Bao check test theo yêu cầu"
p27_s1_1776271861,Mazda 3,Deluxe,2023,530.0,14000.0,Tự động,Xăng,Sedan,Khác,Đỏ,False,5,2.0,FWD,6,car_p27_s1_1776271861,"Mazda 3 Deluxe 2024 XE ĐẸP NHƯ MỚI Phiên bản Mazda 3 Deluxe Năm đăng ký 2024 Số km 14.000 km Màu Đỏ Tình trạng Xe nữ sử dụng, đi cực giữ gìn Nội thất ghế da sạch đẹp Xe còn rất mới, chạy êm, không lỗi Không đâm đụng, không ngập nước Trang bị Cảm biến trước sau Camera hành trình Nội thất đẹp, sạch sẽ Giá bán 530 triệu"
p1_s1_1776267475,CX-8,Luxury,2019,620.0,99000.0,Tự động,Xăng,SUV / Cross over,Khác,Trắng,True,5,2.0,FWD,6,car_p1_s1_1776267475,"CX8, Luxury, 2019, xe một đời chủ, chính chủ rao bán, odo 99k km. Xe bão dưỡng đúng định kỳ, bao test hãng. Giá mong muốn 620tr. Xe đứng tên công ty, xuất hoá đơn đủ. Xem xe ở KCN Tân Tạo, HCM"
p25_s6_1774763558,Mazda 6,2.0 Premium,2021,590.0,48000.0,Tự động,Xăng,Sedan,Việt Nam,Đen,False,5,2.0,FWD,6,car_p25_s6_1774763558,Mazda 6 sx 2021 bản premium cao nhất. Chạy cực ngon và đỉnh form dáng thể thao Xem xe quận 12 Cảm ơn ae xem tin
p28_s11_1776272135,CX-8,Premium,2020,798.0,45000.0,Tự động,Xăng,SUV / Cross over,Khác,Khác,False,7,2.5,FWD,6,car_p28_s11_1776272135,"Tên xe Mazda Cx-8 2.5 Premium 1 cầu 2020 Biển số 93A 22501 Odo 45.000Km Phiên bản 2.5 Premium Option trang bị thêm Film cách nhiệt, lót sàn, led nội thất,... - Tình trạng xe xe đẹp không lỗi, máy số nguyên zin. - Bảo hành Động cơ hộp số 3 tháng hoặc 3.000 km Giá niêm yết 798 Triệu đã bao gồm phí rút hồ sơ."
p66_s2_1776276630,Mazda Other,2.5 Premium AWD,2022,750.0,45000.0,Tự động,Xăng,SUV / Cross over,Việt Nam,Khác,False,7,2.5,FWD,6,car_p66_s2_1776276630,"- CX8 delux 2022 - Odo 4,5v km - Cốp điện , HUD , đèn liếc ,,,"
p73_s10_1776277706,CX-5,Unknown,2017,490.0,74000.0,Tự động,Xăng,SUV,Khác,Xanh,False,5,2.0,FWD,6,car_p73_s10_1776277706,"MAZDA CX5 2017 FL 5 chổ gầm cao rất đep - Chất xe gia đình sử dụng rất đẹp, rin không lỗi, máy rin nguyên bản,, - Nội thất ngoại thất còn rất mới,,đăng kiểm dài, dàn lốp đẹp,, cam hành trình, đã lên màn hinh androis,, xem xe 503 Nguyễn Văn Cừ, Tp BMT, DakLak"
p34_s10_1776273049,Mazda Other,Unknown,2023,675.0,65000.0,Tự động,Xăng,SUV / Cross over,Việt Nam,Trắng,True,5,2.0,FWD,6,car_p34_s10_1776273049,"Hàng hiếm Mazda CX5 Deluxy 2023 màu trắng lướt odo 6v5 chuẩn 1 chủ từ đầu . Sơn Zin còn quanh xe xe để mộc cho khách xem cần sơn gì mình sơn đó xe có bảo hiểm thân vỏ Full lịch sử hãng, sơ cua chưa hạ - Cam kết ko đâm đụng ngập nước - Hỗ trợ vay 70 giá trị xe Giá bán 6xx Xem xe thương lượng Xem xe tại Đà Nẵng Liên hệ 43Car Nguyễn Vương Auto"
p13_s11_1776269469,Mazda 3,1.5 AT,2018,439.0,12000.0,Tự động,Xăng,Sedan,Việt Nam,Đỏ,True,5,1.5,FWD,6,car_p13_s11_1776269469,"Siêu Một Viên Mazda 1.5 2018 Một Chủ Mua Mới Km 12.000, Cruise control lẫy chuyển số, 4 Vỏ theo xe, sơ cua chưa lăn, , cửa sổ trời...Vvv Hỗ trợ Bank 70 giá trị xe - 𝗖𝗮𝗺 𝗸𝗲𝘁 𝗞𝗵𝗼𝗻𝗴 đ𝗮𝗺 đ𝘂𝗻𝗴, 𝗡𝗴𝗮𝗽 𝗻𝘂𝗼𝗰 - Đ𝗼𝗻𝗴 𝗰𝗼,𝗵𝗼𝗽 𝘀𝗼 𝗻𝗴𝘂𝘆𝗲𝗻 𝗯𝗮𝗻 - 𝗕𝗮𝗼 𝗵𝗮𝗻𝗵 𝟲 𝘁𝗵𝗮𝗻𝗴 𝗰𝗵𝗼 𝘅𝗲 𝗯𝗮𝗻 𝗿𝗮 - 𝗕𝗮𝗼 𝘁𝗲𝘀𝘁 𝗵𝗮𝗻𝗴, 𝗚𝗶𝗮𝗼 𝘅𝗲 𝘁𝗼𝗮𝗻 𝗤𝘂𝗼𝗰 Showroom 655 ĐT 747, Bình Mỹ, Bắc Tân Uyên, Bình Dương https//maps.app.goo.gl/GJwKCou6quXdr7JSAg_stiz Hotline ÔTôQuânBồBìnhDương"
p18_s14_1776270373,BT-50,2.2 AT 2WD,2018,388.0,116000.0,Tự động,Dầu,Pick-up (bán tải),Thái Lan,Bạc,True,5,2.2,FWD,2,car_p18_s14_1776270373,"LÊ CAN AUTO BÁN XE - MAZDA BT 50 SX 2018 TỰ ĐỘNG 1 CẦU, 1 CHỦ MUA MỚI XE LÊN NHIỀU PHỤ KIỆN CỰC ĐẸP - TRANG BỊ GHẾ DA ZIN, TRẦN NI LÔNG, MÀN HÌNH ZETECH, NẮP THÙNG CAO , LÓT SÀN, ĐĂNG KIỂM BẢO HIỂM CÒN DÀI . - FULL LỊCH SỬ BẢO DƯỠNG - ODO 1116000 KMCHUẨN 100 - XE ĐẸP NGUYÊN ZIN BAO KO CẤN ĐỤNG, KO THUỶ KÍCH, KO PHẠT NGUỘI , BAO TEST TOÀN QUỐC - 4 VÕ MỚI THAY CÒN DÀY CUI GHẦM MÁY CỰC CHẤT - BẢO HÀNH1 NĂM HOẶC 20.000KM ĐỘNG CƠ VÀ HỘP SỐ - BANK HỖ TRỢ 50-70 KO CẦN CM THU NHẬP - PHÁP LÝ RÕ RÀNG MINH BẠCH - BAO QUÝ KHÁCH HÀNG RÚT GỐC VÀ HỖ TRỢ SANG TÊN - HỖ TRỢ THU XE LẠI GIÁ KHI QUÝ KHÁCH MUA XE TẠI CỬA HÀNG VÀ TRAO ĐỔI XE ĐÃ QUA SỬ DỤNG VỚI GIÁ TỐT HƠN THỊ TRƯỜNG 10-20TRIỆU -TẠI CỬA HÀNG CÒN RẤT NHIỀU XE ĐẸP GIÁ TỐT CHO QUÝ ANH CHỊ LỰA CHỌN -GIÁ CÒN THƯƠNG LƯỢNG QUÝ AC XEM XE TRỰC TIẾP - QUÝ ACE XEM XE VUI LÒNG LIÊN HỆ GẶP MR. CAN ĐỂ NHẬN ĐƯỢC SỰ TƯ VẤN VÀ HỖ TRỢ - ĐỊA CHỈ 201 LÊ CƠ, P AN LẠC QUẬN BÌNH TÂN TPHCM -TRÂN TRỌNG"
p63_s2_1776276249,Mazda 6,2.0 AT,2015,420.0,14542.0,Tự động,Xăng,Sedan,Khác,Khác,False,5,2.0,FWD,2,car_p63_s2_1776276249,"Xe nữ ở Times City , độ gần 100 nội thất lên đẹp như Mec , loa nhạc nghe hay , thiện chí chốt nhanh cho anh chị em đi chơi Tết"
p21_s17_1776271109,CX-5,2.5 AT 2WD,2018,550.0,88000.0,Tự động,Xăng,SUV / Cross over,Việt Nam,Đen,True,5,2.5,FWD,6,car_p21_s17_1776271109,"nhập đội CX5 2018 form mới bản premium, 1 chủ từ đầu sử dụng xe full đồ chơi các kiểu dành cho dân chơi nhìn phát yêu ngay, option nhiều không đếm hết anh chị quan tâm gọi"
p20_s19_1774760615,CX-5,Premium Exclusive 2.0 AT,2024,835.0,12000.0,Tự động,Xăng,SUV / Cross over,Việt Nam,Cam,False,5,2.0,FWD,6,car_p20_s19_1774760615,"ĐƠN GIẢN MÀ ĐẲNG CẤP. Đèn trước LED tự động cân bằng góc chiếu Đèn hậu LED Mâm hợp kim 19 inch Ống xả kép thể thao Cốp sau chỉnh điện Ghế da cao cấp Ghế lái chỉnh điện 10 hướng, có nhớ vị trí Màn hình trung tâm 8 inch Hỗ trợ Apple CarPlay Android Auto Âm thanh 10 loa Bose Điều hòa tự động 2 vùng độc lập Phanh tay điện tử Auto Hold Chìa khóa thông minh khởi động nút bấm Cửa sổ trời Động cơ Skyactiv-G 2.0L Công suất tối đa 154 mã Hộp số Tự động 6 cấp Tiêu hao nhiên liệu 6,97,5 lít/100km hỗn hợp Trang bị gói an toàn chủ động i-Activsense. 6 túi khí ABS, EBD, BA Cân bằng điện tử DSC Kiểm soát lực kéo TCS Cảnh báo điểm mù BSM Cảnh báo phương tiện cắt ngang Cảnh báo lệch làn đường LDWS Camera lùi cảm biến... MAZDA CX5 PREMIUM EXCLUSIVE 2.0 AT ĐỜI 2024 Odo 12.000 km Nội Ngoại thất long lanh Bao kiểm tra hãng, rút hồ sơ gốc. Thủ tục hồ sơ rõ ràng nhanh gọn Hỗ trợ bank 70"
p14_s10_1776269616,CX-8,Premium,2020,690.0,103951.0,Tự động,Xăng,SUV,Khác,Đỏ,False,7,2.0,FWD,6,car_p14_s10_1776269616,"Mazda CX-8 Premium màu đỏ, xe 7 chỗ rộng rãi, 1 chu mua mới.phù hợp gia đình. - ODO 103.951 km, hộp số tự động. - Động cơ xăng vận hành êm ái. - Xe giữ gìn cẩn thận, nội thất sạch sẽ.xe máy số nguyên zin,không đam đụng ngập nước,bao test các kiểu mua ký giấy trong ngày có hỗ trợ sang tên"
p26_s9_1776271776,CX-30,Luxury 2.0 AT,2021,569.0,58000.0,Tự động,Xăng,SUV / Cross over,Thái Lan,Bạc,True,5,2.0,FWD,6,car_p26_s9_1776271776,"CX30 2.0 Luxury . sx cuối 2021 .Nhập thái chạy lướt 58 ngìn klm. Chất xe rất mới ,sơn zin còn gần cả xe. Xe 1 chủ từ đầu, bảo dưỡng full hãng. Bao check tes bên thứ 3 có cam kết văn bản. G.i.á 5xxtr còn thương lượng Xem Xe tại 246 lê thị riêng,thơi an Q12, HCM Hỗ trợGóp Ngân Hàng,Trao đổi xe,Vận chuyển xe. Thủ tục nhanh gọn , Pháp lý rõ ràng minh bạch Liên hệ mr Bình."
p70_s8_1776277087,CX-5,2.0 Luxury,2023,768.0,6000.0,Tự động,Xăng,SUV / Cross over,Khác,Khác,False,5,2.0,FWD,6,car_p70_s8_1776277087,Mazda CX-5 2.0 Luxury 2023 Biển số 66A 23349 Odo 6.000 km nguyên bản Giá niêm yết 768 tr
p4_s2_1776268069,CX-5,Premium Sport 2.0 AT,2024,790.0,13900.0,Tự động,Xăng,SUV / Cross over,Việt Nam,Đỏ,False,5,2.0,FWD,6,car_p4_s2_1776268069,"Bán CX5 - Premium Sport 2024 đăng ký Tháng 09/2024. - Xe mới đi mới 13,900km như mới. - Cam kết odo chuẩn nguyên zin, không đâm đụng, không ngập nước. - Full lịch sử bảo dưỡng hãng. - Bao check hãng hoặc gara Anh Chị quen. - Xe có sẵn Camera hành trình, film cách nhiệt, bệ chân, bộ kích bình theo xe , - Xe vẫn còn hạn bảo hiểm đến 09/0226. Xe ký công chứng mua bán sang tên trong ngày. Chia sẽ lại cho người dùng Anh Chị quan tâm liên hệ Em nha"
p23_s2_1776271291,Mazda 3,1.5 AT Hatchback,2016,368.0,80000.0,Tự động,Xăng,Hatchback,Khác,Cam,False,5,1.5,FWD,2,car_p23_s2_1776271291,Mazda 3 2016 Sport đẹp xuất sắc chạy 8v km Full kịch đồ chơi 50tr món hời quá lớn Màn hình androi cỡ lớn cam 360 20tr Dàn lốp mít mới cứng 16tr Thảm da 4tr Cảm biến áp xuất lốp Cam hành trình Xem xe phát ưng luôn ae nhìn nội thất thì biết
p45_s18_1776273756,CX-30,Luxury,2024,635.0,13000.0,Tự động,Xăng,SUV,Việt Nam,Đỏ,False,5,2.0,FWD,6,car_p45_s18_1776273756,"Mazda CX-30 2024 Luxury màu đỏ, xe 5 chỗ, động cơ xăng, hộp số tự động. - Thiết kế hiện đại, nội thất sang trọng. - Vận hành êm ái, tiết kiệm nhiên liệu. Rat mơi đẹp. Kg Lổi nhỏ . Son zin nguyen chiec ."
p18_s6_1774760005,Mazda 3,Luxury,2023,530.0,95000.0,Tự động,Xăng,Sedan,Khác,Đen,False,5,2.0,FWD,6,car_p18_s6_1774760005,"Mazda3 Luxury đời 2023 màu đen, xe chạy 95.000km. - Thiết kế sang trọng, nội thất tiện nghi. - Động cơ vận hành êm ái, tiết kiệm nhiên liệu. - Giá 530 triệu."
p5_s17_1776268281,CX-5,2.0 Premium,2020,620.0,80000.0,Tự động,Xăng,SUV / Cross over,Khác,Đỏ,True,5,2.0,FWD,6,car_p5_s17_1776268281,"Cần bán Mazda CX5 2.0 Premium 2020 màu đỏ. Xe 1 chủ. Gia đình sử dụng được 80 ngàn km. Cam đoan xe không đâm đụng, không ngập nước. Động cơ và nội thất nguyên zin. Bản cao cấp với nhiều hệ thống hiện đại. Sunproof, ghế chỉnh điện nhớ vị trí, HUD, cruise control, cảm biến lệch làn, hệ thống loa Bose... chìa khoá Remote đủ 2 chìa. Hỗ trợ trả góp qua ngân hàng."
p45_s19_1774767980,CX-30,2.0 Premium,2024,715.0,3500.0,Tự động,Xăng,SUV,Việt Nam,Khác,False,5,2.0,FWD,6,car_p45_s19_1774767980,Cx30 2.0 Premium 2024 siêu lướt 3500km Xe và biển ở SG
p52_s5_1776275011,Mazda 3,1.5L Luxury,2023,579.0,14000.0,Tự động,Xăng,Sedan,Việt Nam,Đỏ,True,5,1.5,FWD,6,car_p52_s5_1776275011,"Mazda 3 Luxury màu đỏ, xe đẹp, chạy êm. - Odo 14.000km xe trùm mền full lịch sử hãng - Bao check test toàn quốc - Hỗ trợ NH 70 lãi suất ưu đãi. - Hỗ trợ rút hồ sơ gốc, sang tên toàn quốc Xem xe thương lượng giá trực tiếp tại Long Xuyên, An Giang"
p34_s5_1774765523,CX-5,2.0 AT,2019,580.0,55000.0,Tự động,Xăng,SUV / Cross over,Khác,Đỏ,True,5,2.0,FWD,6,car_p34_s5_1774765523,"CX5-2.0-2019 AT Màu đỏ Pha Lê Xe đi 5,5v , chính chủ , biển Hải Phòng Giá mong muốn 5xx"
p31_s2_1774764870,Mazda 3,1.5 AT,2018,413.0,70000.0,Tự động,Xăng,Hatchback,Khác,Xanh,True,5,1.5,FWD,6,car_p31_s2_1774764870,"Cần bán Mazda 3 hatchback xanh cavansite 2018.Xe gia đình nói không với dịch vụ,xe đẹp khung gầm chắc chắn, có xước dăm.Đăng kiểm còn dài.pháp lý rõ ràng chính chủ Check test thoải mái.Ae thiện chí liên hệ tên Nam"
p5_s12_1774727159,Mazda 3,1.5 AT,2017,349.0,110567.0,Tự động,Xăng,Hatchback,Việt Nam,Vàng,False,5,1.5,FWD,6,car_p5_s12_1774727159,"Bán hoặc giao lưu 7 chỗ Mazda 3 216 lăn bánh 2017 hatchback màu vàng cát, xe 5 chỗ, động cơ xăng, hộp số tự động. - Xe sản xuất tại Việt Nam. - Thiết kế hiện đại, nội thất tiện nghi. - Vận hành êm ái, tiết kiệm nhiên liệu. - 111.267km chuẩn full lịch sử thaco check thoải mái - Zin không mất phân chỉ nào - Máy móc nguyên zin - Không đâm đụng, ngập nước"
p22_s15_1776271238,CX-5,Luxury 2.0 AT,2024,740.0,12000.0,Tự động,Xăng,SUV / Cross over,Việt Nam,Bạc,True,5,2.0,FWD,6,car_p22_s15_1776271238,"CX5- 2.0 Luxury . sx cuối 2024. Allnew. chạy lướt 12 ngìn klm. Chất xe như mới ,sơn zin còn cả xe. Xe 1 chủ từ đầu, bảo dưỡng full hãng. Xe đã dán Full PPF ,Option cơ bản Bao check tes bên thứ 3 có cam kết văn bản. G.i.á 7xxtr còn thương lượng Xem Xe tại 246 lê thị riêng,thơi an Q12, HCM Hỗ trợGóp Ngân Hàng,Trao đổi xe,Vận chuyển xe. Thủ tục nhanh gọn , Pháp lý rõ ràng minh bạch Liên hệ mr Bình."
p17_s10_1774759832,BT-50,AT,2018,448.0,102000.0,Tự động,Dầu,Pick-up (bán tải),Việt Nam,Khác,True,5,2.0,FWD,6,car_p17_s10_1774759832,"Salon Auto Thành Trung chào bán Bán tải MAZDA BT50 2018 Phiên bản 3.2L hai cầu, số tự động. Xe chuẩn không lỗi, động cơ hộp số nguyên bản hoạt động tốt. Một chủ mua mới từ đầu, hồ sơ cầm tay sang tên nhanh chóng. Hỗ trợ trả góp với thủ tục nhanh chóng Bao thủ tục sang tên nhanh gọn. Bên em chuyên mua bán và trao đổi, bù trừ tất cả các dòng xe. Quý khách xin liên hệ để được tư vấn biết thêm thông tin chi tiết."
p31_s18_1774765055,Mazda 3,Premium,2023,600.0,59299.0,Tự động,Xăng,Hatchback,Việt Nam,Đỏ,False,5,2.0,FWD,6,car_p31_s18_1774765055,"Mazda 3 Sport Premium sản xuất và lăn bánh tháng 9/2023, 01 đời chủ mua từ mới, đây là bản cao cấp nhất trong phân khúc, đã lên camera 360, chống ồn toàn xe, cam kết ko đâm đụng, ko ngập nước xe ở trong thành phố nên ko bị ngập nước, ngoài TP phường tây NT mới ngập, bao check toàn quốc"
p20_s1_1776270817,Mazda 3,1.5L Luxury,2022,535.0,36000.0,Tự động,Xăng,Sedan,Khác,Cam,True,5,1.5,FWD,6,car_p20_s1_1776270817,"Mazda3 1.5Luxury sx2022 1 chủ từ mới lăn bánh chuẩn 36.000Km full lịch sử hãng cực đẹp Liên hệ em Đức Vượng Auto - Địa chỉ Trường Thành - An Lão - Hải Phòng Xem xe phát hiện lỗi hoặc tua km em biếu 10tr EM CÓ NHẬN TRAO ĐỔI BÙ TRỪ - GIAO XE CHECK XE TOÀN QUỐC Xe Cam kết Không tai nạn, không ngập nước, máy hộp số keo chỉ zin Không tua Km Pháp lý rõ ràng Bảo Hành 1 năm hoặc 10.000Km Khách hàng check test idol hoặc bất kỳ ở đâu trên toàn quốc"
p38_s19_1776273438,Mazda 3,1.5L Luxury,2023,569.0,40000.0,Tự động,Xăng,Sedan,Việt Nam,Cam,False,5,1.5,FWD,6,car_p38_s19_1776273438,"Mazda 3 2023 1.5L Luxury Odo chuẩn 40.000km Bao check test toàn quốc Trang bị nhiều option Cam kết không đâm đụng tai nạn, không ngập nước, không tua đồng hồ Có hỗ trợ trả góp XEM XE TRỰC TIẾP TẠI HCM"
p33_s4_1776272883,Mazda 3,1.5 AT,2016,359.0,160000.0,Tự động,Xăng,Sedan,Khác,Đen,False,5,1.5,FWD,6,car_p33_s4_1776272883,"Bán Mazda 3 2016 Ngoại thất còn đẹp Động cơ bền bỉ, vận hành êm ái Phù hợp đi gia đình hoặc chạy dịch vụ nhẹ nhàng"
p43_s0_1774767328,Mazda 6,2.5 AT,2015,420.0,94000.0,Tự động,Xăng,Sedan,Khác,Khác,False,5,2.5,FWD,2,car_p43_s0_1774767328,"MAZDA6 2.5L 2015 Tên cá nhân biển HN từ mới Đẹp keng ko lỗi nhỏ Odo hơn 9v km Sẵn xe giao ngay Giá quanh 400 Xem xe tại Long Biên , HN Xin cảm ơn"
p38_s14_1774766399,CX-30,Premium 2.0 AT,2023,686.0,17000.0,Tự động,Xăng,SUV / Cross over,Khác,Xanh,True,5,2.0,FWD,6,car_p38_s14_1774766399,"Xe gia đình cần bán Mazda CX30 - 2.0 Premium bản cao cấp nhất Sx 2023 - Xe gầm cao cá nhân 1 chủ full bảo dưỡng còn bảo hành hãng. 𝐌𝐚𝐮 𝐱𝐞 Xanh Cavansite - nội thất nâu siêu lướt 17.000 km như xe mới. Trang bị Xe gầm cao Động cơ 2.0L - 153Hp , Hộp số tự động 6 cấp, cửa sổ trời, hub kính lái, vô lăng bọc da 3 chấu tích hợp lẩy chuyển số, điều hòa tự động có cửa gió hàng ghế sau, Đảm bảo ko đâm đụng, ngập nước. Bao test hãng toàn quốc Bao bank, duyệt hồ sơ trong ngày Giá chỉ 6xxtr VND Ngân hàng hỗ trợ 70"
p13_s10_1776269457,CX-5,2.0 Premium,2020,650.0,50700.0,Tự động,Xăng,SUV / Cross over,Việt Nam,Trắng,False,5,2.0,FWD,6,car_p13_s10_1776269457,"Bán xe Mazda CX5 2.0 Premium 2020, đăng ký 09/2020, màu trắng nội thất đen, xe 1 đời chủ mua hãng sử dụng kỹ, bảo dưỡng hãng đầy đủ, không có tai nạn và thuỷ kích, bảo hiểm và đăng kiểm đến 09/2026, 4 vỏ michelin mới thay, giấy tờ cá nhân cầm tay, công chứng ngay. Giá 650 triệu. Liên hệ - Tinh Tú."
p67_s13_1776276832,Mazda 3,1.5L Luxury,2019,445.0,65000.0,Tự động,Xăng,Sedan,Việt Nam,Cam,True,5,1.5,FWD,6,car_p67_s13_1776276832,"Mazda3 1.5 Sedan sx 2019 phiên bản kỷ niệm ghế kem xe 1 chủ mua từ mới, odo 6v5 km chủ cũ đi giữ gìn, trang bị đề nổ, màn hình camera lùi, đệm da, ghế điện, phanh tay điện tử..vv Ae quan tâm vui lòng liên hệ trực tiếp để được tư vấn"
p29_s8_1776272289,Mazda 2,1.5 AT,2024,369.0,51000.0,Tự động,Xăng,Sedan,Thái Lan,Trắng,False,5,1.5,FWD,6,car_p29_s8_1776272289,"Ô TÔ THIÊN HẢI CHÀO BÁN MAZDA 2 1.5 AT SX 2024 NHẬP KHẨU THÁI LAN Odo 51.000 km OPTIONS Đề nổ star/stop, gương kính gập chỉnh điện, màn hình Androi, camera lùi, camera hành trình, chế độ lại Sport, đèn Led, GIÁ NIÊM YẾT 369 triệu Ô TÔ THIÊN HẢI với 20 năm hoạt động, khẳng định Bán xe đúng chất lượng truyền thông Pháp lý xe rõ ràng, minh bạch. Thu xe cũ đổi xe mới khấu hao thấp. Hỗ trợ thanh toán linh hoạt"
p44_s9_1774767607,Mazda 6,Unknown,2003,95.0,168000.0,Số sàn,Xăng,Sedan,Việt Nam,Khác,True,5,2.0,FWD,6,car_p44_s9_1774767607,"Cân bán xe Mazda 626 sx 2003 bản đủ phanh ABS túi khí an toan Xe đăng ký tên tư nhân chính chủ Xe Đẹp Không Lỗi Lầm ,máy kim phun,khung gầm chắc,máy móc êm điều hoà mát lạnh, khám dài lốp đẹp,Mới bảo dưỡng ae sẵn về đi"
p40_s11_1774766814,Mazda 3,1.5L Luxury,2022,535.0,55000.0,Tự động,Xăng,Hatchback,Việt Nam,Khác,False,5,1.5,FWD,6,car_p40_s11_1774766814,"Hàng về phục vụ bà con cho kịp đi Tết MAZDA3 2022 luxury 1.5 lăn bánh 56.000km 4 lốp mới thay , chủ xe nói xe không đâm đụng ngập nước Full lịch sử hãng giá chỉ hơn 5 trăm xíu xíu Hú em tiztoz HOÀNG TÀU Ô TÔ HUẾ"
p31_s13_1776272680,Mazda 3,1.5L Luxury,2023,559.0,44000.0,Tự động,Xăng,Sedan,Việt Nam,Xám,True,5,1.5,FWD,6,car_p31_s13_1776272680,"MAZDA 3 LUXURY 2023, ODO CHUẨN 44.000KM, XE 1 CHỦ GIA ĐÌNH SỬ DỤNG Xe cam kết không đâm đụng, không ngập nước, odo chuẩn 44.000km Màu xe Xám Sản xuất 2023 ODO chuẩn 44.000 km Pháp lý Xe 1 CHỦ MUA MỚI TỪ ĐẦU, gia đình sử dụng."
p37_s3_1774766077,Mazda Other,3.0,2023,695.0,13000.0,Tự động,Xăng,SUV / Cross over,Việt Nam,Cam,False,5,3.0,FWD,6,car_p37_s3_1774766077,"MAZDA CX-5 2023 MODEL 2024 SIÊU LƯỚT 13.000KM Dòng xe cháy hàng nhất nhà em Quyền lại về Tình trạng Xe như mới, sơn zin, nội thất thơm mùi xưởng. Cam kết Không đâm đụng, không ngập nước, máy móc keo chỉ zin 100. Giá chốt 695 Triệu Bao hồ sơ cầm tay. Liên hệ e Quyền -"
p58_s3_1776275512,Mazda 3,1.5L Luxury,2019,460.0,45000.0,Tự động,Xăng,Sedan,Việt Nam,Cam,True,5,1.5,FWD,6,car_p58_s3_1776275512,"Cần bán MAZDA 3 1.5SD FACELIFT sx 2019 full đồ chơi ,tên cá nhân 1 chủ từ đầu biển đà nẵng xe đã chạy 45.000km Zin 100 Lốp theo xe xi cua chưa hạ Xe được trang bị chìa khoá thông minh , bấm nổ , cửa nóc , điều hoà tự động, ghế điện, gẩy số vô lăng, tích hợp vô lăng , cruise control , màn hình , camera lùi, Đã lên màn Android, cam 360 đèn auto... Xe đẹp bao check test hãng Cam kết không đâm đụng, không ngập nước, máy số nguyên bản Hỗ trợ bank 70 giá trị xe LHxem xe 15 Mỹ an 7 p, ngũ hành sơn TP Đà Nẵng"
p10_s11_1776268969,CX-30,Premium 2.0 AT,2024,680.0,42000.0,Tự động,Xăng,SUV / Cross over,Việt Nam,Xanh,True,5,2.0,FWD,6,car_p10_s11_1776268969,Mazda CX30 Premium 2.0 AT 2024 Xanh Cavansite Xe Một Chủ Mua Mới Cuối 2024 Odo 42.000 km Chuẩn Full Lịch Sử Hãng Hổ Trợ Vay Tối Đa 60-70 Giá Trị Xe Có Mua Bán Trao Đổi Bù Trừ Cho Ace Giá Hổ Trợ Bao Hồ Sơ . .
p19_s4_1774760218,Mazda 3,1.5L Luxury,2023,569.0,40000.0,Tự động,Xăng,Sedan,Việt Nam,Cam,False,5,1.5,FWD,6,car_p19_s4_1774760218,"Mazda 3 2023 1.5L Luxury Odo chuẩn 40.000km Bao check test toàn quốc Trang bị nhiều option Cam kết không đâm đụng tai nạn, không ngập nước, không tua đồng hồ Có hỗ trợ trả góp XEM XE TRỰC TIẾP TẠI HCM"
p31_s16_1774765031,CX-5,Premium 2.0 AT,2023,759.0,40000.0,Tự động,Xăng,SUV / Cross over,Việt Nam,Đen,True,5,2.0,FWD,6,car_p31_s16_1774765031,"Mazda CX5 2023 Premium 2.0L, 5 chỗ,màu đen còn rất mới đẹp. - Odo 40.000 km, biển số HCM,1 chủ. - Đăng kiểm đến 10/2026. - Trang bị camera 360, 2 ghế chỉnh điện, cốp điện,phanh tay điện tử,cửa sổ trời,... Giá bán 759 triệu còn bớt lộc. Bao rút hồ sơ gốc. Hỗ trợ sang tên các tỉnh. Hỗ trợ hồ sơ trả góp ngân hàng. Hỗ trợ giao xe tận nơi. Thu đổi xe tận nơi giá cao. Cam kết chất lượng xe bán ra Không tai nạn, không cháy nổ Không ngập nước, thủy kích. Động cơ,hộp số, khung gầm nguyên bản. Bảo hành 6 tháng/5000km cho động cơ, hộp số."
p3_s17_1776268026,Mazda 3,1.6 Luxury,2024,605.0,16000.0,Tự động,Xăng,Hatchback,Khác,Xanh,True,5,1.6,FWD,6,car_p3_s17_1776268026,"Chính Chủ Em Bán MAZDA 3 bản 1.5 SPORT LUXURY, xe mua mới từ đầu đi giữ gìn cẩn thận, chất xe đẹp khỏi bàn, độ đầm chắc hơn bản sedan nhiều... Xe Zin từ con Ốc - Nguyên bản - còn Nilon Trong xe luôn Đăng ký 08/2024 Xuất xứ Việt Nam Odo 1.6 vạn Km, sơ cua chưa hạ Màu sắc Xanh Cavansize Pháp lý Cá nhân Dòng xe 5 chỗ Bảo dưỡng chuẩn định kỳ Option cao cấp ghế lái chỉnh định 8 hướng, bơm lưng, nhớ ghế 2 vị trí, đèn BiLED auto, cảm biến lùi, màn hình 8 inch kết nối carplay, gương chống chói auto, điều hoà 2 vùng auto Đồ chơi Phủ Ceramic 9H GB Mỹ, Film cách nhiệt llumia cao cấp, Lót sàn cao su đúc, thảm 6D, Cam hành trình Vietmap KC01 pro, lót cốp,. . . Bảo hành hãng còn dài đến 2029 Cam kết KHÔNG ĐÂM ĐỤNG - KHÔNG NGẬP NƯỚC - MÁY MÓC KEO CHỈ NGUYÊN BẢN... Giá chào 600 triệu có TL Liên hệ xem xe - E Thành Tây Hồ"
p45_s0_1776273710,CX-8,Premium,2023,930.0,28000.0,Tự động,Xăng,SUV,Việt Nam,Khác,True,7,2.0,FWD,6,car_p45_s0_1776273710,"Chính chủ cần bán Mazda CX8 bản Premium 2023 Xe gia đình chạy cẩn thận, sạch sẽ, biển số HCM . Bảo hiểm 2 chiều còn hạn tới tháng 10/2026. Odo 28.000 km Vui lòng liên hệ trực tiếp, không tiếp cò lái."
p73_s9_1776277696,CX-8,Luxury,2021,740.0,68210.0,Tự động,Xăng,SUV,Việt Nam,Trắng,False,7,2.0,FWD,6,car_p73_s9_1776277696,"Mazda CX-8 Luxury 7 chỗ màu trắng, sản xuất tại Việt Nam. - Xe trang bị động cơ xăng, hộp số tự động. - Thiết kế sang trọng, nội thất rộng rãi. - Vận hành êm ái, tiết kiệm nhiên liệu. - Cốp chỉnh điện - Ghế ra chỉnh điện nhớ hai vị trí, camera 360 , cảnh báo chệch làn đường - xe được trang bị đầy đủ như sàn simili trước sau, -phim cách nhiệt chống tia UV , camera hành trình"
p39_s13_1774766633,Mazda Other,2.0 AT 2WD,2015,420.0,65000.0,Tự động,Xăng,SUV / Cross over,Việt Nam,Khác,False,5,2.0,FWD,2,car_p39_s13_1774766633,"MAZDA CX-5 2.0 AT 2013 - HÀNG SIÊU CỌP, ĐẸP HIẾM CÓ Cần nhượng lại mẫu CUV đô thị cực chất, xe gia đình sử dụng kỹ, tình trạng hoàn hảo Sản xuất 2013 Odo 65.000 km Xe cực cọp so với đời Phiên bản 2.0 AT Số tự động 6 cấp mượt mà Trang bị nổi bật Mâm 19 inch thể thao. Ghế lái chỉnh điện, tích hợp sấy ghế. Cửa sổ trời thoáng đãng. Smart Cruise Control. Đặc biệt Lốp dự phòng chưa hạ. Tình trạng Nội ngoại thất nguyên bản, máy móc êm ru, bảo dưỡng đầy đủ. Giá chào 4xx min triệu thương lượng cho anh em nhanh gọn Xem xe QL13, đối diện BV Hạnh Phúc. Liên hệ Tuấn zalo/tele/wechat"
p42_s11_1774767240,Mazda 3,3.0,2016,362.0,70000.0,Tự động,Xăng,Sedan,Khác,Trắng,False,5,3.0,FWD,6,car_p42_s11_1774767240,"Mazda 3 màu trắng Odo 63.000 km Năm 2016 Option Dán kính, trải sàn, camera lùi, ghế da, màn hình android, Bảo hành chính hãng Mua xe tại T Sure - Trung Tâm Mua Bán Xe Cũ Chính Hãng tại Toyota Hiroshima Tân Cảng Giấy tờ rõ ràng minh bạch đủ điều kiện sang tên Giấy chứng nhận kiểm tra 176 hạng mục Bảo hành riêng biệt đối với từng dòng xe Hỗ trợ kỹ thuật 24/7 CAM KẾT 3 KHÔNG Không đâm đụng - Không ngập nước. Không tháo rã động cơ. Không tua km. Không phạt nguội - Không tranh chấp."
p13_s12_1776269481,Mazda 3,1.5L Luxury,2024,585.0,8000.0,Tự động,Xăng,Hatchback,Việt Nam,Cam,False,5,1.5,FWD,6,car_p13_s12_1776269481,"Chiếc xe này mới có 8.000 cây số Mazda 3 LUXURY 2024 sơn zin 99 hỗ trợ trả góp Trang bị Lẫy số vô lăng, Đèn pha Auto gạt mưa Auto, Cruise, cam lùi cảm biến lùi, ghế điện nhớ ghế 2 vị trí VÀ RẤT nhiều tính năng khác v.v. Xem xe Km 28, QL 26 Đắk Lắk"
p13_s19_1776269536,CX-5,2.5 Signature Premium 2WD,2019,615.0,80000.0,Tự động,Xăng,SUV / Cross over,Việt Nam,Đỏ,False,5,2.5,FWD,6,car_p13_s19_1776269536,MAZDA CX5 2.5 2019 MÀU ĐỎ THỐNG SỐ XE ODO 8 vạn ĐỘNG CƠ 2.2 Máy dầu Ghế Điện . Auto Hold . Điều hoà tự động . Cruise Control . Đề nổ . Cốp điện . Cân bằng điện tử . Cửa nóc . Loa bose . Hắt kính . Cảnh báo điểm mù 𝐇𝐨𝐭𝐥𝐢𝐧𝐞 BONAUTO SAU BIG C LONG BIÊN SỐ 8 VŨ ĐỨC THẬN - PHƯỜNG VIỆT HƯNG - LONG BIÊN - HÀ NỘI
p33_s10_1774765391,Mazda 6,Unknown,2003,110.0,232552.0,Số sàn,Xăng,Sedan,Việt Nam,Đen,False,5,2.0,FWD,6,car_p33_s10_1774765391,"Mazda 6 2003 màu đen, xe 5 chỗ, dùng nhiên liệu xăng. - Thiết kế sang trọng, nội thất rộng rãi. - Vận hành êm ái. - Xe giữ gìn cẩn thận, sẵn sàng sử dụng. - Cam lùi, màn apple carplay, gương kính chỉnh điện"
p16_s17_1774759656,Mazda 3,Sport,2019,465.0,50000.0,Tự động,Xăng,Hatchback,Việt Nam,Khác,False,5,2.0,FWD,6,car_p16_s17_1774759656,"Cần bán mazda3 sport đời 2019 odo 5v , máy số nguyên zin , không đâm đụng ngập nc bao check test Giá 4xx xem xe tại gò vấp"
p31_s3_1776272597,CX-5,2.0 AT,2013,418.0,65000.0,Tự động,Xăng,SUV / Cross over,Việt Nam,Xanh,False,5,2.0,FWD,6,car_p31_s3_1776272597,"Bán Mazda CX-5 màu xanh, xe 5 chỗ, động cơ xăng, hộp số tự động. - Thiết kế hiện đại, nội thất rộng rãi. - Vận hành êm ái, tiết kiệm nhiên liệu. - Xe sẵn sàng lăn bánh. MAZDA CX-5 2.0 AT 2013 - HÀNG SIÊU CỌP, ĐẸP HIẾM CÓ Cần nhượng lại mẫu CUV đô thị cực chất, xe gia đình sử dụng kỹ, tình trạng hoàn hảo Sản xuất 2013 Odo 65.000 km Xe cực cọp so với đời Phiên bản 2.0 AT Số tự động 6 cấp mượt mà Trang bị nổi bật Mâm 19 inch thể thao. Ghế lái chỉnh điện, tích hợp sấy ghế. Cửa sổ trời thoáng đãng. Smart Cruise Control. Đặc biệt Lốp dự phòng chưa hạ. Tình trạng Nội ngoại thất nguyên bản, máy móc êm ru, bảo dưỡng đầy đủ. Giá chào thương lượng cho anh em nhanh gọn Xem xe QL13, đối diện BV Hạnh Phúc. Liên hệ Tuấn zalo wechat"
p44_s2_1774767538,Mazda 3,AT,2020,429.0,123000.0,Tự động,Xăng,Sedan,Khác,Xám,False,5,2.0,FWD,6,car_p44_s2_1774767538,"Bán Mazda 3 màu xám, xe 5 chỗ, động cơ xăng, hộp số tự động. - Thiết kế hiện đại, nội thất tiện nghi. - Vận hành êm ái, tiết kiệm nhiên liệu. - Xe sẵn sàng lăn bánh."
p58_s17_1776275615,Mazda 2,MT,2011,179.0,82000.0,Số sàn,Xăng,Hatchback,Thái Lan,Trắng,False,5,2.0,FWD,6,car_p58_s17_1776275615,"Xe Mazda 2 số sàn 2011 nhập Thái. Xe chỉ 2 đời chủ 2 anh em trong nhà chuyền tay nhau. Máy móc, số, gầm bệ đều zin. Không đâm đụng ngập nước. Odo 82k, máy móc êm ái. Vừa sơn lại ngoại thất long lanh như mới. Mua về chỉ cần làm thêm nội thất theo nhu cầu. Dòng xe này rất bền, chỉ cần đổ xăng thay nhớt là chạy, uống xăng tiết kiệm như xe máy. Xe rất lành và tin cậy, chưa bao giờ gặp sự cố trên đường ngoài lủng lốp. Xem xe tại Quận 2"
p18_s18_1776270422,CX-8,2.5 Premium,2024,970.0,27000.0,Tự động,Xăng,SUV / Cross over,Việt Nam,Khác,True,7,2.5,FWD,6,car_p18_s18_1776270422,"Mazda CX8 Premium 2024 SX.2024 - 2.5L - 7 Chỗ xe cá nhân 1 chủ từ đầu bảo trì bảo dưỡng full hãng xe đi rất ít Odo 27.000km. Sơn zin 100, sơ cua chưa rớt. Xe đã lên lót sàn, film cách nhiệt, full options cho các bác Anh em nào thiện chí vui lòng liên hệ trực tiếp"
p3_s16_1774726792,CX-5,2.0 Premium,2020,630.0,80000.0,Tự động,Xăng,SUV / Cross over,Khác,Đỏ,True,5,2.0,FWD,6,car_p3_s16_1774726792,"Cần bán Mazda CX5 2.0 Premium 2020 màu đỏ. Xe 1 chủ. Gia đình sử dụng được 80 ngàn km. Cam đoan xe không đâm đụng, không ngập nước. Động cơ và nội thất nguyên zin. Bản cao cấp với nhiều hệ thống hiện đại. Sunproof, ghế chỉnh điện nhớ vị trí, HUD, cruise control, cảm biến lệch làn, hệ thống loa Bose... chìa khoá Remote đủ 2 chìa. Hỗ trợ trả góp qua ngân hàng."
p73_s1_1776277625,CX-5,Premium 2.0 AT,2024,779.0,16000.0,Tự động,Xăng,SUV / Cross over,Việt Nam,Bạc,False,5,2.0,FWD,6,car_p73_s1_1776277625,"MAZDA CX-5 2023 PREMIUM XE LƯỚT ĐẸP, GIÁ TỐT Mazda CX-5 Premium 2023 bản cao cấp, form đẹp, chạy sướng Odo 14.000 km xe đi cực ít, còn rất mới Giá bán 779 triệu còn thương lượng cho khách thiện chí ĐIỂM NỔI BẬT Thiết kế sang trọng, thể thao, bền dáng Động cơ mạnh mẽ vận hành êm ái, tiết kiệm nhiên liệu Nội thất rộng rãi, tiện nghi, nhiều công nghệ an toàn Xe cá nhân, bảo dưỡng định kỳ đầy đủ CAM KẾT CHẤT LƯỢNG Xe không đâm đụng không ngập nước Máy số nguyên bản, khung gầm chuẩn Odo chuẩn pháp lý minh bạch Kiểm tra thoải mái tại hãng hoặc garage uy tín Sang tên nhanh gọn, hỗ trợ hồ sơ Liên hệ xem xe 0xxx.xxx.xxx Xem xe lái thử trực tiếp"
p29_s6_1776272269,CX-5,Premium 2.0 AT,2022,698.0,48000.0,Tự động,Xăng,SUV / Cross over,Nhật Bản,Trắng,False,5,2.0,FWD,6,car_p29_s6_1776272269,"mazda cx 5 premium , zin cả xe ,đã lên cam 360 698tr"
p72_s7_1776277469,Mazda 3,1.5L Luxury,2019,440.0,60000.0,Tự động,Xăng,Sedan,Việt Nam,Cam,True,5,1.5,FWD,6,car_p72_s7_1776277469,"Mazda 3 sản xuất 2019, 1 chủ từ mới chạy 6v km, bảo dưỡng full hãng, cam kết không đâm, không ngập, máy số zin, km chuẩn Xem xe tại Mazda Phạm Văn Đồng, Hà Nội"
p74_s4_1776277850,CX-3,Luxury,2025,595.0,5000.0,Tự động,Xăng,SUV,Khác,Trắng,False,5,2.0,FWD,6,car_p74_s4_1776277850,"MAZDA CX3 2024 Luxury Ngày 21/1/2026 em về CX3 luxury model 2025, NHẬP KHẨU phom mới cửa nóc, nhập khẩu, mầu trắng tuyệt đẹp đi đúng 5000km , trang bị cửa sổ trời, cruise control, điều hòa tự động, bảo hiểm thân vỏ... Chỉ 5xx dưới 600tr thôi Alo em để sở hữu em nó Xem xe tại hà nội"
p47_s10_1774768348,Mazda 3,1.5L Luxury,2022,535.0,47000.0,Tự động,Xăng,Sedan,Việt Nam,Xanh,True,5,1.5,FWD,6,car_p47_s10_1774768348,"MAZDA 3 1.5L Luxury sx 2022 xanh canvansite, tên tư nhân 1 chủ, lốp theo xe cả dàn, sơ cua chưa hạ, ghế da trải sàn, fim 3M, ghế điện nhớ 2 vị trí, điều hoà auto 2 vùng độc lập, phanh tay điện tử, gẩy số thể thao, tích hợp volang, ga tự động, full 2 chìa smarkey. Chẳng có gì là tự nhiên rẻ. Đã rẻ thì không có xe đẹp, đã đẹp thì không có rẻ 5 TIÊU CHÍ VÀNG Tại VĨNH CƯỜNG AUTO 1.Xe không bị tai nạn. 2.Xe không đại tu động cơ và hộp số. 3.Xe không bị thuỷ kích. 4.Xe không bị phạt nguội. 5.Giấy tờ theo xe hợp lệ,đủ điều kiện mua, bán, sang tên. HOÀN TIỀN NẾU SAI 5 TIÊU CHÍ VÀNG Hỗ trợ Bank lên tới 75. Rút hồ sơ miễn phí."
p34_s14_1774765607,Mazda 3,1.5L Sport Premium,2020,543.0,60000.0,Tự động,Xăng,Hatchback,Khác,Khác,False,5,1.5,FWD,6,car_p34_s14_1774765607,"Mazda3 Sport 1.5 Premium Biển Hà Nội Zin nguyên bản 6 vạn km Biển Hà Nội, tiết kiệm chi phí sang tên cho khách cùng khu vực Xe zin 100, máy móc khung gầm hộp số nguyên bản Odo chuẩn 6 vạn km, không tua Bản Premium nhiều option cao cấp Thiết kế Sport Hatchback trẻ trung, giữ giá tốt Bao check hãng hoặc mọi gara theo yêu cầu Không đâm đụng, không ngập nước Nội thất và ngoại thất đẹp, giữ gìn Tiết kiệm nhiên liệu, chi phí sử dụng thấp Màu sắc và form dáng thịnh hành, dễ thanh khoản Giá bán 545 triệu"
p5_s15_1774727190,CX-3,Sport,2024,489.0,40000.0,Tự động,Xăng,SUV,Khác,Khác,True,5,2.0,FWD,6,car_p5_s15_1774727190,"Gia đình sắp xuất cảnh cần bán xe đang sử dụng hiệu Mazda CX-3 SX 2024 full option, có chế độ Cruiser Control, auto light, chế độ iStop, số Sport, màn hình Navi, thắng điện tử... tình trạng mới 95, xe trùm mền sơ-cua chưa xài đến, biển số Sài Gòn, chính chủ đứng tên xe bán. Ai có nhu cầu xin liên hệ xem xe tại chợ Gò Vấp . Thanks"
p66_s3_1776276639,CX-8,Premium FWD,2020,765.0,38000.0,Tự động,Xăng,SUV / Cross over,Khác,Xám,True,7,2.5,FWD,6,car_p66_s3_1776276639,"Mazda CX-8 2.5L Premium 2020 màu xám, xe 7 chỗ rộng rãi, tiện nghi. - ODO 38,000 km, xe đi ít, giữ gìn cẩn thận. - Động cơ xăng, hộp số tự động mượt mà. - Xe sẵn sàng lăn bánh. - Xe 1 chủ mua mới, 4 lốp mới thay date 2025 - Xe công ty XHD cao"
p60_s9_1776275830,Mazda 3,1.5L Luxury,2025,605.0,6083.0,Tự động,Xăng,Hatchback,Khác,Trắng,False,5,1.5,FWD,6,car_p60_s9_1776275830,Xe nguyên zin khung máy số. Đời 2025 phiên bản Luxury. Xem xe tại Cà Mau.
p13_s0_1774728513,CX-5,2.5,2018,570.0,68000.0,Tự động,Xăng,SUV,Khác,Đỏ,False,5,2.5,FWD,6,car_p13_s0_1774728513,"Mazda CX-5 2.5 sx 2018 Fom mới cực đẹp Giá chỉ 5xx máy củ Xe đẹp zin k lỗi Fom dáng thể thao sang trọng Đi cực kỳ đầm chắc chắn Dàn vỏ lốp ken Kiểm dài miên man Hồ sơ cầm tay sẵn sang tên ngay cho chị mau lẹ lun Có nhận trao đổi bù trừ cao thấp , v.v.v.các loại Oto xe , xe tải , bán tải cv.v.v. A chi có gần ghé e xem xe ạ E gần ngã 4 chơn thành Bình Phước nhé sdt e ạ"
p64_s19_1776276465,CX-8,2.5 Premium,2020,759.0,37000.0,Tự động,Xăng,SUV,Khác,Xám,False,7,2.5,FWD,6,car_p64_s19_1776276465,"Cx8 2.5 Premium 2020 Odo 37k, xe công ty xuất hoá đơn Full bảo dưỡng hãng, bao check Hỗ trợ bank, trao đổi xe Xem xe q2"
p70_s15_1776277150,CX-5,Deluxe 2.0 AT,2023,725.0,21000.0,Tự động,Xăng,SUV / Cross over,Khác,Cam,True,5,2.0,FWD,6,car_p70_s15_1776277150,"All New Mazda CX5 2.0AT Model 2024 - SUV 5 chỗ bán chạy nhất phân khúc Trang bị Động cơ xăng Skyactiv-G 2.0L công suất 153 mã lực, Hộp số tự động 6 cấp, Dẫn động cầu trước, Màn hình giải trí 10,25 inch hỗ trợ Apple Carplay/Android Auto, Điều hoà tự động 2 vùng độc lập, Ghế da Ghế lái chỉnh điện 6 hướng, Khởi động bằng nút bấm, Chìa khoá thông minh, Cốp đóng/mở điện,.... Trang bị an toàn 6 túi khí, Hệ thống cân bằng điện tử, Hỗ trợ khởi hành ngang dốc, Phanh ABS/EBD/BA,... Sản xuất 2023 ODO 21.000km sơ cua chưa chạm đất, full lịch sử bảo dưỡng hãng Biển số xe TPHCM Pháp lý Cá nhân 1 chủ mua mới Xe được trang bị thêm phụ kiện Phim cách nhiệt, Trải sàn Simili, Lót sàn nhựa đúc,... ----------------- Cam kết không đâm đụng, không ngập nước, bao check test Hỗ trợ rút hồ sơ và sang tên trong ngày Hỗ trợ giao xe tại nhà, test hãng toàn quốc Hỗ trợ thu mua xe cũ, trao đổi giá rất tốt, bao quay đầu xe. ----------------- AUTO ĐÔNG SÀI GÒN UY TÍN TẬN TÂM CHUYÊN NGHIỆP 469 Nguyễn Xiển, P. Long Bình, TP HCM Hotline 1"
p55_s16_1776275236,Mazda 2,Sport 1.5 Premium,2021,425.0,43000.0,Tự động,Xăng,Hatchback,Thái Lan,Đen,False,5,1.5,FWD,6,car_p55_s16_1776275236,"Mazda 2 Premium hatback 2021 - Màu đỏ - Nhập Thái Mới odo 4 vạn - xe như mới Vì là bản cao nhất nên có đầy đủ tính năng an toàn chỉ có trên bản Premium - Màn hình HUD lái - Hệ thống cảnh báo điểm mù - Hệ thống cảnh báo phương tiện cắt ngang - Hê thống cảnh báo lệch làn đường - Hệ thống hổ trợ phanh thông minh - Hệ thống nhắc nhở người lái nghỉ ngơi Chất xe mới 99 Tất cả các chi tiết nội ngoại thất như mới, rất yêu thương và giữ gìn xe, cam kết check hãng bất kỳ tuỳ chọn. - Bảo trì bảo dưỡng định kỳ tại hãng. Full lịch sử hãng - xe mới mua bh 2 chiều tới 07/2026 Option đã lắp Đã Phủ gầm chống rỉ sét full gầm xe Thảm 6D full xe Áp suất lốp cho xe Bọc da tapi cửa hạn chế trầy xướt cho xe. Cam ket tinh trang hoan hao, Bao soi roi duoi moi hinh thuc, bao check hang bat ky Khuyen khich khach moi tho xin đen ho tro xem xe hoac đua vao hang Mazda bat ky check"
p6_s2_1776268330,Mazda 3,1.5 AT Sedan,2016,340.0,120000.0,Tự động,Xăng,Sedan,Khác,Xám,True,5,1.5,FWD,2,car_p6_s2_1776268330,"Mazda 3 đời 2016 màu xám, dáng sedan thể thao, sang trọng. Điểm ăn tiền Form thể thao, nhìn trẻ hơn tuổi Nội thất sạch sẽ zin từ đầu tới cuối Máy 1.5 êm ru tiết kiệm xăng như người yêu cũ tiếc tiền Đăng kiểm dài, xách đi chạy luôn Tầm tiền này mà kiếm được em sedan ngon bổ rẻ như này là hiếm lắm nha Cam kết Không đâm đụng, không ngập nước Bao check hãng thoải mái Mua về chỉ việc đổ xăng là chạy, không phải nghĩ Xem xe trực tiếp tại 85 Nguyễn Hồng Ánh, Đà Nẵng giá cả còn thương lượng"
p25_s19_1776271716,Mazda Other,Unknown,2015,390.0,170000.0,Tự động,Xăng,Unknown,Nhật Bản,Bạc,False,7,2.0,FWD,6,car_p25_s19_1776271716,"Mazda CX-9 màu bạc xám, dòng SUV 7 chỗ rộng rãi, phù hợp gia đình. - Thiết kế sang trọng, nội thất tiện nghi. - Động cơ mạnh mẽ, vận hành êm ái. - Xe giữ gìn cẩn thận, sẵn sàng sử dụng. ODO 17 vạn Liên lạc"
p41_s1_1774766906,Mazda 3,1.5L Luxury,2022,550.0,48000.0,Tự động,Xăng,Sedan,Việt Nam,Cam,True,5,1.5,FWD,6,car_p41_s1_1774766906,"Mazda3 1.5Luxury 2022 siêu đẹp zin - Xe một chủ từ mới Odo 5 vạn Km, mới zin nguyên bản miễn bàn chất xe. - Cam kết Máy số zin nguyên bản từng con ốc, xe ko ngập nước, ko đâm tai nạn thân vỏ zin nguyên bản.. - Option miên man Màn hình cam 360, cảm biến va chạm, Istop, ghế điện nhớ ghế, Auto Hold, phanh điện tử, cân bằng điện tử, túi khí 7cái..vv - Giá 5xxtr. - A/c có nhu cầu liên hệ trực tiếp Mr Huy . Xem xe Nguyễn chánh - Yên Hoà - Hà Nội."
p18_s3_1776270271,Mazda 6,2.5 Signature,2023,699.0,43000.0,Tự động,Xăng,Sedan,Nhật Bản,Cam,True,5,2.5,FWD,6,car_p18_s3_1776270271,"ĐẲNG CẤP SEDAN HẠNG D MAZDA6 SIGNATURE PREMIUM 2.5 Model 2024 Một siêu phẩm lướt cực đẹp vừa cập bến tại Đà Lạt cho anh em yêu thích sự sang trọng và công nghệ đỉnh cao. Thông tin chi tiết Đăng ký lần đầu Tháng 5/2024 Cực mới. Phiên bản 2.5 Signature Premium Bản cao cấp, Full Option. Odo 43.000 km Chuẩn bao check. Nguồn gốc 1 chủ mua mới, biển số Đà Lạt dễ thương. Chất lượng cam kết Xe không đâm đụng, không ngập nước. Máy số nguyên zin, sơn zin cực đẹp. Bao thầy thợ kiểm tra hoặc test hãng toàn quốc. Dịch vụ Hỗ trợ thu mua xe cũ giá cao. Nhận trao đổi, bù trừ hợp lý, thủ tục nhanh gọn. Xem xe trực tiếp tại Đà Lạt. Hotline/Zalo"
p33_s19_1776272966,Mazda 3,1.5L Luxury,2025,615.0,7000.0,Tự động,Xăng,Sedan,Việt Nam,Cam,False,5,1.5,FWD,6,car_p33_s19_1776272966,"Odo 7.000 kilomet. Giá em bán 615 triệu Bao rút gốc. Lì xì 10 triệu lấy Lộc đầu năm. XE RẤT MỚI Ni long còn nhiều chỗ chưa Bóc. Đã Phủ Gầm, Bọc sàn Da, Cam Hành trình, Phim cách Nhiệt Trang bị Lẫy số vô lăng, Đèn pha tự động gạt mưa tự động, cruise control, cam lùi cảm biến lùi, ghế điện nhớ ghế 2 vị trí, Gương tự Cụp khi vào số Lùi VÀ RẤT nhiều tính năng khác v.v. Xem xe Phước An - Đắk Lắk"
p2_s3_1774726401,CX-5,Premium 2.0 AT,2024,795.0,20000.0,Tự động,Xăng,SUV / Cross over,Việt Nam,Trắng,False,5,2.0,FWD,6,car_p2_s3_1774726401,"Chiếc Mazda CX 5 màu trắng sản xuất năm 2024, một mẫu SUV/Crossover lý tưởng cho những ai tìm kiếm sự kết hợp giữa phong cách và hiệu suất. Xe có những đặc điểm nổi bật sau Thương hiệu Mazda, nổi tiếng với thiết kế KODO và công nghệ SkyActiv. Màu sắc Trắng, mang lại vẻ ngoài thanh lịch và hiện đại. Model CX 5, dòng xe SUV được ưa chuộng trên thị trường. Loại xe SUV / Cross over, phù hợp cho cả di chuyển trong thành phố và những chuyến đi xa. Hộp số Tự động, mang lại sự thoải mái và tiện lợi khi lái xe. Năm sản xuất 2024, đảm bảo xe được trang bị những công nghệ mới nhất. Odo 2 vạn km, xe còn rất mới và ít sử dụng. Khuyến khích khách hàng check test theo chỉ định trước khi mua để yên tâm nhất Chiếc xe này hứa hẹn mang lại trải nghiệm lái tuyệt vời với thiết kế thể thao, nội thất tiện nghi và khả năng vận hành mạnh mẽ. Đây là lựa chọn đáng cân nhắc cho những ai đang tìm kiếm một chiếc SUV chất lượng cao."
p72_s12_1776277522,CX-5,Premium 2.0 AT,2022,715.0,50000.0,Tự động,Xăng,SUV / Cross over,Khác,Khác,False,5,2.0,FWD,6,car_p72_s12_1776277522,Cx5 2.0 sx 2022 premium Odo 5v Mời ae xem xe Long Biên
p37_s5_1774766096,Mazda 3,2.0 Luxury,2022,545.0,32000.0,Tự động,Xăng,Sedan,Khác,Trắng,True,5,2.0,FWD,6,car_p37_s5_1774766096,"Mình chính chủ do không còn nhu cầu cần bán lại cho anh chị em có thiện chí Mazda 3 luxury đk 2022 chạy 32.000km Full lịch sử bảo dưỡng hãng mazda Phú Mỹ Hưng ,Quận 7. Xe rất mới, xem là thích Giá 545tr"
p30_s14_1774764774,CX-5,2.5 Signature,2022,750.0,24000.0,Bán tự động,Xăng,SUV,Khác,Xám,True,5,2.5,FWD,6,car_p30_s14_1774764774,"Mazda Cx5 Signature Premium 2.5 AWD sx 2022 bản đắt nhất màu xám. Xe 1 chủ từ mới lăn bánh T4/22. Odo 2,4 vạn km zin, full lịch sử bảo dưỡng hãng. Xe đẹp xuất sắc."
p38_s17_1774766465,Mazda 3,1.5L Luxury,2023,579.0,14000.0,Tự động,Xăng,Sedan,Việt Nam,Đỏ,True,5,1.5,FWD,6,car_p38_s17_1774766465,"Mazda 3 Luxury màu đỏ, xe đẹp, chạy êm. - Odo 14.000km xe trùm mền full lịch sử hãng - Bao check test toàn quốc - Hỗ trợ NH 70 lãi suất ưu đãi. - Hỗ trợ rút hồ sơ gốc, sang tên toàn quốc Xem xe thương lượng giá trực tiếp tại Long Xuyên, An Giang"
p19_s11_1774760304,CX-5,2.0 AT 4WD,2017,568.0,75000.0,Tự động,Xăng,SUV / Cross over,Khác,Trắng,True,5,2.0,FWD,2,car_p19_s11_1774760304,"- Xe chính chủ - Cam kết không đâm đụng ngập nước - Máy số nguyên bản - Khung gầm sạch đẹp - Xe chạy loanh quanh đi làm - Xe có lên loa Sub cảm biến lốp Địa chỉ xe Khu chợ Cầu Thăng Long, Cổ Điển, Vĩnh Thanh, Hà Nội Lh Mr. Hải 1985"
p36_s0_1774765878,Mazda 3,Sport 1.5L Luxury,2019,475.0,50000.0,Tự động,Xăng,Hatchback,Việt Nam,Khác,False,5,1.5,FWD,6,car_p36_s0_1774765878,"Cần bán mazda3 sport đời 2019 odo 5v , máy số nguyên zin , không đâm đụng ngập nc bao check test Giá 475tr xem xe tại gò vấp"
p22_s7_1774760927,Mazda 3,1.5 AT Sedan,2015,350.0,12800.0,Tự động,Xăng,Sedan,Khác,Trắng,False,5,1.5,FWD,2,car_p22_s7_1774760927,"Mazda 3 1.5 AT sx 2015 odo 12,8V km, kiểm định đến 03/2027. xe gia đình đi ít, ai thích thì tới tận nhà xem xe chạy thử thoải mái, thương lượng ae thiện chí mua sử dụng. LH Mrs.Liên"
p1_s2_1774726164,CX-8,Premium,2021,730.0,37665.0,Tự động,Xăng,SUV / Cross over,Nhật Bản,Khác,False,7,2.0,FWD,6,car_p1_s2_1774726164,Mazda Cx8 Premium Model 2021 Sản xuất 2020 Fom dáng Sang trọng đẳng cấp chạy ngon đi cực sướng rất nhiều công nghệ anh chị có nhu cầu xin liên hệ
p14_s15_1776269673,Mazda 3,AT,2019,405.0,87000.0,Tự động,Xăng,Sedan,Khác,Đỏ,True,5,2.0,FWD,6,car_p14_s15_1776269673,"Mazda 3 màu đỏ, thiết kế thể thao, nội thất tiện nghi.cửa nóc,ghế điện,thắng điện tử - Động cơ mạnh mẽ, vận hành êm ái. - Xe giữ gìn cẩn thận, sẵn sàng lăn bánh.xe 1 chủ máy móc nguyên zin,không cấn đụng,không ngập nước,mua bán ký giấy trong ngày có hỗ trợ ra tên cho khách"
p59_s19_1776275773,Mazda 3,2.0 AT,2018,455.0,90000.0,Tự động,Xăng,Sedan,Việt Nam,Trắng,False,5,2.0,FWD,6,car_p59_s19_1776275773,"Gia đinh minh can ban xe Mazda3 Facelip Premium bản 2.0 Full Option màu trắng cuối 2018 đi cực thích và tiết kiệm nhiên liệu, Option đầy đủ hơn bản 1.5 rất nhiều như Hud kính lái, ghế điện, vành 18 inch..vv.. và đắt hơn 150tr lúc mua mới, xe cua nha minh cuc moi giu gin, chỉ đi làm trong phố 3km và cuối tuần lên nội ngoại hoặc cafe cùng bạn bè chưa đi xa bao giờ, cac ban xem qua la biet ngay, moi đi đuoc hon 9v km xịn, san xuất đ/ký cuối 2018 Bien Ha Noi 30xxxx Đi rat co loc gap nhieu may man xe đi rat giu gin, toan đe trong nhà nen tranh đuoc mua va nang, 2 khoa moi cung, đang kiem phi đuong bo đen tan cuối nam 2027 moi phai đong, minh đa lap them mot so đo het hơn 20tr Len dan loa trung tam loai tot nhat cua Marshall nghe cuc hay, lên 4 Lốp Michelin đi cực thích, mua thêm lót sàn 6D trong hãng, kich hoat Full tinh nang an, hack xem Video cho man hinh trung tam đe de dang đieu khien, tinh can than nen minh thay dau bao duong đinh ky theo che đo trong hang Mazda, Xe nguyen ban 100 nen cac ban co the test thoai mai o bat ky đau neu sai minh xin tang cả xe, trước mua mới gần 1tỷ, nay gia đinh minh ban gia rất hợp lý 455tr Co thuong luong nhiet tinh cho ban nao mua ve su dung No SMS."
p36_s12_1776273270,Mazda Other,Deluxe 2.0 AT,2023,665.0,29000.0,Tự động,Xăng,SUV / Cross over,Việt Nam,Khác,True,5,2.0,FWD,6,car_p36_s12_1776273270,"Xe cá nhân 1 chủ từ mới , còn nguyên zin 100 ."
p25_s14_1776271687,Mazda Other,Luxury 2.0 AT,2022,730.0,28000.0,Tự động,Xăng,SUV / Cross over,Việt Nam,Cam,False,5,2.0,FWD,6,car_p25_s14_1776271687,"Xe đẹp như mới màn 13 10 loa bose cam 365 chẳng thiếu thứ gì, vui lòng ko nhắn tin. Cảm ơn đã xem tin và duyệt bài"
p7_s0_1774727453,Mazda 6,2.5 AT,2015,420.0,100989.0,Tự động,Xăng,Sedan,Việt Nam,Khác,False,5,2.5,FWD,2,car_p7_s0_1774727453,"Mazda 6 2.5 AT 2015 Odo 9 vạn km gốc Hà Nội - Máy 2.5 chạy bốc, sedan đi đầm chắc - Nội thất da, ghế điện 2 bên - Cửa sổ trời, dàn loa BOSE - Cảm biến trước/sau - i-Stop, đèn AFS liếc Khu vực Long Biên Hà Nội Liên hệ em trao đổi cụ thể ạ"
p49_s16_1776273969,CX-5,Premium,2024,830.0,20000.0,Tự động,Xăng,SUV,Khác,Cam,True,5,2.0,FWD,6,car_p49_s16_1776273969,"CX5 2024 Premium Sport mới toanh tên tư nhân 1 chủ Chạy 2 vạn zin, full lịch sử hãng. Trang bị thì đỉnh khỏi bàn, từ ghế mát sưởi đến Camera 360, loa Bose. Chỉ 8xx triệu Có hỗ trợ Bank Xem xe tại hà nội"
p15_s10_1774759319,Mazda 3,1.5L Luxury,2020,496.0,90000.0,Tự động,Xăng,Sedan,Việt Nam,Trắng,False,5,1.5,FWD,6,car_p15_s10_1774759319,"Chiếc Mazda 3 màu trắng, sản xuất năm 2020, là một lựa chọn tuyệt vời cho những ai đang tìm kiếm một chiếc Sedan phong cách và tiết kiệm nhiên liệu. Xe được sản xuất tại Việt Nam, đảm bảo chất lượng và phù hợp với điều kiện đường xá trong nước. Thông tin chi tiết Thương hiệu Mazda, một thương hiệu xe hơi nổi tiếng với thiết kế KODO và công nghệ SkyActiv. Màu sắc Trắng, mang đến vẻ ngoài thanh lịch, hiện đại và dễ dàng bảo quản. Dòng xe 3, mẫu Sedan được ưa chuộng nhờ thiết kế thể thao và khả năng vận hành linh hoạt. Xuất xứ Việt Nam, đảm bảo phụ tùng dễ dàng thay thế và bảo dưỡng. Số chỗ ngồi 2 chỗ, phù hợp cho những người độc thân hoặc cặp đôi. Loại xe Sedan, mang lại sự thoải mái và trải nghiệm lái xe êm ái. Nhiên liệu Xăng, dễ dàng tìm kiếm và sử dụng ở khắp mọi nơi. Hộp số Tự động, giúp việc lái xe trở nên dễ dàng và thoải mái hơn, đặc biệt trong điều kiện giao thông đô thị. Năm sản xuất 2020, xe còn khá mới và được trang bị nhiều công nghệ hiện đại. Số Odo 90000 km, cho thấy xe đã được sử dụng nhưng vẫn còn trong tình trạng hoạt động tốt. Phiên bản 646673. Chiếc Mazda 3 này hứa hẹn mang đến trải nghiệm lái xe thú vị và đáng tin cậy. Xe được thiết kế với nhiều tính năng an toàn và tiện nghi, đảm bảo sự thoải mái và an toàn cho mọi hành trình. Đây là cơ hội tuyệt vời để sở hữu một chiếc Sedan chất lượng. Xe phù hợp cho cả việc di chuyển hàng ngày trong thành phố lẫn những chuyến đi xa. Mazda 3 là một trong những dòng xe sedan hạng C được yêu thích tại thị trường Việt Nam nhờ thiết kế đẹp mắt"
p24_s7_1776271468,Mazda 3,Unknown,2022,515.0,130000.0,Tự động,Xăng,Sedan,Việt Nam,Đỏ,True,5,2.0,FWD,6,car_p24_s7_1776271468,Mazda3 sx 2022 xe gia đình 1 chủ mua mới.cần đổi xe 7 chỗ nên định bán lại.anh chị em nào có nhu cầu sài vui lòng liên hệ
p49_s18_1774768942,BT-50,Premium 3.2L 4x4 AT,2020,333.33,9000.0,Tự động,Dầu,Pick-up (bán tải),Thái Lan,Đen,False,5,2.0,FWD,6,car_p49_s18_1774768942,"Mazda BT-50 màu đen, xe bán tải 5 chỗ nhập khẩu Thái Lan. - Động cơ dầu mạnh mẽ, hộp số tự động. - Thiết kế nam tính, nội thất rộng rãi. - Phù hợp đi công trường, chở hàng hoặc gia đình."
p34_s9_1774765567,Mazda 3,1.5 Premium,2021,567.0,27000.0,Tự động,Xăng,Sedan,Việt Nam,Trắng,False,5,1.5,FWD,6,car_p34_s9_1774765567,"MAZDA 3 1.5 PREMIUM 2021 Năm sản xuất 2021 - Màu ĐỎ - Biển TỈNH ODO 27.000 Km ODO chuẩn không tua 𝗚𝗶𝗮 𝗖𝗼𝗻𝗴 𝗞𝗵𝗮𝗶 567 Hỗ trợ trả góp 70 - Thanh toán trước 190TR nhận xe Thương lượng cho anh/em thiện chí luôn có giá 𝐔𝐮 Đ𝐚𝐢 ---------------------------------- 𝑯𝒐 𝑻𝒓𝒐 𝑳𝒂𝒊 𝑻𝒉𝒖 𝑻𝒂𝒊 𝑵𝒉𝒂 𝑪𝒂𝒎 𝑵𝒉𝒂𝒏 𝑪𝒉𝒂𝒕 𝑿𝒆 𝐋𝐢𝐞𝐧 𝐡𝐞 𝐌𝐫.𝐍𝐚𝐦𝐙𝐀𝐋𝐎 ---------------------------------- - Xe biển trắng GIA ĐÌNH - Nội thất xe còn mới - Chất xe đẹp - 4 Lốp zin theo xe, sơ cua chưa hạ 𝐏𝐡𝐮 𝐊𝐢𝐞𝐧 𝐓𝐡𝐞𝐨 𝐗𝐞 - Phim cách nhiệt - Lót sàn, lót cốp, bọc vô lăng - Camera hành trình 𝑪𝒂𝒎 𝑲𝒆𝒕 𝑪𝒉𝒂𝒕 𝑿𝒆 𝑩𝒂𝒏𝒈 𝑽𝒂𝒏 𝑩𝒂𝒏 THÔNG TIN XE MINH BẠCH BẢO HÀNH LÊN ĐẾN 6 THÁNG HOẶC 10.000 KM CAM KẾT XE KHÔNG ĐÂM ĐỤNG NGẬP NƯỚC 5 NGÀY LÁI THẬT CAM KẾT HOÀN TIỀN"
p67_s1_1776276775,Mazda 2,1.5 AT Luxury,2020,388.0,45000.0,Tự động,Xăng,Sedan,Khác,Xanh,True,5,1.5,FWD,6,car_p67_s1_1776276775,"E bán Mazda_2_2020_luxury 1.5 sedan odo 4,5 vạn chuẩn 100 sai tặng luôn chiếc xe khỏi bán . Tình trạng máy số zin , keo chỉ zin 4 cửa capo cốp chưa mở . 1 chủ mua mới 9 chủ mua bán công chứng bao rút hồ sơ . Giá e bán 388tr fix lộc. ACE tham khảo vừa ý dt e . Nhận giao lưu bù trừ tất cả các loại xe khác ."
p8_s7_1774727725,CX-5,Premium Sport 2.0 AT,2024,825.0,27000.0,Tự động,Xăng,SUV / Cross over,Khác,Đen,False,5,2.0,FWD,6,car_p8_s7_1774727725,"Hàng chiến lược Mazda Cx5 2024 Premium Sport 2.0 Odo 2 vạn 7 , bảo dưỡng full hãng Trang bị body viền đen, option miên man, rada i-Actisense Hàng ghế trước chỉnh điện, cốp điện, làm mát ghế, 2 chế độ lái, autohold, cam 360, màn hình có kết nối apple carplay không dây v.v.. Cam kết xe đẹp không lỗi , bao check hãng hoặc garage theo yêu cầu Hỗ trợ Bank 70 𝐂𝐀𝐌 𝐊𝐄𝐓 𝐂𝐇𝐀𝐓 𝐋𝐔𝐎𝐍𝐆 Không đâm đụng. Không ngập nước, thuỷ kích. Máy móc, hộp số nguyên bản. Nguồn gốc xuất xứ rỏ ràng, hồ sơ hợp lệ. Thủ tục nhanh gọn giao xe ngay. 𝐂𝐇𝐄 Đ𝐎 Đ𝐀𝐌 𝐁𝐀𝐎 Hỗ trợ Test Hãng, Gara theo yêu cầu của khách. Nếu không đúng cam kết sẽ thu hồi xe bằng giá bán ra và bồi thường tất cả chi phí cho khách. Xe được kiểm tra nghiêm ngặc trước khi bán ra thị trường. Hỗ trợ bảo hàng, bảo dưỡng 6 tháng hoặc 10.000 kilomets 𝐔𝐔 Đ𝐀𝐈 Đ𝐀𝐂 𝐁𝐈𝐄𝐓 Hỗ trợ trả góp 60 giá trị xe cho những xe từ 2019 trở lên. Lãi suất hấp dẫn, thủ tục nhanh chóng Với uy tín của 1 cửa hàng lớn, trên 30 đầu xe đang bán ra, chúng tôi xin cam kết Xe bán ra không đâm đụng, không ngập nước, nếu sai sẽ bồi thường gấp đôi tiền cọc. Xe được kiểm tra nghiêm ngặt trước khi bán ra thị trường, nên khách hàng tuyệt đối yên tâm. Bảo hành 6 tháng, hoặc 10.000 kilomet. Thủ tục nhanh gọn giao xe ngay. Đặc biệt chúng tôi có hỗ trợ trả góp qua bank lên đến 60 giá trị xe cho những xe sx từ 2019 __________ 𝐀𝐝𝐝𝐫𝐞𝐬𝐬 119 𝐋𝐞 𝐇𝐨𝐧𝐠 𝐏𝐡𝐨𝐧𝐠, 𝐓𝐚𝐧 Đ𝐨𝐧𝐠 𝐇𝐢𝐞𝐩, 𝐃𝐢 𝐀𝐧, 𝐁𝐢𝐧𝐡 𝐃𝐮𝐨𝐧𝐠"
p40_s8_1774766776,Mazda 3,1.5L Luxury,2024,590.0,9779.0,Tự động,Xăng,Sedan,Việt Nam,Khác,False,5,1.5,FWD,6,car_p40_s8_1774766776,MAZDA3 2024 luxury 1.5 tự động lăn bánh 9779 km XE NHƯ MỚI bao check tét hãng và thợ xe toàn quốc Chỉ 590 triệu tiztoz HOÀNG TÀU Ô TÔ HUẾ
p61_s18_1776276112,Mazda 3,1.5L Deluxe,2022,490.0,26000.0,Tự động,Xăng,Sedan,Khác,Cam,False,5,1.5,FWD,7,car_p61_s18_1776276112,Xe gia đình bán lại Mazda 3 sx 2022 1.5 AT DULUXE CÒN RẤT MỚI XE MỚI đi đc 26.000 km 4 lốp rin theo xe- sơ cua chưa chạm đất Cam kết ko đâm- ngập- máy số nguyên rin
p14_s6_1776269595,Mazda 6,2.5 AT,2015,395.0,130000.0,Tự động,Xăng,Sedan,Việt Nam,Trắng,False,5,2.5,FWD,2,car_p14_s6_1776269595,"Giám đốc lên đời xe cần bán Mazda 6 sản xuất năm 2015 bản 2.5 cao cấp nhất full option trang bị hiện đại, xe máy số zin, cam kết không đâm đụng không ngập nước xe còn rất đẹp"
p17_s14_1774759877,BT-50,2.2 AT,2015,315.0,110000.0,Tự động,Dầu,Bán tải,Khác,Khác,True,5,2.2,FWD,6,car_p17_s14_1774759877,"An phát auto vừa về BT 50 2.2 at tự động một sản suất 2015 chạy được 11 vạn , tên tư nhân chính chủ . Xe đẹp không lỗi"
p59_s12_1776275711,Mazda 3,1.5 Luxury,2021,539.0,38000.0,Tự động,Xăng,Sedan,Việt Nam,Xanh,True,5,1.5,FWD,6,car_p59_s12_1776275711,"Mazda 3 1.5 Luxury 2021. 1 chủ từ mới. Odo 38.000km. Dàn lốp Yokohama theo xe cả dàn. Giá 539tr. Có ngay mẫu xe Sedan thiết kế trẻ trung, hiện đại. Du xuân đón Tết hết ý. Liên hệ em"
p9_s1_1776268763,Mazda 6,Mazda 6 2.5L Premium,2019,540.0,62000.0,Tự động,Xăng,Sedan,Khác,Trắng,False,5,2.5,FWD,6,car_p9_s1_1776268763,"Đổi 7c cần ra đi em MAZDA 6 2019, bản premium 2.5 màu trắng, phân khúc hạng D, xe chạy 68k km, nội thất còn mới, trang bị đầy đủ, đề nổ star/stop, cảnh báo lệch làn, hub kính,., xe ko đâm đụng, ngập nước, keo chỉ, máy số zin, trầy xước nhẹ theo thời gian, đã trang bị thêm lót sàn 4D, màn hình android lớn, cam định vị toàn xe,. là mẫu sedan cao cấp nhất của nhà mazda, xe GD đang sử dụng. Giá 540tr, thương lượng nhẹ. xe biển 51G thoải mái chạy ạ P.S các bạn môi giới hay showroom ép giá xin phép bỏ qua ạ,"
p20_s11_1776270891,CX-5,Premium 2.0 AT,2022,708.0,16000.0,Tự động,Xăng,SUV / Cross over,Việt Nam,Đỏ,True,5,2.0,FWD,6,car_p20_s11_1776270891,"MAZDA CX-5 2.0 PREMIUM 12/2022 - ĐỎ SIÊU MỚI - SIÊU LƯỚT 16.000 KM Cần nhượng lại ông vua phân khúc SUV 5 chỗ Mazda CX-5 bản 2.0 Premium cao cấp, sản xuất tháng 12/2022. Xe sở hữu màu Đỏ Pha Lê đặc trưng, cực kỳ nổi bật và được chủ cũ giữ gìn như mới. Thông tin chi tiết Năm sản xuất 12/2022. Số KM đã đi Odo 16,000 KM Đúng chất xe lướt, bao check hãng. Màu sắc Đỏ Siêu Mới, sơn zin gần như cả xe. Tình trạng Xe đúng 1 chủ sử dụng gia đình từ đầu. Bảo dưỡng toàn bộ trong hãng, đầy đủ sổ sách bảo dưỡng và 2 chìa khóa zin theo xe. Ngoại thất bóng bẩy, nội thất còn thơm mùi xe mới, các chi tiết da cực kỳ hoàn hảo. Option Phụ kiện đã lên sẵn Chủ mới chỉ việc đổ xăng Hệ thống an toàn Gói an toàn cao cấp của bản Premium mang lại sự yên tâm tuyệt đối. Camera hành trình Ghi hình sắc nét. Thảm sàn 6D Sang trọng và sạch sẽ. Phim cách nhiệt Chống nóng và tia UV hiệu quả. Cam kết từ Master Không đâm đụng ảnh hưởng đến khung gầm, kết cấu xe. Không ngập nước, thủy kích. Máy móc nguyên bản, vận hành cực kỳ êm ái và ổn định. Pháp lý minh bạch Cá nhân ký ủy quyền hoặc mua bán nhanh gọn. Giá bán công khai 708,000,000 VNĐ Mức giá cực tốt cho một chiếc bản Premium đời cao."
p31_s11_1774764967,Mazda 2,AT,2024,375.0,70000.0,Tự động,Xăng,Sedan,Khác,Cam,False,5,2.0,FWD,6,car_p31_s11_1774764967,"MAZDA 2 SEDAN BẢN AT Sx 2024 Lăn bánh 7v km Đã trang bị thêm màn hình androi Giá nay chỉ 375tr THANH HUY AUTO Cam ket khong tai nan , Khong ngap nuoc, không phạt nguội, Pháp lý rõ ràng. Thu mua ô tô giá cao Hỗ trợ vay ngân hàng lãi suất tốt 392-394 Phan Chau Trinh.Đa Nang Hotline Han hanh đuoc phuc vu Xin chân thành cám ơn"
p34_s12_1774765591,Mazda 3,1.5L Deluxe,2022,505.0,70000.0,Tự động,Xăng,Sedan,Việt Nam,Cam,False,5,1.5,FWD,7,car_p34_s12_1774765591,"Xe như mới Có cam360 Địa chỉ 98 song hành, tân hiệp, hóc môn"
p54_s17_1776275119,Mazda 3,1.5L Sport Premium,2019,440.0,83000.0,Tự động,Xăng,Hatchback,Việt Nam,Cam,True,5,1.5,FWD,6,car_p54_s17_1776275119,"Mada 3 sx 2019 1 chủ sử dụng từ mới. Đi đúng 9v km phun ls hãng . Đã lên màn zetec , cam 360 quanh xe .Nội ngoại thất theo xe như mới. Cam kết máy số nguyên bản zin từng chi tiết. Tuyệt đối không đâm đụng ngập nước. Bao tét hãng và gla, thợ thuyền toàn quốc theo yêu cầu. Ai có nhu cầu xin lh."
p47_s4_1774768282,Mazda 3,1.5 Deluxe,2023,500.0,25000.0,Tự động,Xăng,SUV / Cross over,Khác,Cam,True,5,1.5,FWD,6,car_p47_s4_1774768282,"Mazda CX3 Deluxe sản xuất 2023 nhập khẩu Xe chạy chuẩn hơn 2v km full lịch sử bảo dưỡng hang Đăng ký tư nhân 1 chủ từ mới Lốp theo xe cả dàn, sơ cua chưa 1 lần chạm đất Xe cam kết bao check test bất cứ idol nào"
p1_s3_1776267492,Mazda 3,1.6 AT,2010,230.0,130000.0,Tự động,Xăng,Hatchback,Đài Loan,Trắng,False,5,1.6,FWD,6,car_p1_s3_1776267492,"BÁN XE MAZDA 3 1.6AT 2010 NHẬP ĐÀI LOAN Xe màu trắng cực đẹp dáng thể thao, đi giữ gìn, máy móc êm ái, vận hành bền bỉ Thông tin chi tiết Mazda 3 1.6AT sản xuất 2010 nhập Đài Loan Trang bị full options - Cửa sổ trời sang xịn - Tích hợp vô lăng tiện lợi - Màn hình Android Zestech giải trí cực đã - Camera lùi camera hành trình đầy đủ Lốp mới cả dàn đi cực yên tâm Đăng kiểm còn dài 02 chìa khoá zin theo xe Xe phù hợp đi gia đình hoặc chạy dịch vụ đều ngon tiết kiệm, lành, dễ nuôi Cam kết xe không đâm đụng, không ngập nước, máy số zin Liên hệ ngay để xem xe và thương lượng giá tốt Odo 130.000km Giá 230tr"
p45_s4_1774767807,Mazda 3,Sport 1.5L Premium,2020,480.0,88000.0,Tự động,Xăng,Hatchback,Việt Nam,Cam,False,5,1.5,FWD,6,car_p45_s4_1774767807,"Mazda 3 Sport 1.5L Premium 2020 trang bị cao cấp như nội thất da cao cấp ghế có thông hơi, ghế lái chỉnh điện nhớ vị trí, màn hình 8.8 inch, kính lái HUD, âm thanh 12 loa Bose, điều hòa 2 vùng có cửa gió sau, camera 360, 7 túi khí, và gói an toàn chủ động i-Activsense với MRCC, SBS, cảnh báo điểm mù, hỗ trợ giữ làn đường. Cam kết Không đâm đụng - Không ngập nước - Hồ sơ pháp lý chuẩn Ace quan tâm liên hệ xem xe thương lượng trực tiếp"
p67_s17_1776276860,Mazda 3,Luxury,2024,600.0,23717.0,Tự động,Xăng,Sedan,Khác,Trắng,True,5,2.0,FWD,6,car_p67_s17_1776276860,"Xe chính chủ. Xe như mới, nội thất ngoại thất như mới 99,99. Không khác gì xe mới. Ai quan tâm liên hệ xe siêu lướt nhé."
p15_s12_1774759343,CX-5,Toyota Venza 2.7 AT,2015,435.0,79000.0,Tự động,Xăng,SUV / Cross over,Việt Nam,Cam,True,5,2.0,FWD,6,car_p15_s12_1774759343,"E bán CX5 2015 -1 đời chủ Odo 79.000 đâm đụng thì lấy xe về chạy khỏi trả tiền Bản 2.0 cửa nóc- trang bị màn hình androi, cam lùi, để startop vv và vv Sơ cua chưa sử dụng Giá 435 xem xe thương lượng Xem xe gần bến xe quận 8"
p3_s11_1776267974,CX-5,Unknown,2013,360.0,115000.0,Tự động,Xăng,SUV / Cross over,Khác,Vàng,True,5,2.0,FWD,6,car_p3_s11_1776267974,"Mazda CX5 đời 2013 màu vàng cát, xe chính chủ, đi 115.000 km. - Xe có lịch sử bảo dưỡng đầy đủ tại hãng. - Không ngập nước, không đâm đụng. - Máy móc nguyên bản, chưa sửa chữa. - Lắp nhiều đồ phụ kiện Lh"
p61_s19_1776276121,Mazda 2,Sport Luxury,2022,445.0,46000.0,Tự động,Xăng,Hatchback,Thái Lan,Trắng,False,5,2.0,FWD,6,car_p61_s19_1776276121,"Hàng hot 1 chiếc trắng tinh Mazda2 Sport Hatchback bản Luxury nhập khẩu Thái Lan,sx đk 2022 chạy đúng 4,6v km Xe sơn rin còn hơn 80 sơn si đẹp nét căng Xe full kịch mua về sẵn dùng Bao tets tất cả hạng mụcđâm đụng tai nạn,ngập nước,máy số rin ký cam kết sau hoàn xe hoàn đủ tiền Trang bị full tính năng rin theo xe không cần độ chế Vô lăng full phím,lẫy số thể thao Cảm biến,màn,cam,cảm biến rin hãng Đèn led,auto đèn gạt mưa Ghế da 2 màu rin Sàn da lót cốp Vân vân mây mây đủ thứ ko thiếu j Thiện chí liên hệ trực tiếp xem xe Đà Nẵng Giá 445tr cho chiếc xe bao đẹp Call"
p4_s3_1774726848,Mazda 3,Unknown,2010,232.0,75000.0,Bán tự động,Xăng,Hatchback,Khác,Tím,False,5,2.0,FWD,6,car_p4_s3_1774726848,"Mazda 3 nhâpi khẩu 2010 bản full cửa nóc , vô lăng tích hợp, khung gầm máy móc nguyên bản , nội thất ghế da rin theo xe , màu tím rất đẹp nhẹ nhàng cảm giác lái thể thao tiếp khách thiện chí"
p35_s15_1774765825,CX-5,Premium 2.0 AT,2023,745.0,39000.0,Tự động,Xăng,SUV / Cross over,Việt Nam,Cam,False,5,2.0,FWD,6,car_p35_s15_1774765825,"Mazda CX-5 2.0 Premium Active sx 2023 Odo chuẩn 39.000km Giá bán 745 triệu Hỗ trợ vay 70 giá trị xe . Thủ tục Vay nhanh gọn . không cần chứng minh thu nhập Cam kết xe bằng Văn Bản - không đâm đụng , tai nạn - không Thuỷ kích - động cơ và hộp số nguyên bản - Hồ sơ giấy tờ xe đủ điều kiện sang tên Khách hàng Thoải mái Check Test Hãng , sai cam kết hoàn tiền 100 Quà Tặng Bảo hành xe 12 tháng hoặc 20.000km Kiểm định 230 hạng mục xe trước khi giao Tặng 1 lần thay nhớt và lọc nhớt , spa xe trước khi bàn giao Bao rút hồ sơ gốc Nhận trao đổi xe - Thu Mua xe Xăng , Điện đã qua sử dụng tại nhà , Hoa Hồng Cao cho người giới thiệu"
p21_s2_1774760658,Mazda 2,Luxury,2021,399.0,70000.0,Tự động,Xăng,Hatchback,Việt Nam,Cam,False,5,2.0,FWD,6,car_p21_s2_1774760658,"Hàng mới về bán tết Còn đăng chotot là còn xe Mazda 2 luxury 2021 - ODO 70.000km full lịch sử bảo dưỡng hãng, không một ngày bảo dưỡng ngoài - Phụ kiện dán phim, lót sàn, bảo hiểm thân vỏ Địa chỉ 84 Phạm Hùng, Cẩm Lệ, Đà Nẵng Chính sách bán hàng Bảo hành động cơ và hộp số trong 1 năm Cam kết không tai nạn không ngập nước không bổ máy Chính sách bảo vệ quyền lợi khách hàng Nếu phát hiện xe không đúng cam kết Chúng tôi nhận lại xe hoàn tiền 100. Toàn bộ chi phí phát sinh, kể cả đã sang tên, cửa hàng chịu trách nhiệm và chịu mọi chi phí phát sinh Dịch vụ check xe giá 1.5 triệu - Cam kết check sai Mua lại xe cho khách Dịch vụ xử lý phạt nguội không giam bằng Dịch vụ xử rút hồ sơ, ra tên xe tại Đà Nẵng"
p12_s7_1776269269,CX-8,2.5 Premium,2025,990.0,10000.0,Tự động,Xăng,SUV,Khác,Khác,True,7,2.5,FWD,6,car_p12_s7_1776269269,"Em có CX8 Premium 2.5AT sản xuất 2025 xe 1 chủ từ đầu sơn zin 99,99 mới lăm bánh hơn 1 vạn km cực kỳ đẹp trong tầm 9xx Xe được hỗ trợ chi phí kiểm tra xe , hỗ trợ trao đổi nâng đời cho các bác Liên hệ em"
p21_s19_1776271121,Mazda 2,1.5 AT,2011,225.0,90000.0,Tự động,Xăng,Hatchback,Nhật Bản,Cam,False,5,1.5,FWD,1,car_p21_s19_1776271121,Mazda 2 - 2011 - nhập nhật Odo 9o ngàn km cam kết đúng km - không tua Giá 225tr - bao rút hồ sơ màn hình androi - camera hành trình - cách âm - 4 vỏ mới
p1_s13_1776267591,Mazda 3,1.5L Deluxe,2022,515.0,30000.0,Tự động,Xăng,Sedan,Khác,Trắng,False,5,1.5,FWD,7,car_p1_s13_1776267591,"Mazda 3 2022 deluxe màu trắng xe đẹp xuất sắc chạy 3 vạn full lịch sử hãng. Biển Hà Nội Xe được trang bị rất nhiều tính năng. Chìa khoá thông minh, đề nổ, ghế chỉnh điện, màn hình, camera, xe rất đẹp xem xe tại hà nội"
p33_s5_1776272891,Mazda 3,S 1.6 AT,2014,270.0,98000.0,Tự động,Xăng,Sedan,Khác,Khác,True,5,1.6,FWD,6,car_p33_s5_1776272891,"- chính chủ lên đời cần bán xe. Chỉ đổ xăng thay dầu, không lỗi vặt. - không đâm đụng ngập nước"
p22_s2_1776271139,Mazda 3,1.5L Luxury,2024,595.0,27000.0,Tự động,Xăng,Hatchback,Việt Nam,Đỏ,True,5,1.5,FWD,6,car_p22_s2_1776271139,"Mình chính chủ cần bán xe mazda 3 luxury màu đỏ mua cuối tháng 9/2024 Xe đã được phủ sàn da nappa cao cấp 4tr5 và nâng cấp thêm 2 cam lề và cam trước 10tr gắng jack zin không ảnh hưởng bảo hành Xe còn bảo hành và 100 bảo dưỡng hãng Có bảo hiểm vật chất đến tháng 10/2026 khi mua được nhượng quyền bảo hiểm Xe mình đang đi không lỗi lầm, mua về đi ngay không cần trang bị j thêm, mình cần lên đời xe nên muốn bán. Mong muốn bán cho kh có nhu cầu về dùng nhé"
p19_s3_1774760206,Mazda 3,2.0L Signature Premium,2021,550.0,49000.0,Tự động,Xăng,Hatchback,Nhật Bản,Đỏ,True,5,2.0,FWD,6,car_p19_s3_1774760206,"MAZDA 3 SPORT 2021 BẢN 2.0 SIGNATURE PREMIUM ODO 49.000 km Xe chính chủ Kiệt đứng tên Đi phố nhẹ nhàng xe còn rất mới, giữ kỹ Giá LH Kiệt Mazda 3 Sport 2021 hatchback phiên bản 2.0L Signature Premium là dòng xe nhập khẩu/lắp ráp cao cấp, nổi bật với thiết kế Kodo quyến rũ, động cơ SkyActiv-G 2.0L mạnh mẽ và gói an toàn i-Activsense. Tại Nhật Bản, bản đặc biệt kỷ niệm 100 năm nổi bật với màu sơn đỏ Soul Red Crystal và các cải tiến về vận hành, hệ thống treo. Điểm Nổi Bật của Mazda 3 Sport 2021 2.0L Signature Premium Động cơ Vận hành Động cơ 2.0L SkyActiv-G sản sinh công suất cao, kết hợp hộp số tự động 6 cấp và tùy chọn chế độ lái thể thao, mang lại trải nghiệm lái năng động. Thiết kế Sport - Hatchback Kiểu dáng Sport hatchback mang đậm phong cách trẻ trung, thể thao An toàn cao cấp Trang bị gói i-Activsense, bao gồm hệ thống hỗ trợ lái thông minh CTS, hỗ trợ giữ làn đường, điều khiển hành trình thích ứng MRCC và phanh thông minh. Nội thất Tiện nghi Nội thất sang trọng tiệm cận xe hạng sang với ghế da, màn hình 8.8 inch, màn hình HUD, dàn âm thanh Bose cao cấp. Tại Việt Nam, các phiên bản 2.0L Signature Premium được định vị là lựa chọn cao cấp nhất trong dòng Mazda 3, hướng tới khách hàng yêu thích cảm giác lái và công nghệ. Mazda 3 Sport 2.0L Signature Premium Hatchback Phiên bản này được đánh"
p30_s8_1776272446,CX-5,Luxury 2.0 AT,2024,755.0,19000.0,Tự động,Xăng,SUV,Khác,Trắng,False,5,2.0,FWD,6,car_p30_s8_1776272446,"Mazda CX5 đời 2024 màu trắng, xe còn mới, đi 19.000 km. - Thiết kế hiện đại, nội thất tiện nghi. - Động cơ mạnh mẽ, vận hành êm ái. - Giá 755 triệu."
p65_s7_1776276527,BT-50,2.2L 4x2 AT,2017,379.0,12345.0,Tự động,Dầu,Bán tải,Thái Lan,Xám,False,5,2.2,FWD,6,car_p65_s7_1776276527,Đổi xe nên cân bán lại mazda bt50 2.2 số tự động sản xuất 2017. Xe hiện tại còn rất đẹp cả nội thất và ngoại thất. Các chứa năng còn hoạt động mượt mà. Xe đã trang bị đầy đủ các hạng mục cần thiết nên về chỉ việc đi ko cần phải làm thêm gì. Vậy ai thiện chí lh
p48_s4_1774768528,Mazda 3,1.5L Luxury,2024,595.0,31023.0,Tự động,Xăng,Hatchback,Khác,Đỏ,False,5,1.5,FWD,6,car_p48_s4_1774768528,"Mazda 3 Luxury 1.5 đỏ pha lê - Sx 2024 - Odo 3,1 v km, xe đẹp nguyên bản nội ngoại thất như mới. - Xe bán có cam kết chất lượng bằng văn bản, check test theo chỉ định khách hàng. - Có trao đổi xe có hỗ trợ trả góp 50-70 giá trị xe. - Khách hàng thiện trí hỗ trợ giá tốt. Giá 595 tr. Đc Nghĩa Đô, Hà Nội."
p17_s4_1776270083,Mazda 2,1.5 AT Sedan,2016,290.0,130000.0,Tự động,Xăng,Sedan,Việt Nam,Khác,False,5,1.5,FWD,2,car_p17_s4_1776270083,Nhu cầu nân cấp xe cần bán mazda cuối 2015 .xe chỉ chu mọi thứ .mua về là chạy.kèm màn hình icar xịn sò.sim 4g còn 1 năm vivu luôn Xe tại long xuyên alo xem xe nhé ..
p45_s14_1774767925,Mazda Other,2.5 AT,2020,719.0,60000.0,Tự động,Xăng,SUV / Cross over,Việt Nam,Đen,False,7,2.5,FWD,6,car_p45_s14_1774767925,"𝐌𝐚𝐳𝐝𝐚 𝐂𝐗-𝟖 𝟐.𝟓𝐀𝐓 𝐌𝐨𝐝𝐞𝐥 𝟐𝟎𝟐𝟏 𝐒𝐢𝐞𝐮 Đ𝐞𝐩 Xe màu Đen / Nội thất Đen Sản xuất 2020 ODO 6v km Full Ls Hãng Xe trang bị Động cơ Skyactiv-G 2.5L, Hộp số tự động 6 cấp, Hệ thống đèn full LED, Mâm hợp kim 19 inch, Ghế chỉnh điện bọc da cao cấp, Điều hoà 3 vùng độc lập, Màn hình 7 inch kết nối Apple Carplay và Android Auto, 6 Loa, Cốp điện, 6 túi khí, Camera sau,. Trang bị thêm Film cách nhiệt, thảm lót sàn, 𝐂𝐀𝐌 𝐊𝐄𝐓 Không đâm đụng Không ngập nước Không tua Km Giá 719 Triệu _____________________________ 𝐀𝐔𝐓𝐎 𝟗𝐗𝐗𝐄 𝐋𝐔𝐎𝐓 𝐕𝐈𝐄𝐓 𝐍𝐀𝐌 Đ/c 792 Nguyễn Thị Định, P.Cát Lái, Tp.HCM Quận 2 cũ"
p28_s10_1776272126,CX-8,Unknown,2025,939.0,15195.0,Tự động,Xăng,SUV / Cross over,Việt Nam,Bạc,True,7,2.0,FWD,6,car_p28_s10_1776272126,"Mazda CX-8 màu bạc, xe gầm cao 7 chỗ, rộng rãi, tiện nghi. - ODO 15195 km. - xe đã mua bảo hiểm 2 năm , sử dụng còn đến tháng 8/2027 - dán phim cao cấp - camera hành trình vietmap - lót sàn - miễn tiếp cò lái, bán nhanh gọn, bớt cho ai mua dùng có thiện chí Liên hệ chính chủ xem xe"
p4_s1_1774726834,Mazda 3,1.5L Deluxe,2021,440.0,74000.0,Tự động,Xăng,Sedan,Khác,Đỏ,False,5,1.5,FWD,6,car_p4_s1_1774726834,Mazda 3 1.5 Deluxe - Màu đỏ - Vin 2021 Đký 2022 -Odo 74.000km Xe công ty thanh lý
p7_s10_1776268526,Mazda 3,1.5L Luxury,2024,595.0,41000.0,Tự động,Xăng,Hatchback,Khác,Trắng,False,5,1.5,FWD,6,car_p7_s10_1776268526,"Mazda 3 1.5 Luxury đời 2024 màu trắng, xe đẹp, chạy êm. - Odo 41.000 km. - Giá 595 triệu, bao rút hồ sơ."
p12_s19_1776269374,Mazda 3,Luxury,2023,560.0,30000.0,Tự động,Xăng,Sedan,Việt Nam,Trắng,False,5,2.0,FWD,6,car_p12_s19_1776269374,Mazda 3 bản luxury 2023 Xe chạy chuẩn 3v ko đâm đụng ngập nước Bao ckeck test toàn quốc
p17_s12_1774759850,Mazda 3,S 1.6 AT,2014,315.0,100000.0,Tự động,Xăng,Hatchback,Việt Nam,Vàng,False,5,1.6,FWD,6,car_p17_s12_1774759850,"MAZDA 3S 1.6AT sx 2014, tên tư nhân, ghế da trải sàn, fim 3M, hắt kính HUB, full 2 chìa khoá, màn hình androi, cam lùi, cửa sổ trời, tích hợp volang, đèn bi auto, gạt mưa auto, lốp mới cả dàn, đăng kiểm dài. Số ngọt gầm chắc. Chẳng có gì là tự nhiên rẻ. Đã rẻ thì không có xe đẹp, đã đẹp thì không có rẻ 5 TIÊU CHÍ VÀNG Tại VĨNH CƯỜNG AUTO 1.Xe không bị tai nạn. 2.Xe không đại tu động cơ và hộp số. 3.Xe không bị thuỷ kích. 4.Xe không bị phạt nguội. 5.Giấy tờ theo xe hợp lệ,đủ điều kiện mua, bán, sang tên. HOÀN TIỀN NẾU SAI 5 TIÊU CHÍ VÀNG Hỗ trợ Bank lên tới 75. Rút hồ sơ miễn phí."
p25_s5_1774763548,Mazda 3,1.5 AT Sedan,2016,345.0,81000.0,Tự động,Xăng,Sedan,Việt Nam,Trắng,False,5,1.5,FWD,2,car_p25_s5_1774763548,"Mazda 3 sx 2016 máy 1.5 chất xe đẹp sẵn dùng, đồ chơi kha khá, chạy ngon êm ái Xem xe quận 12 Cảm ơn ae xem tin"
p53_s5_1776275035,CX-30,Luxury 2.0 AT,2023,625.0,42000.0,Tự động,Xăng,SUV / Cross over,Việt Nam,Xanh,True,5,2.0,FWD,6,car_p53_s5_1776275035,"Mazda CX30 - 2.0 Luxury Sx 2023 - Xe gầm cao nhập khẩu cá nhân 1 chủ full bảo dưỡng hãng 𝐌𝐚𝐮 𝐱𝐞 Xanh Cavansite - nội thất nâu 𝐒𝐚𝐧 𝐱𝐮𝐚𝐭 2023 𝑂𝑑𝑜 𝑐ℎ𝑢𝑎𝑛 43.000 km Trang bị Xe gầm cao Động cơ 2.0L - 153Hp , Hộp số tự động 6 cấp, vô lăng bọc da 3 chấu tích hợp lẩy chuyển số, , 7 túi khí, cảm biến đỗ xe, màn hình HUD, cốp chỉnh điện Đảm bảo ko đâm đụng, ngập nước. Bao test hãng Bao bank, duyệt hồ sơ trong ngày Tặng gói chăm sóc xe và phủ Ceramic cao cấp Ngân hàng hỗ trợ 70 Giá chỉ 625tr VND Kingdom_Auto"
p23_s16_1774761248,Mazda 3,Unknown,2016,369.0,90000.0,Tự động,Xăng,Sedan,Khác,Cam,True,5,2.0,FWD,6,car_p23_s16_1774761248,"Chưa tới 4 đồng sở hữu ngay Mazda 3 2016. Xe 1 chủ từ đầu, chỉ mới 9 vạn, chủ cũ đi giữ cực kì kĩ, bảo dưỡng Full lịch sử hãng. Cam kết Mazda 3 2016 không đâm đụng, không ngập nước, bao check hãng. Xem xe tại Quận 2."
p32_s12_1774765203,CX-5,2.0 Premium,2023,770.0,30000.0,Tự động,Xăng,SUV / Cross over,Việt Nam,Xanh,False,5,2.0,FWD,6,car_p32_s12_1774765203,"Mazda CX5 Premium màu xanh đậm, sản xuất 2023, biển số Sài Gòn. - Động cơ 2.0L, dẫn động 2WD. - Odo 30.000km. - Hộp số tự động, dùng nhiên liệu xăng. - Giá 770 triệu."
p12_s12_1776269310,Mazda 3,1.5L Sport Premium,2019,519.0,38000.0,Tự động,Xăng,Hatchback,Việt Nam,Đỏ,True,5,1.5,FWD,6,car_p12_s12_1776269310,"Mazda 3 1.5L Sport Premium 2019 mẫu mới dkld 2020 Xe đi 38,000km Xe không lỗi, không đâm đụng, không ngập nước Bao check toàn quốc Một chủ mua mới từ đầu, xe cá nhân full lịch sử hãng từ đầu đến thời điểm hiện tại Form dáng hatchback thể thao, màu đỏ pha lê cá tính"
p20_s9_1774760510,Mazda 3,Luxury,2023,565.0,30000.0,Tự động,Xăng,Sedan,Việt Nam,Trắng,False,5,2.0,FWD,6,car_p20_s9_1774760510,Mazda 3 bản luxury 2023 Xe chạy chuẩn 3v ko đâm đụng ngập nước Bao ckeck test toàn quốc
p4_s14_1774726966,CX-3,Luxury,2022,505.0,40000.0,Tự động,Xăng,SUV,Khác,Đỏ,False,5,2.0,FWD,6,car_p4_s14_1774726966,Cx3 2022 luxury odo 4 vạn km siêu đẹp xe rất đẹp. k lỗi nhỏ bao tes Check theo yêu cầu nhà đang có 2 xe giống nhau Quý khách được lựa chọn nhé
p5_s10_1776268248,CX-5,2.5 Signature,2019,640.0,32000.0,Tự động,Xăng,SUV,Khác,Cam,False,5,2.5,FWD,6,car_p5_s10_1776268248,"Xe bán mazda CX5 máy 2.5 premium signature mua mới 7/2020 sx 2019 mới đi 32000 km mới tinh 95,đã lên đồ hết 100tr rất đẹp nội thất da nappa màn hình lớn cam 360...cam kết xe đẹp như mới bao ktra chính hãng khi mua. QK LH trực tiếp để biết thêm chi tiết và có giá ."
p35_s10_1774765775,Mazda 3,Luxury,2023,585.0,16000.0,Tự động,Xăng,Hatchback,Khác,Cam,False,5,2.0,FWD,6,car_p35_s10_1774765775,"Xe gia đình cần bán Mazda 3 Luxury 2023 Sedan quốc dân, form mới cực đẹp Xe cực mới, phù hợp anh em cần xe đi gia đình hoặc chạy dịch vụ cao cấp. Mazda 3 Luxury 2023 Odo 16.000km siêu lướt siêu mới. Cam kết Xe không đâm đụng không ngập nước Máy số zin 100 odo chuẩn Pháp lý rõ ràng hỗ trợ bank 70 Hỗ trợ sang tên thu xe cũ giá cao Giá 5xx triệu"
p19_s6_1776270710,Mazda 3,2.0 Luxury,2023,530.0,42000.0,Tự động,Xăng,Sedan,Khác,Cam,True,5,2.0,FWD,6,car_p19_s6_1776270710,"Đổi xe gầm cao nên mình bán lại chiếc Mazda 3 bản Luxury 2023, mình mua mới từ đầu, đi được 42.000km Xe mình đã lên led audi nội thất, camer hành trình trước sau, cảm biến lốp, bọc sàn..vvv Xe không bị đâm đụng hay ngập nước, máy móc rin. Có thể đem xe đi hãng hoặc gara để kiểm tra Xem xe tại nhà hoặc cơ quan làm việc. Xin cảm ơn"
p33_s3_1774765312,CX-5,2.0,2016,445.0,120000.0,Tự động,Xăng,SUV,Khác,Trắng,True,5,2.0,FWD,6,car_p33_s3_1774765312,"Mada cx5 sx 2016 filip đông cơ 2.0 siêu tiết kiệm ,chính chủ hải phòng . Mẫu mới phanh tay điện tử mâm thể thao đa trấu kép . Xe nguyên bản ko đâm va ngập nước . Lh xem xe hai phòng"
p66_s11_1776276694,Mazda Other,2.0 AT 2WD,2016,448.0,73000.0,Tự động,Xăng,SUV / Cross over,Việt Nam,Khác,True,5,2.0,FWD,2,car_p66_s11_1776276694,Gia đình em cần tiền bán gấp chiếc xe CX5 đời cuối 2016 bản ful 2.0 ghế điện cửa nóc. Xe đẹp rin 100 không lổi. Em chính chủ ký bán bao ký rút hồ sơ cho khách ơ xe em muốn bán cho ngừoi thiện chí mua dùng em bán rất rẻ nên kg bớt nhiều chỉ bớt lộc lạ cho ai đến xem xe mua bán mau lẹ vui vẻ nhiệt tình. Cảm ơn anh chị đã xem tin
p6_s15_1774727396,Mazda Other,2.2L 4x2 AT,2017,380.0,140000.0,Tự động,Dầu,Pick-up (bán tải),Thái Lan,Cam,False,5,2.2,FWD,6,car_p6_s15_1774727396,"Mazda BT 50 2017 2.2L 4x2 AT - 140000 km 1chủ, đã lên rất nhiều đồ chơi. Nhập đội BT50 2017 1chủ từ mới, máy số keo chỉ rin đét, cam 360 màn hình cam lùi đầy đủ, có nắp thùng, đã đổi cavet"
p14_s14_1774759132,CX-8,Premium,2020,798.0,45000.0,Tự động,Xăng,SUV / Cross over,Khác,Khác,False,7,2.5,FWD,6,car_p14_s14_1774759132,"Mazda CX-8 2.5 Premium 2020 1 Cầu biển số 93A 22501. - Odo 45.000 km nguyên bản. - Xe gầm cao, rộng rãi, phù hợp gia đình. - Giá 798 triệu."
p4_s17_1774726996,CX-30,Premium,2022,630.0,70000.0,Tự động,Xăng,SUV,Khác,Khác,True,5,2.0,FWD,6,car_p4_s17_1774726996,"Mới về Mazda CX30 premium sản xuất 2022 nhập khẩu Thái Lan, full lịch sử hãng một chủ từ mới, chạy 7 vạn km hơn đẹp hết nước chấm Chất xe mới tinh nội thất cực mới không 1 lỗi nhỏ, xe mới tinh lăn bánh 850 Triệu giờ em bán chỉ 635 triệu"
p50_s1_1774768983,Mazda 2,1.5 AT Hatchback,2016,295.0,106000.0,Tự động,Xăng,Hatchback,Việt Nam,Khác,True,5,1.5,FWD,6,car_p50_s1_1774768983,"Mazda 2-2016 1 chủ từ đầu Bản spoort hatbank 1 chủ chạy kỹ bảo dưỡng full lịch sử hãng Bao không lỗi , máy số nguyên Zin , đẹp không tùy vết Bstp ngay chủ bao ký giấy thu hồi liền cho ae về bấm số Gia bán 295 tr Xem Xe quan 12 ngã tư ga Bao check toàn quốc Alo Dũng."
p3_s9_1776267957,Mazda 3,1.5L Sport Luxury,2020,495.0,65000.0,Tự động,Xăng,Hatchback,Việt Nam,Trắng,False,5,1.5,FWD,6,car_p3_s9_1776267957,Mazda 3 1.5 L sport luxury sx 2020 model mới 2021 tên cá nhân biển hà nội đi chuẩn 65000 km cam kết không quay tua km màu trắng . Máy Skyactic-G thế hệ mới Eco i-stop tiết kiệm nguyên liệu.Điều hoà Auto.Túi khí. ABs. Trống trơn trượt. Autohold. Chế độ lái sport. Phanh tay điện tử. Gẩy Số thể thao vô lăng.Cruicontro quản lý tốc. Ghế điện. Nhớ ghế set 1.2 màn hình usb camera cảm biến va chạm theo xe. Ghế da sịn. Smakey khoá mở cửa cốp. Đèn pha hậu bixenon nét.gương kính điện cụp tự động khóa mở.5 lốp theo xe còn nguyên lốp sơ cua chưa hạ. Full option.Au to Tuấn Huyền cam kết bằng văn bản keo chỉ khung gầm sắt xi máy số cam cò đáy tắc te rin không va chạm không thủy kích ngập nước. Quý khách dc mang xe đi bất kỳ ga ra và hãng toàn quốc chek tess theo chỉ định khách hàng . Xe chỉ bàn về giá.
p63_s6_1776276262,Mazda 6,2.0 Premium GTCCC,2021,620.0,65000.0,Tự động,Xăng,Sedan,Việt Nam,Xanh,True,5,2.0,FWD,6,car_p63_s6_1776276262,"Mazda 6 2.0 Premium 2021, màu xanh, odo 65.000km. Xe full gói an toàn TCCC i-Activsense, 1 chủ sử dụng, bảo dưỡng đầy đủ. Trang bị HUD, ghế da chỉnh điện nhớ ghế, phanh tay điện tử Auto Hold, màn hình CarPlay/Android Auto. Xe nguyên bản, không đâm đụng, không ngập nước. Bao check test, sang tên nhanh."
p31_s17_1774765043,CX-8,2.5 Luxury,2022,788.0,38997.0,Tự động,Xăng,SUV / Cross over,Khác,Cam,False,7,2.5,FWD,6,car_p31_s17_1774765043,"MAZDA CX8 2022 2.5 AT LUXURY 62A 41909 Odo 39.000 km nguyên bản Giá bán 788 triệu bao rút hồ sơ Xe có lên màn hình android camera 360 , film cách nhiệt 3M, sàn da 5D 360"
p12_s13_1774728460,Mazda Other,2.2L 4x4 MT,2015,370.0,126000.0,Số sàn,Dầu,Pick-up (bán tải),Nhật Bản,Khác,True,5,2.2,FWD,6,car_p12_s13_1774728460,"Xe BT 50 đời 2015, số sàn, máy dầu,chạy 12,6 vạn, một chủ,full lịch sử hãng,máy móc nguyên xin, không ngập nước, pháp lý rõ ràng."
p22_s8_1774760935,Mazda 3,1.5L Sport Premium,2022,579.0,36000.0,Tự động,Xăng,Hatchback,Khác,Khác,False,5,1.5,FWD,6,car_p22_s8_1774760935,"MAZDA 3 SPORT PREMIUM 2022 Hatchback phân khúc C, bản cao cấp nhất ODO 36.000 km Chuẩn, bảo dưỡng hãng Tình trạng Xe gia đình, sơn zin nguyên bản Giá bán 579 Triệu Còn TL Xem xe tại TP. HCM Liên hệ"
p72_s1_1776277415,Mazda 3,1.5L Luxury,2025,600.0,8000.0,Tự động,Xăng,Hatchback,Khác,Cam,True,5,1.5,FWD,6,car_p72_s1_1776277415,Mazda Mazda3 1.5AT Luxury Sx 2025 Odo 8000 Km. Giá 6xy Xe cá nhân biển tỉnh một chủ mua từ mới. Full lịch sử bảo dưỡng hãng. Sơn zin cả xe Nói không với xe đâm đụng không ngập nước. Cam kết bằng văn bản về chất lượng xe. Trước khi mua quý khách có thể đưa xe đi kiểm tra tại hãng hoặc gara bất kì do khách hàng chỉ định. Xem xe tại Hà Nội.
p58_s11_1776275577,Mazda 2,1.5L AT Standard,2022,315.0,33700.0,Tự động,Xăng,Sedan,Thái Lan,Cam,True,5,1.5,FWD,2,car_p58_s11_1776275577,"Mazda 2 AT 2017 xe gia đình dùng 1 chủ mua mới từ đầu, xe này không mua thì mua xe nào Xe zin cam kết không đâm đụng, không ngập nước, xe không lỗi bao check test đủ thể loại Xe máy móc nguyên zin, chỉ zin còn đủ, odo đi đúng 3V km 33.700km Bão dưỡng full Em mới cho xe đi spa từ trong ra ngoài sạch sẽ mọi người mua về là chỉ việc đi chúc tết thôi ạ Qua tết em hỗ trợ rút gốc bấm số mới cực kỳ nhanh gọn nhé em bán bao rút hồ sơ chỉ 315tr có thương lượng"
p8_s6_1776268657,Mazda 3,1.5L Luxury,2021,495.0,29000.0,Tự động,Xăng,Sedan,Việt Nam,Đen,False,5,1.5,FWD,6,car_p8_s6_1776268657,"Cần gả gấp vợ bé Mazda 3 Luxury đời 2021 cực chất. Xe màu Đỏ Pha Lê màu đắt nhất của hãng, bóng loáng, sang trọng, anh em mua chạy gia đình hay đi giao tế thì hết nước chấm THÔNG TIN VÀNG Đời xe 2021 Form mới. Odo 29.000 km Chuẩn đồng hồ, bao check test toàn quốc. Màu sắc Đỏ Pha Lê rực rỡ Nội thất Đen nguyên bản cực mới. Tình trạng Xe gia đình sử dụng kỹ, máy móc êm ru, gầm bệ chắc nịch. Sơn zin còn nhiều. OPTION MIÊN MAN FULL CÔNG NGHỆ Ghế điện, nhớ 2 vị trí ghế tiện lợi. Điều hòa 2 vùng độc lập Cửa gió hàng ghế sau mát rượi. Phanh tay điện tử, Auto Hold, ga tự động Cruise Control. Hệ thống đèn Full LED trước sau, tự động bật/tắt. An toàn tuyệt đối 7 túi khí, phanh ABS/EBD/BA, cân bằng điện tử DSC, cảm biến camera lùi sắc nét... GIÁ CHỐT Gần 5 đồng Có bớt lộc lá mạnh tay cho anh em thiện chí chốt nhanh. Hỗ trợ trả góp ngân hàng lãi suất ưu đãi, thủ tục gọn lẹ. LH xem xe ngay Xem xe tại Bạc Liêu Alo là có xe đẹp - Giá thị trường Mazda3 Mazda3Luxury DoPhaLe XeLuot Mazda202"
p2_s12_1774726495,CX-3,1.5 Premium,2021,505.0,68776.0,Tự động,Xăng,SUV / Cross over,Thái Lan,Xám,False,5,1.5,FWD,6,car_p2_s12_1774726495,"Mazda CX-3 màu xám, sx 2021 Bản Premium . xe 5 chỗ, chạy 68776 km. Nguyên zin từng chi tiết - Động cơ xăng, hộp số tự động. - Thiết kế nhỏ gọn, linh hoạt di chuyển trong phố. - Xe giữ gìn cẩn thận, nội thất sạch sẽ."
p70_s19_1776277194,Mazda 3,2.0L Sport Signature Premium,2021,597.0,47000.0,Tự động,Xăng,Hatchback,Khác,Khác,False,5,2.0,FWD,6,car_p70_s19_1776277194,"Mazda3 2.0 Sport Premium sản xuất 2021 ODO 47.000 km Bản 2.0 cao cấp, form Sport Full lịch sử bảo dưỡng hãng Lốp dự phòng chưa hạ, xe đi chuẩn, giữ gìn kỹ Xe vận hành chắc, lái đầm, trang bị cao nhất phân khúc thời điểm bán Phù hợp khách tìm Mazda3 máy 2.0, xe đẹp, hồ sơ rõ ràng Giá bán 598 triệu Xem xe, test xe theo yêu cầu."
p18_s15_1774760100,Mazda 3,Luxury,2023,569.0,41000.0,Tự động,Xăng,Sedan,Khác,Trắng,False,5,2.0,FWD,6,car_p18_s15_1774760100,"Mazda 3 Luxury 2023 form mới, option ngập tràn Odo chuẩn 41.000 km Xe đẹp nội ngoại thất zin, giữ gìn kỹ Bản Luxury đầy đủ tiện nghi, màn hình lớn, ghế da, an toàn cao Form mới sang trọng, lái cực sướng Sedan hạng C đáng tiền vừa chạy gia đình vừa đi làm cực hợp Giá chào bán 569 triệu giá tốt, còn thương lượng Bao test hãng hỗ trợ sang tên nhanh gọn"
p20_s3_1774760449,BT-50,Unknown,2019,430.0,110000.0,Tự động,Dầu,Pick-up (bán tải),Khác,Trắng,False,5,2.0,FWD,6,car_p20_s3_1774760449,BT50 2 cầu 4x4 máy 3.2 2019 - 189hp - full ốp gầm kim loại phuộc profender - 11v km
p3_s0_1776267876,Mazda 3,1.5L Luxury,2022,545.0,24000.0,Tự động,Xăng,Sedan,Khác,Khác,True,5,1.5,FWD,6,car_p3_s0_1776267876,"Xe đẹp 1 chủ mua mới từ đầu , full ls hãng"
p46_s13_1774768147,Mazda Other,1.5 AT Sedan,2017,378.0,65000.0,Tự động,Xăng,Sedan,Việt Nam,Khác,False,5,1.5,FWD,2,car_p46_s13_1774768147,Tư nhân sử dụng sx 2017 Số tự động xe đẹp máy số nguyên bản a chị có nhu cầu lh xem xe
p6_s6_1776268364,Mazda 6,2.0 Premium,2021,548.0,30000.0,Tự động,Xăng,Sedan,Việt Nam,Đen,False,5,2.0,FWD,6,car_p6_s6_1776268364,"Mazda 6 2.0 Premium sx2021 Lướt 30.000km Màu đỏ, nội thất đen CAM KẾT xe không đâm đụng, không ngập nước, không thuỷ kích, không tua kilomet Hỗ trợ trả góp ngân hàng đến 70 Hotline - Inbox Zalo"
p48_s18_1774768707,Mazda 2,1.5 AT Hatchback,2016,289.0,65050.0,Tự động,Xăng,Hatchback,Việt Nam,Vàng,True,5,1.5,FWD,6,car_p48_s18_1774768707,"Xe đi cẩn thận nên đã bảo dưỡng nhiều thứ dưới gầm giá trị lên tới mấy chục triệu cách đây nửa năm. Số máy nguyên bản, chuẩn số odo 65 ngàn km, không ngập nước hay va đụng gì, keo chỉ kính zin. Chính chủ, 1 chủ sx 2016 bstp và chỉ bán cho ngừoi dùng. Giá tôt so với chất xe."
p71_s5_1776277274,CX-8,Luxury,2021,740.0,68000.0,Tự động,Xăng,SUV / Cross over,Khác,Cam,False,7,2.0,FWD,6,car_p71_s5_1776277274,"Mazda CX-8 Luxury 2021 Phiên bản Mazda CX-8 2.5 Luxury Năm sản xuất 2021 Số km 68.000 km Biển số Thành phố Tình trạng Không kinh doanh dịch vụ, không đâm đụng, không ngập nước, không tua đồng hồ Giá bán Trả trước chỉ từ 300 triệu, có hỗ trợ trả góp Ưu đãi Tặng 100 phí trước bạ khi trả thẳng Bảo hành 12 tháng Cam kết chất lượng, hồ sơ hợp lệ, sang tên nhanh chóng Thông số trang bị nổi bật Động cơ Xăng 2.5L, hộp số tự động 6 cấp, dẫn động cầu trước Ngoại thất Thiết kế hiện đại, thanh lịch Đèn LED ban ngày, đèn chiếu sáng Halogen/LED Mâm hợp kim 19 inch, gương chiếu hậu chỉnh gập điện, tích hợp báo rẽ Nội thất Ghế da cao cấp da thường hoặc Nappa, ghế lái chỉnh điện nhớ vị trí, có sưởi Hàng ghế 2 có rèm che nắng Điều hòa tự động 3 vùng độc lập Màn hình trung tâm 78 inch, hỗ trợ Apple CarPlay/Android Auto Âm thanh Bose 10 loa, cửa gió hàng ghế sau An toàn ABS, EBD, BA, cân bằng điện tử, kiểm soát lực kéo, khởi hành ngang dốc, cảm biến camera lùi, 6 túi khí. 𝐊𝐀𝐘 𝐀𝐔𝐓𝐎 𝐓𝐇𝐄 𝐆𝐈𝐎𝐈 𝐗𝐄 𝐋𝐔𝐎𝐓 Hotline Mr. Đức Anh"
p40_s9_1774766789,CX-5,Luxury 1.5 AT,2022,755.0,20000.0,Tự động,Xăng,SUV / Cross over,Việt Nam,Xám,True,5,2.5,FWD,6,car_p40_s9_1774766789,"Mazda CX-5 Signature Premium 2.5 AWD 2022 Bản Full Cao Cấp Nhất - Màu xám sang trọng Xe 1 chủ từ mới, lăn bánh T4/2022 Odo 24.000 km chuẩn zin Full lịch sử bảo dưỡng hãng Cam kết không tai nạn Máy móc nguyên bản Không ngập nước / thủy kích Xe đẹp xuất sắc xem là thích Hỗ trợ vay ngân hàng 5070 giá trị xe Hồ sơ gốc cầm tay sang tên trong ngày Xem xe tại Cầu Giấy Hà Nội Liên hệ để xem xe trực tiếp và nhận báo giá"
p43_s2_1774767350,Mazda 3,1.5 AT Sedan,2018,445.0,80000.0,Tự động,Xăng,Sedan,Việt Nam,Trắng,True,5,1.5,FWD,4,car_p43_s2_1774767350,"Mazda 3 đời 2018 màu trắng, xe gia đình, máy móc nguyên bản. - Xe một chủ, đi 80.000 km. - Trang bị màn hình, điều hòa tự động, phanh tay điện tử, camera sau, ghế da. - Mức tiêu thụ nhiên liệu khoảng 7L/100 Km. - Bán thu hồi luôn biển số, cần bán người sử dụng"
p20_s3_1776270835,Mazda Other,3.2L 4x4 AT,2013,320.0,190000.0,Tự động,Dầu,Pick-up (bán tải),Thái Lan,Khác,False,5,2.0,FWD,6,car_p20_s3_1776270835,"Xe it đi . Bảo dưỡng đầy đủ . Mới đăng kiểm , lốp , ắc quy mới"
p37_s16_1774766206,Mazda 3,1.5 AT,2016,370.0,97000.0,Tự động,Xăng,Sedan,Khác,Đỏ,False,5,1.5,FWD,6,car_p37_s16_1774766206,"Nay e có 𝐌𝐚𝐳𝐝𝐚 𝟑 fom 𝐇𝐚𝐭𝐜𝐡𝐛𝐚𝐜𝐤 𝐬𝐱𝟐𝟎𝟏𝟔. Mẫu xe 5 chổ phân khúc C rất rộng và giữ dáng. Động cơ 1.5AT tiết kiệm. Đã dán fiml, lót sàn. A/c quan tâm alo e nhé 3xx 𝑻𝒉𝒂𝒏𝒉 𝑵𝒂𝒎 𝑨𝒖𝒕𝒐 𝑫𝒂𝒌𝑳𝒂𝒌 - Chuyên Mua, Bán Xe Ôtô Đã Qua Sử Dụng. - Chuyên Nghiệp - Lịch Sự - Tận Tâm 𝐔𝐲 𝐓𝐢𝐧-𝐂𝐡𝐚𝐭 𝐋𝐮𝐨𝐧𝐠 Đ𝐚𝐭 𝐋𝐞𝐧 𝐇𝐚𝐧𝐠 Đ𝐚𝐮 𝟔𝟕𝟔-𝟔𝟕𝟖 𝐕𝐨 𝐕𝐚𝐧 𝐊𝐢𝐞𝐭, 𝐏.𝐓𝐡𝐚𝐧𝐡 𝐍𝐡𝐚𝐭 𝐃𝐚𝐤𝐋𝐚𝐤."
p8_s4_1774727695,CX-5,2.0 Premium,2021,699.0,55000.0,Tự động,Xăng,SUV / Cross over,Việt Nam,Khác,True,5,2.0,FWD,6,car_p8_s4_1774727695,"Chính chủ nâng đời cần Pass lại MADAZ CX5 2.0 PREMIUM T12/21 full kịch đồ mà rất mới . Xe bản Full Options chìa khoá thông mình khởi động Startop, của nóc túi khí quanh xe, cốp điện, ghế nhớ chỉnh điện 2 bên, loa Bose, phanh tay điện tử, cruicontroll ga tự độngvvv. AE quan tâm liên hệ để sở hữu e hoa hậu Madaz"
p21_s11_1776271074,Mazda 3,1.5 Luxury,2018,398.0,98962.0,Tự động,Xăng,Sedan,Việt Nam,Khác,False,5,1.5,FWD,6,car_p21_s11_1776271074,"Bán Mazda 3 2018 LUXURY 1.5AT độ kiểng gần 100tr pô on/off, mâm vỏ heo, đèn bi, màn hình, vô lăng carbon, ... Nay em bán chỉ 398tr Odo 9v8, xe đẹp keng máy số zin k lỗi nhỏ Bao k đâm đụng, ngập nước, bao test Xem xe Tân Quy - Củ Chi"
p28_s18_1776272200,Mazda 3,Unknown,2022,515.0,40000.0,Tự động,Xăng,Sedan,Khác,Trắng,True,5,2.0,FWD,6,car_p28_s18_1776272200,Cần bán xe mazda 3 2022 dulex Xe chính chủ bán . Cam kết không đâm đụng ngập nước . Keo chỉ máy móc nguyên rin. Bảo dưỡng hãng. Giá 515
p22_s9_1776271182,CX-5,2.5 AT AWD,2016,465.0,112233.0,Tự động,Xăng,SUV / Cross over,Việt Nam,Nâu,True,5,2.5,AWD,2,car_p22_s9_1776271182,"Cần bán Mazda CX-5 máy 2.5 AT đời 2016,một chủ Gốc Cần Thơ sử dụng, xe Zin tuyệt đối, máy gầm miễn bàn, đã trang bị đầy đủ đồ chơi... ACE cần Alo. Cảm ơn"
p18_s5_1776270297,CX-5,Deluxe 2.0 AT,2024,715.0,32672.0,Tự động,Xăng,SUV / Cross over,Việt Nam,Trắng,False,5,2.0,FWD,6,car_p18_s5_1776270297,"Mẫu xe quốc dân Cx5 KHANG QUÂN AUTO mới nhập đội Mazda Cx5 2024 phiên bản Deluxe Odo 3v km trang bị thêm HUD KÍNH LÁI, FILM CÁCH NHIỆT XỊN, CAM HÀNH TRÌNH TRƯỚC SAU, SÀN, BỘ LAO TRUNG TÂM.... Hỗ trợ ngân hàng 65 giá xe Bao check test toàn quốc , hỗ trợ phí nếu sai cam kết Ưu đãi giá cực tốt cho khách hàng mua TIỀN MẶT Giá bán hơn 7 nhú KHANG QUÂN AUTO HÂN HẠNH PHỤC VỤ QUÝ KHÁCH HÀNG Lh em ngay Địa chỉ xem xe 02 THANH LƯƠNG 17 - P HOÀ XUÂN - TP ĐÀ NẴNG khangquanauto đà_nẵng otodaquasudung MAZDA mazdacx5"
p34_s8_1774765555,CX-5,Premium,2021,699.0,40000.0,Tự động,Xăng,SUV,Khác,Đen,False,5,2.0,FWD,6,car_p34_s8_1774765555,"Mazda CX-5 2021 Premium Odo 4 vạn km chạy chuẩn, còn rất mới Bản Premium full option Ghế da chỉnh điện nhớ ghế Cửa sổ trời Màn hình HUD hiển thị kính lái Cảnh báo điểm mù Cảnh báo lệch làn Giá 699 triệu Có hỗ trợ vay ngân hàng 70 Có cam kết bằng văn bản Hỗ trợ lái thử kiểm tra hãng em Nhường Cx5"
p11_s4_1776269086,CX-5,Premium 2.0 AT,2022,688.0,16000.0,Tự động,Xăng,SUV / Cross over,Việt Nam,Đen,True,5,2.0,FWD,6,car_p11_s4_1776269086,"Siêu lướt MAZDA CX5 2.0L PREMIUM 2022 Màu Đỏ Pha Lê ODO 16.000 Km Trang bị thêm Flim cách nhiệt, Lót sàn 6D, Camera hành trình Tình trạng Xe 1 chủ mua mới, Full lịch sử Hãng, Keo chỉ zin, Odo chuẩn, Sơn zin gần nguyên xe, 2 chìa khoá zin theo xe Cam ket Khong đam đung anh huong đen khung xuong xe, Khong ngap nuoc, May moc nguyen ban, phap ly ro rang Check thoai mai theo đon vi thu 3 Xem xe Thảo Điền, Quận 2 cũ"
p26_s18_1776271827,Mazda 2,1.5 AT,2015,300.0,85000.0,Tự động,Xăng,Hatchback,Thái Lan,Cam,False,5,1.5,FWD,1,car_p26_s18_1776271827,"Em bán Mazda2 1.5 AT 2015 nhập khẩu ---- XE ĐƯỢC CAM KẾT ---- Không tai nạn,khung sườn sắt xi nguyên bản Không ngập nước thuỷ kích Động cơ nguyên , hộp số zin Hỗ trợ check test bất cứ đâu khách hàng chỉ định"
p4_s6_1774726881,BT-50,2.2L 4x2 ATH,2018,400.0,130000.0,Tự động,Dầu,Pick-up (bán tải),Thái Lan,Đen,False,5,2.2,FWD,6,car_p4_s6_1774726881,"Mazda BT50 ATH màu đen, sản xuất 2018, đăng ký lần đầu 2019. - Bản full ATH, ghế điện, số tự động, 1 cầu. - Màn hình và camera zin theo xe. - Cam kết không đâm đụng, ngập nước, máy móc keo chỉ khung gầm zin 100. - Xe ở Đà Nẵng. - Giá 400 triệu."
p15_s6_1774759270,Mazda 6,Unknown,2018,430.0,110000.0,Tự động,Xăng,Sedan,Khác,Trắng,True,5,2.0,FWD,6,car_p15_s6_1774759270,"Bán Mazda 6 màu trắng, xe 5 chỗ, thiết kế sang trọng, không gian rộng rãi. - Ngoại hình đẹp, xe giữ gìn cẩn thận. - Trang bị đầy đủ tiện nghi. - Xe sẵn sàng lăn bánh. Đã lên mh oledpro cam360 hud kính Xe chính chủ ký bán hay uỷ quyền đều dc anh chị xem có bớt lộc giá 430 triêu"
p64_s1_1776276356,Mazda 3,1.5L Sport Luxury,2023,585.0,18000.0,Tự động,Xăng,Hatchback,Việt Nam,Đỏ,False,5,1.5,FWD,6,car_p64_s1_1776276356,"Mazda 3 sx 2023 Odo 1v8 km Lịch sử bảo dưỡng full hãng Phiên bản 1.5 Luxury Tình trạng xe K lỗi, nguyên zin Giá chào 5xx . Xem xe Dĩ An, Bình Dương Hotline -"
p27_s13_1774764016,Mazda 3,1.5 AT Sedan,2017,375.0,140000.0,Tự động,Xăng,Sedan,Việt Nam,Khác,True,5,1.5,FWD,2,car_p27_s13_1774764016,"𝐌𝐚𝐳𝐝𝐚 𝟑 𝟏.𝟓 𝐀𝐓 𝟐𝟎𝟏𝟕 𝐅𝐚𝐜𝐞𝐥𝐢𝐟𝐭 Thông tin nổi bật 1 chủ mua từ mới gốc Gia Lai, xe đẹp không lỗi, bản phanh tay điện tử,... Ưu điểm nổi bật Thiết kế KODO Facelift hiện đại, dáng xe thể thao và sang trọng Động cơ 1.5L Skyactiv bền bỉ, vận hành êm ái, tiết kiệm nhiên liệu Hộp số tự động 6 cấp chuyển số mượt, lái rất thích Nội thất đẹp, màn hình trung tâm, điều hòa tự động tiện nghi Khung gầm chắc chắn, cảm giác lái đầm và ổn định Trang bị an toàn đầy đủ ABS, cân bằng điện tử, hỗ trợ phanh khẩn cấp Giá 375 triệu Bao test hỗ trợ sang tên nhanh chóng _________________________________________ 𝐂𝐎𝐍𝐍𝐄𝐂𝐓 𝐀𝐔𝐓O Địa chỉ 65 Phạm Văn Đồng, TP. Pleiku, T. Gia Lai."
p16_s7_1776269931,Mazda Other,Deluxe,2020,679.0,62000.0,Tự động,Xăng,SUV / Cross over,Việt Nam,Đen,False,7,2.0,FWD,6,car_p16_s7_1776269931,"𝐌𝐚𝐳𝐝𝐚 𝐂𝐗-𝟖 𝟐.𝟓𝐀𝐓 𝐌𝐨𝐝𝐞𝐥 𝟐𝟎𝟐𝟏 𝐒𝐢𝐞𝐮 Đ𝐞𝐩 Xe màu Đen / Nội thất Đen Sản xuất 2020 ODO 6v km Full Ls Hãng Xe trang bị Động cơ Skyactiv-G 2.5L, Hộp số tự động 6 cấp, Hệ thống đèn full LED, Mâm hợp kim 19 inch, Ghế chỉnh điện bọc da cao cấp, Điều hoà 3 vùng độc lập, Màn hình 7 inch kết nối Apple Carplay và Android Auto, 6 Loa, Cốp điện, 6 túi khí, Camera sau,. Trang bị thêm Film cách nhiệt, thảm lót sàn, 𝐂𝐀𝐌 𝐊𝐄𝐓 Không đâm đụng Không ngập nước Không tua Km"
p50_s3_1774769014,Mazda 3,1.6 AT Sedan,2013,268.0,110000.0,Tự động,Xăng,Sedan,Việt Nam,Đen,True,5,1.6,FWD,2,car_p50_s3_1774769014,Mazda 3s 2013 đăng ký 12/2013 xe zin nguyên bản odo 11v xe zin đẹp ko lỗi ko đâm đụng ngập nước 1 chủ mua mới bao check test bao rút hô sơ hố trợ sang tên nhanh chóng Giá 268tr thương lượng xem xe ở quân 12 tphcm Lh hoặc ib zalo
p7_s14_1774727598,Mazda 3,1.5 AT,2017,385.0,70000.0,Tự động,Xăng,Hatchback,Khác,Khác,False,5,1.5,FWD,6,car_p7_s14_1774727598,"Cần bán Mazda3 2017 FL thắng điện Odo chuẩn 7v Xe đã lên kha khá đồ chơi Keo chỉ , máy số zin nguyên bản, không đâm va , không ngập nước. Bao check test trước khi giao dịch."
p15_s9_1774759306,Mazda 3,1.5L Deluxe,2020,480.0,70000.0,Tự động,Xăng,Sedan,Khác,Khác,True,5,1.5,FWD,6,car_p15_s9_1774759306,"Mazda 3 1.5AT Form mới, đẹp xuất sắc, sẵn đi ngay Thông tin chi tiết Model Mazda 3 1.5 AT Sản xuất 2020 Đăng ký 2021 Tên tư nhân 1 chủ Hà Nội Odo 7 vạn km chuẩn zin Bảo dưỡng full hãng, lịch sử rõ ràng Trang bị tình trạng Nội thất ghế da xịn, sạch đẹp Đã lên cảm biến trước sau Lốp Michelin mới cả dàn Máy móc khung gầm zin, đi cực êm Đăng kiểm dài tới 2028 Ưu điểm nổi bật Sedan hạng C form đẹp, lái sướng, tiết kiệm xăng Xe gia đình giữ gìn, không lỗi nhỏ Mua về chỉ việc đổ xăng chạy Giá 480tr _________________________________ Xe xem tại Hà Nội Liên hệ ngay để xem xe và thương lượng giá tốt"
p71_s15_1776277349,CX-5,2.0 Premium,2023,790.0,29000.0,Tự động,Xăng,SUV / Cross over,Khác,Vàng,False,5,2.0,FWD,6,car_p71_s15_1776277349,"MAZDA CX-5 Premium - Màu vàng cát all new . Xe sản xuất năm 2023, đăng ký lần đầu 2024 . Odo chuẩn 29.000 km . Phiên bản Premium đầy đủ options tiêu chủ kèm camera 360"
p50_s8_1774769066,Mazda 3,1.5 AT Sedan,2017,400.0,12000.0,Tự động,Xăng,Sedan,Việt Nam,Cam,False,5,1.5,FWD,2,car_p50_s8_1774769066,"Ban xe Mazda 3 cuối 2017 bản pilip phanh tay điện tử , xe nguyên bản từ a_z bảo dưỡng định kỳ Xe bán cam kết nguyên bản bao chếch tét toan quoc , xem xe tại Hải phòng"
p28_s13_1776272147,Mazda 6,2.5 AT,2015,388.0,130000.0,Tự động,Xăng,Sedan,Việt Nam,Đen,False,5,2.5,FWD,6,car_p28_s13_1776272147,"Mazda 6 bản 2.5AT sx 2015 biển HN đã lên rất nhiều đồ chơi Xe odo 13vkm Xe mình có người nhà làm gara nên bảo dưỡng cực cẩn thận nên đi rất ngon Ae có nhu cầu mua sử dụng alo mình, giá cả còn thương lượng"
p74_s10_1776277912,CX-5,2.0 Premium,2023,816.0,14000.0,Tự động,Xăng,SUV,Khác,Đen,False,5,2.0,FWD,6,car_p74_s10_1776277912,"Mazda Cx5 bản 2.0 Premium bền bỉ, chi phí bảo dưỡng tốt. Trang bị đầy đủ optine công nghệ hộ trợ người lái"
p4_s9_1774726906,Mazda 2,AT,2011,176.0,15000.0,Tự động,Xăng,Hatchback,Khác,Trắng,False,5,2.0,FWD,6,car_p4_s9_1774726906,"madaz2-2011 at xe máy số còn zin, độ màn cam 360 sẵn đi cho anh em. Xem xe tại Tân Xuân Hà Nội zalo . Hân hạnh phục vụ quý khách"
p32_s17_1774765263,Mazda 3,Luxury,2024,600.0,40000.0,Tự động,Xăng,Sedan,Việt Nam,Cam,True,5,2.0,FWD,6,car_p32_s17_1774765263,Kẹt tiền cần bán xe 1 chủ mua mới cam kết không đâm đụng ngập nước chỉ bàn về giá
p71_s19_1776277389,Mazda 3,1.5L Luxury,2024,595.0,9700.0,Tự động,Xăng,Hatchback,Khác,Khác,True,5,1.5,FWD,6,car_p71_s19_1776277389,xe chính chủ cần bán Mazda 3 - Luxury sx 2024 Odo 9715 km Quy khach vui long liên hê xem xe đê biêt thêm thông tin chi tiêt
p19_s9_1776270721,CX-5,2.0 AT,2019,595.0,14000.0,Tự động,Xăng,SUV / Cross over,Việt Nam,Xanh,False,5,2.0,FWD,6,car_p19_s9_1776270721,"MAZDA CX5 2.0 AT 2019 Giá bán 595 triệu lăn bánh Odo lướt 14.000 km , Màu Xanh Cavansite Option theo xe màn hình rin theo xe , ghế điện , cam lùi , điều hoà 2 vùng,bọc sàn ,Cruise Control, Salon viết giấy cam kết Không cấn đụng Máy móc nguyên bản Không thuỷ kích Không lỗi phạt nguội Test ra lỗi Salon hoàn tiền 100 Hỗ trợ vay lên đến 50 giá trị xe, lãi suất thấp, thủ tục nhanh gọn. 𝐇𝐀𝐈 𝐕𝐀𝐍 𝐀𝐔𝐓𝐎 Hotline/ Zalo - Địa chỉ Showroom 1 821 Nguyễn Hữu Thọ,Khuê Trung, Cẩm Lệ , TP Đà Nẵng Showroom 2 52, 54, 56 Phạm Tứ, Khuê Trung, Cẩm Lệ , TP Đà Nẵng"
p47_s6_1774768304,CX-5,2.5,2017,495.0,85000.0,Tự động,Xăng,SUV,Khác,Khác,True,5,2.5,FWD,6,car_p47_s6_1774768304,"e bán chiếc xe chính chủ cx5-2017 phanh tay điện tử Awd bản 2.5 full kịch. xe nguyên bản,check tét thoải mái.xe chính chủ liên hệ trực tiếp ạ."
p49_s8_1774768832,Mazda 6,2.0 Premium,2017,475.0,85000.0,Tự động,Xăng,Sedan,Việt Nam,Cam,True,5,2.0,FWD,2,car_p49_s8_1774768832,Em bán Mazda 6 2.0 premium . Xe một chủ bssg . Xe đẹp bảo dưỡng kĩ nội thất giữ gìn. Đã vừa bảo dưỡng mốc 8v chính hãng mazda . Cam kết km chuẩn không tua. Xe đẹp đã bảo dưỡng vỏ lốp new và trang bị film cách nhiệt camera xịn. Khách thiện chí liên hệ trực tiếp xem xe thương lượng cho khách nhanh gọn. Cam kết odo chuẩnvà chất lượng xe đâm đụng tai nạn thuỷ kích bằng văn bản. bao rút hố sơ cho khách mua giao xe tận nơi KV Gần Miền Nam
p25_s11_1774763614,CX-5,2.0 Premium,2024,830.0,12000.0,Tự động,Xăng,SUV,Việt Nam,Đen,False,5,2.0,FWD,6,car_p25_s11_1774763614,"Mazda CX-5 Premium Exclusive 2.0 đời 2024 màu đen. - Xe đi 12.000 km, còn mới.xe cty - Thiết kế sang trọng, nội thất tiện nghi. - Động cơ 2.0 mạnh mẽ, vận hành êm ái. - Giá bán 830 triệu."
p48_s12_1774768628,Mazda Other,2.2L 4x2 AT,2017,368.8,80000.0,Tự động,Dầu,Pick-up (bán tải),Thái Lan,Xanh,True,5,2.2,FWD,6,car_p48_s12_1774768628,"Bán tải Mazda BT50 số tự động 1 chủ đập thùng Siu keng cọp Đăng ký lần đầu 2017 biển Sài Gòn 1 chủ từ đầu, xe còn zin, form cực đẹp Màu xanh nhớt hiếm Ae nhìn kỹ nắp thùng, gầm, máy, ốc tán bảy màu còn nguyên, trần còn keng xe đẹp hiếm gặp Trang bị thêm Màn hình Android Vỏ zin hết date chủ thay 4 Michelin mới keng Xem xe 1268 Kha Vạn Cân, Thủ Đức Có giao lưu trả góp đầy đủ Zá 3xx Chi tiết gọi trực tiếp cho nhanh Xe nhà dùng, để bán khách, không sang lái nha ae"
p6_s9_1774727327,Mazda 3,1.5 AT Hatchback,2015,345.0,130000.0,Tự động,Xăng,Hatchback,Việt Nam,Trắng,True,5,1.5,FWD,2,car_p6_s9_1774727327,Chính chủ tên e cần bán. Mazda3 2015 Máy số zin. K đâm đụng ngập nước Phát hiện đâm đụng ngập nước tặng xe Xem xe tại Đông Anh. Hà Nội Giá có thương lượng cho ae thiện chí
p44_s11_1774767628,CX-8,Unknown,2020,765.0,21000.0,Tự động,Xăng,SUV / Cross over,Khác,Khác,False,8,2.0,FWD,6,car_p44_s11_1774767628,"xe cx8 đời 2020 còn mới cứng mới đi được 20,000km. còn giấy tờ bảo dưỡng trong hãng, gia đình ít xài vì xe này chỉ đi khi cần chở ba mẹ vì thường ngày gia đình mình đi xe nhỏ 5 chỗ của gia đình. giá chốt 765 triệu không thương lượng nhiều nữa. địa chỉ ở Thạnh lộc q12 hcm mà ko hiểu sao bị đăng ở long khánh và ko chỉnh dc địa chỉ"
p15_s9_1776269794,Mazda 3,Unknown,2020,418.0,85000.0,Tự động,Xăng,Sedan,Việt Nam,Khác,False,5,2.0,FWD,6,car_p15_s9_1776269794,"Mazda 3 date 2020 xe đẹp máy - số zin, k lỗi nhỏ bao. E bao test ạ Odo 8v5 Xem xe Tân Quy-Củ Chi"
p3_s3_1776267897,Mazda 3,Premium,2023,595.0,59299.0,Tự động,Xăng,Hatchback,Việt Nam,Đỏ,False,5,2.0,FWD,6,car_p3_s3_1776267897,"Mazda 3 Sport Premium sản xuất và lăn bánh tháng 9/2023, 01 đời chủ mua từ mới, đây là bản cao cấp nhất trong phân khúc, đã lên camera 360, chống ồn toàn xe, cam kết ko đâm đụng, ko ngập nước xe ở trong thành phố nên ko bị ngập nước, bao check toàn quốc Quý khách lưu ý, xe Nha Trang ngập nước rất nhiều, nên ko so sánh giá xe mình với những xe ngập nước và đâm đụng nhé, tiền nào của đó"
p74_s7_1776277879,Mazda 3,1.5L Luxury,2020,520.0,60000.0,Tự động,Xăng,Sedan,Việt Nam,Khác,False,5,1.5,FWD,6,car_p74_s7_1776277879,"Về Mazda3 1.5 Luxury 2020 Xe cá nhân sử dụng Odo 6 vạn km, chạy zin Máy số nguyên bản, vận hành êm Đèn LED Màn hình trung tâm Ghế da Cruise control Điều hòa tự động An toàn đầy đủ theo xe Ngoại thất sạch, nội thất giữ gìn Gầm bệ chắc, không ngập nước, không tai nạn Hồ sơ pháp lý đầy đủ, sang tên nhanh Giá chào bán 520 triệu Hỗ trợ xem xe, check test theo yêu cầu"
p47_s11_1774768361,Mazda 3,1.5 CVT,2018,424.0,12000.0,Tự động,Xăng,Sedan,Việt Nam,Cam,True,5,1.5,FWD,2,car_p47_s11_1774768361,"Tôi cần bán xe 1 chủ gốc HN từ mới , xe đưpj cam kết nguyên bản . Ai càn lh trực tiếp cho tôi theo sđt trên . Cảm ơn"
p12_s10_1776269291,Mazda 2,Premium Sedan,2019,355.0,43000.0,Tự động,Xăng,Sedan,Thái Lan,Trắng,True,5,2.0,FWD,6,car_p12_s10_1776269291,Mazda 2 sx2019 1 chủ từ mới Chưa từng 1 lần nào ra khỏi thành phố Chạy 4v3 zin kilomet Zin từng con ốc Zin từng cm keo chỉ Ai tới xem xe chụp bài đăng này Sai e đền 1 chuyến đi du lich hạ long ạ Lh xem xe và ép giá chính chủ zalo 10 năm s dụng mr hướng sáo trúc
p77_s8_1776278401,Mazda Other,Luxury 2.0 AT,2022,670.0,84000.0,Tự động,Xăng,SUV / Cross over,Khác,Khác,False,5,2.0,FWD,6,car_p77_s8_1776278401,"Xe 1 đời chủ, chỉ đưa đón con đi học, bảo hành trong hãng từ lúc mua xe đến giờ. Xe 99 mới.B"
p20_s17_1774760595,Mazda 2,1.5 AT,2019,379.0,30000.0,Tự động,Xăng,Sedan,Thái Lan,Trắng,False,5,1.5,FWD,6,car_p20_s17_1774760595,"BỀN BỈ, TIẾT KIỆM, LÁI ÊM. Động cơ SkyActiv-G 1.5L Công suất 109 mã Số tự động 6 cấp i-Stop tự động tắt máy khi dừng xe. Tiêu hao nhiên liệu khoảng 5.5 L / 100 km đường hỗn hợp. Mâm R16 Màn hình trung tâm 7 inch Hệ thống giải trí Mazda Connect Kết nối Bluetooth / USB / AUX Hệ thống âm thanh 6 loa Điều hòa tự động Chìa khóa thông minh Smart Key Khởi động Start/Stop Vô lăng bọc da tích hợp nút điều khiển Cruise Control. Lẫy chuyển số trên vô lăng ABS chống bó cứng phanh DSC cân bằng điện tử Camera lùi Cảm biến lùi Túi khí an toàn. MAZDA2 NHẬP THÁI 2019 Odo 30.000 km Nội Ngoại thất long lanh Bao kiểm tra hãng, rút hồ sơ gốc. Thủ tục hồ sơ rõ ràng nhanh gọn Hỗn hợp trợ bank 50"
p70_s17_1776277172,CX-5,2.0,2017,559.0,80000.0,Tự động,Xăng,SUV,Khác,Khác,False,5,2.0,FWD,6,car_p70_s17_1776277172,"Mazda CX-5 2.0 sản xuất 2017, form 2018 Đăng ký lần đầu 2018 ODO zin 80.000 km Giàn lốp mới thay, tiết kiệm chi phí ban đầu cho chủ mới Form mới dáng đẹp, khung gầm chắc Máy 2.0 lành, dễ nuôi, phụ tùng sẵn Không gian rộng, đi gia đình thoải mái, gầm cao dễ đi phố và đường dài Phân khúc CX-5 giữ giá tốt, thanh khoản cao Giá bán 560 triệu Xem xe, test xe, check theo yêu cầu."
p37_s18_1776273410,Mazda 3,1.5 Luxury,2025,628.0,12000.0,Tự động,Xăng,Sedan,Khác,Xanh,False,5,1.5,FWD,6,car_p37_s18_1776273410,"Mazda 3 Luxury đời 2025 màu xanh, xe 5 chỗ, số tự động, chạy xăng. - Thiết kế sang trọng, nội thất tiện nghi. - Động cơ vận hành êm ái, tiết kiệm nhiên liệu. - Xe giữ gìn cẩn thận, sẵn sàng lăn bánh."
p57_s13_1776275447,Mazda Other,2.0 Deluxe,2022,658.0,88000.0,Tự động,Xăng,SUV / Cross over,Việt Nam,Khác,False,5,2.0,FWD,6,car_p57_s13_1776275447,Mình bán chiếc cx5 bản cao cấp nhất chuẩn km phụn lịch sử hãng bao chếch tét toàn quốc cho các bác nhứ biển số hà nội e bán 658tr xe đẹp hơn so với các xe cùng đời các bác thiện trí qua xem trực tiếp nhé
p4_s9_1776268126,Mazda 3,Unknown,2019,460.0,34000.0,Tự động,Xăng,Hatchback,Khác,Đỏ,True,5,2.0,FWD,6,car_p4_s9_1776268126,"Hi mọi người, Do nhu cầu cần đổi xe lớn hơn nên mình cần bán Mazda 3 facelift Hatchback 2019 đỏ Crystal, form cửa sổ trời. - 1 chủ mua mới, xe BSSG. Xe gia đình sử dụng rất ít. - Full lịch sử hãng, bảo trì hãng định kì. - Cam kết xe không tai nạn, đâm đụng, ngập nước - Odoo chuẩn 34.000 km không tua. - Dán full phim 3M mã cao nhất Crystaline cả xe 17tr - 4 lốp Bridgestone mới thay ở Hải Triều đầu tháng 4/2026 10tr - Đã lắp thêm cảm biến áp suất lốp, 6 cảm biến va chạm trước sau - Đăng kiểm đến tháng 8/2027. Vừa bão dưỡng đc hơn 1000km. Giá 460 triệu. Các bác đừng so sánh với xe đi nhiều, odoo cao. Đời này form hatchback mắc hơn 30tr 8tr màu đỏ Giờ lấy xe về là đi thôi. Xem xe tại Celadon Tân Phú. Cảm ơn các bác đã xem tin."
p2_s15_1776267781,Mazda 2,Luxury,2023,410.0,18000.0,Tự động,Xăng,Hatchback,Thái Lan,Trắng,True,5,2.0,FWD,6,car_p2_s15_1776267781,"Mazda 2 đời 2023 dòng Luxury màu trắng, nhập Thái nguyên chiếc, vận hành êm ái, thiết kế tinh xảo, nội thất không tỳ vết, xe gia đình một chủ. - Đã đi 18.000 km, xe mới, còn bảo hành hãng. - Đã phun gầm, bọc sứ. - Giá 410 triệu. - Liên hệ để xem xe"
p19_s13_1774760319,Mazda 6,AT,2005,165.0,125000.0,Tự động,Xăng,Sedan,Việt Nam,Bạc,True,5,2.0,FWD,6,car_p19_s13_1774760319,"Bán mazda 6 đời cuối 2005 số Tự Động.gốc sg chính chủ.full đồ chơi.4 vỏ michelin date 2024,màn hình Android,camera lùi,ghế điện,máy số zin sùn chỉ đủ.đã bảo dưỡng full. bao ký rút cho a chị.ai có nhu cầu alo nhé.thanks"
p76_s0_1776278181,Mazda Other,AT,2006,60.0,150000.0,Tự động,Xăng,Minivan (MPV),Việt Nam,Bạc,False,7,2.0,FWD,6,car_p76_s0_1776278181,"Xe cty không hoá , mới đăng kiểm còn 1 năm, xe máy ngon êm mạnh, số tự động mượt mà, điều hoà rét, cam lùi màn hình đầy đủ, xe 7 chỗ rộng rãi phù hợp gia đình, tập lái, nhận quay đầu, mua bán tại nhà bao tranh chấp, bao phạt nguội."
p48_s19_1776273917,CX-5,2.5,2018,590.0,96262.0,Tự động,Xăng,SUV,Nhật Bản,Trắng,True,5,2.5,FWD,6,car_p48_s19_1776273917,Bán xe. Mazzda cx5. Đời 2018. 2 cầu. 2.5. Chính chủ linh. Gia 590tr.
p10_s9_1774728073,CX-5,Premium Sport 2.0 AT,2024,823.0,16017.0,Tự động,Xăng,SUV / Cross over,Việt Nam,Đen,False,5,2.0,FWD,6,car_p10_s9_1774728073,"Mazda CX5 2.0 Premium Sport -Đời 2024 -Màu đen -odo 15.825 km -Giá chào bán 823 triệu Giảm tiền mặt trực tiếp Hỗ trợ trả góp 70 với lãi xuất cực kì ưu đãi Carpla cam kết chuẩn odo Máy móc nguyên zin Không đâm đụng , không thuỷ kích Khuyến khích khách hàng mang check hãng Bảo hành 12 tháng hoặc 20.000km Minh Tân Địa chỉ Automall Carpla Tân Phú - 314 Lũy Bán Bích, P. Hòa Thạnh, Q. Tân Phú, TPHCM"
p60_s14_1776275866,BT-50,AT,2016,365.0,150000.0,Tự động,Dầu,Bán tải,Khác,Nâu,False,5,2.0,FWD,6,car_p60_s14_1776275866,cần bán xe bán tải Mazda bt50 số tự động 2 cầu đời 2016 xe gốc đắk Lắk máy số chạy rất ngon đã vô màn hình Android cam de đày đủ đăng kiểm mới anh em nào có nhu cầu liên hệ nhé
p10_s17_1776269014,CX-5,Premium 2.0 AT,2025,799.0,6500.0,Tự động,Xăng,SUV / Cross over,Khác,Trắng,False,5,2.0,FWD,6,car_p10_s17_1776269014,"Tên xe Mazda CX-5 2.0 Premium Active 2025 Biển số 49B 14459 Odo 6.500km nguyên bản Phiên bản 2.0 Premium Active Option trang bị thêm Lên lót sàn, phim cách nhiệt, cảm biến áp suất lốp,... - Tình trạng xe xe đẹp không lỗi, máy số nguyên zin. - Bảo hành Động cơ hộp số 6 tháng hoặc 5.000km Giá niêm yết 799 Triệu đã bao gồm phí rút hồ sơ."
p13_s9_1776269447,CX-5,2.0 Premium,2018,550.0,92000.0,Tự động,Xăng,SUV,Khác,Trắng,False,5,2.0,FWD,6,car_p13_s9_1776269447,"cá nhân sử dụng e cần bán chiếc cx5-2018 premium 2.0 xe rin check tét thoải mái ạ em bán hơn 500 ạ,xem xe tại hà nội ace quan tâm liên hệ trực tiếp ạ,e người dùng nên các bác thợ nào xem đừng đì giá kinh quá em k bán đâu ạ. đỡ mất công ạ. xe check ở đâu cũng dc ạ.thanks all"
p48_s8_1774768577,Mazda 3,1.5L Luxury,2025,628.0,1888.0,Tự động,Xăng,Hatchback,Khác,Trắng,True,5,1.5,FWD,6,car_p48_s8_1774768577,"Siêu lướt Mazda3 1.5 Luxury - 2025 Màu Trắng Odo 2000 km Giá 628 triệu thương lượng Trang bị Lót thảm sàn da, Flim cách nhiệt, Camera hành trình, BHTV Tình trạng xe Xe 1 chủ mua mới, 2 chìa khoá zin theo xe, Sơn zin 99 , Keo chỉ zin 100 Cam ket Khong đam đung anh huong đen khung xuong xe, Khong ngap nuoc, May moc nguyen ban, phap ly ro rang Check thoai mai theo đon vi thu 3 Xem Xe Thảo Điền, Q2 cũ"
p11_s15_1776269171,BT-50,MT,2019,450.0,82149.0,Số sàn,Dầu,Pick-up (bán tải),Thái Lan,Trắng,False,5,2.0,FWD,6,car_p11_s15_1776269171,"Mazda BT-50 màu trắng,2019 , xe bán tải mạnh mẽ, bền bỉ. - Động cơ dầu, số sàn, tiết kiệm nhiên liệu. - ODO 82149 km, xe zin từ con ốc -cam kết ko đâm đụng ,ngập nước , bao thợ thầy test thoải mái"
p38_s0_1774766251,Mazda 2,Unknown,2013,245.0,44000.0,Tự động,Xăng,Hatchback,Khác,Khác,True,5,2.0,FWD,6,car_p38_s0_1774766251,Mazda 2s -2013 -1 chủ từ dau odo 44k km xe đẹp nhỏ gọn de thương cho quý cô dì di chợ dua đón học sinh giá 245tr
p14_s16_1774759159,Mazda 6,2.0 AT,2015,360.0,69000.0,Tự động,Xăng,Sedan,Khác,Trắng,False,5,2.0,FWD,6,car_p14_s16_1774759159,"Mazda 6 đời 2015 phiên bản 2.0AT màu trắng 69000. - Xe thiết kế sang trọng, nội thất rộng rãi. - Động cơ 2.0AT vận hành êm ái, tiết kiệm nhiên liệu. - Giá 360trđ. - LH"
p39_s10_1774766602,Mazda 3,Sport 1.5L Deluxe,2019,445.0,68000.0,Tự động,Xăng,Hatchback,Việt Nam,Khác,True,5,1.5,FWD,6,car_p39_s10_1774766602,- cần bán matda3 đời 2019 bản 1.5 cực mới - chất xe thật đẹp 1 chủ ko lỗi nhỏ - giá thơm ae qua. Tâm lh
p14_s17_1776269690,CX-5,2.0 Premium,2020,645.0,50000.0,Tự động,Xăng,SUV / Cross over,Việt Nam,Khác,True,5,2.0,FWD,6,car_p14_s17_1776269690,"Mazda Cx5 2.0 bản cao cấp nhất Premium 2020,đồng hồ 6.5,1 chủ mua mới,biển Đà Lạt ,Odo chuẩn 5V cực kỳ mới,bảo dưỡng đầy đủ,bao test hãng hoặc gara uy tín bất kỳ Xe bản cao cấp nhất được trang bị 2 ghế điện,có nhớ ghế,Adas,đồng hồ mới,HUD,cảnh báo vượt,giữ làn đường,Ga tự động,điều hoà 2 vùng tự động,đèn tự động,cửa nóc,cốp điện,Istop,Sport thể thao,CarPlay,loa Bose,và rất nhiều tính năng khác Giá ra đi cực tốt ,chỉ 645Tr,bao công chứng,anh chị em có nhu cầu liên hệ mình nha Hoàng,xem xe tại 47 Mai Hắc Đế P6 Đà Lạt"
p15_s4_1774759244,Mazda Other,Premium,2022,765.0,59000.0,Tự động,Xăng,SUV / Cross over,Việt Nam,Khác,False,5,2.0,FWD,6,car_p15_s4_1774759244,Em cần bán giùm ông con xe. 1 đời chủ mua mới Bao check tees mọi hình thức. Odo mới 59 ngìn cây Xem xe lộc ninh bình phước cũ Ace cần cứ alo e nhé. E dẫn tới nhà Giá cả còn thương lượng
p32_s10_1774765183,Mazda 3,1.5L Luxury,2021,530.0,28000.0,Tự động,Xăng,Sedan,Việt Nam,Đỏ,True,4,1.5,FWD,6,car_p32_s10_1774765183,"Chính chủ bán xe Mazda 3 bản Luxury đời 2021 màu đỏ, nữ dùng, đi ít 28000km. Cam kết xe không đâm đụng ngập nước, còn hạn đăng kiểm, BH thân vỏ tới T10/26. Lịch sử bảo dưỡng chính hãng. Miễn trung gian."
p37_s16_1776273399,Mazda 3,AT,2013,280.0,120000.0,Tự động,Xăng,Sedan,Việt Nam,Cam,False,4,2.0,FWD,6,car_p37_s16_1776273399,"Keo chỉ , máy móc , nguyên bản Nội thất lung linh Lốp dự phòng mới tinh Cửa sổ trời Màn hình cam lùi"
p3_s12_1776267981,Mazda 3,Unknown,2019,459.0,34000.0,Tự động,Xăng,Hatchback,Khác,Đỏ,True,5,2.0,FWD,6,car_p3_s12_1776267981,"Mazda 3 facelift Hatchback 2019, form cửa sổ trời. - 1 chủ mua mới - Full lịch sử hãng, bảo trì hãng định kì. - Odoo chuẩn 34.000 km không tua. - Dán full phim 3M mã cao nhất Crystaline cả xe 17tr - 4 lốp Bridgestone mới thay ở Hải Triều đầu tháng 4/2026 10tr Giá45x.xxx.xxxđ Xe xem trực tiếp tại Q7, Sg"
p8_s18_1774727818,CX-5,2.5 AT 2WD,2017,495.0,60258.0,Tự động,Xăng,SUV / Cross over,Việt Nam,Khác,True,5,2.5,FWD,2,car_p8_s18_1774727818,"Bán nhanh xe Mazda cx5 2017 2.5 full cao cấp 1 chủ cực zin đẹp không tì vết 1 trước trên thị trường, nhìn là mê, ngắm không rời mắt, sử dụng thể hiện cá tính riêng biệt Dòng xe 5 chỗ cao cấp sang trọng cho mọi gia đình, Full chức năng, gầm máy số zin đẹp như mới nên đi cực kỳ êm sướng nhẹ bốc Xe chỉ dành cho anh chị em đam mê khos kiếm chiếc thứ 2 Có trao đổi các loại xe khác Ai cần alô trực tiếp không nhắn tin Bao tét hãng thợ thầy các kiểu Giấy tờ chính chủ ký giao dịch ngay"
p23_s11_1774761196,Mazda 6,2.0 Premium,2021,539.0,43000.0,Tự động,Xăng,Sedan,Khác,Đỏ,False,5,2.0,FWD,6,car_p23_s11_1774761196,"Mazda 6 2.0 Premium đời 2021 màu đỏ, xe đẹp, chạy êm. - Odo 43.000 km. - Động cơ xăng, hộp số tự động. - Xe 5 chỗ, nội thất rộng rãi. - Giá bán"
p22_s12_1774760978,CX-30,Luxury,2023,619.0,44000.0,Tự động,Xăng,SUV,Khác,Xanh,False,5,2.0,FWD,6,car_p22_s12_1774760978,"Cx30 Luxury 2023 Odo 44k, xe đẹp bao test Hỗ trợ bank, trao đổi xe thoải mái Xem xe tại SG"
p16_s14_1776270002,Mazda 3,1.5L Luxury,2023,560.0,19000.0,Tự động,Xăng,Sedan,Việt Nam,Đỏ,False,5,1.5,FWD,6,car_p16_s14_1776270002,"Mazda 3 Luxury màu đỏ, thiết kế thể thao, nội thất sang trọng. đời 2023 - Xe 5 chỗ, số tự động. - Động cơ mạnh mẽ, vận hành êm ái. - Trang bị nhiều tính năng an toàn."
p57_s14_1776275458,Mazda 3,2.0L Signature Premium,2021,579.0,38000.0,Tự động,Xăng,Hatchback,Khác,Khác,True,5,2.0,FWD,6,car_p57_s14_1776275458,"Mazda 3 Premium 2.0L san xuat 2021 Odo 38,000km Xe mua mới 1 đời chủ Xem xe tại Quận 7 Hỗ trợ sang tên toàn quốc Bao check hãng, xe lịch sử bão dưỡng đều Thông số xe Loại động cơ Skyactiv-G 2.0L, 4 xi-lanh thẳng hàng, 16 van DOHC. Dung tích xi-lanh 1.998 cc. Công suất tối đa 153 mã lực tại 6.000 vòng/phú Hệ thống đèn Full-LED đèn pha, đèn chạy ban ngày, đèn hậu. Đèn pha có tính năng tự động mở rộng góc chiếu AFS và tự động thích ứng ALH. Ghế ngồi Bọc da cao cấp. Ghế lái chỉnh điện tích hợp nhớ 2 vị trí. Giải trí Màn hình trung tâm 8.8 inch, kết nối Apple CarPlay/Android Auto, hệ thống âm thanh 8 loa. Tiện nghi Cửa sổ trời, điều hòa tự động 2 vùng, cửa gió hàng ghế sau, gương chiếu hậu chống chói tự động, phanh tay điện tử Auto Hold. Màn hình HUD Hiển thị thông tin trên kính lái trang bị đặc trưng trên bản Premium. Ngoài các tính năng an toàn cơ bản như 7 túi khí, ABS, EBD, BA, DSC, TCS, bản 2.0L Premium 2021 còn sở hữu gói công nghệ i-Activsense cao cấp Hệ thống cảnh báo điểm mù BSM. Cảnh báo phương tiện cắt ngang khi lùi RCTA. Cảnh báo chệch làn đường LDWS. Hỗ trợ giữ làn đường LAS. Hỗ trợ phanh thông minh SBS. Hệ thống điều khiển hành trình tích hợp Radar MRCC."
p23_s0_1776271282,Mazda 3,1.5L Premium,2022,579.0,66000.0,Tự động,Xăng,Sedan,Việt Nam,Xanh,True,5,1.5,FWD,6,car_p23_s0_1776271282,"Mazda 3 1.5l Premium màu xanh cavansite , sản xuất 2022, xe 1 chủ bảo dưỡng full hãng, chất xe như mới"
p50_s10_1776274019,Mazda 2,1.5 AT Sedan,2017,319.0,74000.0,Tự động,Xăng,Hatchback,Việt Nam,Khác,False,5,1.5,FWD,1,car_p50_s10_1776274019,xe gia đình cần mua bán - tiếp người mua thiện chí
p29_s13_1776272330,Mazda 6,2.0 AT,2016,399.0,75366.0,Tự động,Xăng,Sedan,Việt Nam,Khác,False,5,2.0,FWD,6,car_p29_s13_1776272330,𝐌𝐀𝐙𝐃𝐀 𝟔 𝟐.𝟎𝐀𝐓 𝐬𝐱 𝟐𝟎𝟏𝟔 siêu tiết kiệm 𝐨𝐝𝐨 𝟕𝟓𝐱𝐱𝐱 𝐤𝐦 𝟒 vỏ mới thay full new Khởi động 𝐒𝐓𝐀𝐑𝐓_𝐒𝐓𝐎𝐏 điều hoà 𝐀𝐔𝐓𝐎 Trang bị 𝐋𝐨𝐚 𝐒𝐔𝐁 𝐁𝐈𝐎𝐍𝐄𝐑 xịn Chất xe còn rất đẹp a chị hợp chân liên hệ 𝟑𝐱𝐱
p46_s6_1774768070,Mazda 3,1.5L Deluxe,2024,545.0,30000.0,Tự động,Xăng,Sedan,Việt Nam,Xanh,True,5,1.5,FWD,6,car_p46_s6_1774768070,"Mình đang cần bán gấp một chiếc xe mazda 3 đời cuối 2024 số tự động. Xanh đậm phadil. Xe chính chủ cá nhân mua mới 1 đời chủ cam kết không đâm đụng, không va chạm sơn zin 100. Xe được trang bị full option.đề nổ start/stop, thắng tay điện tử, Màn hình zin theo xe, cam hành trình đầy đủ. Cam lùi, cảm biến quanh xe. Dán kim cách nhiệt cao cấp của mỹ 5M, thảm lót sàn, thảm taplo đầy đủ. 4 lốp zin theo xe, lốp sơ cua chưa chạm đất. đảm bảo chưa hề va quẹt đâm đụng, ko thủy kích, máy zin 100, full lịch sử bảo dưỡng trong hãng, bao check test thoải mái. xe chính chủ cá nhân đứng tên, cà vẹt cầm tay, mua xong ra công chứng liền trong 15p, hỗ trợ rút hồ sơ cho người thiện chí. LH coi xe gần siêu thị AOEN nhật bản quận tân phú."
p36_s18_1776273331,CX-8,Premium,2022,829.0,57000.0,Tự động,Xăng,SUV,Khác,Cam,False,7,2.0,FWD,6,car_p36_s18_1776273331,"Mazda CX8 Premium 2022 - Odo 57000km -Trang bịđèn full led,cảm biến trước- sau, cảnh báo điểm mù, camera 360,mâm lốp nguyên zin theo xe,cửa sổ trời,màn hình zin theo xe, ghế da nappa,ghế tài ghế phụ chỉnh điện, nhớ ghế lái 2 vị trí, phanh tay điện tử, auto hold,cruise control,... - Giá 829- bớt lộc, hỗ trợ bank Thy"
p18_s17_1774760123,CX-8,Premium,2020,669.0,113000.0,Tự động,Xăng,SUV / Cross over,Việt Nam,Xanh,False,7,2.0,FWD,6,car_p18_s17_1774760123,"Bán gấp Mazda CX8 Premium cao cấp đời 2020, màu xanh Cavansite. Xe ODO 113.000 km, bảo dưỡng định kỳ tại hãng, máy móc zin xe đẹp keng. Full options cao cấp nội thất da nappa, nhớ ghế, sây sưởi làm mát, đèn pha auto, cruiser control, điều hòa 3 vùng độc lập, cửa sổ trời, 7 chỗ rộng rãi , rèm che nắng phía sau.... - Giá bán 669 triệu"
p20_s12_1776270902,Mazda 3,MT,2002,80.0,230000.0,Số sàn,Xăng,Sedan,Khác,Đen,False,5,2.0,FWD,6,car_p20_s12_1776270902,xe rất đẹp. mới sơn nguyên con. Nội thất và máy lạnh rất tốt ạ.xe tình trạng rất đẹp từ trong ra ngoài. về chỉ đi thôi ạ. LH xem xe.
p25_s3_1774763527,BT-50,AT,2017,385.0,102917.0,Tự động,Dầu,Pick-up (bán tải),Khác,Trắng,False,5,2.0,FWD,6,car_p25_s3_1774763527,"Mazda BT-50 màu trắng, xe bán tải 5 chỗ, động cơ dầu, số tự động. - ODO 102.917 km. - Xe vận hành bền bỉ, tiết kiệm nhiên liệu. - Phù hợp cho công việc và gia đình. -có trao đổi mua bán và có bảo hành LH"
p20_s7_1776270860,Mazda 6,AT,2016,400.0,120000.0,Tự động,Xăng,Sedan,Khác,Đen,False,5,2.0,FWD,6,car_p20_s7_1776270860,bán mát da6 2016at.xe gia đình sử dụng.chạy 120 ngàn km.lh .rất nhiều đồ chơi.có cả đề nổ từ xa
p76_s18_1776278305,Mazda 3,1.5 AT Sedan,2016,345.0,170000.0,Tự động,Xăng,Sedan,Khác,Trắng,False,5,1.5,FWD,2,car_p76_s18_1776278305,"Mazda 3 đời 2016 bản AT Sedan màu trắng. - Xe số tự động, thiết kế sang trọng. - Ngoại hình đẹp, nội thất tiện nghi. - xe không đâm đụng , ngập nước - xe đã lên đèn led và bi gầm"
p27_s0_1774763899,Mazda 3,1.5 Premium,2021,572.0,38000.0,Tự động,Xăng,Sedan,Việt Nam,Khác,False,5,1.5,FWD,6,car_p27_s0_1774763899,"Mới về Mazda 3 Premium 2021 Được anh trai TP. Đà Lạt sử dụng ít, tình trạng còn rất đẹp chia sẻ lại Máy số, keo chỉ zin - không một lỗi nhỏ Không đâm đụng không ngập nước Full lịch sử bảo dưỡng tại Mazda Đà Lạt 5 lốp zin theo xe, lốp sơ cua chưa hạ Nội ngoại thất giữ gìn, sạch sẽ Giá chào bán 572 triệu bao rút hồ sơ Hỗ trợ trả góp trả trước từ 280 triệu Xe gia đình chạy kỹ, ai đang tìm Mazda 3 bản Premium đời cao, odo thấp thì rất đáng xem Đồng Auto Đà Lạt ĐC 336 Hai Bà Trưng Đà Lạt Đăng tin ms Linh nhân viên bán xe và tư vấn góp Anh chị quan tâm để lại tin nhắn hoặc lh em Linh hay anh Đồng gửi thêm hình ảnh và thông tin chi tiết về xe nha muabanoto Dongautodalat otoluot otocu ototragop"
p26_s1_1774763708,Mazda 6,Unknown,2001,65.0,200000.0,Số sàn,Xăng,Sedan,Việt Nam,Khác,False,5,2.0,FWD,6,car_p26_s1_1774763708,Mazda 626 2001 Máy móc êm. Gương kính chỉnh điện đầy đủ. Mới đăng kiểm mức 5.
p27_s5_1774763947,Mazda 3,1.5L Luxury,2023,578.0,22700.0,Tự động,Xăng,Hatchback,Khác,Đỏ,False,5,1.5,FWD,6,car_p27_s5_1774763947,"MAZDA 3 CÁ NHÂN 2023 - Sản xuất 2023 - Màu Đỏ - Odo 22.700 km - Giá bán 578tr Lịch sử bảo dưỡng đầy đủ chính hãng Ford. Tại hãng có thu xe qua sử dụng các hng khác nhau để đổi lấy xe mới. Liên hệ chi tiết về xe Cam kết 3 KHÔNG KHÔNG ĐÂM ĐỤNG - KHÔNG THUỶ KÍCH - KHÔNG TUA ĐỒNG HỒ Bảo đảm tính pháp lý. Bảo hành chính hãng. Bảo đảm chất lượng xe, Được kiểm định 167 điểm. Đầy đủ lịch sử bảo dưỡng. Cam kết thu lại 90 vui lòng liên hệ để biết thêm chi tiết. Sài Gòn Ford Assured - Trung Tâm Xe Đã Qua Sử Dụng Chính Hãng 104 Phổ Quang, Phường 02, Quận Tân Bình. Tp.HCN"
p8_s3_1776268635,CX-5,2.0 Luxury,2019,599.0,37000.0,Tự động,Xăng,SUV / Cross over,Việt Nam,Trắng,False,5,2.0,FWD,6,car_p8_s3_1776268635,"Xe Gia đình cần bán . Mazda CX-5 màu trắng, xe 5 chỗ, động cơ xăng, hộp số tự động. Odo 3,7v klm. Full ls hãng. Không 1 lỗi nhỏ. - Thiết kế hiện đại, nội thất rộng rãi. - Vận hành êm ái, tiết kiệm nhiên liệu. - Phù hợp cho gia đình, đi lại hàng ngày."
p26_s8_1774763783,BT-50,MT,2017,375.0,152000.0,Số sàn,Dầu,Pick-up (bán tải),Việt Nam,Khác,True,5,2.0,FWD,6,car_p26_s8_1774763783,"Chính chủ cần bán xe BT-50 sx 2017 số sàn 2 cầu, xe đẹp ko lổi, máy zin số zin, kheo chỉ zin xe ko đâm đụng, lên full đồ chơi, máy gầm êm chất ko tí hơi thừa, ae cần xem xe quảng phú daklak Bán bao rút hồ sơ toàn quốc Thank ae đả xem tin"
p2_s21_1774726589,Mazda 3,1.6 AT,2004,155.0,100000.0,Tự động,Xăng,Sedan,Nhật Bản,Bạc,True,5,1.6,FWD,6,car_p2_s21_1774726589,"Mazda 3 đời 2004 màu bạc, một chủ từ đầu, xe giữ gìn cẩn thận. - Xe không đâm đụng, không ngập nước, máy số êm ru. - Điều hòa mát lạnh, nội thất sạch sẽ. - Trang bị đầy đủ phụ kiện ghế da, lót sàn, camera lùi, camera hành trình, màn hình DVD, 4 lốp mới, mâm đúc. - Xe sẵn sàng lăn bánh. Xem xe 84 Phạm Hùng, Hoà Xuân, Đà Nẵng"
p66_s19_1776276744,CX-8,Premium,2020,748.0,50000.0,Tự động,Xăng,SUV / Cross over,Việt Nam,Cam,False,7,2.5,FWD,6,car_p66_s19_1776276744,"THẾ GIỚI Ô TÔ về Mazda Cx8 Premium 1 cầu lướt 5 vạn km, sản xuất 2020 Bảo dưỡng đầy đủ tại Hãng Mazda Gói công nghệ an toàn cao cấp I -Activsense .Động cơ xăng 2.5L, công suất tối đa 188 mã lực, mô men xoắn cực đại 251 Nm, hộp số tự động 6 cấp .Thế hệ sử dụng hệ thống điều hòa tự động 3 vùng độc lập .10 Loa Bose .Màn hình kết nối Bluetooth , AUX, USB, APPLE CARPLAY/ Android Auto .Cảm biến trước sau , camera 360 đ Hỗ trợ BANK - Kiểm tra xe bên đơn vị thứ 3 Cảm ơn Anh/chị đã đọc tin, vui lòng liên hệ để có thông tin chi tiết SHOWROOM THẾ GIỚI Ô TÔ 342- 344 PHẠM VĂN ĐỒNG F HẠNH THÔNG THÀNH PHỐ HỒ CHÍ MINH Hotline EM NINH -"
p2_s4_1774726413,CX-5,2.5 Signature Premium 2WD,2019,615.0,80000.0,Tự động,Xăng,SUV / Cross over,Việt Nam,Đỏ,False,5,2.5,FWD,6,car_p2_s4_1774726413,MAZDA CX5 2.5 2019 MÀU ĐỎ THỐNG SỐ XE ODO 8 vạn ĐỘNG CƠ 2.2 Máy dầu Ghế Điện . Auto Hold . Điều hoà tự động . Cruise Control . Đề nổ . Cốp điện . Cân bằng điện tử . Cửa nóc . Loa bose . Hắt kính . Cảnh báo điểm mù 𝐇𝐨𝐭𝐥𝐢𝐧𝐞 BONAUTO SAU BIG C LONG BIÊN SỐ 8 VŨ ĐỨC THẬN - PHƯỜNG VIỆT HƯNG - LONG BIÊN - HÀ NỘI
p43_s17_1774767485,CX-5,2.5L AT AWD,2019,650.0,80000.0,Tự động,Xăng,SUV / Cross over,Việt Nam,Khác,True,5,2.5,AWD,6,car_p43_s17_1774767485,Bán CX5 MODE 2018 ĐĂNG KÝ 2019 - BẢN 2.5 - 2 CẦU FULL KỊCH - ĐÃ LÊN MÀN HÌNH DÀI ĐẸP - ĐÈN BI CẦU- MÂM CỦA MAXDA6 THÁO XE FORM MỚI RẤT ĐẸP - XE MỚI ĐẸP ZIN KIỂM TRA THOẢI MÁI - GIÁ BÁN 650 TRIỆU BIỂN SỐ SG CHÍNH CHỦ MÌNH ĐỨNG TÊN - MUA BÁN UỶ QUYỀN HAY SANG TÊN ĐỀU OK MÌNH Ở QUẬN 8
p49_s17_1774768931,Mazda 3,2.0 AT Sedan,2016,379.0,90000.0,Tự động,Xăng,Sedan,Việt Nam,Cam,False,5,2.0,FWD,2,car_p49_s17_1774768931,"Cần bán Madaza 3 2016 bản 2.0 số tự động nội thất nguyên bản theo xe . Nghế điện UD kính . Bản Full máy móc nguyên bản. Xe ko gập nước ko đâm va cam kết chất lượng. - ODO 90.000 km, sản xuất tại Việt Nam. - Thiết kế thể thao, nội thất tiện nghi. -"
p25_s12_1774763622,CX-5,2.0 Luxury,2023,728.0,30000.0,Tự động,Xăng,SUV / Cross over,Khác,Đỏ,False,5,2.0,FWD,6,car_p25_s12_1774763622,"Mazda CX-5 2.0 Luxury 2023 - 62A 39194 2. Odo 30.000 km Full lịch sử 3. GNY 728 tr Option trang bị thêm film cách nhiệt, lót sàn, cam hành trình,... - Tình trạng xe xe đẹp không lỗi, máy số nguyên zin - Bảo hành Động cơ hộp số 6tháng hoặc 5.000km"
p25_s10_1774763602,Mazda 6,Premium 2.0 AT,2019,558.0,33000.0,Tự động,Xăng,Sedan,Khác,Trắng,False,5,2.0,FWD,6,car_p25_s10_1774763602,"Mazda 6 2.0 Premium đời 2019 màu trắng, biển số 60A 61825. - Odo 33.000 km nguyên bản. - Thiết kế sang trọng, nội thất tiện nghi. - Động cơ 2.0 mạnh mẽ, vận hành êm ái. - Giá 558 triệu, bao rút hồ sơ."
p63_s7_1776276272,Mazda 3,1.5 AT Sedan,2017,415.0,55000.0,Tự động,Xăng,Sedan,Việt Nam,Trắng,False,5,1.5,FWD,2,car_p63_s7_1776276272,"-Mazda 3 2017 model 2018 1.5L,số tự động,màu trắng rất đẹp,rất đẳng cấp -Xe chủ rất ít đi,chủ yếu trùm mền,rất mới -Phom xe cực ngầu,cực thể thao -Thiết kế nội thất đẹp,cách âm tốt -Ghế da màu đen rất sang -Nội thất mới tinh -Phom xe rất đẹp,rất thể thao Xe trang bị -Nút đề Start/stop,cửa sổ trời,mâm đúc,màn hình camera de nhiều tính năng hiện đại khác -Salon cam kết chất lượng xe bán ra -Xin mời quý khách ghé Salon tham quan và lái thử -Thương lượng cho quý khách đến Salon trực tiếp xem xe -Nhận cầm cố,thế chấp các loại ô tô an toàn,kín đáo,lịch sự bảo mật -Hoa hồng hấp dẫn cho người giới thiệu -Cám ơn ace đã xem tin"
p17_s18_1774759923,Mazda 3,1.5L Luxury,2025,608.0,5600.0,Tự động,Xăng,Sedan,Việt Nam,Đỏ,True,5,1.5,FWD,6,car_p17_s18_1774759923,"Bán Mazda 3, màu đỏ Sản xuất 2025. Mua mới chính hãng Mazda. Km đã đi 5600 km, mới chạy 5 tháng. Đã bảo dưỡng mốc 5000 km. Xe đẹp như mới, thời gian để hầm là chính, cuối tuần mới lấy ra chạy. Đã lắp camera hành trình, hạn đăng kiểm tiếp theo 10/2028. Coi xe tại Vinhomes quận 9. Lý do bán Mua bằng trả góp, giờ muốn tất toán khoản vay cho nhẹ đầu, và từ lúc mua 90 vẫn đi lại hàng ngày bằng xe máy, nên bán để lấy tiền làm việc khác. Liên hệ chính chủ Thương lượng với khách thiện chí mua nhanh trong tháng này"
p36_s6_1776273208,CX-5,2.0 Premium,2019,655.0,63000.0,Tự động,Xăng,SUV / Cross over,Khác,Cam,True,5,2.0,FWD,6,car_p36_s6_1776273208,"MAZDA CX5 Xe mới về bản 2.0 Premium sản xuất 2019. - Xe 1 chủ từ đầu. - Do 63.000km. - Xe trang bị bao gồm Stat/Stop, Cửa nóc, điều hoà tự động, màn hình, camera lùi, cảm biến, tích hợp điều khiển vô lăng, phanh tay điện tử, Hud kính, kết nối ngoại vi, ghế điện, nhớ ghế, cốp điện, và nhiều tính năng khác.. Bao TEST Hãng, hoặc khách hàng chỉ định Đây là Mẫu Xe Lịch Lãm Siêu Bền Bỉ Siêu Tiết Kiệm Không Đối Thủ - Kiểu Dáng Sang Trọng- Lịch Lãm - Hiện Đại . Trang bị Ngập Option - Cam kết xe nguyên bản. - Không đâm va hay ngập nước. - Giấy tờ thủ tục pháp lý rõ ràng. - Nếu phát hiện xe tai nạn bồi hoàn 100 giá trị xe. - Hỗ trợ trả góp lên đến 75 giá trị xe. - Hỗ trợ sang ttên di chuyển cho quý khách hàng ở xa. - Quý khách liên hệ trực tiếp để biết thêm chi tiết và trả giá."
p9_s4_1774727871,CX-30,Luxury 2.0 AT,2024,640.0,14000.0,Tự động,Xăng,SUV / Cross over,Thái Lan,Khác,False,5,2.0,FWD,6,car_p9_s4_1774727871,Cần bán xe mazda cx30 xe gia đinh mua mới 2024 luxury xe rat mới xe luot iit sử dung . Sơn zin nguyen chiec . Kg lổi nhỏ . Tiet kiem xăng Tiện lợi cho gd va kinh doanh . Chinh chủ cà vec . Xem xe nga 4 thủ đức. Dt
p6_s16_1774727408,CX-5,2.0 AT,2014,400.0,140000.0,Tự động,Xăng,SUV,Khác,Xám,False,5,2.0,FWD,6,car_p6_s16_1774727408,"Mazda CX5 sản xuất 2014, màu xám, động cơ 2.0L, số tự động. - Xe gia đình, keo chỉ zin, máy số zin. - Cam kết không tai nạn, không ngập nước. - Giá 408 triệu bao rút hồ sơ. - Xem xe tại Hải Phòng."
p68_s18_1776276955,Mazda 6,Luxury 2.0 AT,2020,466.0,76000.0,Tự động,Xăng,Sedan,Việt Nam,Xám,False,5,2.0,FWD,6,car_p68_s18_1776276955,"Gd cân ban chiêc xe mazda 6 luxury 2020 mau xam, odo 76.000 km, xe chinh chu đi gin giư nôi thât đep keng trang bi nhiêu option ghê lai chinh điên, cưa sô trơi, cam biên trươc sau/camera lui, phanh tay điên tư, âm thanh cao câp, may sô zin nguyên ban, bao dương đinh ki tai hang, đôi xe ban 466 triêu."
p64_s4_1776276368,Mazda 6,AT,2002,125.0,150000.0,Số sàn,Xăng,Sedan,Khác,Đen,False,5,2.0,FWD,6,car_p64_s4_1776276368,Bác nào cần xe này lh e nhá Thanh lý ạ Xe bảo dưỡng định kỳ Mazda 626 xe mới đăng kiểm Đủ đăng ký và đăng kiểm Giữ biển trọn đời Giá 1xxtr.
p64_s7_1776276383,Mazda 3,1.5L Premium,2019,420.0,118000.0,Tự động,Xăng,Sedan,Việt Nam,Khác,False,5,1.5,FWD,6,car_p64_s7_1776276383,"Xe đăng kiểm đường bộ đến 2028 Đã vệ sinh kim phun, họng nạp, buồn đốt. Thay dây curoatăng, đã lên 4 lốp michelin, pha cos led, apple carplay"
p43_s7_1774767404,CX-5,2.0 Premium,2020,685.0,1000.0,Tự động,Xăng,SUV / Cross over,Khác,Cam,False,5,2.0,FWD,6,car_p43_s7_1774767404,"Hàng cập bến CX5 2020 bản 2.0 Premium. Xe cam kết khung gầm keo chỉ máy móc nguyên bản. Trang bị full công nghệ, ghê lái điện, cửa sổ trời, nhớ ghế, lệch làn, cốp điện, HUD , ."
p26_s7_1776271771,CX-5,Unknown,2019,600.0,50000.0,Tự động,Xăng,SUV,Khác,Đen,True,5,2.0,FWD,6,car_p26_s7_1776271771,Xe mada cx 5 2019 xe 1 chủ từ đầu xe đi 5 vạn xe còn nguyên zin
p4_s15_1774726979,Mazda Other,Premium 2.0 AT,2022,700.0,34000.0,Tự động,Xăng,SUV / Cross over,Việt Nam,Cam,False,5,2.0,FWD,6,car_p4_s15_1774726979,"Cần bán xe gia đình đang sử dụng. Xe rất ít đi, đi rất kỹ. Xe sơn zin 100 chưa dặm sơn. Lốp theo xe, sơ cua chưa hạ. Cam kết không đâm đụng ngập nước Check test hãng thoải mái. Xem xe tại nhà."
p19_s15_1774760345,CX-5,2.0 Premium,2023,755.0,40000.0,Tự động,Xăng,SUV / Cross over,Việt Nam,Xanh,False,5,2.0,FWD,6,car_p19_s15_1774760345,"Trang bị 2 ghế điện nhớ ghế Có sấy và làm mát ghế Sưởi vô Lăng. Cửa sổ trời, Gạt mưa auto. 10 loa bose. Hud kính lái, Cốp điện Đá cốp, Cảm biến va chạm trước sau, Cam 360, Phanh điện tử, Gương chiếu hậu tràn viền Chống Chói v.v... I-ACTIVSENSE rada hỗ trợ lái - Cảnh báo và hỗ trợ giữ làn đường, Cảnh báo điểm mù, Đèn pha tự động thích ứng. Kiểm soát hành trình Thích Ứng, Giữ khoảng cách với xe Phía Trước. Tự động Phanh Khẩn Cấp v.v.. Xem xe tại Phước An, Đăk Lăk"
p49_s15_1776273961,Mazda 3,Sport 1.5L Luxury,2019,475.0,50000.0,Tự động,Xăng,Hatchback,Việt Nam,Khác,False,5,1.5,FWD,6,car_p49_s15_1776273961,"Cần bán mazda3 sport đời 2019 odo 5v , máy số nguyên zin , không đâm đụng ngập nc bao check test Giá 475tr xem xe tại gò vấp"
p16_s17_1776270024,Mazda 6,Premium 2.0 AT,2021,620.0,31000.0,Tự động,Xăng,Sedan,Việt Nam,Cam,True,5,2.0,FWD,6,car_p16_s17_1776270024,"Mazda 6 Pre 2.0 AT 2021, tùy chọn cao cấp. Xe đăng ký tên tư nhân chính chủ từ đầu em là nữ đi - ODO zin 31.000 Km. bác nào check tua em tặng xe Xe trang bị gồm Start/Stop, màn hình, CAM 360, cảm biến, vô lăng tích hợp, cửa nóc, điều hòa tự động, túi khí, Hub kính, Radar, gương gập điện, ghế điện, nhớ ghế, phanh tay điện tử, Bluetooth, USB/Ipod, Radio, ABS, EBD,...cùng nhiều tiện ích khác. Cam kết với anh chị em bằng văn bản khi mua xe - Cam kết xe nguyên bản không đâm đụng, ngập nước nếu check ra va chạm ngập nước em xin chịu chi phí đi lại cho các bác ạ. xem xe tại nhà riêng em hoa - Xem xe trực tiếp tại nhà giá cả thương lượng ạ"
p46_s11_1774768130,Mazda 3,1.5L Luxury,2022,525.0,62572.0,Tự động,Xăng,Hatchback,Khác,Đỏ,False,5,1.5,FWD,6,car_p46_s11_1774768130,"Cần bán Mazda3 -2022 luxury cực đẹp , nguyên zin từng chi tiết"
p43_s9_1774767422,Mazda 3,1.6 AT,2004,139.0,131000.0,Tự động,Xăng,Sedan,Nhật Bản,Đen,False,7,1.6,FWD,6,car_p43_s9_1774767422,Do nhu cầu đổi xe 7 chổ bán xe mazda 3 AT 2004 . Xe đi 131 000 km được trang bị màng hình Android và camera lùi hoặc động ổn định nguyên bản.
p3_s11_1774726743,BT-50,MT,2019,480.0,65000.0,Số sàn,Dầu,Bán tải,Thái Lan,Trắng,False,5,2.0,FWD,6,car_p3_s11_1774726743,"MADAZ BT50 MT4x4 - 2 cầu xe gia đình sử dụng kỹ, full bảo dưỡng hãng, rất hiếm có chiếc xe lành tính thứ 2 Năm sản xuất 2019 đăng kí 2020 dòng xe cuối cùng Mazda hợp tác cùng Ford - Odo 65k km - Biển số 1chủ HCM từ mới - Số sàn 2 cầu - Xuất xứ Nhập khẩu Thái Lan chính hãng - CAM KẾT CHẤT LƯỢNG Máy zin số zin khung sườn Zin. Cam kết chưa làm than vỏ 1 tí gì luôn. Xe Full bảo dưỡng tại Mazda Gò Vấp xe bảo dưỡng 1 nơi từ ngày mua mới có thể vào hãng check thoải mái Keo chỉ nguyên bản, không mất 1 phân Không đâm đụng không ngập nước không thuỷ kích Bao check test hãng / bên thứ 3 T3T4 - Phát hiện lỗi chịu toàn bộ chi phí kiểm tra đi lại - Giá mong muốn 480tr - Trên hình ảnh là xe chưa rửa, nếu rủa đi là nhìn gần như xe mới. Mong muốn làm việc với khách thiện chí hiểu biết về xe, đang mong muốn mua 1 cái xe lành giá hợp lý về sử dụng. Không làm việc với khách thiếu thiện chí, khách muốn giá rẻ mà có xe tốt Liên hệ Mr Thăng"
p7_s7_1776268516,Mazda 2,1.5 AT,2014,250.0,102345.0,Tự động,Xăng,Hatchback,Khác,Khác,False,5,1.5,FWD,1,car_p7_s7_1776268516,"Gia đình lên đời cần bán Mazda 2s HB sx 2014 Máy 1.5 bao lợi xăng bao lành tiết kiệm Hộp số tự động 4AT chuyển mượt Form mới, 2 chìa khoá mới, đề start stop Chất xe đẹp, không ngập nước, không tai nạn Đầy đủ ghế da, màn hình, lốp mới Đã bảo dưỡng gầm bệ, đi ngon không kêu Anh chị quan tâm ghé xem xe trực tiếp Giá còn thương lượng tại 632 phạm hùng, hoà xuân, đà nẵng Xin cám ơn ACE đã xem tin"
p34_s17_1774765637,Mazda 3,Unknown,2018,470.0,49000.0,Tự động,Xăng,Sedan,Khác,Bạc,False,5,2.0,FWD,6,car_p34_s17_1774765637,"MAZDA 3 Odo 49,000 -2018- màu xanh Option Dán kính, trải sàn, camera lùi, ghế da, màn hình android, Bảo hành chính hãng Giấy tờ rõ ràng minh bạch đủ điều kiện sang tên Giấy chứng nhận kiểm tra 176 hạng mục Bảo hành riêng biệt đối với từng dòng xe Hỗ trợ kỹ thuật 24/7 CAM KẾT 3 KHÔNG Không đâm đụng - Không ngập nước. Không tháo rã động cơ - Không tua km. Không phạt nguội - Không tranh chấp."
p29_s7_1776272279,CX-5,2.0 Premium,2024,768.0,9000.0,Tự động,Xăng,SUV,Khác,Đỏ,False,5,2.0,FWD,6,car_p29_s7_1776272279,"Mazda CX5 2.0 Premium Active màu đỏ, sản xuất 12/2024, mới đi 9.000km. - Sơn zin 100, xe như mới. - Thiết kế sang trọng, nội thất tiện nghi. - Động cơ 2.0 mạnh mẽ, vận hành êm ái. - Giá 768 triệu đồng."
p31_s10_1774764955,BT-50,MT,2017,360.0,150000.0,Số sàn,Dầu,Bán tải,Khác,Xanh,False,5,2.0,FWD,6,car_p31_s10_1774764955,"Mazda BT-50 2017 số sàn hai cầu màu xám xanh, dòng bán tải mạnh mẽ, bền bỉ. - Động cơ dầu, hộp số sàn. - Xe 5 chỗ, nội thất rộng rãi. - Phù hợp đi công trường, chở hàng hoặc gia đình. - Bên e vừa mua vừa bán LH"
p36_s11_1774765985,Mazda 3,Unknown,2017,380.0,92000.0,Bán tự động,Xăng,Sedan,Khác,Cam,False,5,2.0,FWD,6,car_p36_s11_1774765985,Mazda3 2017 phom 2018 phanh tay điện tử Xe nguyên bảng ko đâm va ngập lội cam kết Máy số nguyên zin bao check các kiểu Giá còn thương lượng cho AE thiện chí
p45_s18_1774767971,Mazda 3,1.5 Luxury,2025,639.0,15000.0,Tự động,Xăng,Sedan,Khác,Cam,False,5,1.5,FWD,6,car_p45_s18_1774767971,"Mazda 3 1.5 Luxury sx 2025 . Lướt 10.000km xe mới lắm . Sơn zin cao - Xe đã độ thêm cam 360 , áp suất lốp , cam hành trình trước sau , thảm sàn 6D .... Check thoải mái lỗi trả phí check xem xe tại hà nội"
p26_s0_1774763696,Mazda 3,AT,2017,365.0,69000.0,Tự động,Xăng,Sedan,Khác,Xanh,False,5,2.0,FWD,6,car_p26_s0_1774763696,"Mazda 3 2017 xe cực đẹp chủ đi giữ gìn, máy số keo chỉ nguyên zin không lỗi lầm.Xem xe ưng ý ngay ạ"
p21_s12_1774760756,BT-50,2.2 AT,2018,398.0,116000.0,Tự động,Dầu,Pick-up (bán tải),Thái Lan,Khác,False,5,2.2,FWD,6,car_p21_s12_1774760756,"Mazda BT50 2.2 AT 4x2, số tự động 1cầu, sản xuất 2018, odo 116000km. Xe chuẩn không lỗi."
p77_s7_1776278395,Mazda 2,1.5 AT Hatchback,2018,335.0,68220.0,Tự động,Xăng,Hatchback,Thái Lan,Xanh,True,5,1.5,FWD,2,car_p77_s7_1776278395,"Mình cần bán 1chiếc xe mazda 2 hackback.1.5 AT đời 2018.màu xanh dương biển số Thành phố.xe 1 đời chủ ,không kinh doanh hay chạy dịch vụ.chính chủ đứng tên bán.xe cực mới xem xe sẽ thích ngay."
p69_s19_1776277000,CX-5,AT,2018,570.0,90000.0,Tự động,Xăng,SUV,Khác,Đen,False,5,2.0,FWD,6,car_p69_s19_1776277000,"Mazda CX5 màu đen, xe 5 chỗ, động cơ xăng, hộp số tự động. - Thiết kế hiện đại, nội thất rộng rãi. - Vận hành êm ái, tiết kiệm nhiên liệu. - Xe sẵn sàng lăn bánh."
p48_s9_1774768593,Mazda 3,1.5 AT Sedan,2017,379.0,114000.0,Tự động,Xăng,Sedan,Khác,Đỏ,True,5,1.5,FWD,2,car_p48_s9_1774768593,"Mazda 3 1.5L AT sedan Xe sử dụng cá nhân đúng 1 chủ từ đầu mới mua đến nay, ko đâm đụng ngập nước, xe có dặm tút do trầy xước, bảo dưỡng chính hãng suốt từ lúc mua mới, trang bị thêm film cách nhiệt, áp suất lốp vs cảnh váo điểm mù tích hợp màn hình, dán bảo về sơn PDf quý khqchd có nhu cầu mua xe vui lòng gọi trực tiếp ạh"
p77_s14_1776278442,Mazda Other,3.7 AT 4WD,2012,310.0,140000.0,Tự động,Xăng,SUV / Cross over,Nhật Bản,Khác,True,7,2.0,AWD,2,car_p77_s14_1776278442,- Xe chính chủ sang tên nhanh - Xe bão dưỡng định kỳ - Xe gia đình đi
p40_s13_1774766832,Mazda 3,1.5L Luxury,2022,535.0,40000.0,Tự động,Xăng,Sedan,Việt Nam,Cam,False,5,1.5,FWD,6,car_p40_s13_1774766832,"Mazda 3 Luxury 2022 đẹp long lanh. odo 4v chuẩn, gốc Daklak, full lịch sử hãng. Cam kết ko đâm đụng ngập nước, bao check hãng hoặc bên thứ 3 bất kỳ Hỗ trợ bank 70 giá trị xe xem xe Buôn Ma Thuột, Daklak."
p21_s11_1774760746,Mazda 3,1.5,2018,405.0,95000.0,Tự động,Xăng,Sedan,Khác,Trắng,False,5,1.5,FWD,6,car_p21_s11_1774760746,"Em bán Mazda3 1.5 2018 ---- XE ĐƯỢC CAM KẾT ---- Không tai nạn,khung sườn sắt xi nguyên bản Không ngập nước thuỷ kích Động cơ nguyên , hộp số zin Hỗ trợ check test bất cứ đâu khách hàng chỉ định"
p15_s18_1776269855,Mazda 3,Deluxe,2022,505.0,70000.0,Tự động,Xăng,Sedan,Khác,Vàng,False,5,2.0,FWD,6,car_p15_s18_1776269855,"MAZDA 3 2022 - Lựa chọn hoàn hảo Odo chuẩn 7vạn Phiên bản Deluxe Tình trạng xe hiện tại Xe zin từ máy móc đến gầm bệ, nội - ngoại thất sạch đẹp. Trang bị hiện đại - Start/Stop tiện lợi - Đàm thoại rảnh tay - Gương kính chỉnh điện - Điều hòa auto - Hệ thống an toàn tiêu chuẩn - Vô vàng các option Chủ cũ đã trang bị thêm dán film, cam hành trình, camera 360,...vv Cam kết uy tín - Không đâm đụng, không thủy kích - Bảo hành 1 năm bao quay đầu Giá ưu đãi Chỉ từ 505tr bao rút hs gốc Có hỗ trợ sang tên xem xe trực tiếp liên hệ hotline Nhanh tay, xe đẹp không chờ lâu"
p37_s0_1776273350,Mazda 3,AT,2017,405.0,47000.0,Tự động,Xăng,Hatchback,Khác,Trắng,True,5,2.0,FWD,6,car_p37_s0_1776273350,"Loại xe MAZDA 3 HB FL Hộp số Số tự động Năm sản xuất 2017 1 chủ Màu Trắng Nội thất Đen ghế da zin theo xe Biển số 51G-418.47 Số km 47.000km full lịch sử hãng Phụ kiện lắp thêm Dán phim, thảm lót sàn, 4 lốp michelin, camera hành trình, cảm biến áp suất lốp. Pháp lý xe Cá nhân. Tình trạng xe Nội ngoại thất hoàn hảo, sạch sẽ. Cam kết Không cấn đụng, không ngập nước, không tua odo, không phạt nguội hay tranh chấp. Đăng kiểm 05/2026"
p5_s7_1774727099,CX-5,2.0 AT,2015,439.0,86000.0,Tự động,Xăng,SUV / Cross over,Việt Nam,Đen,False,5,2.0,FWD,6,car_p5_s7_1774727099,"𝐌𝐚𝐳𝐝𝐚 𝐂𝐗𝟓 𝟐.𝟎𝐋 𝐀𝐖𝐃 𝟐𝟎𝟏𝟓 Đ𝐨𝐧𝐠 𝐜𝐨 Xăng 2.0L, 155HP 𝐇𝐨𝐩 𝐬𝐨 Số tự động 𝐌𝐚𝐮 𝐱𝐞 Đen - nội thất đen 𝐒𝐚𝐧 𝐱𝐮𝐚𝐭 Việt Nam 𝐗𝐞 đ𝐮𝐨𝐜 𝐭𝐫𝐚𝐧𝐠 𝐛𝐢 Xe trang bị đề nút nhấn, cam 360, ga tự động, cam hành trình, đầu DVD Zestech thông minh, ghế da cao cấp, phim cách nhiệt cao cấp, báo áp suất lốp, bệ bước chân, đèn full led, cửa sổ trời... các công nghệ an toàn ABS, EBD, cân bằng xe, kiểm soát lực kéo, hỗ trợ khởi hành ngang dốc,...hàng đầu theo tiêu chuẩn an toàn quốc tế. 𝐓𝐢𝐧𝐡 𝐭𝐫𝐚𝐧𝐠 𝐱𝐞 Chủ xe nữ ít đi, động cơ hộp số zin mượt mà, ngoại thất và nội thất còn mới, mới thay 4 lốp mới đi Tết, 5 chỗ rộng rãi, siêu đầm chắc, chạy cực mạnh. Xe bảo hiểm mới mua, đăng kiểm đường bộ full đến 2027, khách mua về chỉ cần đổ xăng và chạy. 𝐂𝐚𝐦 𝐤𝐞𝐭 𝐤𝐡𝐨𝐧𝐠 𝐭𝐚𝐢 𝐧𝐚𝐧, 𝐧𝐠𝐚𝐩 𝐧𝐮𝐨𝐜, 𝐭𝐮𝐚 đ𝐨𝐧𝐠 𝐡𝐨 Đ𝐨𝐧𝐠 𝐜𝐨, 𝐡𝐨𝐩 𝐬𝐨 𝐜𝐡𝐮𝐚 𝐛𝐮𝐧𝐠, 𝐛𝐚𝐨 𝐡𝐚𝐧𝐡 𝟓𝟎𝟎𝟎𝐤𝐦 𝐡𝐨𝐚𝐜 𝟔 𝐭𝐡𝐚𝐧𝐠 𝐁𝐚𝐨 𝐭𝐞𝐬𝐭 𝐡𝐚𝐧𝐠, 𝐠𝐢𝐚𝐨 𝐱𝐞 𝐭𝐨𝐚𝐧 𝐪𝐮𝐨𝐜 𝐓𝐡𝐮 𝐦𝐮𝐚 đ𝐚 𝐝𝐚𝐧𝐠 𝐭𝐚𝐭 𝐜𝐚 𝐜𝐚𝐜 𝐝𝐨𝐧𝐠 𝐱𝐞 𝐜𝐮 𝐠𝐢𝐚 𝐜𝐚𝐨"
p72_s9_1776277490,Mazda 3,1.5 AT Hatchback,2016,342.0,70000.0,Tự động,Xăng,Hatchback,Khác,Khác,True,5,1.5,FWD,2,car_p72_s9_1776277490,"Bán hoặc gluu xe Mazda 3 model 2016 1 chủ Hp cực đẹp chạy 7v km như mới,xe cực kỳ ít đi,công chức sử dụng đi loanh quanh nội thành,bao check test cho ae thoải mái,ko đâm đụng,ko ngập nước,e bán 342tr bao rút hồ sơ, ra lộc cho ae thiện chí alo"
p2_s19_1776267817,Mazda 3,2.0 AT,2017,419.0,56218.0,Tự động,Xăng,Sedan,Việt Nam,Cam,True,5,2.0,FWD,6,car_p2_s19_1776267817,"MAZDA 3 2.0 2017 FORM ĐẸP, OPTION ĐẦY ĐỦ, XE GIỮ KỸ xe sản xuất 2017 odo 56.000km một chủ mua mới từ đầu Động cơ 2.0 mạnh mẽ, số tự động Trang bị đầy đủ cửa sổ trời, ghế da, màn hình, camera lùi, cruise control, đề nổ Start/Stop Nội ngoại thất còn rất đẹp Máy móc zin, khung gầm chắc chắn Odo chuẩn, lịch sử bảo dưỡng đầy đủ Xe không đâm đụng, không ngập nước Mazda 3 2017 bản 2.0 phù hợp cho anh chị cần một chiếc sedan đẹp, lái sướng, nhiều option nhưng giá cực hợp lý. Giá bán 4.1.9 triệu thương lượng trực tiếp Liên hệ xem xe và chạy thử ngay Có hỗ trợ sang tên, ngân hàng và nhận trao đổi xe bù trừ hợ"
p9_s8_1776268829,CX-5,2.0 Premium,2023,768.0,21000.0,Tự động,Xăng,SUV / Cross over,Việt Nam,Trắng,True,5,2.0,FWD,6,car_p9_s8_1776268829,"Mazda CX5 Premium 2.0 AT Sản xuất 2023 Form mới Odo 2.1 vạn km zin, full Lịch sử bảo dưỡng đầy đủ Biển Tỉnh, tên cá nhân một chủ từ đầu, đã lên 1 số đồ chơi cần thiết vv Cam kết xe không đâm va, không ngập nước, không phạt nguội, pháp lý xe minh bạch đầy đủ điều kiện sang tên. Quý khách vui lòng liên hệ Ecoauto SURE để biết thêm thông tin và giá ưu đãi nhất."
p2_s16_1776267789,Mazda 6,AT,2014,360.0,130000.0,Tự động,Xăng,Sedan,Khác,Xám,False,5,2.0,FWD,6,car_p2_s16_1776267789,"Mazda 6 2014 AT xịn Odo 13 vạn xịn Giá bán 3xx triệu Xe xịn, máy móc - hộp số - keo chỉ rin Đã lên camera 360, màn hình, ghế chỉnh điện, ghế da Liên hệ em Hoàng Xem xe tại 84 Phạm Hùng, Hoà Xuân, Đà Nẵng Phúc Vân Auto cam kết xe không lỗi - Bảo hành máy móc hộp số 1 năm"
p46_s8_1774768099,Mazda Other,2.5 AT AWD,2017,470.0,97000.0,Tự động,Xăng,SUV / Cross over,Việt Nam,Hồng,False,5,2.5,AWD,2,car_p46_s8_1774768099,"MAZDA CX5 2017 BẢN FUII 2.5. Dòng xe sang trọng đẳng cấp. Tít kiệm nguyên liệu bền Bỉ. Khung gầm chắc chắn, cứng cáp Máy móc nguyên zin êm ái Bán bảo hành máy 12 tháng. Khi mua xe Bao rút hồ sơ gốc Bao Ship xe tận nhà Hoa hồng cao cho Quý anh/chị giới thiệu HOẶC GIAO LƯU TRAO ĐỔI CÁC LOẠI XE CỦ. XE MÁY ĐỔI ÔTÔ. . 25 ĐƯỜNG ĐÔNG BẮC PHƯỜNG TÂN CHÁNH HIỆP QUẬN 12. TP.HCM"
p30_s8_1774764705,CX-3,3.0,2024,529.0,23000.0,Tự động,Xăng,SUV,Khác,Đỏ,False,5,3.0,FWD,6,car_p30_s8_1774764705,"Mazda CX3 2024 Odo 23.000 ĐKLD T1/2025 Cam kết Odo chuẩn, k đâm đụng, k ngập nước, k đại tu động cơ hộp số, odo chuẩn Giá 529tr Thy"
p19_s6_1774760241,Mazda 3,Sport 1.5L Premium,2020,539.0,60000.0,Tự động,Xăng,Hatchback,Việt Nam,Trắng,False,5,1.5,FWD,6,car_p19_s6_1774760241,"Em Cần Bán Mazda 3 2020 1.5Sport Premium Trắng biển hà nội , xe đẹp không lỗi nhỏ , odo 6 vạn km zin , bảo dưỡng full hãng , nội thất mới tinh , gầm bệ nguyên bản , lốp zin cả dàn , sơn zin 99 , xe không có con thứ 2 mới hơm Bản full kịch option - Xe bán cam kết bằng văn bản - máy móc zin - xe không tai nạn - xe không ngập nước - cột kèo keo chỉ nguyên bản - kilomet zin không tua - Bao check test hãng hoặc gara toàn quốc - Xe bán có hỗ trợ trả góp tối đa - Xe bán có hỗ trợ rút hồ sơ gốc - Xe bán có nhận đổi các xe cũ giá cao Anh em quan tâm liên hệ Hotline - Kiên Xe Tốt Đc 88 Vũ Đức Thận - Long Biên - Hà Nội"
p49_s19_1774768951,Mazda 3,1.5L Premium,2019,448.0,100000.0,Tự động,Xăng,Sedan,Khác,Đỏ,True,5,1.5,FWD,6,car_p49_s19_1774768951,"Mazda 3 2019 1.5AT chạy 10 vạn km một chủ sử dụng từ mới. Bảo dưỡng full tại hãng. Xe không đâm, không ngập"
p47_s3_1774768272,CX-8,Premium,2023,935.0,20500.0,Tự động,Xăng,SUV / Cross over,Việt Nam,Vàng,True,7,2.0,FWD,6,car_p47_s3_1774768272,"Mazda CX-8 Premium sản xuất tháng 08/2023 màu vàng cát. - Xe đi 20.500 km, bảo dưỡng hãng đầy đủ. - Nội thất da Nappa mới, đã gắn áp suất lốp. - Xe một chủ giữ gìn cẩn thận, không đâm đụng, không ngập nước. - Xe tại Quận Bình Thạnh, TP.HCM."
p20_s2_1774760441,Mazda 6,Unknown,2018,480.0,100000.0,Tự động,Động cơ Hybrid,Sedan,Khác,Đen,False,5,2.0,FWD,6,car_p20_s2_1774760441,Cần bán xe maxda X6 đời 2018 Xe chạy gd rất kỹ Mới thay bánh mới Giá 480tr
p76_s13_1776278278,Mazda 3,1.5 AT Sedan,2016,365.0,69000.0,Tự động,Xăng,Sedan,Việt Nam,Khác,True,5,1.5,FWD,2,car_p76_s13_1776278278,"Cần bán mazda 3 2016 odo 69000km ko lỗi nhỏ, 1 chủ từ đầu xem xe thích ngay , ace lh em xem xe thương lượng"
p74_s5_1776277860,Mazda Other,Deluxe,2020,720.0,35000.0,Tự động,Xăng,SUV / Cross over,Việt Nam,Khác,True,7,2.0,FWD,6,car_p74_s5_1776277860,"-Mazda CX8 Deluxe, sx 2020 đăng ký lần đầu 2021 , -Odo 35.000 km , 1 chủ mua mới -Giá 720 triệu -tặng bảo hiểm thân vỏ -Lịch sử Bảo dưỡng Full Hãng , máy móc keo chỉ nguyên bản , không tai nạn , không ngập nước , không thuỷ kích Bảo hành động cơ hôp số Bank hỗ trợ vay tối đa 75 giá trị xe - Lh để trực tiếp xem xe"
p33_s13_1774765423,Mazda 6,Premium,2020,650.0,42000.0,Tự động,Xăng,Sedan,Thái Lan,Trắng,True,5,2.0,FWD,6,car_p33_s13_1774765423,"Tôi Chính Chủ bán lại Mazda 6 màu trắng, bản cao cấp nhất xe 5 chỗ, động cơ xăng, số tự động. Chỉ làm Hãng Mazda - Thiết kế sang trọng, nội thất rộng rãi. - Vận hành êm ái, tiết kiệm nhiên liệu."
p67_s2_1776276786,BT-50,3.2L 4x4 AT,2014,295.0,159000.0,Tự động,Dầu,Pick-up (bán tải),Khác,Đỏ,False,5,2.0,FWD,6,car_p67_s2_1776276786,"Mazda BT-50 màu đỏ, bản 3.2 full 2 cầu 2014 xe bán tải , nội thất đẹp , startop , màn hình , loa sub , ghế trần nỉ đẹp full , máy zil khoẻ k lỗi lầm bảo dưỡng địh kỳ - 5 chỗ ngồi, số tự động, dùng nhiên liệu dầu. - Thiết kế thể thao, nội thất rộng rãi. - Phù hợp đi công trường, đi gia đình."
p47_s13_1774768383,CX-5,Deluxe 2.0 AT,2021,669.0,50000.0,Tự động,Xăng,SUV / Cross over,Việt Nam,Trắng,True,5,2.0,FWD,6,car_p47_s13_1774768383,"Tiếp tục về hàng hot Mazda CX5 2.0 AT Deluxe sx 2021 - xe 1 chủ từ mới biển Hà Nội, odo 5 vạn km zin, nội ngoại thất nét căng, lốp vẫn còn theo xe sơ cua chưa hạ. - cam kết chất lượng xe bằng văn bản, check test đâu cũng được. Giá 669 tr. Đc Nghĩa Đô, Hà Nội."
p44_s19_1774767731,Mazda 2,Sport 1.5 Premium,2021,425.0,43000.0,Tự động,Xăng,Hatchback,Thái Lan,Đen,False,5,1.5,FWD,6,car_p44_s19_1774767731,"Mazda 2 Premium hatback 2021 - Màu đỏ - Nhập Thái Mới odo 4 vạn - xe như mới Vì là bản cao nhất nên có đầy đủ tính năng an toàn chỉ có trên bản Premium - Màn hình HUD lái - Hệ thống cảnh báo điểm mù - Hệ thống cảnh báo phương tiện cắt ngang - Hê thống cảnh báo lệch làn đường - Hệ thống hổ trợ phanh thông minh - Hệ thống nhắc nhở người lái nghỉ ngơi Chất xe mới 99 Tất cả các chi tiết nội ngoại thất như mới, rất yêu thương và giữ gìn xe, cam kết check hãng bất kỳ tuỳ chọn. - Bảo trì bảo dưỡng định kỳ tại hãng. Full lịch sử hãng - xe mới mua bh 2 chiều tới 07/2026 Option đã lắp Đã Phủ gầm chống rỉ sét full gầm xe Thảm 6D full xe Áp suất lốp cho xe Bọc da tapi cửa hạn chế trầy xướt cho xe. Cam ket tinh trang hoan hao, Bao soi roi duoi moi hinh thuc, bao check hang bat ky Khuyen khich khach moi tho xin đen ho tro xem xe hoac đua vao hang Mazda bat ky check"
p6_s9_1776268398,Mazda 3,1.5L Sport Premium,2022,530.0,19000.0,Tự động,Xăng,Hatchback,Việt Nam,Trắng,True,5,1.5,FWD,6,car_p6_s9_1776268398,"M3 2022 SPORT PREMIUM Đã đi 19.000km , một chủ Không đâm đụng thủy kính, máy số zin, chạy sướng lắm Giá 530 thương lượng"
p40_s17_1776273492,Mazda 3,1.5L Sport Premium,2022,579.0,36000.0,Tự động,Xăng,Hatchback,Khác,Khác,False,5,1.5,FWD,6,car_p40_s17_1776273492,"MAZDA 3 SPORT PREMIUM 2022 Hatchback phân khúc C, bản cao cấp nhất ODO 36.000 km Chuẩn, bảo dưỡng hãng Tình trạng Xe gia đình, sơn zin nguyên bản Giá bán 579 Triệu Còn TL Xem xe tại TP. HCM Liên hệ"
p70_s3_1776277039,CX-5,2.0 Premium,2023,755.0,22000.0,Tự động,Dầu,SUV / Cross over,Khác,Trắng,True,5,2.0,FWD,6,car_p70_s3_1776277039,"CX5-2.0Premium active- chính chủ cực kỳ giữ xe ở hà nội-màu trắng-đúng km 2v3-Sx10/2023 - xe còn rất mới,còn bảo hành tại hãng có l/sử, đã thay bộ lốp michelin , thảm trải sàn da nappa, mua đồ trị giá hơn 30tri, mong muốn bán cho người dùng quý xe 755tri có bớt tiền rút hồ sơ và ra lộc chủ mới"
p36_s4_1776273188,Mazda 3,2.0 AT Sedan,2015,360.0,88000.0,Tự động,Xăng,Sedan,Khác,Trắng,False,5,2.0,FWD,2,car_p36_s4_1776273188,"Mazda 3 2.0 sx 2015 lăn bánh 88 ngàn Km, nội thất da zin theo xe còn rất đẹp, Sơn zin 90, mới thay 4 vỏ michelin, bảo dưỡng rất kỹ Giá 3xx OPTION theo xe đèn pha Full led, hệ thống rửa đèn pha, đèn gầm Led, Hud Kính hiển thị tốc độ trên kính chắn gió,"
p16_s4_1776269908,Mazda 6,2.0,2014,360.0,130000.0,Tự động,Xăng,Sedan,Nhật Bản,Cam,True,6,2.0,FWD,6,car_p16_s4_1776269908,"Xe gia đình một chủ từ đầu cần bán Mazda 6 2.0 tiết kiệm nhiên liệu một chủ từ mới ODO 13v km full bảo dưỡng hãng Phụ kiện màn hình adroi, camera 360 Cam kết máy số rin, không đâm va, không ngập, chuẩn km, sai tặng xe Xem xe 84 Phạm Hùng, Hoà Xuân, Đà Nẵng"
p77_s5_1776278377,Mazda 3,1.5 AT Hatchback,2016,360.0,120000.0,Tự động,Xăng,Hatchback,Việt Nam,Trắng,True,5,1.5,FWD,2,car_p77_s5_1776278377,"mình cần bán xe md3 hacthback trắng như hình xe gia đình chính chủ,ko đâm đụng ngập nước,máy móc nguyên bản,bảo dưỡng đầy đủ..xem xe ở Sài Gòn Bình Thạnh"
p74_s9_1776277901,Mazda 3,1.5L Deluxe,2020,495.0,70000.0,Tự động,Xăng,Sedan,Việt Nam,Trắng,False,5,1.5,FWD,6,car_p74_s9_1776277901,mazda3 mẫu mới nhất sản xuất 2020 đăng kí 2021 chất xe cực đẹp. em cam kết văn bản máy số keo chỉ nguyên zin 100. màu trắng pha lê sáng loáng. xe ở ngoài còn đẹp hơn trong hình. nội thất da / trần 3d Đã nâng cấp dàn âm thanh nghe nhạc cực trong trẻo
p60_s17_1776275877,Mazda 3,1.5 AT,2017,385.0,76000.0,Tự động,Xăng,Hatchback,Việt Nam,Xanh,False,5,1.5,FWD,6,car_p60_s17_1776275877,"Em bán Mazda3 1.5 FL 2017 ---- XE ĐƯỢC CAM KẾT ---- Không tai nạn,khung sườn sắt xi nguyên bản Không ngập nước thuỷ kích Động cơ nguyên , hộp số zin Hỗ trợ check test bất cứ đâu khách chỉ định"
p60_s12_1776275856,CX-5,2.0 AT,2016,468.0,126000.0,Tự động,Xăng,SUV / Cross over,Nhật Bản,Cam,True,5,2.0,FWD,6,car_p60_s12_1776275856,Gia đình em cần tiền bán gấp chiếc xe CX5 bản ful 2.0 cửa nóc ghế điện mẩu mới. Xe rin 100 cam kết không cấn đụng không ngập nước giá rẻ cho anh chị em mua nhanh sài tết. Xe về chỉ đổ xăng là đi. Xe còn mới lắm luôn. Chính chủ em ký bán hoặc ký uỷ quyền. Bao ký rút hồ sơ. Em bán nhanh có thương lượng lộc lá xíu cho ai mua bán mau lẹ vui vẻ nhiệt tình dễ thương. Cảm ơn anh chị đã xem tin
p25_s4_1776271611,Mazda 6,Mazda 6 2.5L Premium,2019,515.0,69000.0,Tự động,Xăng,Sedan,Việt Nam,Khác,False,5,2.5,FWD,6,car_p25_s4_1776271611,"MAZDA6 2019 Premium Odo 7 vạn km, lốp dày Chủ đi giữ gìn, nội thất rất mới Bản full 2.5L động cơ SkyActiv mạnh mẽ, tiết kiệm nhiên liệu Nội thất ghế da Nappa, trần da lộn, cửa sổ trời, kính hiển thị HUD, rèm che nắng tự động, phanh tay điện tử, loa Bose, nhiều chi tiết mạ crom cao cấp Mâm hợp kim 19inch Đèn led thông minh thích ứng, cảm biến quanh xe Cảnh báo điểm mù, lệch làn, phương tiện cắt ngang... Quý khách quan tâm xin lh Xem xe tại 172 Hà Bồng, Hoà Xuân, tp Đà Nẵng"
p27_s15_1774764036,Mazda Other,Deluxe,2020,719.0,62000.0,Tự động,Xăng,SUV / Cross over,Việt Nam,Đen,False,7,2.0,FWD,6,car_p27_s15_1774764036,"𝐌𝐚𝐳𝐝𝐚 𝐂𝐗-𝟖 𝟐.𝟓𝐀𝐓 𝐌𝐨𝐝𝐞𝐥 𝟐𝟎𝟐𝟏 𝐒𝐢𝐞𝐮 Đ𝐞𝐩 Xe màu Đen / Nội thất Đen Sản xuất 2020 ODO 6v km Full Ls Hãng Xe trang bị Động cơ Skyactiv-G 2.5L, Hộp số tự động 6 cấp, Hệ thống đèn full LED, Mâm hợp kim 19 inch, Ghế chỉnh điện bọc da cao cấp, Điều hoà 3 vùng độc lập, Màn hình 7 inch kết nối Apple Carplay và Android Auto, 6 Loa, Cốp điện, 6 túi khí, Camera sau,. Trang bị thêm Film cách nhiệt, thảm lót sàn, 𝐂𝐀𝐌 𝐊𝐄𝐓 Không đâm đụng Không ngập nước Không tua Km"
p30_s2_1776272408,Mazda Other,2.0 Premium,2023,749.0,39000.0,Tự động,Xăng,SUV / Cross over,Việt Nam,Khác,False,5,2.0,FWD,6,car_p30_s2_1776272408,Trao đổi ôtô xăng lấy điện giảm giá đến 120Tr Mazda Cx5 máy 2.0 premium cao nhất 2023 dòng xe quá là nổi tiếng về cảm giác lái mẫu mã đẹp dễ sài dễ vận hành bền làmh tiết kiệm nhiều công nghệ 5 chổ gầm cao xe tình trạng zin nguyên bản giống xe mới đang sử dụng gia đình hằng ngày đi lướt khách cũ lên đời đổi VF8 xem xe tìm điểm chê giảm giá thêm Hỗ trợ vay ngân hàng
p8_s6_1774727716,Mazda Other,2.0 AT,2016,465.0,105000.0,Tự động,Xăng,SUV / Cross over,Việt Nam,Khác,True,5,2.0,FWD,6,car_p8_s6_1774727716,"Mazda Cx5 2.0 Sx 2016 Một Chủ Mua Mới - Odo 10Vạn Chuẩn - Xe Rin Ko Lỗi Máy Số Rin, Cửa Nẻo Keo Chỉ Rin Giá 465 Triệu Bao Hồ Sơ . ."
p36_s14_1776273290,Mazda Other,Deluxe 2.0 AT,2023,660.0,29000.0,Tự động,Xăng,SUV / Cross over,Việt Nam,Khác,True,5,2.0,FWD,6,car_p36_s14_1776273290,"Cần bán Cx5 sx 2023 deluxe Xe 1 chủ mua từ mới Full lịch sử hãng Chạy chuẩn 2,9 vạn km Xe zin k lỗi Lốp theo xe cả dàn sơ cua chưa hạ Bao check tets Lỗi tặng 50 triệu"
p77_s9_1776278408,Mazda Other,Premium 2.0 AT,2025,799.0,3656.0,Tự động,Xăng,SUV / Cross over,Việt Nam,Đen,False,5,2.0,FWD,6,car_p77_s9_1776278408,"Chiếc Mazda CX-5 Premium 2.0 AT đời 2025 màu đen mạnh mẽ đang tìm chủ nhân mới. Xe được trang bị nhiều tính năng hiện đại, mang đến trải nghiệm lái tuyệt vời và đẳng cấp. Thiết kế ngoại thất màu đen bóng bẩy, lịch lãm, thu hút mọi ánh nhìn. Nội thất rộng rãi với 4 chỗ ngồi thoải mái, phù hợp cho gia đình nhỏ hoặc những người yêu thích sự riêng tư. Động cơ 2.0 AT mạnh mẽ, vận hành êm ái và tiết kiệm nhiên liệu. Xe đời 2025, đảm bảo công nghệ mới và độ bền cao. Phiên bản Premium với nhiều trang bị cao cấp như hệ thống âm thanh vòm, màn hình cảm ứng lớn, camera 360 độ và nhiều tính năng an toàn tiên tiến. Mazda CX-5 nổi tiếng với khả năng vận hành ổn định, đầm chắc trên mọi cung đường. Xe được bảo dưỡng định kỳ, đảm bảo tình trạng hoạt động . Đây là lựa chọn lý tưởng cho những ai tìm kiếm một chiếc SUV sang trọng, tiện nghi và an toàn. Với thiết kế hiện đại và trang bị tiên tiến, Mazda CX-5 Premium 2.0 AT 2025 sẽ là người bạn đồng hành đáng tin cậy trên mọi hành trình. Khám phá sự khác biệt và tận hưởng cảm giác lái tuyệt vời cùng Mazda CX-5."
p49_s9_1774768842,Mazda Other,Sport,2017,369.0,104000.0,Tự động,Xăng,Unknown,Khác,Đỏ,False,5,2.0,FWD,6,car_p49_s9_1774768842,Mazda 3 Sporty 2017 full lịch sử hãng Odo chuẩn 104.000km không 1 lỗi nhỏ 369tr bao sang tên toàn quốc Sơn zin đẹp long lanh như Hiếu Thứ Tư Nhận trao đổi giao lưu lên đời tất cả các dòng Alo em nhanh để lấy xe về
p20_s18_1776270942,Mazda 3,1.5L Deluxe,2022,485.0,70000.0,Tự động,Xăng,Sedan,Việt Nam,Khác,False,5,1.5,FWD,7,car_p20_s18_1776270942,"Mazda 3 2020 Deluxe xe gia đình, giữ kỹ ODO 70000km chuẩn Xe zin 100 chưa đâm đụng, không ngập nước Máy êm, đi cực tiết kiệm Nội thất còn rất mới Giá 170 triệu nhận xe có hỗ trợ vay Trả trước 170tr, góp 7.3tr/tháng Bao check hãng / test thoải mái Hoàn tiền nếu phát hiện lỗi lớn Giấy tờ rõ ràng, sang tên nhanh Xe hợp cho gia đình cần xe bền tiết kiệm ít lỗi Inbox / gọi trực tiếp xem xe"
p6_s10_1774727338,Mazda Other,Premium,2022,715.0,36000.0,Tự động,Xăng,SUV / Cross over,Việt Nam,Cam,True,5,2.0,FWD,6,car_p6_s10_1774727338,"Bán xe mazda cx5 sx 2022 bản premium cao cap nhat , xe 1 chủ từ mới odo 36000 km pull lịch sử hãng , xe đi dữ din cẩn thân còn như mới , cam kết nguyên bản , bao chech tet toàn quốc ."
p13_s14_1774728632,CX-8,Premium,2020,798.0,45000.0,Tự động,Xăng,SUV / Cross over,Khác,Khác,False,7,2.5,FWD,6,car_p13_s14_1774728632,"Mazda CX-8 2.5 Premium 2020 1 Cầu biển số 93A 22501. - Odo 45.000 km nguyên bản. - Xe gầm cao, rộng rãi, phù hợp gia đình. - Giá 798 triệu."
p71_s12_1776277327,Mazda 3,AT,2020,445.0,92000.0,Tự động,Xăng,Sedan,Khác,Đỏ,False,5,2.0,FWD,6,car_p71_s12_1776277327,"Mazda 3 màu đỏ, xe 5 chỗ, động cơ xăng, hộp số tự động. - Thiết kế thể thao, nội thất tiện nghi. - Vận hành êm ái, tiết kiệm nhiên liệu. - Xe sẵn sàng lăn bánh."
p9_s2_1776268772,Mazda 3,Sport 1.5 Luxury,2021,498.0,58000.0,Tự động,Xăng,Hatchback,Việt Nam,Cam,False,5,1.5,FWD,6,car_p9_s2_1776268772,"mazda 3 luxury 1.5L - sx 2020 moden 2021 - chạy lướt 5.8 ngàn klm -bảo dưỡng full - Cam kết văn bản, ko lõi nhỏ , Zin óc, Máy ,số keo chỉ zin.5 lốp còn mới tinh ,đăng kiểm dài - Bao check bên thứ 3 tuỳ chọn - Hổ trợ bao rút hs ,sang tên toàn quốc - Hỗ trợ vay banh 70"
p49_s1_1776273930,Mazda 3,Unknown,2018,470.0,49000.0,Tự động,Xăng,Sedan,Khác,Bạc,False,5,2.0,FWD,6,car_p49_s1_1776273930,"MAZDA 3 Odo 49,000 -2018- màu xanh Option Dán kính, trải sàn, camera lùi, ghế da, màn hình android, Bảo hành chính hãng Giấy tờ rõ ràng minh bạch đủ điều kiện sang tên Giấy chứng nhận kiểm tra 176 hạng mục Bảo hành riêng biệt đối với từng dòng xe Hỗ trợ kỹ thuật 24/7 CAM KẾT 3 KHÔNG Không đâm đụng - Không ngập nước. Không tháo rã động cơ - Không tua km. Không phạt nguội - Không tranh chấp."
p35_s18_1774765861,Mazda 2,1.5 AT,2018,325.0,59000.0,Tự động,Xăng,Hatchback,Khác,Cam,False,5,1.5,FWD,6,car_p35_s18_1774765861,"MAZDA2 1.5AT 2018 FORM ĐẸP, XE GIỮ KỸ Odo 59.000 km Đi ít, còn rất mới Đề nổ Start/Stop tiện lợi Vô lăng tích hợp phím gương kính chỉnh điện Màn hình giải trí camera lùi camera hành trình Nội thất da nỉ nguyên zin sạch đẹp 4 lốp MIC còn mới thảm lót sàn đầy đủ Sedan hạng B nhỏ gọn, tiết kiệm xăng, cực hợp đi phố Xe giữ kỹ máy số êm gầm chắc"
p36_s1_1776273163,CX-5,2.0 Luxury,2021,685.0,70000.0,Tự động,Xăng,SUV / Cross over,Khác,Trắng,False,5,2.0,FWD,6,car_p36_s1_1776273163,Mazda Cx5 Luxury 2.0 AT 2021 Lăng Bánh 2022 Xe Lăng bánh Chuẩn 7v Lốp Mới Thay Cả Dàn / Sơ Cua Chưa Hạ Ngoại Thất Màu Trắng Sơn Rin 95 Mới Keng Nội Thất Dùng Rất kĩ Còn Mới / Siu Mới Còn Chưa Bóc Máy Số Nguyên Rin Xe Rất Đẹp Và Chắc Chắn K Lỗi Bao Ckek Mọi Nơi Hỗ Trợ Bank Thoai mái Hoặc Đổi Xe Ace Qtam Lh Em Tín Showroom ÔTô-Xe Máy-Xe Điện Tín Sỹ
p9_s14_1776268871,CX-5,Premium Sport 2.0 AT,2024,815.0,16000.0,Tự động,Xăng,SUV / Cross over,Việt Nam,Trắng,True,5,2.0,FWD,6,car_p9_s14_1776268871,"MAZDA CX5 2.0 PREMIUM SPORT 2024 Năm sản xuất 2024 - Màu ĐEN - Biển TỈNH ODO 16.000 Km ODO chuẩn không tua 𝗚𝗶𝗮 𝗖𝗼𝗻𝗴 𝗞𝗵𝗮𝗶 815 Hỗ trợ trả góp 70 - Thanh toán trước 270TR nhận xe Thương lượng cho anh/em thiện chí luôn có giá 𝐔𝐮 Đ𝐚𝐢 ---------------------------------- 𝑯𝒐 𝑻𝒓𝒐 𝑳𝒂𝒊 𝑻𝒉𝒖 𝑻𝒂𝒊 𝑵𝒉𝒂 𝑪𝒂𝒎 𝑵𝒉𝒂𝒏 𝑪𝒉𝒂𝒕 𝑿𝒆 𝐋𝐢𝐞𝐧 𝐡𝐞 𝐌𝐫.𝐍𝐚𝐦𝐙𝐀𝐋𝐎 ---------------------------------- - Xe biển trắng GIA ĐÌNH, 1 chủ từ đầu mua mới - Nội thất xe còn mới - Chất xe đẹp 𝐏𝐡𝐮 𝐊𝐢𝐞𝐧 𝐓𝐡𝐞𝐨 𝐗𝐞 - Phim cách nhiệt - Lót sàn 𝑪𝒂𝒎 𝑲𝒆𝒕 𝑪𝒉𝒂𝒕 𝑿𝒆 𝑩𝒂𝒏𝒈 𝑽𝒂𝒏 𝑩𝒂𝒏 THÔNG TIN XE MINH BẠCH BẢO HÀNH LÊN ĐẾN 6 THÁNG HOẶC 10.000 KM CAM KẾT XE KHÔNG ĐÂM ĐỤNG NGẬP NƯỚC 5 NGÀY LÁI THẬT CAM KẾT HOÀN TIỀN"
p27_s13_1776271975,CX-5,Luxury 2.0 AT,2022,670.0,41000.0,Tự động,Xăng,SUV / Cross over,Việt Nam,Cam,False,5,2.0,FWD,6,car_p27_s13_1776271975,"Ô Tô Hiếu Đắk Lắk đang có bán Mazda Cx5 2022 Phiên bản Luxury , lăn bánh 41 nghìn km , bảo dưỡng full lịch sử hãng Bản Luxury trang bị dàn âm thanh loa Bose , cốp điện , ghế da điện , cửa sổ trời . Xe đã nâng cấp bệ bước , lót sàn cam hành trình . . . 159 Lê Duẫn , Buôn Ma Thuột"
p14_s5_1776269586,CX-8,2.5 Premium,2021,770.0,72800.0,Tự động,Xăng,SUV,Khác,Đỏ,False,7,2.5,FWD,6,car_p14_s5_1776269586,"Gia đình mình cần bán CX8 Premium 2021 Động cơ Vận hành SkyActiv-G 2.5L, 188 mã lực, mô men xoắn 252 Nm, hộp số tự động 6 cấp, dẫn động cầu trước FWD. Trang bị Premium Ghế da Nappa, ốp gỗ, điều hòa tự động 3 vùng, camera 360, màn hình HUD. An toàn i-Activsense Cảnh báo điểm mù, cảnh báo chệch làn, hỗ trợ giữ làn, kiểm soát hành trình radar Adaptive Cruise Control, phanh thông minh. Ưu điểm Xe gia đình rộng rãi, cách âm tốt, tiện nghi cao cấp. Mình đăng bán giùm Gia đình ở Quận Tân Phú, Anh em mua mình sẽ cho điện thoại liên hệ Chủ để xem xe nhé"
p23_s3_1774761100,BT-50,2.2L 4x4 MT,2014,325.0,255000.0,Số sàn,Dầu,Pick-up (bán tải),Thái Lan,Đỏ,True,5,2.2,FWD,6,car_p23_s3_1774761100,"Ô Tô Hiếu Đắk Lắk đang có bán Mazda Bt50 2014 Xe 1 chủ Đắk Lắk . Phiên bản số sàn 2 cầu Xe trang bị 2 cầu điện , 4 lốp mới , ghế da . Máy móc nguyên zin chất không hơi hám , keo chỉ zin . . . 159 Lê Duẫn , Buôn Ma Thuột"
p7_s5_1776268506,Mazda 3,Unknown,2016,335.0,110000.0,Tự động,Xăng,Sedan,Việt Nam,Nâu,False,5,2.0,FWD,6,car_p7_s5_1776268506,"Bán Mazda 3 màu nâu, xe 5 chỗ, thiết kế hiện đại, nội thất tiện nghi. - Động cơ vận hành êm ái, tiết kiệm nhiên liệu. - Xe giữ gìn cẩn thận, sẵn sàng sử dụng."
p26_s15_1774763844,CX-8,Luxury,2021,695.0,79000.0,Tự động,Xăng,SUV / Cross over,Việt Nam,Khác,False,7,2.0,FWD,6,car_p26_s15_1774763844,"Mazda CX-8 2021 bản Luxury odo chuẩn 80ngàn bao test hãng . Xem xe tại Long Xuyên Quan tâm ae vui lòng alo trực tiếp,cảm ơn."
p25_s5_1776271622,CX-5,Premium 2.0 AT,2025,810.0,1000.0,Tự động,Xăng,SUV / Cross over,Việt Nam,Xanh,False,5,2.0,FWD,6,car_p25_s5_1776271622,"Nhờ mod duyệt bài hộ ạ. Cần lên đời bán cx5 xanh bản premium active, chạy 1.000km sơn zin cả xe. Lăn bánh tháng 2.2026 . Cam kết chưa động chạm gì cả , kể cả sơn xe, có bảo hiểm thân vỏ, trang bị bậc lên xuống, thảm đúc nhựa loại xịn. Hà nội. Giá mong muốn 810. Cám ơn."
p15_s5_1774759256,Mazda Other,2.2 AT,2018,398.0,116000.0,Tự động,Dầu,Pick-up (bán tải),Khác,Cam,False,5,2.2,FWD,6,car_p15_s5_1774759256,"MAZDA BT 50 4x2 TỰ ĐỘNG, BẢN FULL OPTION ,xe 1 đời chủ mua mới ,bảo dưỡng full lịch sử hãng ,ko lỗi nhỏ bao test toàn quốc ,chất xe như mới 5 vỏ mới còn rất dày - trang bị ghế da ,lót sàn ,bọc trần ,đăng kiểm ,bảo hiểm còn rất dài hạng . - odo 116.000 km - sản xuất 10/2018 - CAM KẾT xe ko tai nạn ,thuỷ kích ,ko lỗi bao test hãng toàn quốc CÓ VĂN BẢN BẢO HÀNH 1 NĂM HOẶC 15.000 km - HỖ TRỢ VAY NGÂN HÀNG TPBANK 65 lãi xuất thấp ,thủ tục đơn giản ,giải ngân nhanh chóng - BAO SANG TÊN HCM - HÀ NỘI TOÀN QUỐC - HOẶC GIẢM TRỰC TIẾP TIỀN MẶT ,giao xe tận nơi ,lái thử tận nhà - HỖ TRỢ THU XE CŨ ĐỔI XE MỚI GIÁ CAO HƠN THỊ TRƯỜNG 10-20 triệu - Vui lòng liên hệ trực tiếp để xem xe và lái thử ,giá cả còn thương lượng cho quý khách hàng đến xem xe trực tiếp - đ/c 201 lê cơ ,phường an lạc ,bình tân - TUYỂN CỘNG TÁC VIẺN MUA - BÁN XE HOA HỒNG CAO CHO AE GIỚI THIỆU"
p8_s11_1774727759,Mazda 3,1.5 AT Sedan,2016,359.0,91000.0,Tự động,Xăng,Sedan,Khác,Xanh,False,5,1.5,FWD,2,car_p8_s11_1774727759,Xăng lên cao đi mazda3 là hêt bài . Máy 1.5 rât tiết kiệm nè Mazda3 sx 2016 xanh Cavansai . gốc sg chuẩn zin đét . Bánh sơ cua zin chưa dùng lần nào Odo 9v km . 4 vỏ lốp mới thay dày cui . Xe mua về đúng nghĩa đổ xăng là đi . Cam kết ko tai nạn - ko ngập nước . máy zin số zin - nắp dàn cò zin chưa mở - chân máy zin . Keo chỉ ko mất phân nào . 4 cửa zin ko chạm mở . Còn đủ 2 remost Nâng cấp đèn led siu sáng .
p16_s19_1776270043,CX-5,2.0 Luxury,2020,633.0,70000.0,Tự động,Xăng,SUV / Cross over,Khác,Cam,True,5,2.0,FWD,6,car_p16_s19_1776270043,"Thông tin chi tiết về xe - Xe tư nhân 1 chủ mua từ mới - Biển tỉnh - Odo 7 vạn km zin , lốp theo xe cả giàn sơ cua chưa hạ Tình trạng xe - Nội ngoại thất tươi mới giữ gìn cẩn thận - Cam kết chất lượng xe bằng văn bản Không đâm , tai nạn ảnh hưởng tới khung gầm sắt xi , không ngập nước , máy số keo chỉ đinh tán cột kèo nguyên bản - Bao check test theo chỉ định khách hàng - Hỗ trợ trả góp 70 giá trị xe - Quý khách có nhu cầu mua xe xin vui lòng liên hệ trực tiếp để trao đổi lái thử xe"
p30_s16_1774764794,CX-8,Deluxe,2021,679.0,60000.0,Tự động,Xăng,SUV / Cross over,Việt Nam,Đen,False,7,2.0,FWD,6,car_p30_s16_1774764794,"Bán xe Mazda CX8 Deluxe 2021, số tự động, máy xăng 2.5L, một cầu, màu đen, nội thất đen. ODO chuẩn 60,000 KM. Full lịch sử hãng, chất xe chủ đi giữ kỹ rất mới. Xe trang bị 7 chỗ, hệ thống đèn Full Led, ghế da chỉnh điện, màn hình giải trí, camera lùi, dán Film cách nhiệt, thảm lót sàn TÌNH TRẠNG XE Xe không lỗi, tuyệt vời, động cơ, hộp số, keo chỉ, khung gầm zin nguyên bản, nội ngoại thất sạch sẽ. XE ĐƯỢC CAM KẾT Không tai nạn đâm đụng, không ngập nước, không tua KM, không phạt nguội. Xem xe bao thầy thợ kiểm tra và test hãng toàn quốc, bao Check theo yêu cầu người mua. Hỗ trợ vay ngân hàng. Hỗ trợ sang tên. Hỗ trợ giao xe toàn quốc. Bảo hành khi mua. Cam kết chất lượng bằng văn bản. Có nhận giao lưu, trao đổi các dòng xe khác. Giá bán 679,000,000 đ còn thương lượng."
p4_s5_1776268095,CX-5,Premium,2022,685.0,32000.0,Tự động,Xăng,SUV,Khác,Khác,False,5,2.0,FWD,6,car_p4_s5_1776268095,Mazda Cx5 Premium Cao cấp Model 2022 Sản xuất 2021 Trang bị cửa sổ trời trời - Hắc kính - Cốp điện - Loa Bose xịn đi ngon chạy sướng anh chị có nhu cầu xin liên hệ
p1_s4_1774726185,Mazda 3,AT,2017,385.0,118000.0,Tự động,Xăng,Sedan,Khác,Trắng,False,5,2.0,FWD,6,car_p1_s4_1774726185,"MAZDA 3 -2017 SỐ TỰ ĐỘNG MÁY XĂNG . Bản philip thắng điện tử Máy số , keo chỉ nguyên zin Form dáng thể thao, sang trọng Full chức năng đề start/stop, màn hình, camera, cảm biến, ga tự động, vô lăng tích hợp Máy êm ru - Điều hoà lạnh sâu Gầm bệ chắc nịch , chạy đầm Giá385 bao rút hồ sơ gốc Alo để xem xe Xem xe ngay trạm thu phí Bình Thung Dĩ An Bình Dương"
p11_s11_1776269143,Mazda 3,Unknown,2017,400.0,86000.0,Tự động,Xăng,Hatchback,Khác,Cam,False,5,2.0,FWD,6,car_p11_s11_1776269143,"Mazda 3 Hackback FL 2017 bản full Odo 86.000km rin xịn mịn Xe không tai nạn, không ngập nước Máy móc - hộp số - keo chỉ nguyên rin Giá bán 3xx triệu Liên hệ em Hoàng Xem xe tại 84 Phạm Hùng, Hoà Xuân, Đà Nẵng Phúc Vân Auto cam kết xe không lỗi - Bảo hành máy móc hộp số 1 năm"
p1_s12_1776267579,CX-5,Premium,2025,795.0,7000.0,Tự động,Xăng,SUV,Khác,Đỏ,False,5,2.0,FWD,6,car_p1_s12_1776267579,"MAZDA CX5 2025 PREMIUM ACTIVE chạy 7000 km, màu đỏ, model mới nhất cửa nóc... full lich sử bảo dưỡng hãng lốp theo xe cả dàn sơ cua chưa hạ, phiên bản Premium với gói an toàn Sky của Mazda như cảnh báo va chạm, . Chìa khoá thông minh, cốp điện, điểm mù. Thiếu cái hộp là thành xe mới. Còn nguyên bảo hành hãng. CHỈ BÀN VỀ GIÁ"
p37_s14_1774766185,CX-5,2.0 AT,2014,410.0,110000.0,Tự động,Xăng,SUV,Khác,Xanh,False,5,2.0,FWD,6,car_p37_s14_1774766185,"Mazda CX5 2.0 AT 2014, màu xanh, xe cá nhân sử dụng, còn mới, vỏ nguyên, bao kiểm xe test hãng Xe trang bị Ghế da chỉnh điện, màn hình kết nối apple carplay, cửa sổ trời, cảm biến trước sau, gương chỉnh điện, ga tự động cruise control .. Cam kết xe không thủy kích, đụng, phạt nguội. Vui lòng liên hệ sđt để xem xe. Cảm ơn"
p22_s14_1774761003,Mazda 2,Unknown,2019,379.0,43000.0,Tự động,Xăng,Hatchback,Khác,Trắng,True,5,2.0,FWD,6,car_p22_s14_1774761003,"Mazda 2 sx 2019 Xe chạy chuẩn 4,3v km siêu đẹp 1 chủ sử dụng từ mới Động cơ, hộp số, khung giằng nguyên bản Cam kết chất lượng xe"
p23_s14_1776271362,Mazda Other,2.5 AT AWD,2018,560.0,78000.0,Tự động,Xăng,SUV / Cross over,Việt Nam,Trắng,False,5,2.5,AWD,6,car_p23_s14_1776271362,"Chiếc Mazda CX5 đời 2018 này là một lựa chọn tuyệt vời cho những ai đang tìm kiếm một chiếc SUV cỡ nhỏ năng động và tiện nghi. Xe được sản xuất tại Việt Nam, đảm bảo chất lượng và phù hợp với điều kiện đường xá trong nước. Với thiết kế hiện đại và trang bị đầy đủ, chiếc xe này hứa hẹn sẽ mang lại trải nghiệm lái xe tuyệt vời. Kiểu dáng SUV/Crossover mạnh mẽ, phù hợp với nhiều mục đích sử dụng, từ đi làm hàng ngày đến những chuyến đi dã ngoại cuối tuần. Sử dụng nhiên liệu xăng, dễ dàng tìm kiếm và tiếp nhiên liệu ở bất cứ đâu. Hộp số tự động giúp việc lái xe trở nên thoải mái và dễ dàng hơn, đặc biệt trong điều kiện giao thông đô thị đông đúc. Sản xuất năm 2018, đảm bảo xe vẫn còn trong tình trạng hoạt động tốt và ít gặp các vấn đề về kỹ thuật. Xuất xứ Việt Nam, phụ tùng thay thế dễ dàng tìm kiếm và bảo trì. Số ODO đã đi là 78.000 km, cho thấy xe đã được sử dụng khá nhiều nhưng vẫn còn nhiều tiềm năng sử dụng. Màu trắng thanh lịch, dễ dàng vệ sinh và bảo dưỡng. Thiết kế 2 chỗ ngồi, phù hợp cho cá nhân hoặc cặp đôi. Phiên bản 5547 với nhiều tính năng tiện ích và an toàn được trang bị. Mazda CX5 nổi tiếng với độ bền bỉ và khả năng vận hành ổn định, mang lại sự an tâm cho người sử dụng."
p69_s18_1776276990,Mazda Other,2.0 Deluxe,2022,745.0,54000.0,Tự động,Xăng,SUV / Cross over,Việt Nam,Khác,False,5,2.0,FWD,6,car_p69_s18_1776276990,"KHI MUA XE KIỂM TRA , CHECK TEST XE THOẢI MÁI"
p26_s18_1774763878,Mazda 3,1.5 Premium,2021,572.0,38000.0,Tự động,Xăng,Sedan,Việt Nam,Khác,False,5,1.5,FWD,6,car_p26_s18_1774763878,"Mới về Mazda 3 Premium 2021 Được anh trai TP. Đà Lạt sử dụng ít, tình trạng còn rất đẹp chia sẻ lại Máy số, keo chỉ zin - không một lỗi nhỏ Không đâm đụng không ngập nước Full lịch sử bảo dưỡng tại Mazda Đà Lạt 5 lốp zin theo xe, lốp sơ cua chưa hạ Nội ngoại thất giữ gìn, sạch sẽ Giá chào bán 572 triệu bao rút hồ sơ Hỗ trợ trả góp trả trước từ 280 triệu Xe gia đình chạy kỹ, ai đang tìm Mazda 3 bản Premium đời cao, odo thấp thì rất đáng xem Đồng Auto Đà Lạt ĐC 336 Hai Bà Trưng Đà Lạt Đăng tin ms Linh nhân viên bán xe và tư vấn góp Anh chị quan tâm để lại tin nhắn hoặc lh em Linh hay anh Đồng gửi thêm hình ảnh và thông tin chi tiết về xe nha muabanoto Dongautodalat otoluot otocu ototragop"
p10_s19_1774728157,Mazda Other,Deluxe 2.0 AT,2023,665.0,29000.0,Tự động,Xăng,SUV / Cross over,Việt Nam,Khác,True,5,2.0,FWD,6,car_p10_s19_1774728157,"Xe cá nhân 1 chủ từ mới , còn nguyên zin 100 ."
p8_s13_1774727777,Mazda 3,1.5 AT Sedan,2016,355.0,86868.0,Tự động,Xăng,Sedan,Việt Nam,Đen,False,5,1.5,FWD,2,car_p8_s13_1774727777,"Mazda 3 1.5AT sản xuất 2016 full đồ chơi giá 355tr. Odo 86km xe cá nhân gia đình dùng, cam kết bằng văn bản chất lượng xe không cấn đụng, không ngập nước, máy móc nguyên bản, keo chỉ nguyên bản. Full đồ chơi Cửa sổ trời, màn android 15inch lớn, đèn pha 4 bi led, đèn daylight led, đèn hậu led, bi gầm led, ca lăng kim cương, ốp heo, ốp lẫy số, full nt da kem, trần da lộn, film cách nhiệt, mâm sơn đen, 2 chìa khóa,... - Auto 2K Xem xe TP. Thủ Đức, HCM."
p4_s13_1774726953,CX-5,2.0 AT 2WD,2015,435.0,79000.0,Tự động,Xăng,SUV / Cross over,Việt Nam,Vàng,True,5,2.0,FWD,2,car_p4_s13_1774726953,"Bán gấp 1 xe CX5 -2015 -1 đời chủ màu vàng cát Odo 79.000 đâm đụng zin từ thân vỏ đến máy móc Bản 2.0 cửa nóc- trang bị màn hình androi, cam lùi, để startop vv và vv Giá 435 xem xe thương lượng Xem xe gần bến xe quận 8 Nhờ ad duyệt bài"
p14_s12_1776269642,CX-8,Premium AWD,2020,748.0,59000.0,Tự động,Dầu,SUV / Cross over,Khác,Cam,False,7,2.0,FWD,6,car_p14_s12_1776269642,"Mazda CX-8 Premium AWD 2020 máy dầu, xe gia đình 7 chỗ. - Odo 59.000 km, bảo dưỡng đầy đủ tại hãng. - Nội thất da Nappa cao cấp, ghế chỉnh điện nhớ vị trí, sưởi ghế. - Dẫn động 2 cầu AWD, gói an toàn i-Activsense. - Camera 360 độ, màn hình HUD, âm thanh Bose 10 loa. - Điều hòa 3 vùng độc lập. - Giá 748 triệu."
p75_s16_1776278139,Mazda 3,1.6 AT,2013,275.0,172425.0,Tự động,Xăng,Hatchback,Khác,Trắng,False,5,1.6,FWD,6,car_p75_s16_1776278139,"Bán Mazda 3 2013 1.6 AT màu trắng, xe 5 chỗ, động cơ xăng, hộp số tự động. - Thiết kế sang trọng, không gian rộng rãi. - Cảm giác lái mượt mà, vận hành ổn định. - Xe giữ gìn cẩn thận, sẵn sàng lăn bánh."
p8_s7_1776268667,Mazda 3,1.5L Sport Luxury,2022,520.0,90000.0,Tự động,Xăng,Hatchback,Việt Nam,Cam,True,5,1.5,FWD,6,car_p8_s7_1776268667,"Mazda 3 Luxury 2022 1 chủ từ đầu sử dụng Keo chỉ Máy số zin khung gầm khoan máy sáng bóng sạch đẹp . Nội ngoại thất sạch đẹp, giữ gìn kỹ Cam kết không đâm đụng không ngập nước Check test thoải mái theo yêu cầu Xem xe tại 189 Lê Duẩn BMT."
p22_s3_1774760876,CX-5,Premium Exclusive 2.0 AT,2024,835.0,12000.0,Tự động,Xăng,SUV / Cross over,Việt Nam,Khác,True,5,2.0,FWD,6,car_p22_s3_1774760876,AUTO BÌNH VĨNH PHÚ XE MỚI VỀ Mazda CX-5 Premium Exclusive đăng ký tháng 12/2024 một chủ mua mới từ đầu chạy chuẩn 12 ngàn km full lịch sử bao test. BÌNH 79/13 KP ĐÔNG P VĨNH PHÚ-THUẬN AN BÌNH DƯƠNG
p3_s2_1774726644,Mazda 3,Unknown,2017,399.0,72000.0,Tự động,Xăng,Hatchback,Khác,Cam,True,5,2.0,FWD,6,car_p3_s2_1774726644,"Mazda 3 Hachback đời 2017 chính chủ - Ghế da zin, 4 vỏ mới, mâm phay thể thao, màn hình androi, cam de, dán full fim3M cách nhiệt, vè che mưa, mang cá spots. - Máy số keo chỉ zin không lỗi nhỏ. Odo chuẩn 72k bao test Xem xe tại số 5 đường 35, phường Bình Thuận, quận 7"
p75_s11_1776278099,Mazda Other,AT,2003,80.0,123456.0,Tự động,Xăng,Unknown,Khác,Xanh,False,7,2.0,FWD,6,car_p75_s11_1776278099,Mazda 7 chổ số tự động 2003 Máy số bao ngon.lạnh teo Đồng sơn đẹp.nội thất sạch sẻ Giấy tờ bao tranh chấp.kiểm mới Giá 80 triêu Lh
p6_s17_1774727422,Mazda 2,Luxury,2020,388.89,70000.0,Tự động,Xăng,Hatchback,Việt Nam,Đỏ,True,5,2.0,FWD,6,car_p6_s17_1774727422,"Mazda2 2020 luxury 1 chủ gốc hn phố cam kết k đâm đụng tai nạn, không ngập nước, máy số zin nguyên bản như sản xuất Giá 388 tr thương lượng khi xem xe alo em xem xe"
p22_s0_1774760844,BT-50,Unknown,2021,475.0,64000.0,Tự động,Dầu,Bán tải,Thái Lan,Cam,False,5,2.0,FWD,6,car_p22_s0_1774760844,Mazda BT50 2021 Nhập Thái Sản xuất 2021 Odo 64.000 km Xe bán ra tại Phú Lâm Assured đầy đủ giấy tờ cam kết Không đâm đụng Không ngập nước Không tua đồng hồ odo Bảo đảm tính pháp lý. Giá 475 triệu thương lượng Xem xe trực tiếp tại
p68_s10_1776276915,Mazda 3,1.5 AT Sedan,2016,375.0,95000.0,Tự động,Xăng,Sedan,Việt Nam,Đỏ,True,5,1.5,FWD,2,car_p68_s10_1776276915,"Mazda 3 sx 2016 1.5AT màu đỏ biển HN 1 chủ Chủ cũ đi cực giữ gìn, đủ 2 chìa khóa Odo 9.5v km Option đề nổ, màn hình, cam lùi, cửa nóc, đèn bi, gảy số volang, điều hoà auto, gương điện, cảm biến lùi, gương điện tử trung tâm ....v.V Cam kết xe đẹp, máy số zin. Ace check test tuỳ ý ạ"
p48_s16_1774768679,Mazda 3,1.5L Premium,2023,625.0,20000.0,Tự động,Xăng,Sedan,Việt Nam,Khác,True,5,1.5,FWD,6,car_p48_s16_1774768679,"Mazda3 1.5L premium 2023 Dki cá nhân HN 1 chủ Odo 2v km zin full LS Mới kính koong zin cả xe Giá tk quanh 600 có TL Ht bank , bao check Xem xe tại Long Biên , HN Xin cảm ơn"
p45_s2_1774767784,Mazda 3,1.6 AT,2004,165.0,153000.0,Tự động,Xăng,Sedan,Việt Nam,Khác,False,5,1.6,FWD,6,car_p45_s2_1774767784,"Xe danh cho khach yeu xe zin cop xe moi don them gan 20 tr de di tet Cần bán xe Mazda 3 số tự động 2004 xe nắp cò chưa ra máy zin êm , mọi chức năng hoặc động rất chuẩn tiếc kiệm xăng máy 1.6 cm phân khíc C bản đủ xe chạy cực kì chất xem xe p tây nam tp hcm mới bd củ giáp ranh địa đạo củ chi bán bao rút hồ sơ hổ trợ ship xe và đổi các loại xe"
p5_s5_1774727084,Mazda 2,1.5 AT,2014,239.0,67000.0,Tự động,Xăng,Sedan,Việt Nam,Khác,True,5,1.5,FWD,1,car_p5_s5_1774727084,"Xe ngay chủ bán, mua mới từ đầu, cần bán nguoi sử dụng"
p1_s18_1774726329,BT-50,2.2 AT 2WD,2018,398.0,116000.0,Tự động,Dầu,Pick-up (bán tải),Thái Lan,Bạc,True,5,2.2,FWD,2,car_p1_s18_1774726329,"LÊ CAN AUTO BÁN XE - MAZDA BT 50 SX 2018 TỰ ĐỘNG 1 CẦU, 1 CHỦ MUA MỚI XE LÊN NHIỀU PHỤ KIỆN CỰC ĐẸP - TRANG BỊ GHẾ DA ZIN, TRẦN NI LÔNG, MÀN HÌNH ZETECH, NẮP THÙNG CAO , LÓT SÀN, ĐĂNG KIỂM BẢO HIỂM CÒN DÀI . - FULL LỊCH SỬ BẢO DƯỠNG - ODO 1116000 KMCHUẨN 100 - XE ĐẸP NGUYÊN ZIN BAO KO CẤN ĐỤNG, KO THUỶ KÍCH, KO PHẠT NGUỘI , BAO TEST TOÀN QUỐC - 4 VÕ MỚI THAY CÒN DÀY CUI GHẦM MÁY CỰC CHẤT - BẢO HÀNH1 NĂM HOẶC 20.000KM ĐỘNG CƠ VÀ HỘP SỐ - BANK HỖ TRỢ 50-70 KO CẦN CM THU NHẬP - PHÁP LÝ RÕ RÀNG MINH BẠCH - BAO QUÝ KHÁCH HÀNG RÚT GỐC VÀ HỖ TRỢ SANG TÊN - HỖ TRỢ THU XE LẠI GIÁ KHI QUÝ KHÁCH MUA XE TẠI CỬA HÀNG VÀ TRAO ĐỔI XE ĐÃ QUA SỬ DỤNG VỚI GIÁ TỐT HƠN THỊ TRƯỜNG 10-20TRIỆU -TẠI CỬA HÀNG CÒN RẤT NHIỀU XE ĐẸP GIÁ TỐT CHO QUÝ ANH CHỊ LỰA CHỌN -GIÁ CÒN THƯƠNG LƯỢNG QUÝ AC XEM XE TRỰC TIẾP - QUÝ ACE XEM XE VUI LÒNG LIÊN HỆ GẶP MR. CAN ĐỂ NHẬN ĐƯỢC SỰ TƯ VẤN VÀ HỖ TRỢ - ĐỊA CHỈ 201 LÊ CƠ, P AN LẠC QUẬN BÌNH TÂN TPHCM -TRÂN TRỌNG"
p24_s18_1776271559,CX-8,Luxury,2020,675.0,60000.0,Tự động,Xăng,SUV / Cross over,Việt Nam,Khác,False,8,2.0,FWD,6,car_p24_s18_1776271559,gia đình cần xe cx8 sản xuất 2020 xe đẹp ko lỗi bản luxury anh chi em có nhu cầu liên hệ
p63_s14_1776276295,Mazda 3,Luxury,2022,545.0,68000.0,Tự động,Xăng,Sedan,Khác,Trắng,False,5,2.0,FWD,6,car_p63_s14_1776276295,"Mazda 3 2022 luxury Lên full combo Nội thất sẵn cho quý Khách Camera 360,đèn Led nội thất,trần Sao. Ghế lái điện nhớ 2 vị trí,istop. Phanh tay điện tử,ga tự động. Cảnh báo điểm mù, hỗ trợ phanh thông minh. Đhoa 2 vùng tự động. Bao test theo yêu cầu."
p25_s18_1774763677,CX-5,2.5 AT,2017,530.0,60000.0,Tự động,Xăng,SUV,Khác,Trắng,False,5,2.5,FWD,6,car_p25_s18_1774763677,"Mazda CX-5 2.5 AT sản xuất 2017 , màu trắng / đen , lăn bánh 6v km zin full bảo dưỡng hãng"
p38_s8_1774766332,Mazda 3,1.5L Luxury,2023,579.0,14000.0,Tự động,Xăng,Sedan,Khác,Đỏ,True,5,1.5,FWD,6,car_p38_s8_1774766332,"Mazda 3 Luxury 2023 Siêu lướt Sx và ĐKý T9/2023 Odo 14000 km Xe Cá nhân 1 chủ full lịch sử bảo dưỡng Bảo hành Tại AGF 12tháng hoặc 12000km Xe trang bị phim cách nhiệt , trải sàn, Cam kết xe không đâm đụng , không thuỷ kích , không tua km. Xe đã được kiểm tra 167 bước theo tiêu chuẩn Ford Việt Nam Hỗ trợ vay ngân hàng 70 với lãi suất ưu đãi nhất. Giá bán 5xx.000.0000 --------------------------- Ms Lê Tuyền"
p56_s19_1776275349,Mazda 3,1.5L Luxury,2024,595.0,18000.0,Tự động,Xăng,Hatchback,Việt Nam,Cam,False,5,1.5,FWD,6,car_p56_s19_1776275349,"Mazda 3 SkyActiv-G số tự động 2024 Odo 18.000km CAM KẾT Pháp lý, lịch sử xe rõ ràng, KHÔNG PHẠT NGUỘI - 100 KHÔNG ĐÂM ĐỤNG - KHÔNG NGẬP NƯỚC - KHÔNG TUA ODO Xe được kiểm định có cam kết chất lượng bằng văn bản. Bao kiểm tra TEST CÁC HÃNG trên toàn quốc. BẢO HÀNH ĐỘNG CƠ HỘP SỐ 1 NĂM Hỗ trợ NGÂN HÀNG cho vay tới 70 giá trị xe Hỗ trợ làm thủ tục sang tên,rút gốc. LIÊN HỆ EM ĐỂ XEM XE VÀ LÁI THỬ"
p73_s5_1776277663,Mazda 3,1.5 AT,2016,355.0,180000.0,Tự động,Xăng,Sedan,Việt Nam,Khác,False,5,1.5,FWD,2,car_p73_s5_1776277663,"- Xe dùng đi làm hằng ngày, - bảo trì định kỳ đầy đủ, chính hãng. Có thể ra hãng kiểm tra lịch sử. - Xe còn đăng kiểm, giao dịch buôn bán tại Biên Hoà Đồng Nai - Bán mua xe mới nhiều chỗ hơn."
p11_s13_1776269153,Mazda Other,2.5 Premium,2022,825.0,39000.0,Tự động,Xăng,SUV / Cross over,Việt Nam,Xanh,True,7,2.5,FWD,6,car_p11_s13_1776269153,"Mazda CX 8 2.5AT 2022 bản Premium, Form mới có cửa nóc, màu xanh dương, xe cá nhân mua mới từ đầu, xe sử dụng kỹ, bảo dưỡng full, còn rất mới, vỏ sơ cua chưa hạ, bao kiểm tra test hãng toàn quốc. - Xe trang bị Ghế da chỉnh điện, màn hình kết nối apple carplay, androi auto, cảm biến trước sau, cửa nóc, gương chỉnh điện, ga tự động Cruise Control - Giá còn bớt khi xem xe. - Hỗ trợ góp qua NH - Cam kết xe không cấn đụng, thủy kích, không phạt nguội, bao kiểm tra, test hãng. - Cảm ơn ac đã quan tâm LH ĐT bên dưới để xem xe"
p29_s1_1776272224,Mazda Other,Unknown,2023,729.0,30000.0,Tự động,Xăng,SUV / Cross over,Việt Nam,Khác,False,5,2.0,FWD,6,car_p29_s1_1776272224,"Xe đẹp , sơn còn nguyên zin , không lỗi nhỏ. Anh chị có nhu cầu tìm mua xe liên hệ em ạ"
p25_s15_1774763648,CX-5,2.5 AT,2018,550.0,110000.0,Tự động,Xăng,SUV,Việt Nam,Nâu,False,5,2.5,FWD,6,car_p25_s15_1774763648,"Mazda CX5 màu nâu, xe 5 chỗ, động cơ xăng, hộp số tự động. - Máy 2.5 đầm chắc - Xe đi được 11 vạn nguyên zin - Không tai nạn, ngập nước thuỷ kích - Thiết kế hiện đại, nội thất rộng rãi. - Xe sản xuất tại Việt Nam. - Vận hành êm ái, tiết kiệm nhiên liệu."
p22_s16_1776271249,Mazda 3,Unknown,2015,339.0,15404.0,Tự động,Xăng,Sedan,Việt Nam,Đỏ,False,5,2.0,FWD,6,car_p22_s16_1776271249,Tất cả nguyên rin máy số keo chỉ ốc ác Thay mỗi roang giàn cò Không đâm ngập tai nạn . Bảo dưỡng full tại auto 43 . Xe chủ người nhà nên đi cực kì giữ ghế nguyên bản Bảo hành máy số 6 tháng Cam kết văn bản
p77_s13_1776278437,Mazda Other,Premium Sport 2.0 AT,2024,830.0,15000.0,Tự động,Xăng,SUV / Cross over,Việt Nam,Khác,False,5,2.0,FWD,6,car_p77_s13_1776278437,Xe còn mới. Gia đình sử dụng. K chạy xa nhiều
p15_s6_1776269762,Mazda 3,1.6 MT,2004,135.0,135000.0,Số sàn,Xăng,Sedan,Nhật Bản,Bạc,False,5,1.6,FWD,6,car_p15_s6_1776269762,"Mazda 3 Sport màu bạc, xe đẹp, máy móc êm ái. - Thiết kế thể thao, vận hành ổn định. - Nội thất tiện nghi, không gian thoải mái. - Xe sẵn sàng lăn bánh."
p13_s8_1776269439,CX-8,Premium,2019,750.0,58622.0,Tự động,Xăng,SUV,Khác,Khác,True,7,2.0,FWD,6,car_p13_s8_1776269439,"Chính chủ cần bán CX8-2019 Số ODO 58.600 km Phiên bản Premium AWD Hệ dẫn động 4 bánh toàn thời gian i-Activsense Cảnh báo điểm mù, hỗ trợ giữ làn đường, phanh thông minh, ga tự động thích ứng..."
p3_s5_1776267918,Mazda 3,1.5 AT Sedan,2018,380.0,57000.0,Tự động,Xăng,Sedan,Khác,Trắng,True,5,1.5,FWD,4,car_p3_s5_1776267918,"chính chủ cần bán xe mazda 3 đời 2018 màu trắng, nữ ít đi cần liên hệ"
p11_s15_1774728305,Mazda 3,1.5L Luxury,2022,545.0,38000.0,Tự động,Xăng,Hatchback,Khác,Xám,False,5,1.5,FWD,6,car_p11_s15_1774728305,"Mazda 3 1.5 Luxury đời 2022 màu xám, xe còn mới, chạy êm. - Odo 38.000 km, nguyên bản. - Hộp số tự động, lái mượt. - Giá 545 triệu."
p31_s6_1776272622,CX-8,Premium,2022,829.0,56000.0,Tự động,Xăng,SUV / Cross over,Khác,Nâu,True,7,2.0,FWD,6,car_p31_s6_1776272622,"MAZDA CX-8 PREMIUM 2WD 2022 SUV 7 CHỖ CAO CẤP, RỘNG RÃI GIÁ SIÊU TỐT Phiên bản Premium 1 cầu 2WD Năm sản xuất 2022 Odo 56.000 km xe lướt đẹp, zin chuẩn Màu sắc Nâu Trang bị Full option cao cấp ghế da chỉnh điện, nhớ vị trí, màn hình lớn, camera 360, cốp điện, cửa sổ trời Động cơ vận hành êm ái tiết kiệm nhiên liệu, phù hợp gia đình đi xa Giá chỉ 829 triệu SUV 7 chỗ cao cấp, giá cực mềm so với thị trường Xe cam kết không tai nạn không ngập nước bao check hãng toàn quốc Hỗ trợ trả góp nhanh thủ tục đơn giản Nhận thu xe cũ đổi xe mới giá tốt Liên hệ ngay Thái Fastcars Xem xe trực tiếp chốt nhanh giá tốt"
p20_s8_1776270866,Mazda 3,1.5L Luxury,2023,570.0,36000.0,Tự động,Xăng,Sedan,Khác,Trắng,False,5,1.5,FWD,6,car_p20_s8_1776270866,Cần bán madda 3 đẹp chạy 3v6 tại thành phố ninh bình
p47_s14_1776273838,Mazda 3,Luxury,2024,600.0,40000.0,Tự động,Xăng,Sedan,Việt Nam,Cam,True,5,2.0,FWD,6,car_p47_s14_1776273838,Kẹt tiền cần bán xe 1 chủ mua mới cam kết không đâm đụng ngập nước chỉ bàn về giá
p29_s14_1776272342,Mazda 3,1.5L Luxury,2024,599.0,17000.0,Tự động,Xăng,Hatchback,Khác,Trắng,True,5,1.5,FWD,6,car_p29_s14_1776272342,"Mazda 3 Luxury 2024 Siêu Lướt Bảo hành chính hãng tới năm 2027 Sản xuất 2024 - Một chủ mua mới từ đầu ODO 17k km Màu Trắng/ Chủ xe dán full ppf bảo vệ sơn zin và chống trầy xướt Xe trang bị full options dán phim cách nhiệt, ghế da, ghế chỉnh điện, khởi hành ngang dốc, cân bằng điện tử Xe cam kết Không tai nạn, không ngập nước, chuẩn đồng hồ km, chuẩn pháp lý. - Giá bán 599tr"
p13_s4_1774728548,Mazda 3,1.5 AT Sedan,2015,350.0,20000.0,Tự động,Xăng,Sedan,Khác,Khác,True,5,1.5,FWD,2,car_p13_s4_1774728548,"Tôi cần bán gấp mazda 3 2015, Xe của nhà di giữ gìn không hỏng hóc gi, thay dầu bảo dưỡng đều đặn Thiện chí mua liên hệ trực tiếp xem xe tại Trâu Quỳ, gia lâm , hà Nội"
p51_s9_1776274959,Mazda 3,1.5L Luxury,2024,612.0,10600.0,Tự động,Xăng,Sedan,Việt Nam,Cam,False,5,1.5,FWD,6,car_p51_s9_1776274959,"Mazda 3 Luxury 2024 lướt 10.600km Odo 10.600km Giá bán 612 triệu Lên màn androi, cam360, phim cách nhiệt, áp suất lốp, led nội thất,.... CAM KẾT 𝐎𝐃𝐎 𝐂𝐡𝐮𝐚𝐧 - 𝐊𝐡𝐨𝐧𝐠 Đ𝐚𝐦 Đ𝐮𝐧𝐠 𝐍𝐠𝐚𝐩 𝐍𝐮𝐨𝐜 Xem xe Cần Thơ Lh"
p27_s6_1774763956,Mazda 3,1.5 Luxury,2024,612.0,10600.0,Tự động,Xăng,Sedan,Khác,Trắng,False,5,1.5,FWD,6,car_p27_s6_1774763956,Mazda 3 1.5 Luxury 2024 Odo 10.600 Km Giá 612 triệu Màu Trắng BKS 83 Liên hệ xem xe trực tiếp tại Cần Thơ
p46_s19_1774768217,CX-5,2.5 AT,2017,475.0,97847.0,Tự động,Xăng,SUV,Khác,Xanh,False,5,2.5,FWD,6,car_p46_s19_1774768217,"Bán Xe Mazda CX-5 2017 Bản 2.5G AT AWD màu xanh, xe 5 chỗ, nội thất bọc da sang trọng. - Động cơ xăng, hộp số tự động. - Thiết kế hiện đại, vận hành êm ái. - Xe gầm cao, phù hợp nhiều địa hình."
p41_s8_1774766985,Mazda 3,Luxury,2022,530.0,40000.0,Tự động,Xăng,Sedan,Khác,Đỏ,False,5,2.0,FWD,6,car_p41_s8_1774766985,Lên đời cần bán Mazda3 Luxury 2022 Odo 40.000km Cam kết không đâm đụng ngập nước Bánh sờ cua chưa hạ
p9_s6_1774727888,CX-5,2.0 Premium,2021,679.0,52000.0,Tự động,Xăng,SUV / Cross over,Việt Nam,Đỏ,True,5,2.0,FWD,6,car_p9_s6_1774727888,"CX-5 2.0 Premium 2021 Màu Đỏ Soul Red Crystal Một Chủ Mua Mới Km 52.000, bệ bước,Hud kính, 10 loa Bose, Cruise control, Apple Carplay,4 vỏ mới tinh, sơ cua chưa lăn, cốp điện, cửa sổ trời...Vvv Hỗ trợ Bank 70 giá trị xe - 𝗖𝗮𝗺 𝗸𝗲𝘁 𝗞𝗵𝗼𝗻𝗴 đ𝗮𝗺 đ𝘂𝗻𝗴, 𝗡𝗴𝗮𝗽 𝗻𝘂𝗼𝗰 - Đ𝗼𝗻𝗴 𝗰𝗼,𝗵𝗼𝗽 𝘀𝗼 𝗻𝗴𝘂𝘆𝗲𝗻 𝗯𝗮𝗻 - 𝗕𝗮𝗼 𝗵𝗮𝗻𝗵 𝟲 𝘁𝗵𝗮𝗻𝗴 𝗰𝗵𝗼 𝘅𝗲 𝗯𝗮𝗻 𝗿𝗮 - 𝗕𝗮𝗼 𝘁𝗲𝘀𝘁 𝗵𝗮𝗻𝗴, 𝗚𝗶𝗮𝗼 𝘅𝗲 𝘁𝗼𝗮𝗻 𝗤𝘂𝗼𝗰 Showroom 655 ĐT 747, Bình Mỹ, Bắc Tân Uyên, Bình Dương https//maps.app.goo.gl/GJwKCou6quXdr7JSAg_stiz Hotline ÔTôQuânBồBìnhDương"
p18_s12_1776270349,CX-8,Unknown,2026,929.0,12000.0,Tự động,Xăng,SUV / Cross over,Việt Nam,Khác,False,7,2.0,FWD,6,car_p18_s12_1776270349,"NEW MAZDA CX-8 VIN 2026 - ĐẦY ĐỦ CÁC PHIÊN BẢN CÓ SẴN TẠI SHOWROOM Cập nhật giá xe ưu đãi mới nhất - 𝐍𝐄𝐖 𝐌𝐀𝐙𝐃𝐀 𝐂𝐗𝟖 𝐋𝐔𝐗𝐔𝐑𝐘 929 𝑻𝒓𝒊𝒆𝒖 - 𝐍𝐄𝐖 𝐌𝐀𝐙𝐃𝐀 𝐂𝐗𝟖 𝐏𝐑𝐄𝐌𝐈𝐔𝐌 𝟗89 𝑻𝒓𝒊𝒆𝒖 - 𝐍𝐄𝐖 𝐌𝐀𝐙𝐃𝐀 𝐂𝐗𝟖 𝐒𝐈𝐆𝐍𝐀𝐓𝐔𝐑𝐄 𝟏.𝟎𝟗𝟗 𝑻𝒓𝒊𝒆𝒖 Đăng kí lái thử xem xe tận nhà Bộ quà tặng chính hãng 𝐌𝐀𝐙𝐃𝐀 Bảo hành chính hãng 5 năm hoặc 150.000km Hỗ trợ ngân hàng lên đến 80, thủ tục nhanh, lãi suất ưu đãi Liên hệ để được tư vấn báo giá và quà tặng đi kèm"
p37_s0_1774766052,CX-5,Premium,2024,810.0,6000.0,Tự động,Xăng,SUV,Khác,Xanh,False,5,2.0,FWD,6,car_p37_s0_1774766052,"MAZDA CX5 2024 PREMIUM ACTIVE chạy 6000 km, màu xanh cavasine, model mới nhất cửa nóc... full lich sử bảo dưỡng hãng lốp theo xe cả dàn sơ cua chưa hạ, phiên bản Premium với gói an toàn Sky của Mazda như cảnh báo va chạm, . Chìa khoá thông minh, cốp điện, điểm mù. Thiếu cái hộp là thành xe mới. Còn nguyên bảo hành hãng."
p76_s1_1776278188,Mazda 6,Unknown,2003,100.0,200000.0,Số sàn,Xăng,Sedan,Việt Nam,Đen,False,5,2.0,FWD,6,car_p76_s1_1776278188,"Cần bán xe mazda 6, 2003 đang kiểm đến 06.2026. Xe dùng đi làm hàng ngày. Xem xe tại Phước Bình, quận 9, TPHCM cũ Mọi chi tiết xin liên hệ"
p61_s3_1776276028,Mazda 3,1.5L Deluxe,2019,415.0,91000.0,Tự động,Xăng,Sedan,Việt Nam,Cam,False,5,1.5,FWD,6,car_p61_s3_1776276028,"Em về Mazda3 tư nhân gia đình sử dụng, xe Nhật siêu lành mà chạy còn tiết kiệm xăng đây ạ MAZDA3 1.5AT Xe được sản xuất và đăng kí10/2019 Mua xe tại AUTO PHẠM HÙNG Cam kết về chất lượng Xe không tông va tai nạn, không ngập nước Giấy tờ pháp lí rõ ràng, sang tên đổi chủ nhanh gọn Bảo hành động cơ 6 tháng hoặc 5000km Giá nay em bán4xx nhỏ thôi ạ - Địa chỉ 72 Phạm Hùng,Hoà Xuân,Q.Cẩm Lệ,Tp Đà Nẵng Vui lòng liên hệ or Em vẫn nhận thu mua tất cả các xe oto ưu tiên xe đi ít km và đời cao Cảm ơn quý anh chị đã quan tâm và ủng hộ trong thời gian qua"
p7_s11_1776268537,CX-8,Premium,2024,965.0,20000.0,Tự động,Xăng,SUV,Khác,Trắng,True,7,2.0,FWD,6,car_p7_s11_1776268537,"Xe chính chủ từ mới. Cam kết mây móc nguyên bản không đam đụng ngập nước, keo chỉ khung giằng động cơ hộp số zin. Không tiếp thợ"
p72_s19_1776277572,Mazda 3,Luxury 1.5 AT,2024,595.0,5000.0,Tự động,Xăng,SUV / Cross over,Thái Lan,Trắng,False,5,1.5,FWD,6,car_p72_s19_1776277572,"SIÊU PHẨM NHẬP KHẨU 5000km MAZDA CX3 2024 model 2025, NHẬP KHẨU, phom mới cửa nóc, nhập khẩu, mầu trắng tuyệt đẹp đi đúng 5000km , trang bị cửa sổ trời, cruise control, điều hòa tự động, bảo hiểm thân vỏ..."
p23_s6_1774761134,Mazda 6,2.0 Premium,2020,565.0,40000.0,Tự động,Xăng,Sedan,Khác,Trắng,False,5,2.0,FWD,6,car_p23_s6_1774761134,"CHẠY ÍT ĐẸP KHÉT PHÂN KHÚC D Mazda 6 2.0 2020 premium màu trắng chạy 4 vạn km, xe đẹp xuất sắc nguyên bản, bản Pre la răng R19inch, hub kính, phân khúc D cực kỳ đẹp, xe đẹp xuất sắc"
p71_s8_1776277296,Mazda 3,1.5L Deluxe,2023,535.0,130000.0,Tự động,Xăng,Sedan,Nhật Bản,Đỏ,True,5,1.5,FWD,6,car_p71_s8_1776277296,"THÔNG TIN XE ĐĂNG BÁN Model Mazda3 Màu Đỏ Sản xuất 2023 Đăng ký lần đầu 2024 Số km đã đi 10,000 km nữ sử dụng Tình trạng Xe sử dụng cá nhân, giữ gìn kỹ Bảo hành còn bảo hành chính hãng Bảo hiểm bảo hiểm thân vỏ còn hiệu lực T4/2026 Nội thất bọc ghế da Thiết bị thêm camera hành trình Trang bị cảm biến trước sau Đăng ký chính chủ"
p19_s18_1774760380,BT-50,2.2 AT 2WD,2017,385.0,105000.0,Tự động,Dầu,Pick-up (bán tải),Thái Lan,Trắng,False,5,2.2,FWD,2,car_p19_s18_1774760380,"Em bán Mazda BT50 2.2 số tự động 1 cầu sản xuất 2017 fom mới, bản mới chạy rất sướng, đã lên màn android cam lùi,4 bi xịn sáng như audi. Đăng kiểm 1 tem mới khám, gầm bệ đẹp không sơn phủ nguyên tem nhà máy, sàn thùng không chở gì bao giờ, cam kết xe không tai nạn ngập nước, máy số zin hết, đến sai e tặng xe, e là cửa hàng chuyên bán xe ô tô cũ uy tín giá trị thật."
p15_s1_1776269722,Mazda 2,1.5 AT,2023,375.0,18000.0,Tự động,Xăng,Hatchback,Thái Lan,Đỏ,True,5,1.5,FWD,6,car_p15_s1_1776269722,"Chính chủ bán Mazda 2 AT, công chức sử dụng đi làm, ghế sau gần nhưnko sử dụng. Sản xuất đăng ký 2023, nhập Thái, Odo 1.8 vạn km Xe mua mới 1 chủ từ đầu."
p25_s1_1776271584,Mazda 6,2.0 AT,2015,389.0,100000.0,Tự động,Xăng,Sedan,Việt Nam,Trắng,True,5,2.0,FWD,6,car_p25_s1_1776271584,"Bán xe Mazda 6 sản xuất năm 2015 màu trắng xe đăng ký tên tư nhân, biển Hà Nội, 1 chủ từ mới, chạy đúng 10 vạn km cam kết đồng hồ zin ko tua , full lịch sử bảo dưỡng tại hãng, lốp sơ cua mới tinh chưa hạ. Xe được trang bị động cơ 2.0 L, kết hợp với hộp số tự động, Khóa thông minh đề nổ start/stop, màn hình tích hợp đầu dvd/fm/usb/bluetooth..., camera lùi, cửa sổ trời, điều hòa tự động, tích hợp các phím điều khiển trên vô lăng, Ga tự động, Cruicontro ghế da cao cấp theo xe, ghế lái, ghế phụ chỉnh điện, nhớ ghế 2 vị trí, gương gập điện, đèn bi xenon, cảm biến trước/sau, rửa đèn pha, cảm biến áp suất lốp.... Cùng rất nhiều tiện ích khác. Cam kết xe đẹp nguyên bản, không đâm đụng, không ngập nước. Hỗ trợ các thủ tục. Vui lòng liên hệ để biết thêm chi tiết"
p31_s1_1774764859,Mazda 2,AT,2018,315.0,66000.0,Tự động,Xăng,Sedan,Nhật Bản,Đỏ,False,5,2.0,FWD,6,car_p31_s1_1774764859,"Mazda 2 màu đỏ, xe Nhật Bản bền bỉ, thiết kế trẻ trung, năng động. - Xe 5 chỗ, hộp số tự động, dùng nhiên liệu xăng. - Ngoại hình đẹp, nội thất tiện nghi. - Xe sẵn sàng lăn bánh."
p10_s17_1774728140,Mazda 3,1.6,2005,125.0,127848.0,Tự động,Xăng,Sedan,Khác,Vàng,False,5,1.6,FWD,6,car_p10_s17_1774728140,Mazda 3 đời 2005 máy 1.6 xe zin máy gầm chất khám mới các bác quan tâm lh
p73_s2_1776277634,Mazda 3,1.5 AT Sedan,2014,279.0,69000.0,Bán tự động,Xăng,Sedan,Khác,Xám,False,5,1.5,FWD,2,car_p73_s2_1776277634,cần bán chiếc xe mada3s đời 2014 gia dinh ít sử dụng nên ban lại ae thiên chi lh giá 279tr
p23_s3_1776271303,CX-8,Luxury,2023,880.0,31000.0,Tự động,Xăng,SUV / Cross over,Việt Nam,Đen,False,7,2.0,FWD,6,car_p23_s3_1776271303,Cần bán MAZDA CX8 Luxury 2023 Xe giữ gìn cẩn thận Odo thấp Bảo dưỡng chính hãng Giá 8xx X lớn
p40_s1_1774766706,Mazda 6,2.5 AT,2015,380.0,150000.0,Tự động,Xăng,Sedan,Khác,Khác,True,5,2.5,FWD,2,car_p40_s1_1774766706,"Xe full oftion chính chủ, độ đồ chơi rất nhiều . Giá đăng cho người thực sự muốn mua nha"
p16_s18_1774759668,Mazda 3,2.0 AT,2016,359.0,112000.0,Tự động,Xăng,Sedan,Việt Nam,Nâu,True,5,2.0,FWD,6,car_p16_s18_1774759668,"BÁN MAZDA 3 2016 XE MỘT CHỦ SỬ DỤNG, GIÁ CHỈ 359 TRIỆU Mazda 3 2016 form đẹp, xe gia đình sử dụng kỹ, một chủ từ đầu, vận hành êm ái tiết kiệm nhiên liệu, phù hợp đi gia đình hoặc chạy dịch vụ. Mazda 3 sản xuất 2016 ODO 112.000 km Xe một chủ sử dụng từ mới Nội ngoại thất còn đẹp, máy móc êm ái Option đầy đủ màn hình Androi, camera 360 độ, camera lùi, điều hòa tự động, vô lăng tích hợp phím bấm, dàn vỏ Micheline mới thay Xe đã kiểm tra tổng thể zin chuẩn, sẵn sang tên Giá bán chỉ 359 triệu - còn thương lượng Xem xe trực tiếp tại Fastcars Thủ Đức Liên hệ Thái Fastcars"
p46_s10_1774768122,CX-5,2.5 AT AWD,2018,555.0,86000.0,Tự động,Xăng,SUV / Cross over,Khác,Nâu,False,5,2.5,AWD,6,car_p46_s10_1774768122,"Mazda CX-5 sx 2018 model 2.5 nguyên zin từng chi tiết Chuẩn ODO 86.000km màu nâu, xe 5 chỗ, số tự động. - Thiết kế hiện đại, nội thất rộng rãi. - Vận hành êm ái, tiết kiệm nhiên liệu. - Xe sẵn sàng lăn bánh."
p39_s14_1774766646,CX-5,2.0 Premium,2023,739.0,80000.0,Tự động,Xăng,SUV / Cross over,Khác,Cam,True,5,2.0,FWD,6,car_p39_s14_1774766646,"Mazda CX-5 2.0 Premium 2023 Bản full cao cấp, được trang bị đầy đủ tính năng an toàn i-Active 1 chủ từ mới, chuẩn 80.000km, bảo dưỡng rất kỹ Còn bảo hành chính hãng Xe đẹp, không lỗi bao test dưới mọi hình thức Võ còn theo xe, tặng kèm 03 võ mới mua chưa sử dụng Trang bị nổi bật Mazda CX-5 2023 2.0 Premium nổi bật với gói an toàn cao cấp i-Activsense, màn hình HUD, âm thanh 10 loa Bose, camera 360 và nội thất da Nappa cao cấp. An toàn i-Activsense Cảnh báo điểm mù Cảnh báo phương tiện cắt ngang khi lùi Cảnh báo hỗ trợ giữ làn Phanh tự động giảm thiểu va chạm Cruise Control thích ứng Nội thất tiện nghi Ghế da Nappa cao cấp Ghế lái chỉnh điện nhớ vị trí HUD kính lái Màn hình 8 Apple CarPlay/Android Auto 10 loa Bose cao cấp Điều hòa 2 vùng độc lập Sạc không dây, cửa sổ trời, đá cốp Ngoại thất Đèn LED thích ứng AFS Mâm 19 inch thể thao Gương chống chói, kính 2 lớp chống ồn Vận hành Động cơ SkyActiv-G 2.0L 154hp Hộp số tự động 6 cấp Auto Hold, chế độ lái Sport Xe bản Premium cao cấp, trang bị đầy đủ mua về chỉ việc chạy. Tân Thành Auto cam kết Xe chuẩn đã kiểm tra đầy đủ các hạng mục quan trọng, bao check test toàn quốc cho quý khách hàng Hỗ trợ sang tên nhanh gọn Thu mua trao đổi xe cũ giá tốt Xem xe trực tiếp tại Tân Thành Auto 146K Trần Văn Hoài, P. Ninh Kiều, TP. Cần Thơ Liên hệ"
p2_s20_1776267829,BT-50,Premium,2019,490.0,50000.0,Tự động,Dầu,Pick-up (bán tải),Thái Lan,Trắng,False,5,2.0,FWD,6,car_p2_s20_1776267829,"- Bản Premium 4x4 Phiên bản cao cấp nhất dòng BT-50 2019 - Chịu ngập lội 80 cm, điều khiển gương, ghế lái tự động - Đăng ký lần đầu tháng 8/2023 có giấy nộp thuế đăng ký lần đầu bản chụp - Xe chạy 5 vạn cam kết không tua đồng hồ km - sẵn sàng check hãng - Trang bị thêm Màn hình Camera 360 OledPro Độ loa nghe nhạc Đèn bi Led ốp cua lốp Trang bị thêm thanh thủy lực nâng hạ cửa carbin ... - Bảo dưỡng, bảo trì 100 trong Gara Mazda có đủ hóa đơn các lần bảo trì - Cam kết chưa dính ngập nước, không đâm đụng - Nội thất mới, Xe chỉ phục vụ đi lại cho gia đình nên gia đình rất giữ gìn ---------------- Các bác có thiện mua chí vui lòng inbox mình nhé. Không qua trung gian"
p71_s17_1776277371,CX-5,2.0 Premium,2023,799.0,50000.0,Tự động,Xăng,SUV / Cross over,Khác,Cam,True,5,2.0,FWD,6,car_p71_s17_1776277371,"Mazda CX-5 2.0 Premium 2023 Model 2024 Xe 1 chủ từ đầu Odo 5 vạn Full lịch sử hãng Cam kết chất lượng Bao check test tại mọi gara Xe đẹp không lỗi Lỗi tặng xe cho anh em Máy số zin, keo chỉ nguyên bản, bảo dưỡng định kỳ đầy đủ. Giá chỉ 7xx triệu Hỗ trợ bank Hồ sơ nhanh gọn"
p40_s4_1774766735,Mazda Other,2.5 AT AWD,2017,495.0,58000.0,Tự động,Xăng,SUV / Cross over,Việt Nam,Trắng,False,5,2.5,AWD,2,car_p40_s4_1774766735,Cx5 full trắng full uy tín ai chốt thì inbox em nhoa
p58_s10_1776275566,Mazda 3,2.0 Premium,2021,579.0,37000.0,Tự động,Xăng,Sedan,Khác,Cam,False,5,2.0,FWD,6,car_p58_s10_1776275566,Đổi mẹc GLC bán lại cho anh chị em chiếc mazda 3 bản Premium 2.0 sx 2021 rất hiếm. Xe nhà đi ít giữ gìn chỉ 37.000km. Chăm sóc bảo dưỡng định kỳ hãng. Cam kết xe nguyên zin không đâm đụng ko ngập nước. Giá bán 5xx triệu. Ngân hàng hỗ trợ 70. Xem xe thương lượng mua nhanh có giá .
p23_s15_1774761233,Mazda 3,Sport 1.6 AT,2022,525.0,69000.0,Tự động,Xăng,Sedan,Việt Nam,Trắng,False,5,1.6,FWD,6,car_p23_s15_1774761233,"Nhà có 1 cặp Mazda3 trắng tinh khôi ạ M3 Sport Luxury Hatchback 5 cửa sx 2022 đăng ký 2023 odo 3,6 vạn M3 Delux AT 2022 Sedan lên nhiều đồ chơi"
p40_s6_1774766757,Mazda 6,Signature Premium 2.5 AT,2022,685.0,40000.0,Tự động,Xăng,Sedan,Việt Nam,Đỏ,False,5,2.5,FWD,6,car_p40_s6_1774766757,"Mazda 6 Signature Premium 2.5 AT 2022 Màu đỏ Odo 4 vạn km zin Xe đẹp xuất sắc Full lịch sử bảo dưỡng hãng Cam kết Không tai nạn Máy móc nguyên bản Không thủy kích, ngập nước Hỗ trợ ngân hàng 5070 giá trị xe Hồ sơ gốc cầm tay, sang tên trong ngày Xem xe tại Cầu Giấy, Hà Nội Liên hệ ngay để được trải nghiệm xe và nhận báo giá tốt"
p11_s0_1774728175,CX-5,2.0 Premium,2020,698.0,60000.0,Tự động,Xăng,SUV / Cross over,Việt Nam,Trắng,True,5,2.0,FWD,6,car_p11_s0_1774728175,"Ít sử dụng nen gia đinh minh can ban xe Mazda Cx5 Premium Full Option màu trắng bản cao cấp nhất đăng ký T1/2021 biển Hà Nội 30G moi đi được hơn 6v km, 4lop nguyên bản từ đầu, lốp sơ cua zin 100,đăng kiểm đến tận năm 2028, các bạn qua xem sẽ thấy nhà mình giữ gìn thế nào. Mình đa lên mot so đo chơi hết gần 20tr Lắp thêm cảm biến áp suất lốp loại trong hãng, lên mặt calang của mustang , phanh khoảng cách, lot san xịn nhất loại 6D..vv... Xe rất mới đầy đủ lịch sử bảo dưỡng trong hãng nen cac ban co the test thoai mai, nay minh ban giá rất hợp lý 698tr . Co thuong luong nhiet tinh cho ban nao mua ve su dung Ko nhan tin."
p53_s17_1776275067,Mazda 2,Luxury,2021,399.0,70000.0,Tự động,Xăng,Hatchback,Việt Nam,Cam,False,5,2.0,FWD,6,car_p53_s17_1776275067,"Hàng mới về bán tết Còn đăng chotot là còn xe Mazda 2 luxury 2021 - ODO 70.000km full lịch sử bảo dưỡng hãng, không một ngày bảo dưỡng ngoài - Phụ kiện dán phim, lót sàn, bảo hiểm thân vỏ Địa chỉ 84 Phạm Hùng, Cẩm Lệ, Đà Nẵng Chính sách bán hàng Bảo hành động cơ và hộp số trong 1 năm Cam kết không tai nạn không ngập nước không bổ máy Chính sách bảo vệ quyền lợi khách hàng Nếu phát hiện xe không đúng cam kết Chúng tôi nhận lại xe hoàn tiền 100. Toàn bộ chi phí phát sinh, kể cả đã sang tên, cửa hàng chịu trách nhiệm và chịu mọi chi phí phát sinh Dịch vụ check xe giá 1.5 triệu - Cam kết check sai Mua lại xe cho khách Dịch vụ xử lý phạt nguội không giam bằng Dịch vụ xử rút hồ sơ, ra tên xe tại Đà Nẵng"
p57_s1_1776275371,Mazda 3,Luxury,2021,525.0,46000.0,Tự động,Xăng,Sedan,Khác,Cam,False,5,2.0,FWD,6,car_p57_s1_1776275371,". Mazda3 luxury 2021 . Odo 46000km . Cam kết xe k lỗi cấn đụng,ngập nước . Động cơ và họp số rin 100 . Hổ trợ trả góp 70_nhận đổi xe bù trừ . Xem xe 390 Nguyễn hữu thọ"
p74_s14_1776277949,CX-30,Luxury 2.0 AT,2024,658.0,14000.0,Tự động,Xăng,SUV / Cross over,Khác,Cam,False,5,2.0,FWD,6,car_p74_s14_1776277949,"Mazda CX-30 Luxury ĐK 12/2024 Nhập khẩu nguyên chiếc Xe mới chạy hơn 1 vạn km, full lịch sử hãng. Sơn zin 99, 4 lốp theo xe, lốp sơ cua chưa chạm đất. Còn bảo hành chính hãng Mazda 4 năm. So với xe mới thì thua mỗi cái thùng Cam kết xe không đâm đụng, không thuỷ kích, bao test toàn quốc"
p38_s3_1774766283,CX-5,Premium,2024,835.0,12000.0,Tự động,Xăng,SUV,Khác,Cam,True,5,2.0,FWD,6,car_p38_s3_1774766283,"Cx5 Bản Full Premium Exclusive đăng ký tháng 12/2024 một chủ đi lướt mới 12 ngàn km chỉ bảo dưỡng hãng xe chủ đi kĩ, lấy về chỉ việc sử dụng cam kết không đâm đụng ngập nước tua km giá bán xem xe còn thương lượng"
p41_s17_1774767082,CX-30,Luxury 2.0 AT,2023,624.0,43000.0,Tự động,Xăng,SUV / Cross over,Khác,Xanh,True,5,2.0,FWD,6,car_p41_s17_1774767082,"Gia đình cần bán Mazda CX30 - 2.0 Luxury Sx 2023 - 1 chủ từ đầu còn bảo hành hãng 𝐌𝐚𝐮 𝐱𝐞 Xanh Cavansite - nội thất nâu Trang bị Xe gầm cao Động cơ 2.0L - 153Hp , Hộp số tự động 6 cấp, vô lăng bọc da 3 chấu tích hợp lẩy chuyển số, điều hòa tự động có cửa gió hàng ghế sau, Đảm bảo ko đâm đụng, ngập nước. Bao test hãng Bao bank, duyệt hồ sơ trong ngày Giá chỉ 624tr VND xem xe có bớt. Ngân hàng hỗ trợ 70"
p7_s3_1774727480,CX-5,2.0 Premium,2020,660.0,50000.0,Tự động,Xăng,SUV / Cross over,Việt Nam,Đỏ,False,5,2.0,FWD,6,car_p7_s3_1774727480,"Mazda Cx5 - 2.0 Premium sx 2020 - Odo 5 vạn km zin, nội thất nguyên bản đẹp căng, gầm bệ đi chắc nịch, lốp theo xe cả dàn, sơ cua chưa hạ. - Xe bán có bảo hành, có cam kết chất lượng bằng văn bản, check test thoải mái. Giá 665 tr Lh Đc Nghĩa Đô, Hà Nộ"
p1_s9_1776267558,Mazda 6,2.0 Premium,2021,550.0,30000.0,Tự động,Xăng,Sedan,Khác,Đỏ,False,5,2.0,FWD,6,car_p1_s9_1776267558,"Mazda6 2.0 Premium 2021, lướt 30.000km 5xx.000.000 triệu còn thương lượng"
p12_s2_1776269245,BT-50,2.2L 4x2 AT,2015,280.0,19000.0,Tự động,Dầu,Pick-up (bán tải),Khác,Xám,False,5,2.2,FWD,6,car_p12_s2_1776269245,Bt50 đời 2015 1 cầu số tự động 2.2 Giá 280tr Xem xe tại 113 vĩnh khang ngọc hồi thanh trì hà nội
p30_s4_1776272429,BT-50,2.2L 4x2 ATH,2018,412.0,120000.0,Tự động,Dầu,Pick-up (bán tải),Khác,Đen,False,5,2.2,FWD,6,car_p30_s4_1776272429,Xe sản xuất 2018 số tự động đi được 12 vạn Bác nào quan tâm liên hệ sđt
p26_s9_1774763794,Mazda 3,Luxury,2021,520.0,65000.0,Tự động,Xăng,Sedan,Nhật Bản,Trắng,False,5,2.0,FWD,6,car_p26_s9_1774763794,Bán mazda 3 bản luxury 65k km xem xe tại daklak
p62_s19_1776276219,BT-50,3.2L 4x4 AT,2016,350.0,120000.0,Tự động,Dầu,Bán tải,Khác,Trắng,True,5,2.0,FWD,6,car_p62_s19_1776276219,"Cần bán gấp BT50 2016 Xe 1 chủ từ đầu, đã đi dk 12 vạn Xe nguyên bản và zin hết ạ Trang bị đầy đủ về sẵn đi ạ"
p16_s11_1774759583,Mazda 6,2.5 AT,2016,389.0,139000.0,Tự động,Xăng,Sedan,Khác,Trắng,True,5,2.5,FWD,6,car_p16_s11_1774759583,"CẦN BÁN MAZDA 6 2.5AT SX 2016 1 CHỦ TỪ ĐẦU Xe gia đình sử dụng, giữ gìn kỹ, 1 chủ từ đầu Động cơ 2.5 mạnh mẽ, vận hành êm ái, Số tự động, full option ghế da, màn hình, camera lùi, điều hòa auto Nội thất sạch đẹp, ngoại thất còn zin, không tai nạn, không ngập nước Bảo dưỡng định kỳ đầy đủ Xe chạy ổn định, mua về đi ngay Giá thương lượng nhẹ cho anh em thiện chí Xem xe Ô8, Đường DA6, Khu Dân Cư Vietsing, Thuận Giao, TP Hồ Chí Minh. Liên hệ"
p27_s15_1776271995,CX-5,2.5 AT,2016,465.0,95000.0,Tự động,Xăng,SUV,Khác,Trắng,False,5,2.5,FWD,6,car_p27_s15_1776271995,"Mazda CX5 2.5 AT 2016 - bản Full Xe gia đình sử dụng kỹ Full oprion phanh tay điện tử, cửa sổ trời, ghế điện,nhớ ghế,cruise control Cam kết không ngập nước, hay đâm va, máy rin Bao chek hãng hay gara"
p46_s17_1776273798,Mazda 3,1.5 AT,2018,429.0,100000.0,Tự động,Xăng,Sedan,Khác,Trắng,False,5,1.5,FWD,6,car_p46_s17_1776273798,"MAZDA 3 2018 XE HẠNG C , GIÁ CHỈ HƠN 400 TRIỆU Nếu anh em đang tìm một chiếc xe vừa đi làm sang, vừa đi chơi lịch lãm thì không thể bỏ qua em Mazda 3 này Đời xe Sản xuất 2018, form dáng Kodo trẻ trung, vượt thời gian. Option nổi bật Đã có phanh tay điện tử, chế độ lái Sport, cửa sổ trời, màn hình Mazda Connect... Nguồn gốc Biển Hà Nội Tình trạng Odo 10v km Xe chạy giữ gìn, bảo dưỡng đều, máy móc êm. Cam kết Bao check test toàn quốc theo yêu cầu. Xe sẵn sử dụng, không cần tốn thêm chi phí bảo dưỡng. Giá chào bán 429 Triệu Có thương lượng sâu cho anh em thiện chí."
p45_s9_1774767861,CX-3,Unknown,2021,485.0,55000.0,Tự động,Xăng,Hatchback,Thái Lan,Trắng,True,5,2.0,FWD,6,car_p45_s9_1774767861,"Chào bán MAZDA CX3 nhập khẩu nguyên chiếc từ thái lan tên tư nhân 1 chủ biển hà nội từ đầu cam kết xe không đâm va không ngập nước cam kết keo chỉ đinh tán nguyên zin theo nhà sản xuất cam kết máy số động cơ khung gầm nguyên bản chạy zin 5,5 vạn kilomet không tua xe đã được trang bị thêm rất nhiều phụ kiện đồ chơi bao check bao test toàn quốc hỗ trợ bank 70 thủ tục nhanh gọn xin cảm ơn"
p17_s6_1774759785,CX-5,2.0 AT,2019,590.0,8000.0,Tự động,Xăng,SUV / Cross over,Việt Nam,Đỏ,True,5,2.0,FWD,6,car_p17_s6_1774759785,"Bán 𝐌𝐚𝐳𝐝𝐚 𝐂𝐗𝟓 𝟐.𝟎 𝐀𝐓 𝐒𝐚𝐧 𝐱𝐮𝐚𝐭 𝟐𝟎𝟏𝟗 Xe Màu đỏ pha lê mới rất đẹp Một chủ từ đầu. Xe gia đình ít đi, giữ rất kĩ, đẹp hoàn hảo. Đã qua kiểm tra chất lượng, không đâm đụng thuỷ kích, bao test toàn quốc. Xe được bảo dưỡng thường xuyên, gầm máy số cực ngon. Bánh sơ cua và phụ kiện mới 100 chưa dùng. Đầy đủ 2 chìa khoá zin, đăng kiểm dài hạn. 𝐅𝐮𝐥𝐥 𝐎𝐩𝐭𝐢𝐨𝐧 Smart Key, Đề Start/stop, cửa sổ trời, cốp điện, ghế chỉnh điện, phanh tay điện tử, màn hình zin, Bluetooth, camera lùi, điều hoà 2 vùng Auto, đèn Bi Led Auto, gạt mưa Auto, chế độ lái Sport, i-Stop, cân bằng điện tử, phanh ABS, nệm da, mâm phay,... và nhiều trang bị khác."
p26_s2_1776271742,CX-5,AT,2016,450.0,90000.0,Tự động,Xăng,SUV / Cross over,Việt Nam,Đen,False,5,2.0,FWD,6,car_p26_s2_1776271742,"Mada CX5 2016 dang ký 2017 phom mới 1 chu mua mới,Số tự động,"
p48_s6_1774768551,Mazda 2,1.5 AT Hatchback,2016,290.0,65000.0,Tự động,Xăng,Hatchback,Việt Nam,Vàng,True,5,1.5,FWD,6,car_p48_s6_1774768551,"Mazda 2 Sport , màu vàng cát, kiểu dáng hatchback rất trẻ trung, năng động. - Biển số SG gốc 1 chủ, - Xe nhỏ gọn, dễ di chuyển trong phố.- Tiết kiệm nhiên liệu, vận hành ổn định. Máy 1.5 mazda cũng đủ mạnh khi đi đường trường. - Đã đi 65 ngàn km cam kết đúng km, Chú chủ xe l cb quân đội nên ít đi vì toàn đi xe cơ quan. - Máy số bao zin, không tai nạn hay ngập. Đã đại bảo dưỡng ở 60k Thay 4 phuộc mới, các cao su chân máy, rotuyen càng Xe về chỉ đổ xăng đi không cần suy nghĩ. - Bản sport nên Option cũng nhiều, đèn led sáng, nội thất da zin đẹp. - Giá bán 3xxtr có TL ít, chỉ bán cho ngừoi dùng, Xem xe tại p15 GV địa chỉ khớp Cavet nên an tâm nha."
p23_s16_1776271379,CX-8,Premium,2020,718.0,69000.0,Tự động,Xăng,SUV / Cross over,Khác,Đen,True,7,2.5,FWD,6,car_p23_s16_1776271379,"Mazda Cx8 2.5 Premium 1cầu - 2020 Màu Đỏ Pha Lê ODO 69,000 Km Tình trạng Xe 1 chủ mua mới, Bảo dưỡng Hãng Full, Nội ngoại thất đẹp nguyên bản, Odo chuẩn, Lót sàn 6D Giá 718 Triệu Cam ket Khong đam đung anh huong đen khung xuong xe, Khong ngap nuoc, May moc nguyen ban, phap ly ro rang Check thoai mai theo đon vi thu 3 Xem xe Q2 cũ 𝐓𝐇𝐔 𝐌𝐔𝐀 𝐓𝐑𝐀𝐎 ĐỔ𝐈 𝐗𝐄 𝐂Ũ - 𝐗𝐄 𝐂Ũ ĐỔ𝐈 𝐗𝐄 𝐂Ũ"
p61_s15_1776276090,Mazda 3,1.5L Deluxe,2022,499.0,67000.0,Tự động,Xăng,Sedan,Việt Nam,Khác,False,5,1.5,FWD,7,car_p61_s15_1776276090,"Lên sóng xe đi tết, Ace đang kiếm xe đi Tết thì con này là lựa chọn tuyệt vời MAZDA 3 Sedan 1.6AT Deluxe nội thất Luxury Chất xe cực đẹp, mới tinh, xe Quốc dân From mới đáng đẹp chạy ngon, thiết kế thanh lịch, nội thất đẹp keng, cách âm tốt, xe mới như xe thùng. xe trang bị nhiều Option hiện đại và đầy đủ hệ thống an toàn Nguyễn Hòa Auto"
p77_s10_1776278415,Mazda Other,Deluxe 2.0 AT,2022,635.0,63000.0,Tự động,Xăng,SUV / Cross over,Việt Nam,Khác,True,5,2.0,FWD,6,car_p77_s10_1776278415,"Xe cá nhân chính chủ,lịch sử bảo dưỡng hãng 100 Không tai nạn,ngập nước."
p36_s15_1776273300,Mazda 3,1.5 AT Sedan,2016,368.0,70000.0,Tự động,Xăng,Sedan,Thái Lan,Trắng,True,5,1.5,FWD,2,car_p36_s15_1776273300,MAZDA 3 2016 bản tự động odo 70.000km . Xe hoàn hảo 1 chủ mua mới từ đầu nước sơn zin cả xe . Giá 3xx .
p24_s10_1776271488,CX-3,Premium,2023,539.0,28963.0,Tự động,Xăng,SUV / Cross over,Khác,Khác,True,5,2.0,FWD,6,car_p24_s10_1776271488,"cần bán mazda cx3 đk 2023 xe 1 chủ từ đầu, phiên bản cao cấp premium, đi giữ gìn cẩn thận nay muốn đổi sang xe điện nên muốn bán cho người dùng thiện chí các bác có thợ thì dẫn đi qua nhà vào việc"
p7_s15_1774727611,CX-8,Luxury,2019,670.0,98999.0,Tự động,Xăng,SUV / Cross over,Nhật Bản,Trắng,False,7,2.0,FWD,6,car_p7_s15_1774727611,"Mazda CX-8 màu trắng, xe 7 chỗ rộng rãi, phù hợp gia đình. - Hộp số tự động, động cơ xăng vận hành êm ái. - Thiết kế sang trọng, nội thất tiện nghi. - Xe giữ gìn cẩn thận, sẵn sàng sử dụng."
p8_s8_1776268677,Mazda 3,1.5L Luxury,2022,525.0,50000.0,Tự động,Xăng,Hatchback,Khác,Trắng,False,5,1.5,FWD,6,car_p8_s8_1776268677,"Mazda 3 2022 luxury trắng ngọc trinh odo 5 vạn xịn chuẩn odo 4 vỏ mới thay gai gió còn dày cui , màn hìh hỗ trợ giải trí apcarplay androi auto , máy số zin chuẩn chỉnh Giá bán 525tr Hỗ trợ bank trả trước 190tr"
p11_s18_1776269196,Mazda 3,1.5L Luxury,2024,595.0,13000.0,Tự động,Xăng,Hatchback,Việt Nam,Đỏ,True,5,1.5,FWD,6,car_p11_s18_1776269196,"_ Mẫu sedan hot nhất phân khúc C 𝐌𝐚𝐳𝐝𝐚 𝟑 𝟏.𝟓𝐋 𝟐𝟎𝟐𝟒 𝐋𝐮𝐱𝐮𝐫𝐲 siêu lướt . Xe mới lăn bánh 13.000km . Một chủ từ đầu . Nội - ngoại thất - lốp còn nguyên rin nguyên bản 100 theo xe . Nước sơn rin còn mới 99 . TT 170 triệu nhận xe . Thời hạn vay 8 năm . Lãi suất 8.8năm . Gốc 4tr4 . Lãi 3tr1 . Tháng góp 7tr5 Option Thiết kế theo ngôn ngữ kodo thế hệ mới , động cơ Skyactive đi kèm hộp số tự động 6 cấp bền bỉ - tiết kiệm nhiên liệu phân khúc và cho cảm giác lái đầm chắc . Hệ thống chiếu sáng Full Led tự động bật tắt . Chìa khoá thông minh . Nội thất bọc da chính hãng . Ghế lái chỉnh điện . Khởi động xe bằng nút bấm Start Stop . Phanh tay điện tử . Auto Hold . Màn hình trung tâm 10.3 inch kết nối Apple Carple - Androi Auto - Bluetooth . Điều hoà tự động 2 vùng độc lập . Hệ thống an toàn 6 túi khí . Camera lùi . Cảm biến va chạm phía sau . Chương Trình Ưu đãi 𝐓𝐡𝐚𝐧𝐠 𝟒-𝟐𝟎𝟐𝟔 tại Showroom Khoa Chương Auto . Mua xe ô tô lướt nhận ngay gói 𝐆𝐨𝐢 𝐏𝐡𝐮 𝐂𝐞𝐫𝐚𝐦𝐢𝐜 𝐂𝐚𝐨 𝐂𝐚𝐩 . 𝐊𝐡𝐨𝐚 𝐂𝐡𝐮𝐨𝐧𝐠 𝐀𝐮𝐭𝐨 Đẳng cấp xe lướt Bên em chuyên trao đổi ô tô đã qua sử dụng , xe ô tô đời mới lướt Bảo hành khi mua xe tại showroom lên đến 2 năm Hổ trợ vay ngân hàng lãi suất thấp - thủ tục nhanh gọn .𝐃𝐮𝐲𝐞𝐭 𝐡𝐨 𝐬𝐨 𝐯𝐚𝐲 𝐭𝐫𝐨𝐧𝐠 𝐯𝐨𝐧𝐠 𝟓 𝐏𝐡𝐮𝐭 . Không cần chứng minh thu nhập. Nói không với xe đâm đụng - ngập nước tại showroom KC Auto. Hoàn trả 100 tiền nếu phát hiện lỗi ở toàn quốc . Hổ trợ vay ngân hàng đối với khách hàng bị nợ xấu lãi suất tốt . Địa chỉ 38-40 Nguyễn Phước Lan - TP Đà Nẵng"
p14_s11_1776269627,Mazda 3,1.5L Luxury,2025,610.0,7770.0,Tự động,Xăng,Sedan,Khác,Trắng,False,5,1.5,FWD,6,car_p14_s11_1776269627,"Em chào bán𝐌𝐚𝐳𝐝𝐚 𝟑 𝐋𝐮𝐱𝐮𝐫𝐲 𝟐𝟎𝟐𝟓 odo chuẩn7.770km,full lịch sử bảo dưỡng hãng,nguyên rin-nguyên bản ,sơn zin 100,4 lốp rin theo xe,sơ cua chưa chạm đất,đã lên cam,dán full film,ni lông theo xe Giá em bán chỉ 610triệu có thương lượng khi xem xe trực tiếp ạ. Hổ trợ bank 65 giá trị xe,trả trước 199tr nhận xe về ngay ạ Xe có văn bản cảm kết,bảo hành 12 tháng tại cửa hàng. Khách hàng được kiểm tra,check test bên thứ 3,Hãng,Gara theo yêu cầu trước khi giao dịch. -------------------------------------------------- 𝐓𝐡𝐚𝐧𝐡 Đ𝐚𝐭 𝐀𝐮𝐭𝐨-𝐂𝐡𝐮𝐲𝐞𝐧 𝐌𝐮𝐚 𝐁𝐚𝐧,𝐓𝐫𝐚𝐨 Đ𝐨𝐢 𝐎𝐭𝐨 𝐂𝐮 𝐓𝐨𝐚𝐧 𝐐𝐮𝐨𝐜 Địa chỉLô 04 Lê Đức Thọ,Sơn Trà,Đà Nẵng FBThành Đạt Auto-Chuyên Mua,Bán Oto Đã Qua Sử Dụng M"
p20_s12_1774760545,BT-50,2.2L 4x4 MT,2014,255.0,90000.0,Số sàn,Dầu,Pick-up (bán tải),Thái Lan,Trắng,True,5,2.2,FWD,6,car_p20_s12_1774760545,"Gia đình cần bán Mazda BT50 4x4MT 2014 một chủ từ mới. Xe 2 cầu, vừa đăng kiểm xong, xe chủ yếu đi đường thành phố, ít chở nặng, bảo dưỡng đầy đủ, đã lên full phụ kiện, không lỗi lầm gì. Giá loanh quanh 2đ."
p15_s14_1774759367,CX-30,Luxury 2.0 AT,2022,585.0,62000.0,Tự động,Xăng,SUV / Cross over,Khác,Khác,False,5,2.0,FWD,6,car_p15_s14_1774759367,"Mazda CX-30 Luxury 2022 Xe Đẹp, Giá Tốt Odo 62.000 km Giá 585 triệu Keo chỉ, máy số nguyên zin Lốp theo xe, xe gia đình đi kỹ Động cơ 2.0 HUD kính lái Cốp điện Ghế chỉnh điện. Check test thoải mái Giao xe toàn quốc xem xe tại nhà BMT Hỗ trợ ngân hàng 60 Hotline/Zalo Inbox để xem xe chi tiết"
p31_s14_1776272690,Mazda 3,Sport 1.5L Premium,2019,399.0,90000.0,Tự động,Xăng,Hatchback,Việt Nam,Đỏ,True,5,1.5,FWD,6,car_p31_s14_1776272690,"- Chính chủ bán Mazda 3 - 2019, màu đỏ. Odo 8v7 - Đã độ tầm 60t tiền đồ, gồm 1. Đèn pha 2. Vô lăng carbon 3. Âm thanh marklevios nghe nhạc siêu hay, 4. Chống ồn, 5. Hud hiển thị tốc độ, 6. Fix chân gakiểu chế độ sport, đạp cái dính lưng. 7. Cam hành trình 70 mai 8. Cảm biến áp suất lốp. 9. Phim cách nhiệt xịn 10. Mới thay 4 quả lốp mich được nửa năm 11. Sơn la zăng, thay mặt ca lăng Giá 399t Xem xe tại Nam Định, Bác nào quan tâm PM nhé"
p37_s6_1774766107,Mazda 3,1.5 AT,2020,490.0,41000.0,Tự động,Xăng,Sedan,Việt Nam,Đỏ,False,5,1.5,FWD,6,car_p37_s6_1774766107,"Cần bán Mazda3 1.5L sản xuất 2020, biển số TP.HCM. Xe gia đình sử dụng kỹ, đi đúng 41.000 km, cam kết km chuẩn. Tình trạng xe Máy móc nguyên zin, vận hành êm ái Không tai nạn, không ngập nước Bảo dưỡng định kỳ đầy đủ tại hãng Nội thất sạch đẹp, ghế da còn mới Sơn zin theo xe có thể kiểm tra thoải mái Trang bị nổi bật Đèn LED full Màn hình giải trí trung tâm Camera lùi, cảm biến Cruise Control Điều hòa tự động Chìa khóa thông minh Start/Stop Xe sử dụng kỹ, không kinh doanh dịch vụ. Giấy tờ đầy đủ, sang tên nhanh gọn. Giá mong muốn 490 triệu có thương lượng nhẹ cho khách thiện chí Liên hệ trực tiếp Xem xe tại TP.HCM."
p20_s0_1774760419,CX-5,2.5,2017,490.0,85000.0,Số sàn,Xăng,SUV,Việt Nam,Trắng,False,5,2.5,FWD,6,car_p20_s0_1774760419,Cần bán mazda CX5 xs 2017 bản 2.5 biển HN gốc HN xe đẹp không lỗi
p65_s12_1776276567,Mazda Other,Luxury 2.0 AT,2022,600.0,43600.0,Tự động,Xăng,SUV / Cross over,Thái Lan,Khác,False,5,2.0,FWD,6,car_p65_s12_1776276567,Mazda Cx 30 nhập Thái hiện trạng đang chạy 43.600 km xe không đâm đụng ngập nước bảo dưỡng hãng bao tesch
p10_s1_1774728001,Mazda 3,2.0 AT Sedan,2015,360.0,88000.0,Tự động,Xăng,Sedan,Khác,Trắng,False,5,2.0,FWD,2,car_p10_s1_1774728001,"Mazda 3 2.0 sx 2015 lăn bánh 88 ngàn Km, nội thất da zin theo xe còn rất đẹp, Sơn zin 90, mới thay 4 vỏ michelin, bảo dưỡng rất kỹ Giá 3xx OPTION theo xe đèn pha Full led, hệ thống rửa đèn pha, đèn gầm Led, Hud Kính hiển thị tốc độ trên kính chắn gió,"
p19_s12_1776270742,BT-50,3.2L 4x4 AT,2016,385.0,90000.0,Tự động,Dầu,Pick-up (bán tải),Thái Lan,Xanh,False,5,2.0,FWD,6,car_p19_s12_1776270742,Bán tải BT50 STD 2 Cầu 2016 3.2 4x4 AT bản full Màu Xanh đẹp keng chạy cực khỏe lên màn hình anroi cam lùi hành trình ghế da có nắp thùng Giá sinh viên chỉ 385tr bao rút hồ sơ góc xem xe Bảo Vinh Long Khánh Đồng Nai
p12_s6_1774728400,CX-5,2.5 AT 2WD,2017,465.0,130000.0,Tự động,Xăng,SUV,Khác,Nâu,False,5,2.5,FWD,2,car_p12_s6_1774728400,"bán xe cx5 2017 2.5 full 2 ghế điện , cốp điện , kiếng cửa lên tự động xe đẹp zin ko lỗi nhỏ ae quan tâm xin gọi đt để xem xe"
p3_s10_1774726731,BT-50,MT,2022,450.0,50000.0,Số sàn,Dầu,Pick-up (bán tải),Khác,Đỏ,False,5,2.0,FWD,6,car_p3_s10_1774726731,"Mazda BT50 màu đỏ, đăng ký 2022, odo 50.000 km , 5 vỏ còn theo xe ,xe đẹp k lỗi nhỏ - Xe số sàn, vận hành mạnh mẽ, bền bỉ. - Thiết kế bán tải khỏe khoắn, phù hợp nhiều mục đích sử dụng. - Xe giữ gìn cẩn thận, sẵn sàng lăn bánh."
p44_s1_1774767528,Mazda 3,1.5L Luxury,2025,655.0,2000.0,Tự động,Xăng,Hatchback,Khác,Trắng,False,5,1.5,FWD,6,car_p44_s1_1774767528,"Mazda 3 luxury 2025 , odo 2000 km hơn, màu trắng xe đẹp xuất sắc, full bảo dưỡng full đẹp. Xe được trang bị rất nhiều tính năng. Chìa khoá thông minh, đề nổ, ghế chỉnh điện, màn hình, camera, Cam kết Bao khong ngap nuoc, khong đam đung. Bao rut ho so gốc . Ho tro sang ten Bao quay đầu 1 năm 10 theo giá thị trường Có dán tem bảo hành ở các vị trí xung yếu Ho tro vay ngan hang lai suat uu đai. Bao hanh 6 thang hoặc 10.000km đong co, may moc. Ho tro test hang co van ban _________________________________ ----BOSS CAR---- Địa chỉ 68 Lê Văn Lương, Thanh Xuân, Hà Nội CHUYÊN MUA BÁN - TRAO ĐỔI XE ĐÃ QUA SỬ DỤNG. XE ĐÃ QUA KIỂM ĐỊNH CHẤT LƯỢNG VÀ CÓ BẢO HÀNH ---------------------- ----------------------"
p32_s5_1774765120,Mazda 3,1.5 Premium,2024,649.0,28000.0,Tự động,Xăng,Hatchback,Việt Nam,Khác,False,5,1.5,FWD,6,car_p32_s5_1774765120,"Mazda 3 Sport 1.5 Premium Fulloption. - Sx 2024. Lướt 28 ngìn - Đẹp ken - Ko lõi nhỏ , bảo dưỡng full hãng . - AE xem xe có bớt ạ AE-Quý Khách quan tâm lh e nha- cảm ơn."
p75_s8_1776278072,Mazda 3,1.5L Deluxe,2021,485.0,50000.0,Tự động,Xăng,Sedan,Việt Nam,Khác,False,5,1.5,FWD,6,car_p75_s8_1776278072,"MAZDA3 1.5L deluxe sx 2020 Odo 5v km bao zin full LS hãng Sẵn xe và hồ sơ giao ngay ae đi tết Giá tk 485t còn TL tiếp khi xem xe Ht bank tối đa , bao check test Ship xe toàn quốc ."
