car_id,title,model,price_million,description,odo,registration,origin,condition,warranty,year,version,gearbox,fuel,body_type,seats,drivetrain,horse_power,torque,engine_capacity,fuel_consumption,airbags,ground_clearance,doors,unladen_weight,gross_weight,image_folder,url
p1_s0_1774726144,Mazda 6 Số tự động,Mazda 6,89.0,"Mazda 6 màu bạc, xe 5 chỗ, động cơ xăng, số tự động.   - Thiết kế sang trọng, nội thất rộng rãi.   - Xe nhập khẩu từ Nhật Bản, vận hành bền bỉ.   - Cảm giác lái êm ái, tiết kiệm nhiên liệu. - Không sang tên",150000,Có,Nhật Bản,Đã sử dụng,Bảo hành hãng,2005,N/A,Tự động,Xăng,N/A,5,N/A,N/A,N/A,N/A,N/A,N/A,N/A,N/A,> 1 tấn,> 2 tấn,car_p1_s0_1774726144,https://xe.chotot.com/mua-ban-oto-thanh-pho-long-khanh-dong-nai/130768260.htm#px=SR-stickyad-[PO-1][PL-top]
p1_s1_1774726152,Mazda 3 2016 2.0 18 ich Trắng 123.030,Mazda 3,369.0,"Mazda 3 2.0 2016 bản đủ full bánh 18 inch  Odo: 123.030km  - Nội thất: bọc ghế da, màn có kết nối android auto. Camera de camera lề  - Nhớt máy + lọc: 7000km thay 1 lần (Motul 100% synthetic - DK đến 12/2027 Khung gầm máy móc như mới Xe ở hcm q6 biển sài gòn",123030,N/A,Đang cập nhật,Đã sử dụng,Bảo hành hãng,2016,N/A,Tự động,Xăng,N/A,5,N/A,N/A,N/A,N/A,N/A,N/A,N/A,N/A,> 1 tấn,> 2 tấn,car_p1_s1_1774726152,https://xe.chotot.com/mua-ban-oto-quan-11-tp-ho-chi-minh/131351993.htm#px=SR-stickyad-[PO-1][PL-top]
p1_s2_1774726164,Mazda CX-8 2021 Premium Siêu cọp,CX-8,730.0,Mazda Cx8 Premium Model 2021 Sản xuất 2020 Fom dáng Sang trọng đẳng cấp chạy ngon đi cực sướng rất nhiều công nghệ anh chị có nhu cầu xin liên hệ,37665,Có,Nhật Bản,Đã sử dụng,Bảo hành hãng,2021,N/A,Tự động,Xăng,SUV / Cross over,7,N/A,N/A,N/A,N/A,N/A,N/A,N/A,N/A,> 1 tấn,> 2 tấn,car_p1_s2_1774726164,https://xe.chotot.com/mua-ban-oto-quan-12-tp-ho-chi-minh/131210237.htm
p1_s3_1774726175,Mazda CX5 2022 Luxury 16.000KM Siêu mới,CX-5,685.0,Mình cần bán Mazda CX5 Model 2022 Sản xuất 2021 Luxury 16.000KM Siêu mới đi cực ngon Fom dáng Sang trọng đẳng cấp anh chị có nhu cầu xin liên hệ,16000,N/A,Việt Nam,Đã sử dụng,Bảo hành hãng,2022,Luxury 2.0 AT,Tự động,Xăng,SUV / Cross over,Khác,N/A,N/A,N/A,N/A,N/A,N/A,N/A,N/A,> 1 tấn,> 2 tấn,car_p1_s3_1774726175,https://xe.chotot.com/mua-ban-oto-quan-12-tp-ho-chi-minh/130588516.htm
p1_s4_1774726185,Mazda 3 2017 Trắng Số tự động,Mazda 3,385.0,"🚗 MAZDA 3 -2017 – SỐ TỰ ĐỘNG – MÁY XĂNG . Bản philip thắng điện tử  Ⓜ️ Máy số , keo chỉ nguyên zin 💯  ✨ Form dáng thể thao, sang trọng 🧭 Full chức năng: đề start/stop, màn hình, camera, cảm biến, ga tự động, vô lăng tích hợp… 🍭Máy êm ru - Điều hoà lạnh sâu 🍃Gầm bệ chắc nịch , chạy đầm  💸Giá385🍠 bao rút hồ sơ gốc  ☎️Alo ***để xem xe  📍Xem xe ngay trạm thu phí Bình Thung Dĩ An Bình Dương",118000,Có,Đang cập nhật,Đã sử dụng,Bảo hành hãng,2017,N/A,Tự động,Xăng,N/A,N/A,N/A,N/A,N/A,N/A,N/A,N/A,N/A,N/A,> 1 tấn,> 2 tấn,car_p1_s4_1774726185,https://xe.chotot.com/mua-ban-oto-thanh-pho-di-an-binh-duong/131489485.htm
p1_s5_1774726195,Mazda 3 2023 1.5L Sport Premium - 18000 km,Mazda 3,580.0,Mình cần bán Mazda 3 Model 2023 Sản xuất 2022 Sport Premium - Siêu lướt 18.000KM xe như mới màu trắng đi sướng chạy cực êm ái anh chị có nhu cầu xin liên hệ,18000,Có,Việt Nam,Đã sử dụng,Bảo hành hãng,2023,1.5L Sport Premium,Tự động,Xăng,Hatchback,Khác,N/A,N/A,N/A,N/A,N/A,N/A,N/A,N/A,> 1 tấn,> 2 tấn,car_p1_s5_1774726195,https://xe.chotot.com/mua-ban-oto-quan-12-tp-ho-chi-minh/130694891.htm
p1_s6_1774726206,"mazda cx5 2.5 premium 2020 - 6,9 vạn km",CX-5,665.0,"Hoàng Thanh auto chào bán xe: Mazda CX5 2.5 premium 2020 màu xanh cavansine rất đẹp, xe tên cá nhân 1 chủ, bảo dưỡng đều thường xuyên nên còn rất chất, Bản 2.5 nên đi khoẻ và thoát xe hơn bản 2.0 nhiều mà nhiên liệu tiêu hao cũng không nhiều hơn bao nhiêu",69000,Có,Việt Nam,Đã sử dụng,Bảo hành hãng,2020,2.5 Signature Premium 2WD,Tự động,Xăng,SUV / Cross over,5,N/A,N/A,N/A,N/A,N/A,N/A,N/A,N/A,> 1 tấn,> 2 tấn,car_p1_s6_1774726206,https://xe.chotot.com/mua-ban-oto-quan-long-bien-ha-noi/129774839.htm
p1_s7_1774726216,Mazda CX-5 2.5 Trắng,CX-5,620.0,"Mazda CX-5 2.5 phiên bản 6.5 signature premium, màu trắng, thiết kế hiện đại, nội thất tiện nghi. Sx năm 2019, đăng ký 2020, 1 chủ từ đầu bán.  - Động cơ mạnh mẽ, vận hành êm ái.   - Xe gầm cao, tầm nhìn tốt, phù hợp đi phố và đường trường.   - Trang bị an toàn đầy đủ. (Cam360, lên nội thất da nappa, 4 phuộc tein nhật, 4 lốp michelin mới) liên hệ ***",52000,Có,Việt Nam,Đã sử dụng,Bảo hành hãng,2019,2.5 Signature Premium 2WD,Tự động,Xăng,SUV / Cross over,5,N/A,N/A,N/A,N/A,N/A,N/A,N/A,N/A,> 1 tấn,> 2 tấn,car_p1_s7_1774726216,https://xe.chotot.com/mua-ban-oto-thanh-pho-ba-ria-ba-ria-vung-tau/131488809.htm
p1_s8_1774726221,Mazda 3 2019 màu Xanh,Mazda 3,435.0,Cần bán xe Mazda 3 sản xuất 2019. Xe màu xanh. Bảo dưỡng đúng hãng.  Xem xe tại quận 2.,80,N/A,Đang cập nhật,Đã sử dụng,Bảo hành hãng,2019,N/A,Tự động,Xăng,N/A,N/A,N/A,N/A,N/A,N/A,N/A,N/A,N/A,N/A,> 1 tấn,> 2 tấn,car_p1_s8_1774726221,https://xe.chotot.com/mua-ban-oto-thanh-pho-thu-duc-tp-ho-chi-minh/131427748.htm
p1_s9_1774726228,Mazda 3 2019 - 98000 km ngay chủ bán,Mazda 3,415.0,"Xe gia đình bán  Mazda 3- 2019 - máy 1.5 luxury, cửa sổ trời  Cam kết máy số zin không lỗi nhỏ  Sơn zin còn 75% xe  Không đâm đụng ngập nước  Nọi thất zin theo xe còn khá  Bstp ngay chủ dứng tên cavet  Gầm bệ êm ái , võ lốp mới tinh  Anh chị cần qua xemnxe ngã tư ga , quân 12  Giá có bớt chonae nhanh gọn lẹ",98000,N/A,Việt Nam,Đã sử dụng,Bảo hành hãng,2019,N/A,Tự động,Xăng,N/A,N/A,N/A,N/A,N/A,N/A,N/A,N/A,N/A,N/A,> 1 tấn,> 2 tấn,car_p1_s9_1774726228,https://xe.chotot.com/mua-ban-oto-quan-12-tp-ho-chi-minh/130882839.htm
p1_s10_1774726239,Mazda BT 50 2017 2.2 AT 2WD - 120000 km nhập khẩu,Mazda Other,385.0,"Hoàng Thanh Auto chào bán xe: Mazda BT50 2.2AT 2017 máy dầu số tự động, xe nhập khẩu Thái Lan tên cá nhân 1 chủ xe đẹp zin, lốp mới 4 quả Xe bán cam kết nguyên zin, không đâm đụng ngập nước Máy số zin keo chỉ khung gầm cột kèo zin Bao check test toàn quốc",120000,Có,Thái Lan,Đã sử dụng,Bảo hành hãng,2017,2.2 AT 2WD,Tự động,Dầu,Pick-up (bán tải),5,2WD,148 HP @3700 RPM,375 Nm @1500 RPM,2.2,8,2,237,4,> 1 tấn,> 2 tấn,car_p1_s10_1774726239,https://xe.chotot.com/mua-ban-quan-long-bien-ha-noi/130636888.htm
p1_s11_1774726251,Mazda CX5 2021 Premium 2.0 29.000 km,CX-5,685.0,"🏡 Gia đình em cần bán Mazda CX5 2021 Premium 2.0 – Xanh Cavansite. ✔️ ODO: 29.000 km – cam kết chuẩn, bao check hãng ✔️ Xe gia đình sử dụng, giữ gìn kỹ – máy số zin 100%, thân vỏ nguyên bản 🔧 Trang bị thêm full đồ chơi: • 4 lốp Michelin mới tinh • Bi gầm tăng sáng – đi đêm cực an tâm • Camera Vietmap trước/sau • Camera 360 + cảm biến áp suất lốp • Đã mở full tính năng ẩn tiện ích 🛞 Lốp sơ cua zin theo xe – chưa hạ 🛡️ Bảo hiểm thân vỏ còn đến 12/2026 💰 Giá: 685triệu (còn thương lượng cho anh/chị thiện chí) Xem xe tai Quận 7 📞 Liên hệ: *** (Giang)",29000,N/A,Việt Nam,Đã sử dụng,Bảo hành hãng,2021,2.0 Premium,Tự động,Xăng,SUV / Cross over,Khác,N/A,N/A,N/A,N/A,N/A,N/A,N/A,N/A,> 1 tấn,> 2 tấn,car_p1_s11_1774726251,https://xe.chotot.com/mua-ban-quan-7-tp-ho-chi-minh/131488493.htm
p1_s12_1774726262,Mazda 6 2016 2.0 Full Trắng,Mazda 6,368.0,"Bán Mazda 6 2016 bản full số tự động cửa sổ nóc 2.0 Xe gia đình sử dụng, bao zin không lỗi Máy zin, keo chỉ đủ, cam kết không cấn đụng, không thuỷ kích Nội thất đẹp, ghế da sạch sẽ, có màn hình cam lùi đầy đủ, trần nỉ cửa sổ nóc Ngay chủ đã rút hs gốc cầm tay giá 368 triệu Xem xe ngã 4 Hoà Lợi, Bến Cát, Bình Dương Liên hệ: ***",100000,N/A,Đang cập nhật,Đã sử dụng,Bảo hành hãng,2016,N/A,Tự động,Xăng,N/A,5,N/A,N/A,N/A,N/A,N/A,N/A,N/A,N/A,> 1 tấn,> 2 tấn,car_p1_s12_1774726262,https://xe.chotot.com/mua-ban-thi-xa-ben-cat-binh-duong/131488341.htm
p1_s13_1774726274,Mazda CX-30 2023 Premium 2.0 AT - 10000 km,CX-30,680.0,"680tr mới đi 10,000km bảng premium cao cấp, CX30, 1 chủ, đk 10/2023. Cà vẹt sẵn công chứng mua bán liền. bstp.",10000,N/A,Thái Lan,Đã sử dụng,Bảo hành hãng,2023,Premium 2.0 AT,Tự động,Xăng,SUV / Cross over,Khác,N/A,N/A,N/A,N/A,N/A,N/A,N/A,N/A,> 1 tấn,> 2 tấn,car_p1_s13_1774726274,https://xe.chotot.com/mua-ban-quan-binh-tan-tp-ho-chi-minh/131450573.htm
p1_s14_1774726281,Mazda Cx5 2.0 AT sản xuất 2019,CX-5,610.0,"Thông tin chi tiết về xe :  - Xe tư nhân 1 chủ mua từ mới  - Biển tỉnh - Odo 7 vạn km , bảo dưỡng định kì  Tình trạng xe :  - Nội ngoại thất tươi mới giữ gìn cẩn thận  - Cam kết chất lượng xe bằng văn bản : Không đâm , tai nạn ảnh hưởng tới khung gầm sắt xi , không ngập nước , máy số keo chỉ đinh tán cột kèo nguyên bản  - Bao check test theo chỉ định khách hàng  - Hỗ trợ trả góp 70% giá trị xe - Quý khách có nhu cầu mua xe xin vui lòng liên hệ trực tiếp để trao đổi trực tiếp & lái thử xe",70000,Có,Việt Nam,Đã sử dụng,Bảo hành hãng,2024,N/A,Tự động,Xăng,N/A,N/A,N/A,N/A,N/A,N/A,N/A,N/A,N/A,N/A,> 1 tấn,> 2 tấn,car_p1_s14_1774726281,https://xe.chotot.com/mua-ban-quan-ha-dong-ha-noi/131406454.htm
p1_s15_1774726293,Mazda CX5 2.0 Premium Exclusive 2023 sơn zin 99%,CX-5,785.0,"- Cần bán Mazda Cx5 2.0 Premium Exclusive 2023. Màu trắng. cam kết odo chuẩn 73,000 km. Full lịch sử hãng. Sơn zin còn nhiều. Tình trạng gần như mới - Bánh sơ cua chưa hạ. 4 vỏ còn dày - Trang bị full option: ghế da nepa chỉnh điện nhớ ghế 2 vị trí, cửa sổ trời, đề Star/stop, phanh tay điện tử, đầu DVD, camera de, HUD kính hiển thị tốc độ,  - Cam kết đúng km. Không đâm đụng, ngập nước, máy số zin - Bán bao rút hồ sơ gốc, bao pháp lý, phạt nguội - Thiện chí xem xe giá cả còn thương lượng",73000,Có,Việt Nam,Đã sử dụng,Bảo hành hãng,2023,Premium Exclusive 2.0 AT,Tự động,Xăng,SUV / Cross over,Khác,N/A,N/A,N/A,N/A,N/A,N/A,N/A,N/A,> 1 tấn,> 2 tấn,car_p1_s15_1774726293,https://xe.chotot.com/mua-ban-quan-binh-tan-tp-ho-chi-minh/131209235.htm
p1_s16_1774726306,Mazda CX5 premium 2022 lướt 14.000 km Như Xe NEW,CX-5,725.0,Mazda Cx5 premium 2022 lướt 14.000 km.  100% bảo dưỡng hãng. sơn zin cả xe. Một chủ mua mới 12/2022 thơm mùi xe mới.  Tiết kiệm hơn 200tr mua mới + phụ kiện giá trị camera màn hình 360 + film 3m + phủ Cecramic vvv Check test giao toàn quốc tận nhà khách. Xe xe tại nhà Chợ Tam Hà Thủ Đức  Anh Chị thiện chí liên hệ trực tiếp để được báo giá *** .  Vì lí do cv di chuyển không tiện trả lời tin nhắn xin thông cảm . Xin Cám ơn,14000,N/A,Việt Nam,Đã sử dụng,Bảo hành hãng,2022,N/A,Tự động,Xăng,SUV / Cross over,5,N/A,N/A,N/A,N/A,N/A,N/A,N/A,N/A,> 1 tấn,> 2 tấn,car_p1_s16_1774726306,https://xe.chotot.com/mua-ban-thanh-pho-thu-duc-tp-ho-chi-minh/131291413.htm
p1_s17_1774726318,Mazda CX5 Xanh đen 5 chỗ,CX-5,568.0,"Mazda CX5 màu xanh đen, xe 5 chỗ, động cơ xăng, hộp số tự động.   - Thiết kế hiện đại, nội thất rộng rãi.   - Xe sản xuất tại Việt Nam.   - Vận hành êm ái, tiết kiệm nhiên liệu. Xe chính chủ đứng tên Bảo dưởng đúng định kỳ",63000,N/A,Việt Nam,Đã sử dụng,Bảo hành hãng,2018,N/A,Tự động,Xăng,N/A,5,N/A,N/A,N/A,N/A,N/A,N/A,N/A,N/A,> 1 tấn,> 2 tấn,car_p1_s17_1774726318,https://xe.chotot.com/mua-ban-quan-binh-tan-tp-ho-chi-minh/131456208.htm
p1_s18_1774726329,MAZDA BT50 2018 TỰ ĐỘNG 1 CẦU 116000KM BH 1 NĂM,BT-50,398.0,"LÊ CAN AUTO BÁN XE  - MAZDA BT 50 SX 2018 TỰ ĐỘNG 1 CẦU, 1 CHỦ MUA MỚI XE LÊN NHIỀU PHỤ KIỆN CỰC ĐẸP  - TRANG BỊ : GHẾ DA ZIN, TRẦN NI LÔNG, MÀN HÌNH ZETECH, NẮP THÙNG CAO , LÓT SÀN, ĐĂNG KIỂM BẢO HIỂM CÒN DÀI …. - FULL LỊCH SỬ BẢO DƯỠNG - ODO 1116000 KM(CHUẨN 100%) - XE ĐẸP NGUYÊN ZIN BAO KO CẤN ĐỤNG, KO THUỶ KÍCH, KO PHẠT NGUỘI , BAO TEST TOÀN QUỐC - 4 VÕ MỚI THAY CÒN DÀY CUI GHẦM MÁY CỰC CHẤT - BẢO HÀNH1 NĂM HOẶC 20.000KM( ĐỘNG CƠ VÀ HỘP SỐ) - BANK HỖ TRỢ 50-70% ( KO CẦN CM THU NHẬP) - PHÁP LÝ RÕ RÀNG MINH BẠCH - BAO QUÝ KHÁCH HÀNG RÚT GỐC VÀ HỖ TRỢ SANG TÊN  - HỖ TRỢ THU XE LẠI GIÁ *** KHI QUÝ KHÁCH MUA XE TẠI CỬA HÀNG VÀ TRAO ĐỔI XE ĐÃ QUA SỬ DỤNG VỚI GIÁ TỐT HƠN THỊ TRƯỜNG 10-20TRIỆU -TẠI CỬA HÀNG CÒN RẤT NHIỀU XE ĐẸP GIÁ TỐT CHO QUÝ ANH CHỊ LỰA CHỌN -GIÁ CÒN THƯƠNG LƯỢNG QUÝ AC XEM XE TRỰC TIẾP - QUÝ ACE XEM XE VUI LÒNG LIÊN HỆ GẶP ( MR. CAN ) ĐỂ NHẬN ĐƯỢC SỰ TƯ VẤN VÀ HỖ TRỢ ***) - ĐỊA CHỈ : 201 LÊ CƠ, P AN LẠC QUẬN BÌNH TÂN TPHCM -TRÂN TRỌNG",116000,N/A,Thái Lan,Đã sử dụng,Bảo hành hãng,2018,2.2 AT 2WD,Tự động,Dầu,Pick-up (bán tải),5,2WD,148 HP @3700 RPM,375 Nm @1500 RPM,2.2,8,2,237,4,> 1 tấn,> 2 tấn,car_p1_s18_1774726329,https://xe.chotot.com/mua-ban-quan-binh-tan-tp-ho-chi-minh/131137204.htm
p1_s19_1774726341,Mazda 3 Luxury 2023 Sơn Zin 100% chỉ 1V4,Mazda 3,575.0,Mazda 3 luxury lướt sơn zin 100% một chủ mua mới 6/2023 chạy cực ít 1v4 14.000 km full lịch sử bảo dưỡng hãng. Thơm phức mùi xe mới. Anh Chị tiết kiêm hơn 120tr lại được xe như xe New trong hãng. Anh Chị cân nhắc hợp lý thiện chí liên hệ trực tiếp để được giá ***. Vì lý do công việc di chuyển nên không tl tin nhắn xin thông cảm. Xem xe tại nhà Chợ Tam Hà - Thủ Đức Xin Cám ơn,14000,Có,Việt Nam,Đã sử dụng,Bảo hành hãng,2023,1.5L Luxury,Tự động,Xăng,Hatchback,Khác,N/A,N/A,N/A,N/A,N/A,N/A,N/A,N/A,> 1 tấn,> 2 tấn,car_p1_s19_1774726341,https://xe.chotot.com/mua-ban-thanh-pho-thu-duc-tp-ho-chi-minh/131455960.htm
p1_s20_1774726352,Mazda 3 2023 1.5L Deluxe - 26000 km,Mazda 3,530.0,"Xe gia đình ít đi nên bán lại cho khách cần  Madaz 3 số tự động,xe đẹp như mới  ODO đúng chuẩn 26nghin km  Máy số bao zin,nói thất đẹp như mới  Màn hình cam lùi đầy đủ Vô lăng củ số,các phím bấm chưa có một vết mòn bao chess tess hãng thoải mái Giá bao rút hồ sơ có hỗ trợ trả góp lãi suất ưu đãi",26000,N/A,Việt Nam,Đã sử dụng,Bảo hành hãng,2023,1.5L Deluxe,Tự động,Xăng,Sedan,Khác,N/A,N/A,N/A,N/A,N/A,N/A,N/A,N/A,> 1 tấn,> 2 tấn,car_p1_s20_1774726352,https://xe.chotot.com/mua-ban-thi-xa-ben-cat-binh-duong/131362220.htm
p2_s0_1774726369,Mazda 6 Số tự động,Mazda 6,89.0,"Mazda 6 màu bạc, xe 5 chỗ, động cơ xăng, số tự động.   - Thiết kế sang trọng, nội thất rộng rãi.   - Xe nhập khẩu từ Nhật Bản, vận hành bền bỉ.   - Cảm giác lái êm ái, tiết kiệm nhiên liệu. - Không sang tên",150000,Có,Nhật Bản,Đã sử dụng,Bảo hành hãng,2005,N/A,Tự động,Xăng,N/A,5,N/A,N/A,N/A,N/A,N/A,N/A,N/A,N/A,> 1 tấn,> 2 tấn,car_p2_s0_1774726369,https://xe.chotot.com/mua-ban-oto-thanh-pho-long-khanh-dong-nai/130768260.htm#px=SR-stickyad-[PO-1][PL-top]
p2_s1_1774726376,Mazda 3 1.5 Sedan bao máy số zin keo chỉ zin all,Mazda 3,355.0,"🚘 Mazda 3 1.5AT sản xuất 2016 full đồ chơi giá 355tr.  📝 Odo 86km xe cá nhân gia đình dùng, cam kết bằng văn bản chất lượng xe không cấn đụng, không ngập nước, máy móc nguyên bản, keo chỉ nguyên bản.  🎉 Full đồ chơi: Cửa sổ trời, màn android 15inch lớn, đèn pha 4 bi led, đèn daylight led, đèn hậu led, bi gầm led, ca lăng kim cương, ốp heo, ốp lẫy số, full nt da kem, trần da lộn, film cách nhiệt, mâm sơn đen, 2 chìa khóa,...  ☎️ *** - Auto 2K ✅ Xem xe TP. Thủ Đức, HCM.",86868,Có,Việt Nam,Đã sử dụng,Bảo hành hãng,2016,1.5 AT Sedan,Tự động,Xăng,Sedan,5,FWD,112 HP @6000 RPM,144 Nm @4000 RPM,1.5,5,2,160,4,> 1 tấn,> 2 tấn,car_p2_s1_1774726376,https://xe.chotot.com/mua-ban-oto-thanh-pho-thu-duc-tp-ho-chi-minh/130670619.htm#px=SR-stickyad-[PO-1][PL-top]
p2_s2_1774726388,Mazda 3 2016 2.0 18 ich Trắng 123.030,Mazda 3,369.0,"Mazda 3 2.0 2016 bản đủ full bánh 18 inch  Odo: 123.030km  - Nội thất: bọc ghế da, màn có kết nối android auto. Camera de camera lề  - Nhớt máy + lọc: 7000km thay 1 lần (Motul 100% synthetic - DK đến 12/2027 Khung gầm máy móc như mới Xe ở hcm q6 biển sài gòn",123030,N/A,Đang cập nhật,Đã sử dụng,Bảo hành hãng,2016,N/A,Tự động,Xăng,N/A,5,N/A,N/A,N/A,N/A,N/A,N/A,N/A,N/A,> 1 tấn,> 2 tấn,car_p2_s2_1774726388,https://xe.chotot.com/mua-ban-oto-quan-11-tp-ho-chi-minh/131351993.htm#px=SR-stickyad-[PO-1][PL-top]
p2_s3_1774726401,Mazda CX5 Premium 2.0 AT sản xuất 2024,CX-5,795.0,"Chiếc Mazda CX 5 màu trắng sản xuất năm 2024, một mẫu SUV/Crossover lý tưởng cho những ai tìm kiếm sự kết hợp giữa phong cách và hiệu suất. Xe có những đặc điểm nổi bật sau:  * 🚗 Thương hiệu: Mazda, nổi tiếng với thiết kế KODO và công nghệ SkyActiv. * 🎨 Màu sắc: Trắng, mang lại vẻ ngoài thanh lịch và hiện đại. * 🚘 Model: CX 5, dòng xe SUV được ưa chuộng trên thị trường. * ⚙️ Loại xe: SUV / Cross over, phù hợp cho cả di chuyển trong thành phố và những chuyến đi xa. * 🕹️ Hộp số: Tự động, mang lại sự thoải mái và tiện lợi khi lái xe. * 📅 Năm sản xuất: 2024, đảm bảo xe được trang bị những công nghệ mới nhất. * 🛣️ Odo: 2 vạn km, xe còn rất mới và ít sử dụng. * Khuyến khích khách hàng check test theo chỉ định trước khi mua để yên tâm nhất  Chiếc xe này hứa hẹn mang lại trải nghiệm lái tuyệt vời với thiết kế thể thao, nội thất tiện nghi và khả năng vận hành mạnh mẽ. Đây là lựa chọn đáng cân nhắc cho những ai đang tìm kiếm một chiếc SUV chất lượng cao.",20000,Có,Việt Nam,Đã sử dụng,Bảo hành hãng,2024,Premium 2.0 AT,Tự động,Xăng,SUV / Cross over,5,N/A,N/A,N/A,N/A,N/A,N/A,N/A,N/A,> 1 tấn,> 2 tấn,car_p2_s3_1774726401,https://xe.chotot.com/mua-ban-oto-quan-ha-dong-ha-noi/131405765.htm
p2_s4_1774726413,MAZDA CX5 2.5 2019 MÀU ĐỎ,CX-5,615.0,MAZDA CX5 2.5 2019 MÀU ĐỎ THỐNG SỐ XE  • ODO : 8 vạn • ĐỘNG CƠ 2.2 Máy dầu • Ghế Điện . Auto Hold . Điều hoà tự động . Cruise Control . Đề nổ . Cốp điện . Cân bằng điện tử . Cửa nóc . Loa bose . Hắt kính . Cảnh báo điểm mù  📞 𝐇𝐨𝐭𝐥𝐢𝐧𝐞 : *** — BONAUTO SAU BIG C LONG BIÊN   SỐ 8 VŨ ĐỨC THẬN - PHƯỜNG VIỆT HƯNG - LONG BIÊN - HÀ NỘI,80000,N/A,Việt Nam,Đã sử dụng,Bảo hành hãng,2019,2.5 Signature Premium 2WD,Tự động,Xăng,SUV / Cross over,Khác,N/A,N/A,N/A,N/A,N/A,N/A,N/A,N/A,> 1 tấn,> 2 tấn,car_p2_s4_1774726413,https://xe.chotot.com/mua-ban-oto-quan-long-bien-ha-noi/130570989.htm
p2_s5_1774726424,Mazda 3 2020 1.5L deluxe - 70000 km,Mazda 3,475.0,"cần bán Mazda 3 1.5 , sản xuất 2022 mầu trắng Xe đăng kí tên tư nhân , odo 7 vạn Km. Xe trang bị gồm: Start/Stop, màn hình, camera lùi, cảm biến, vô lăng tích hợp, điều hòa tự động, túi khí, gương gập điện, ghế điện, phanh tay điện tử, Bluetooth, USB/Ipod, CD/Radio, ABS, EBD... - Cam kết xe nguyên bản không đâm đụng, ngập nước. - Hỗ trợ mọi thủ tục vay vốn, sang tên, lãi suất ưu đãi. ae có nhu cầu alo em   xem xe tại Hạc Thành , Thanh Hoá .",70000,Có,Việt Nam,Đã sử dụng,Bảo hành hãng,2020,1.5L Luxury,Tự động,Xăng,Sedan,5,N/A,N/A,N/A,N/A,N/A,N/A,N/A,4,> 1 tấn,> 2 tấn,car_p2_s5_1774726424,https://xe.chotot.com/mua-ban-oto-thanh-pho-thanh-hoa-thanh-hoa/131487187.htm
p2_s6_1774726435,Mazda 2 AT 2026 - XE MỚI 100% - Nhiều quà tặng 🎁,Mazda 2,398.0,"MAZDA 2 AT ĐANG CÓ GIÁ ƯU ĐÃI ĐẶC BIỆT. MAZDA 2 AT - 𝙫𝙞𝙣 2026 NHẬP KHẨU NGUYÊN CHIẾC THÁI LAN 🇹🇭 🔥 Trả trước chỉ từ 150tr nhận xe ngay 🎈 Ưu đãi lên đến 50 triệu.  Lý do lựa chọn Mazda 2 AT:  1.Ngoại hình thể thao năng động 2. Xe nhập khẩu nguyên chiếc Thái Lan 3. Sử dụng da lộn cao cấp trong phân khúc. 4. Nội thất sang trọng, tinh tế 5. Nhỏ gọn dễ di chuyển nội thành . 6. Động cơ 1.5 mạnh mẽ, công nghệ Skyactive tiết kiệm nhiên liệu, bền bỉ. 7. Bảo hành 5 năm hoặc 150.000km  ---------------------------------------- 🎁 Quà tặng hấp dẫn ➖Tặng thảm lót chất, tấm lót khoang hành lý ➖Phim cách nhiệt Llumar, túi cứu hộ ➖Bảo hành 5 năm/150.000 Km ➖Miễn phí tiền công bảo dưỡng 3 lần: 1000Km, 50.000Km và 100.000Km Và Kèm Theo Nhiều Quà Tặng Hấp Dẫn  ------------------------- 🏠 𝐒𝐡𝐨𝐰𝐫𝐨𝐨𝐦: MAZDA BÌNH TRIỆU Flapship 🕹 Đ𝐢̣𝐚 𝐜𝐡𝐢̉: 127 QUỐC LỘ 13, HIỆP BÌNH, TP. HỒ CHÍ MINH",N/A,N/A,Thái Lan,Mới,Bảo hành hãng,2026,N/A,Tự động,Xăng,Sedan,5,N/A,N/A,N/A,N/A,N/A,N/A,N/A,N/A,N/A,N/A,car_p2_s6_1774726435,https://xe.chotot.com/mua-ban-oto-thanh-pho-thu-duc-tp-ho-chi-minh/130946773.htm
p2_s7_1774726445,MAZDA CX30 2022 PREMIUM MÀU ĐỎ,CX-30,635.0,MAZDA CX30 2022 PREMIUM MÀU ĐỎ THỐNG SỐ XE  • ODO : 9 VẠN  • ĐỘNG CƠ : 2.0 • Đề nổ . Cửa nóc . Phanh tay điện tử . Auto hold . Nhớ ghế . Cốp điện . Cảnh báo điểm mù . Điều hoà tự động .. Cruise Control . Chống trơn trượt . Màn hình cam lùi .   📞 𝐇𝐨𝐭𝐥𝐢𝐧𝐞 : *** — BONAUTO SAU BIG C LONG BIÊN   SỐ 8 VŨ ĐỨC THẬN - PHƯỜNG VIỆT HƯNG - LONG BIÊN - HÀ NỘI,90000,N/A,Thái Lan,Đã sử dụng,Bảo hành hãng,2022,Premium 2.0 AT,Tự động,Xăng,SUV / Cross over,Khác,N/A,N/A,N/A,N/A,N/A,N/A,N/A,N/A,> 1 tấn,> 2 tấn,car_p2_s7_1774726445,https://xe.chotot.com/mua-ban-oto-quan-long-bien-ha-noi/130590170.htm
p2_s8_1774726456,"Bán Mazda 3 cuối 2024, xe lướt,zin 100% giá rẻ",Mazda 3,530.0,"Mình đang cần bán một chiếc xe mazda 3 đời cuối 2024 số tự động. Xanh đậm phadil. Xe chính chủ cá nhân mua mới 1 đời chủ cam kết không đâm đụng, không va chạm sơn zin 100%. Xe được trang bị full option.đề nổ start/stop, thắng tay điện tử, Màn hình zin theo xe, cam hành trình đầy đủ. Cam lùi, cảm biến quanh xe. Dán kim cách nhiệt cao cấp của mỹ 5M, thảm lót sàn, thảm taplo đầy đủ. 4 lốp zin theo xe, lốp sơ cua chưa chạm đất. đảm bảo chưa hề va quẹt đâm đụng, ko thủy kích, máy zin 100%, full lịch sử bảo dưỡng trong hãng, bao check test thoải mái. xe chính chủ cá nhân đứng tên, cà vẹt cầm tay, mua xong ra công chứng liền trong 15p, hỗ trợ rút hồ sơ cho người thiện chí. Liên hệ ; coi xe gần siêu thị AOEN nhật bản quận tân phú",29998,Có,Việt Nam,Đã sử dụng,Bảo hành hãng,2024,N/A,Tự động,Xăng,Sedan,5,N/A,N/A,N/A,N/A,N/A,N/A,N/A,N/A,> 1 tấn,> 2 tấn,car_p2_s8_1774726456,https://xe.chotot.com/mua-ban-oto-quan-binh-tan-tp-ho-chi-minh/131005194.htm
p2_s9_1774726468,Mazda 3 Sport 2024 Luxury Xanh Cavansai,Mazda 3,625.0,"Cần bán mada 3 sport luxury 2024 Xe nguyên bản chưa đụng chạm , odo : 10.000km còn như mới , xe cam kết nguyên rin , không đâm đụng , ngập nước ( cam kết lỗi hoàn tiền 100% ) Anh chị e nào kết thì alo xem xe",10000,N/A,Nhật Bản,Đã sử dụng,Bảo hành hãng,2024,1.5L Sport Luxury,Tự động,Xăng,Hatchback,5,N/A,N/A,N/A,N/A,N/A,N/A,N/A,N/A,> 1 tấn,> 2 tấn,car_p2_s9_1774726468,https://xe.chotot.com/mua-ban-oto-quan-thanh-khe-da-nang/131372587.htm
p2_s10_1774726474,Mazda CX3 Premium 1.5 AT sản xuất 2021,CX-3,498.0,"Thông tin chi tiết :  - Xe đứng tên cá nhân sử dụng  - Odo 4 vạn km zin  - Trang bị rất nhiều option tính năng hiện đại trên xe - Bảo dưỡng định kì  - Nội ngoại thất tươi mới giữ gìn cẩn thận  - Cam kết : máy số keo chỉ nguyên bản , không đâm va , không ngập nước  - khuyến khích khách hàng check test bên thứ 3 , thợ thuyền để công tâm trước khi giao dịch  - Quý khách có nhu cầu mua xe vui lòng liên hệ gọi trực tiếp để xem xe và trao đổi cụ thể",40000,Có,Việt Nam,Đã sử dụng,Bảo hành hãng,2023,N/A,Tự động,Xăng,N/A,N/A,N/A,N/A,N/A,N/A,N/A,N/A,N/A,N/A,> 1 tấn,> 2 tấn,car_p2_s10_1774726474,https://xe.chotot.com/mua-ban-oto-quan-ha-dong-ha-noi/131405473.htm
p2_s11_1774726487,Mazda 3 2019 sedan - 74000 km,Mazda 3,420.0,Xe bao kiểm tran đâm đụng ngập nước không có gi để chê,74000,N/A,Việt Nam,Đã sử dụng,Bảo hành hãng,2019,1.5L Premium,Tự động,Xăng,Sedan,5,N/A,N/A,N/A,N/A,N/A,N/A,N/A,4,> 1 tấn,> 2 tấn,car_p2_s11_1774726487,https://xe.chotot.com/mua-ban-oto-quan-7-tp-ho-chi-minh/131484490.htm
p2_s12_1774726495,Mazda CX-3 2021 Premium Xám,CX-3,505.0,"Mazda CX-3 màu xám, sx: 2021 Bản Premium .  xe 5 chỗ, chạy 68776 km. Nguyên zin từng chi tiết  - Động cơ xăng, hộp số tự động.   - Thiết kế nhỏ gọn, linh hoạt di chuyển trong phố.   - Xe giữ gìn cẩn thận, nội thất sạch sẽ.",68776,N/A,Thái Lan,Đã sử dụng,Bảo hành hãng,2021,1.5 Premium,Tự động,Xăng,SUV / Cross over,Khác,N/A,N/A,N/A,N/A,N/A,N/A,N/A,N/A,> 1 tấn,> 2 tấn,car_p2_s12_1774726495,https://xe.chotot.com/mua-ban-oto-quan-kien-an-hai-phong/130379302.htm
p2_s13_1774726505,Mazda 3 2016 2.0 18 ich Trắng 123.030,Mazda 3,369.0,"Mazda 3 2.0 2016 bản đủ full bánh 18 inch  Odo: 123.030km  - Nội thất: bọc ghế da, màn có kết nối android auto. Camera de camera lề  - Nhớt máy + lọc: 7000km thay 1 lần (Motul 100% synthetic - DK đến 12/2027 Khung gầm máy móc như mới Xe ở hcm q6 biển sài gòn",123030,N/A,Đang cập nhật,Đã sử dụng,Bảo hành hãng,2016,N/A,Tự động,Xăng,N/A,5,N/A,N/A,N/A,N/A,N/A,N/A,N/A,N/A,> 1 tấn,> 2 tấn,car_p2_s13_1774726505,https://xe.chotot.com/mua-ban-oto-quan-11-tp-ho-chi-minh/131351993.htm
p2_s14_1774726518,Mazda CX 5 2024 Premium Exclusive 2.0 AT,Mazda Other,830.0,"Xe mình có ppf nội thất, 30mai, 3M , phủ gầm , cảm biến áp xuất lốp icar , android box vietmap , full lịch sử bảo dưỡng hãng ko qua gara Giá trên còn thương lượng",29000,Có,Việt Nam,Đã sử dụng,Bảo hành hãng,2024,Premium Exclusive 2.0 AT,Tự động,Xăng,SUV / Cross over,Khác,N/A,N/A,N/A,N/A,N/A,N/A,N/A,N/A,> 1 tấn,> 2 tấn,car_p2_s14_1774726518,https://xe.chotot.com/mua-ban-thi-xa-tan-uyen-binh-duong/131415490.htm
p2_s15_1774726524,Mazda BT50 2016 STĐ,BT-50,350.0,"Mazda BT50 2016, số tự động, nhập Thái. Xe đi ít bảo dưỡng đầy đủ, lên full phụ kiện. Không lỗi lầm gì, xe nguyên bản cả xe chưa qua sửa chữa. Bao check test thoải mái. Giá loanh quanh 300 Ai quan tâm liên hệ ⓪➑⑥➐④➒③⑦➑⑥",90000,Có,Thái Lan,Đã sử dụng,Bảo hành hãng,2016,2.2L 4x2 AT,Tự động,Dầu,Pick-up (bán tải),Khác,N/A,N/A,N/A,N/A,N/A,N/A,N/A,N/A,> 1 tấn,> 2 tấn,car_p2_s15_1774726524,https://xe.chotot.com/mua-ban-huyen-yen-thanh-nghe-an/131485895.htm
p2_s16_1774726533,Mazda 3 2019 1.5 AT Sedan - 45000 km,Mazda 3,440.0,"CẦN BÁN:MAZDA 3 1.5 AT 2019 full đồ chơi camera 360 cảm biến trước sau - Odo: 45.000km rin 100% ( Biển Đà Nẵng )  👉 Năm sản xuất: 2019 👉 Giá bán: 440 triệu   ⚡️Ngoại thất: Màu Đen  ⚡️ Nội thất: Ghế da ( nguyên rin ) 100% /-strong /-strong  ⚡️ Option theo xe  ——————lốp theo xe xi cua chưa hạ,cốp điện ⛔️⛔️ viết giấy cam kết 💯💯 📌 Máy móc nguyên bản 📌 Không thuỷ kích 📌 Không tai nạn  📌 Không lỗi phạt nguội 🔎🔎 Bao Test hãng hoặc gara khách 100% ‼️ ———————————————— ♥️♥️ ♥️♥️ ☎️ Hotline/ Zalo:  🌐 Địa chỉ:  15 mỹ an 7 P ngũ hành sơn TP Đà Nẵng",45000,Có,Việt Nam,Đã sử dụng,Bảo hành hãng,2019,1.5L Luxury,Tự động,Xăng,Sedan,5,N/A,N/A,N/A,N/A,N/A,N/A,N/A,4,> 1 tấn,> 2 tấn,car_p2_s16_1774726533,https://xe.chotot.com/mua-ban-quan-ngu-hanh-son-da-nang/130815161.htm
p2_s17_1774726546,Mazda 3 2023 Luxury Xám 44.000 km,Mazda 3,569.0,"MAZDA 3 LUXURY 2023, ODO CHUẨN 44.000KM, XE 1 CHỦ GIA ĐÌNH SỬ DỤNG  ✓ Xe cam kết không đâm đụng, không ngập nước, odo chuẩn 44.000km ✓ Màu xe: Xám ✓ Sản xuất: 2023 ✓ ODO chuẩn: 44.000 km ✓ Pháp lý: Xe 1 CHỦ MUA MỚI TỪ ĐẦU, gia đình sử dụng.",44000,Có,Việt Nam,Đã sử dụng,Bảo hành hãng,2023,N/A,Tự động,Xăng,Sedan,5,N/A,N/A,N/A,N/A,N/A,N/A,N/A,N/A,> 1 tấn,> 2 tấn,car_p2_s17_1774726546,https://xe.chotot.com/mua-ban-thanh-pho-bien-hoa-dong-nai/131231241.htm
p2_s18_1774726557,🛑Mazda 6 Premium 2.0 xe 1 đời chủ,Mazda 6,485.0,"Mazda 6 Premium 2019, bản 2.0 Full option, xe hạng D - Xe 1 chủ từ đầu, 130k full lịch sử hãng (cái này quan trọng, đảm bảo xe vẫn tốt bền) bao test toàn quốc. Xe của diễn viên quê Bến Tre nên đi diễn nhiều nơi nê cây số cao, nhưng bão dưỡng đều nên xe rất đẹp máy rất êm. - Không đâm đụng, ko ngập nước, máy số nguyên zin, có va quẹt nhẹ sơn tút theo thời gian sử dụng - Mâm 19inch, cửa sổ trời, cruise control, lẩy số tay, 2 vùng lạnh auto, gạt mưa auto, đèn auto...Hub kính báo tốc độ, phanh tay điện tử, cân bằng điện tử, cảnh báo lệch làn đường, cảnh báo va chạm trên gương, I-stop, tiết kiệm xăng nhất trong phân khúc D... - Đăng kiểm 5/2027, 4 vỏ lốp mới tinh  - Xem xe nhà mình Q12 - Có thương lượng giá cho ai mua nhanh lẹ #mazda6 #banmazda6",130000,Có,Đang cập nhật,Đã sử dụng,Bảo hành hãng,2019,Premium 2.0 AT,Tự động,Xăng,Sedan,Khác,N/A,N/A,N/A,N/A,N/A,N/A,N/A,N/A,> 1 tấn,> 2 tấn,car_p2_s18_1774726557,https://xe.chotot.com/mua-ban-quan-12-tp-ho-chi-minh/131330744.htm
p2_s19_1774726570,Mazda 6 2017 2.0 101.000 km Trắng,Mazda 6,43.0,"Cần bán Mazda 6 2.0 đời 2017 chính chủ. - ODO 101.000km. - Máy zin (từng hạ máy để sơn đổi màu) - Màu trắng đẹp (có đổi màu) - Nội thất tươi - Xe từng va chạm phần đuôi, cánh trái (không ảnh hưởng) - Xe đủ giấy tờ lịch sử bảo dưỡng hãng và phụ tùng thay thế - Xe cá nhân chính chủ, bán đổi xe điện.",101000,Có,Đang cập nhật,Đã sử dụng,Bảo hành hãng,2017,N/A,Tự động,Xăng,N/A,N/A,N/A,N/A,N/A,N/A,N/A,N/A,N/A,N/A,> 1 tấn,> 2 tấn,car_p2_s19_1774726570,https://xe.chotot.com/mua-ban-quan-cau-giay-ha-noi/131485255.htm
p2_s20_1774726582,Mazda CX-5 2018 2.5 AWD Xanh,CX-5,565.0,"Mazda CX-5 2.5 AWD 2018, xe đẹp, không lỗi, odo 84.000 km. Trang bị 4 lốp Michelin mới, mâm zin 2020, phuộc Tein, vô lăng D-Cut, trần sao, màn hình Bravigo. Xe cam kết không đâm đụng, không ngập nước, đầy đủ đồ zin theo xe.",84000,N/A,Đang cập nhật,Đã sử dụng,Bảo hành hãng,2018,2.5 AT AWD,Tự động,Xăng,SUV / Cross over,5,AWD,188 HP @5700 RPM,250Nm @3200 RPM,2.5,6.8,N/A,N/A,5,> 1 tấn,> 2 tấn,car_p2_s20_1774726582,https://xe.chotot.com/mua-ban-thanh-pho-buon-ma-thuot-dak-lak/131484480.htm
p2_s21_1774726589,Mazda 3 2004 Bạc,Mazda 3,155.0,"Mazda 3 đời 2004 màu bạc, một chủ từ đầu, xe giữ gìn cẩn thận.  - Xe không đâm đụng, không ngập nước, máy số êm ru.  - Điều hòa mát lạnh, nội thất sạch sẽ.  - Trang bị đầy đủ phụ kiện: ghế da, lót sàn, camera lùi, camera hành trình, màn hình DVD, 4 lốp mới, mâm đúc.  - Xe sẵn sàng lăn bánh.  Xem xe: 84 Phạm Hùng, Hoà Xuân, Đà Nẵng",100000,Có,Nhật Bản,Đã sử dụng,Bảo hành hãng,2004,1.6 AT,Tự động,Xăng,Sedan,5,N/A,N/A,N/A,N/A,N/A,N/A,N/A,4,> 1 tấn,> 2 tấn,car_p2_s21_1774726589,https://xe.chotot.com/mua-ban-quan-cam-le-da-nang/131300891.htm
p2_s22_1774726603,Mazda CX-8 2026 Luxury Trắng + GIảm tiền mặt,CX-8,929.0,"𝐍𝐄𝐖 𝐌𝐀𝐙𝐃𝐀 CX-8 - 2026 - ĐẦY ĐỦ CÁC PHIÊN BẢN CÓ SẴN ,NHIỀU MÀU TẠI SHOWROOM❤️ >>> SUV FULL SIZE 7 CHỖ GIÁ CHỈ 929 TRIỆU + COUPON DỊCH VỤ 10TR<<< 🚨 XE SẴN GIAO NGAY🚨 🎁 TRÀN NGẬP QUÀ VÀ ƯU ĐÃI LÊN ĐẾN 30 TRIỆU🎁 ✅ New Mazda CX-8 Luxury: 929,000,000 ✅ New Mazda CX-8 Premium: 989,000,000 ✅ New Mazda CX-8 Signature AWD: 1,099,000,000 🏠 Hỗ trợ xem xe, lái thử tại nhà + nhiều ưu đãi hấp dẫn 👉 Hỗ trợ vay đến 85% giá trị xe. 🆘 Nhận báo giá và tư vấn các dòng xe Mazda 🏡 𝐒𝐡𝐨𝐰𝐫𝐨𝐨𝐦: 𝐌𝐀𝐙𝐃𝐀 𝐁𝐈̀𝐍𝐇 𝐓𝐑𝐈𝐄̣̂𝐔 127 QL13, HIỆP BÌNH CHÁNH, TP THỦ ĐỨC",N/A,N/A,Việt Nam,Mới,Bảo hành hãng,2026,N/A,Tự động,Xăng,SUV / Cross over,7,N/A,N/A,N/A,N/A,N/A,N/A,N/A,N/A,N/A,N/A,car_p2_s22_1774726603,https://xe.chotot.com/mua-ban-thanh-pho-thu-duc-tp-ho-chi-minh/131005865.htm
p3_s0_1774726619,Mazda 2 2017 Luxury Xám xanh,Mazda 2,315.0,"Mazda 2 Luxury đời 2017 màu xám xanh, xe đẹp, máy móc nguyên bản.  - ODO: 80.000 km.  - Xe không đâm đụng, không ngập nước.  - Xe sẵn sàng lăn bánh.  - Xem xe tại 84 Phạm Hùng, Hoà Xuân, Đà Nẵng.",80000,Có,Việt Nam,Đã sử dụng,Bảo hành hãng,2017,1.5 AT Sedan,Tự động,Xăng,Hatchback,5,FWD,102 HP @6000 RPM,135 Nm @4000 RPM,1.5,5,1,155,5,> 1 tấn,> 2 tấn,car_p3_s0_1774726619,https://xe.chotot.com/mua-ban-oto-quan-cam-le-da-nang/131300837.htm
p3_s1_1774726633,Mazda 2 2024 Đỏ 33.000 km,Mazda 2,392.0,"Mazda 2 2024 Đỏ 33.000 km Xe lên 50 triệu đồ chơi, phụ kiện: Ghế da napa, lót sàn, bọc trần, Màn hình adroi, camera hành trình, camera 360...  Xem xe: 84 Phạm Hùng, Hoà Xuân, Đà Nẵng",33000,Có,Việt Nam,Đã sử dụng,Bảo hành hãng,2024,1.5 AT,Tự động,Xăng,Hatchback,Khác,N/A,N/A,N/A,N/A,N/A,N/A,N/A,N/A,> 1 tấn,> 2 tấn,car_p3_s1_1774726633,https://xe.chotot.com/mua-ban-oto-quan-cam-le-da-nang/131483462.htm
p3_s2_1774726644,Mazda 3 Hatchback 2017 chính chủ máy số zin,Mazda 3,399.0,"Mazda 3 Hachback đời 2017 chính chủ - Ghế da zin, 4 vỏ mới, mâm phay thể thao, màn hình androi, cam de, dán full fim3M cách nhiệt, vè che mưa, mang cá spots…. - Máy số keo chỉ zin không lỗi nhỏ. Odo chuẩn 72k bao test  Xem xe tại số 5 đường 35, phường Bình Thuận, quận 7",72000,N/A,Đang cập nhật,Đã sử dụng,Bảo hành hãng,2017,N/A,Tự động,Xăng,Hatchback,5,N/A,N/A,N/A,N/A,N/A,N/A,N/A,N/A,> 1 tấn,> 2 tấn,car_p3_s2_1774726644,https://xe.chotot.com/mua-ban-oto-quan-7-tp-ho-chi-minh/131123517.htm
p3_s3_1774726656,Mazda Mazda3 2018 1.5 Luxury 34.000 km,Mazda 3,450.0,"Mazda3 1.5 Luxury đời cuối 2018, màu xanh đen, xe chính chủ. - ODO 34.000 km, xe còn mới. - Giá 450 triệu, bao rút hồ sơ.",34000,Có,Nhật Bản,Đã sử dụng,Bảo hành hãng,2018,1.5 AT Sedan,Tự động,Xăng,Sedan,5,FWD,112 HP @6000 RPM,144 Nm @4000 RPM,1.5,5,4,160,5,> 1 tấn,> 2 tấn,car_p3_s3_1774726656,https://xe.chotot.com/mua-ban-oto-huyen-trang-bom-dong-nai/131482982.htm
p3_s4_1774726662,Mazda BT 50 2018 Xám xanh 90000 km,Mazda Other,388.0,"🚗 Mazda BT 50 2018 AT 1 Cầu – MÁY DẦU, SỐ TỰ ĐỘNG – MẠNH MẼ   SX 2018 / DK 2019   ODO : 90 000 KM  ✨ Form dáng cứng cáp – đi phố hay công trình đều quá ổn ✨ Động cơ dầu bền bỉ  ✨ Số tự động lái nhẹ nhàng ✨ Gầm cao – đi đường xấu, đi xa cực kỳ yên tâm Xe trang bị đầy đủ tiện nghi ✔️ Điều hòa mát sâu ✔️ Màn hinh giải trí ✔️ Nội thất da zin nguyên bản   💰 Giá 388 Tr 000  📞 Liên hệ: *** (Cường)  📍Xem xe : TDM, Bình Dương",90000,Có,Nhật Bản,Đã sử dụng,Bảo hành hãng,2018,N/A,Tự động,Dầu,Pick-up (bán tải),5,N/A,N/A,N/A,N/A,N/A,N/A,N/A,N/A,> 1 tấn,> 2 tấn,car_p3_s4_1774726662,https://xe.chotot.com/mua-ban-oto-thanh-pho-thuan-an-binh-duong/131458996.htm
p3_s5_1774726675,Hà Nội bán Mazda BT-50 2019 Premium 4x4 Trắng,BT-50,560.0,"- Bản Premium 4x4 (Phiên bản cao cấp nhất dòng BT-50 2019) - Chịu ngập lội 80 cm, điều khiển gương, ghế lái tự động - Đăng ký lần đầu: tháng 8/2023 – Xe chạy 5 vạn - Trang bị thêm: Màn hình Camera 360 OledPro + Độ loa nghe nhạc, Đèn bi Led, - Bảo dưỡng, bảo trì 100% trong Gara Mazda - Cam kết chưa dính ngập nước, không đâm đụng - Nội thất mới, Xe chỉ phục vụ đi lại cho gia đình nên gia đình rất giữ gìn ---------------- Giá: 5xx  Các bác có thiện mua chí vui lòng inbox mình nhé. Nếu bác nào có nhu cầu mình có đủ giấy nộp thuế trước bạ khi đăng ký lần đầu (để yên tâm về thời gian bắt đầu lăn bánh của xe), hóa đơn các lần bảo trì, bảo dưỡng nhé",50000,Có,Thái Lan,Đã sử dụng,Bảo hành hãng,2019,N/A,Tự động,Dầu,Pick-up (bán tải),5,N/A,N/A,N/A,N/A,N/A,N/A,N/A,N/A,> 1 tấn,> 2 tấn,car_p3_s5_1774726675,https://xe.chotot.com/mua-ban-oto-huyen-hoai-duc-ha-noi/131377909.htm
p3_s6_1774726687,Mazda CX5 2024 Trắng 12246 km,CX-5,780.0,Thì trường đang chậm nhưng mà mới quá lại phải mua  Mazda cx5 2024 pre  Xuất hóa đơn 600 triệu  7xx triệu,12246,N/A,Đang cập nhật,Đã sử dụng,Bảo hành hãng,2024,N/A,Tự động,Xăng,N/A,N/A,N/A,N/A,N/A,N/A,N/A,N/A,N/A,N/A,> 1 tấn,> 2 tấn,car_p3_s6_1774726687,https://xe.chotot.com/mua-ban-oto-thanh-pho-thu-duc-tp-ho-chi-minh/131463671.htm
p3_s7_1774726699,"Mazda 3 2015, 1.5 AT Sedan - 9 km",Mazda 3,345.0,-E Bán m3 2015 xe đẹp zin - xe về sẵn đi thôi - mời các bác qua chạy thủ xe và Chek ở đây tuỳ thích!,9,N/A,Việt Nam,Đã sử dụng,Bảo hành hãng,2015,N/A,Tự động,Xăng,N/A,N/A,N/A,N/A,N/A,N/A,N/A,N/A,N/A,N/A,> 1 tấn,> 2 tấn,car_p3_s7_1774726699,https://xe.chotot.com/mua-ban-oto-quan-nam-tu-liem-ha-noi/124272500.htm
p3_s8_1774726709,Mazda 3 2016 1.5 gd 1 chủ cực zin đẹp rẻ sẵn dùng,Mazda 3,328.0,"Mazda 3 2016 1.5 full chức năng xe xịn , 1 chủ mua từ mới Dòng xe 5 chỗ siêu sang giành cho mọi lứa tuổi  Xe chuẩn 1 chủ Cam kết chất lượng bao tet các kiểu, keo chỉ zin không đâm đụng không ngập nước , máy số zin gầm chạy êm ru như xe mới ko tiếng động Có trao đổi xe các loại, dẫn thợ tet xe thỏa mái Xem xe thương lượng thỏa mái, ko trả giá qua dt, miễn nhắn tin.  Mua xe thì alo trực tiếp Giá rẻ nhất thị trường",123,N/A,Việt Nam,Đã sử dụng,Bảo hành hãng,2016,1.5 AT Sedan,Tự động,Xăng,Sedan,5,FWD,112 HP @6000 RPM,144 Nm @4000 RPM,1.5,5,2,160,4,> 1 tấn,> 2 tấn,car_p3_s8_1774726709,https://xe.chotot.com/mua-ban-oto-thanh-pho-thuan-an-binh-duong/125698665.htm
p3_s9_1774726719,Mazda CX 8 Luxury 2.5 AT Sx 5/2025 Odo 19.000 km,Mazda Other,926.0,"❤️ New Mazda CX-8 2.5 Luxury Sx 5/2025 Siêu Lướt ❤️    🔥Odo ~ 1️⃣9️⃣.0️⃣0️⃣0️⃣ km 🔥    ✅ Sơn zin 100% rất giá trị ✅  ————————  🚗 Màu xe : Machine Grey Metallic   ☘️ Phiên bản : Luxury ✅ Sản xuất 2025 phiên bản Facelift  ☘️ Đăng ký : 5/2025  ❤ Odo : 1️⃣9️⃣.0️⃣0️⃣0️⃣ KM   ❤️ *** 1 đời chủ mua mới đập thùng, đa số trùm mềm và chăm sóc giữ gìn.   ✌🏻 Xe được bảo quản, giữ gìn chăm sóc cẩn thận, nội thất sạch sẽ , cả 3 hàng ghế da căng đẹp như mới.   ☘Cam kết : Hoàn hảo, Zin từ A đến Z , Sẵn sàng check Hãng   ❤️ Bảo trì bảo dưỡng đúng lộ trình và định kỳ tại hãng Mazda  - Xe luôn đỗ trong nhà riêng , không 1 ngày phơi nắng phơi mưa.   ✅ Option đã lắp em tặng hết cho Khách mua xe   ⭐️ Đủ 2 chìa khoá , và 2 chìa cơ ⭐️ Phim cách nhiệt chính hãng  ⭐️ Phủ Ceramic loại cao cấp 2 lớp full xe  ✌🏻 Lót sàn cao cap full xe  ✌🏻 Phủ gầm bảo vệ xe, chống rỉ sét và ăn mòn.   ❤️ Bảo Hành chính hãng 5 Năm hoặc 150.000 km   📍📍 📍  Cam kết : tình trạng hoàn hảo như mới  Khuyến khích khách mời thợ xịn đến hỗ trợ xem hoặc mang xe vào hãng Check/Test , xe luôn sẵn sàng  Thank You",19000,Có,Việt Nam,Đã sử dụng,Bảo hành hãng,2025,Luxury 2.5 AT,Tự động,Xăng,SUV / Cross over,7,N/A,N/A,N/A,N/A,N/A,N/A,N/A,N/A,> 1 tấn,> 2 tấn,car_p3_s9_1774726719,https://xe.chotot.com/mua-ban-oto-quan-8-tp-ho-chi-minh/130912611.htm
p3_s10_1774726731,Mazda BT50 2022 Đỏ 50.000 km,BT-50,450.0,"Mazda BT50 màu đỏ, đăng ký 2022, odo 50.000 km , 5 vỏ còn theo xe ,xe đẹp k lỗi nhỏ  - Xe số sàn, vận hành mạnh mẽ, bền bỉ.  - Thiết kế bán tải khỏe khoắn, phù hợp nhiều mục đích sử dụng.  - Xe giữ gìn cẩn thận, sẵn sàng lăn bánh.",50000,N/A,Đang cập nhật,Đã sử dụng,Bảo hành hãng,2022,N/A,Số sàn,Dầu,Pick-up (bán tải),N/A,N/A,N/A,N/A,N/A,N/A,N/A,N/A,N/A,> 1 tấn,> 2 tấn,car_p3_s10_1774726731,https://xe.chotot.com/mua-ban-oto-quan-go-vap-tp-ho-chi-minh/131333386.htm
p3_s11_1774726743,Mazda BT50 2020 Trắng 65000 km,BT-50,480.0,"MADAZ BT50 MT4x4 - 2 cầu ( xe gia đình sử dụng kỹ, full bảo dưỡng hãng, rất hiếm có chiếc xe lành tính thứ 2 ) Năm sản xuất: 2019 đăng kí 2020 ( dòng xe cuối cùng Mazda hợp tác cùng Ford) - Odo: 65k km - Biển số: 1chủ HCM từ mới - Số sàn: 2 cầu - Xuất xứ: Nhập khẩu Thái Lan chính hãng - CAM KẾT CHẤT LƯỢNG: ✓ Máy zin – số zin – khung sườn Zin. Cam kết chưa làm than vỏ 1 tí gì luôn. ✓ Xe Full bảo dưỡng tại Mazda Gò Vấp xe bảo dưỡng 1 nơi *** từ ngày mua mới ( có thể vào hãng check thoải mái)  ✓ Keo chỉ nguyên bản, không mất 1 phân ✓ Không đâm đụng – không ngập nước – không thuỷ kích ✓ Bao check test hãng / bên thứ 3 (T3–T4) - Phát hiện lỗi chịu toàn bộ chi phí kiểm tra & đi lại - Giá mong muốn: 480tr - Trên hình ảnh là xe chưa rửa, nếu rủa đi là nhìn gần như xe mới. Mong muốn làm việc với khách thiện chí hiểu biết về xe, đang mong muốn mua 1 cái xe lành giá hợp lý về sử dụng. Không làm việc với khách thiếu thiện chí, khách muốn giá rẻ mà có xe tốt  Liên hệ: *** Mr Thăng",65000,Có,Thái Lan,Đã sử dụng,Bảo hành hãng,2019,N/A,Số sàn,Dầu,N/A,5,N/A,N/A,N/A,N/A,N/A,N/A,N/A,N/A,> 1 tấn,> 2 tấn,car_p3_s11_1774726743,https://xe.chotot.com/mua-ban-oto-quan-5-tp-ho-chi-minh/131441476.htm
p3_s12_1774726755,Mazda 3 Luxury 2023 Xanh đen,Mazda 3,590.0,"Chính chủ cần bán xe Mazda 3 Luxury màu xanh đen, xe 5 chỗ, thiết kế hiện đại, vận hành êm ái.   - Nội thất rộng rãi, tiện nghi.   - Xe 1 đời chủ giữ gìn cẩn thận, sẵn sàng sử dụng. - Xe tại HCM",30000,Có,Đang cập nhật,Đã sử dụng,Bảo hành hãng,2023,1.5L Luxury,Tự động,Xăng,Hatchback,Khác,N/A,N/A,N/A,N/A,N/A,N/A,N/A,N/A,> 1 tấn,> 2 tấn,car_p3_s12_1774726755,https://xe.chotot.com/mua-ban-oto-quan-binh-thanh-tp-ho-chi-minh/131463938.htm
p3_s13_1774726762,Mazda 3 Đỏ 5 chỗ 4 vạn,Mazda 3,449.0,"Mazda 3 màu đỏ, xe 5 chỗ, thiết kế thể thao, vận hành êm ái.   - Ngoại hình đẹp, nội thất tiện nghi.   - Xe giữ gìn cẩn thận, sẵn sàng sử dụng. xe siêu đẹp 4vạn Rin lốp sơ cua chưa hạ, máy rin không lỗi nhỏ",40000,N/A,Đang cập nhật,Đã sử dụng,Bảo hành hãng,2019,1.5L Sport Premium,Tự động,Xăng,N/A,5,N/A,N/A,N/A,N/A,N/A,N/A,N/A,N/A,> 1 tấn,> 2 tấn,car_p3_s13_1774726762,https://xe.chotot.com/mua-ban-oto-quan-cam-le-da-nang/130922843.htm
p3_s14_1774726773,Mazda 3 2025 Premium 11.000 km Trắng,Mazda 3,669.0,"01 Chiếc Xe Siêu Lướt & Siêu Keng, Không Khác Gì Hàng Đập Thùng Tiết Kiệm Gần Cả Trăm Triệu Đồng, Siêu Tiết Kiệm Nhiên Liệu 👇👇👇  #MAZDA 3 Phiên Bản Premium SX_2025 Odo 11.000 km không khác gì hàng đập thùng.  💰Giá yêu thương: 6xx Triệu  🌟🌟🌟🌟🌟🌟🌟🌟🌟🌟🌟🌟🌟  ❤️ Cam kết xe đạt tiêu chuẩn không đâm đụng, không ngập nước, máy & hộp số Zin nguyên bản.  ❤️ Hỗ trợ trả góp qua ngân hàng lên đến 70%, thủ tục đơn giản, nhanh gọn lẹ.  ❤️ Hỗ trợ dịch vụ bảo dưỡng, đăng kiểm xe theo định kỳ. ❤️ Hỗ trợ chế độ thu đổi hợp lí. ❤️ Hỗ trợ dịch vụ giao xe tận nhà, lễ bàn giao…   ☎️*** (𝐜𝐨𝐧𝐭𝐚𝐜𝐭/𝐳𝐚𝐥𝐨) #knluxury 𝐊𝐍 𝐋𝐮𝐱𝐮𝐫𝐲 : 620 Lê Văn Lương, P. Tân Phong Q7",11000,N/A,Đang cập nhật,Đã sử dụng,Bảo hành hãng,2025,N/A,Tự động,Xăng,N/A,N/A,N/A,N/A,N/A,N/A,N/A,N/A,N/A,N/A,> 1 tấn,> 2 tấn,car_p3_s14_1774726773,https://xe.chotot.com/mua-ban-oto-quan-7-tp-ho-chi-minh/131456026.htm
p3_s15_1774726784,Mazda CX-5 Deluxe 2026 + Giảm Tiền + BHVC,CX-5,704.0,"🍀 SỞ HỮU NGAY MAZDA CX-5 TRẢ TRƯỚC CHỈ 172 TRIỆU NHẬN XE 🍀 NEW MAZDA CX-5 CHỈ TỪ 709 TRIỆU + BẢO HIỂM VẬT CHẤT - “NGÔI VƯƠNG” C-SUV DẪN ĐẦU DOANH SỐ  🎁 Nhận ngay ưu đãi lên đến 48 TRIỆU ĐỒNG khi sở hữu Mazda CX-5. 𝐌𝐀𝐙𝐃𝐀 𝐂𝐗-𝟓 có 5 phiên bản: - New Mazda CX-5 Deluxe: 709 triệu - New Mazda CX-5 Luxury: 754 triệu - New Mazda CX-5 Premium Active: 789 triệu - New Mazda CX-5 Premium Sport: 814 triệu - New Mazda CX-5 Premium Exclusive: 834 triệu --------------------------------- ** Thủ tục từ 5-7 ngày nhận xe ** Chính sách bảo hành 05 năm/ 150.000km. ** Bảo hành bảo dưỡng tất cả các đại lí trên toàn quốc. (*𝘎𝘪𝘢́ 𝘷𝘢̀ 𝘶̛𝘶 đ𝘢̃𝘪 𝘵𝘶̀𝘺 𝘥𝘰̀𝘯𝘨 𝘹𝘦, 𝘵𝘶̀𝘺 𝘵𝘩𝘰̛̀𝘪 đ𝘪𝘦̂̉𝘮) --------------------------------- ☎️ Hotline : Thùy Ly *** 🏠𝐒𝐡𝐨𝐰𝐫𝐨𝐨𝐦: 𝐌𝐀𝐙𝐃𝐀 𝐁Ì𝐍𝐇 𝐓𝐑𝐈Ệ𝐔  127 Quốc lộ 13, Khu phố 1, Phường Hiệp Bình, TP. Hồ Chí Minh. #CX5 #CX5_deluxe #CX5_premium",N/A,N/A,Nhật Bản,Mới,Bảo hành hãng,2026,N/A,Tự động,Xăng,SUV / Cross over,5,N/A,N/A,N/A,N/A,N/A,N/A,N/A,N/A,N/A,N/A,car_p3_s15_1774726784,https://xe.chotot.com/mua-ban-thanh-pho-thu-duc-tp-ho-chi-minh/131460583.htm
p3_s16_1774726792,Mazda CX5 2.0 Premium 2020. Xe đẹp 1 chủ,CX-5,630.0,"Cần bán Mazda CX5 2.0 Premium 2020 màu đỏ. Xe 1 chủ. Gia đình sử dụng được 80 ngàn km. Cam đoan xe không đâm đụng, không ngập nước. Động cơ và nội thất nguyên zin. Bản cao cấp với nhiều hệ thống hiện đại. Sunproof, ghế chỉnh điện nhớ vị trí, HUD, cruise control, cảm biến lệch làn, hệ thống loa Bose... chìa khoá Remote (đủ 2 chìa). Hỗ trợ trả góp qua ngân hàng.",80000,Có,Đang cập nhật,Đã sử dụng,Bảo hành hãng,2020,2.0 Premium,Tự động,Xăng,SUV / Cross over,Khác,N/A,N/A,N/A,N/A,N/A,N/A,N/A,N/A,> 1 tấn,> 2 tấn,car_p3_s16_1774726792,https://xe.chotot.com/mua-ban-quan-7-tp-ho-chi-minh/131455724.htm
p3_s17_1774726804,Mazda CX5 2018 2.5 Premium Đỏ,CX-5,580.0,"Cx5 2018, bản 2.5 Premium  Một chủ từ đầu, đi được 87.000km Xe đẹp, cam kết không đâm đụng, ko ngập nước",87000,N/A,Đang cập nhật,Đã sử dụng,Bảo hành hãng,2018,N/A,Tự động,Xăng,N/A,5,N/A,N/A,N/A,N/A,N/A,N/A,N/A,N/A,> 1 tấn,> 2 tấn,car_p3_s17_1774726804,https://xe.chotot.com/mua-ban-quan-binh-tan-tp-ho-chi-minh/131419586.htm
p4_s0_1774726824,Mazda CX-30 Xanh 5 chỗ,CX-30,625.0,"Mazda CX-30 Luxury 2023 Xe nhập khẩu Thái, cá nhân 1 chủ, full bảo dưỡng hãng",43000,N/A,Đang cập nhật,Đã sử dụng,Bảo hành hãng,2023,N/A,Tự động,Xăng,N/A,5,N/A,N/A,N/A,N/A,N/A,N/A,N/A,N/A,> 1 tấn,> 2 tấn,car_p4_s0_1774726824,https://xe.chotot.com/mua-ban-oto-quan-7-tp-ho-chi-minh/131479928.htm
p4_s1_1774726834,Mazda 3 2021 1.5 Deluxe Đỏ 74.000 km,Mazda 3,440.0,Mazda 3 1.5 Deluxe - Màu đỏ - Vin 2021 ( Đký 2022) -Odo : 74.000km Xe công ty thanh lý,74000,Có,Đang cập nhật,Đã sử dụng,Bảo hành hãng,2021,1.5L Deluxe,Tự động,Xăng,Sedan,Khác,N/A,N/A,N/A,N/A,N/A,N/A,N/A,N/A,> 1 tấn,> 2 tấn,car_p4_s1_1774726834,https://xe.chotot.com/mua-ban-oto-thanh-pho-bien-hoa-dong-nai/131439357.htm
p4_s2_1774726843,Cty thanh lý Mazda CX 8 2020 Premium - 49000 km,Mazda Other,745.0,"Chiếc SUV Mazda CX-8 đời 2020, màu trắng sang trọng đang tìm chủ nhân mới. Xe được bảo dưỡng kỹ càng và trong tình trạng hoạt động tốt.  ✨Thông tin chi tiết:  * 🚗 Thương hiệu: Mazda * 🎨 Màu sắc: Trắng * 🚘 Dòng xe: SUV / Cross over * ⛽ Nhiên liệu: Xăng * ⚙️ Hộp số: Tự động * 📅 Năm sản xuất: 2020 * 🛣️ Số km đã đi: 49.000 km * 💺 Số chỗ ngồi: 7 * 🔢 Phiên bản: prenium  Xe phù hợp cho gia đình hoặc những ai yêu thích dòng SUV rộng rãi, tiện nghi. Động cơ xăng mạnh mẽ kết hợp cùng hộp số tự động mang lại trải nghiệm lái êm ái và thoải mái trên mọi hành trình. Xe được trang bị đầy đủ các tính năng an toàn và tiện ích.",49000,N/A,Đang cập nhật,Đã sử dụng,Bảo hành hãng,2020,Premium FWD,Tự động,Xăng,SUV / Cross over,7,N/A,N/A,N/A,N/A,N/A,N/A,N/A,5,> 1 tấn,> 2 tấn,car_p4_s2_1774726843,https://xe.chotot.com/mua-ban-oto-huyen-hoc-mon-tp-ho-chi-minh/131410501.htm
p4_s3_1774726848,Mazda 3 2010 Tím,Mazda 3,232.0,"Mazda 3 nhâpi khẩu 2010 bản full cửa nóc , vô lăng tích hợp, khung gầm máy móc nguyên bản , nội thất ghế da rin theo xe , màu tím rất đẹp nhẹ nhàng cảm giác lái thể thao tiếp khách thiện chí",75000,N/A,Nước khác,Đã sử dụng,Bảo hành hãng,2010,N/A,Bán tự động,Xăng,Hatchback,5,N/A,N/A,N/A,N/A,N/A,N/A,N/A,N/A,> 1 tấn,> 2 tấn,car_p4_s3_1774726848,https://xe.chotot.com/mua-ban-oto-quan-cam-le-da-nang/130880293.htm
p4_s4_1774726859,Mazda CX5 2013 2.0 Đỏ 100000 km,CX-5,399.0,"🚘 Mazda CX5 2.0 Sx 2013 Đẹp Như Sony - Odo 10Vạn Chuẩn  - Xe Rin Ko Lỗi Máy Số Rin,  - Cửa Nẻo Keo Chỉ Rin  Giá 399 Triệu ( Bao Hồ Sơ ) ☎️ ***. ☎️ ***.",100000,N/A,Đang cập nhật,Đã sử dụng,Bảo hành hãng,2013,2.0 AT,Tự động,Xăng,SUV / Cross over,5,N/A,N/A,N/A,N/A,N/A,N/A,N/A,N/A,> 1 tấn,> 2 tấn,car_p4_s4_1774726859,https://xe.chotot.com/mua-ban-oto-quan-12-tp-ho-chi-minh/131478841.htm
p4_s5_1774726871,MAZDA 2 2015 – SỐ TỰ ĐỘNG – ODO 65.000 km,Mazda 2,299.0,"🚗 MAZDA 2 2015 – SỐ TỰ ĐỘNG – NHỎ GỌN, TIẾT KIỆM 🔹 Màu: Trắng 🔹 Odo: 65.000 km 💰 Giá bán: 299 triệu ✨ TÌNH TRẠNG XE: ✅ Xe gia đình sử dụng – giữ gìn kỹ ✅ Máy móc, hộp số nguyên bản – vận hành êm ái ✅ Không đâm đụng – không ngập nước ✅ Nội ngoại thất còn rất đẹp – sẵn chạy ngay 🛠 TRANG BỊ NỔI BẬT: • Động cơ xăng 1.5 tiết kiệm nhiên liệu • Hộp số tự động mượt mà • Nội thất sạch đẹp, ghế da/nỉ theo xe • Màn hình giải trí trung tâm • Điều hòa mát sâu • Phanh ABS – túi khí an toàn • Gương kính chỉnh điện – mâm đúc thể thao 🌟 ƯU ĐIỂM: ✔ Xe nhỏ gọn – cực kỳ dễ lái trong phố ✔ Tiết kiệm nhiên liệu – chi phí nuôi xe thấp ✔ Phù hợp gia đình nhỏ hoặc khách mua xe lần đầu 🎯 CAM KẾT: ✔ Không tai nạn ✔ Bao test hãng toàn quốc ✔ Hỗ trợ sang tên nhanh 📍 CHỢ XE Ô TÔ 362 🏢 362 Thống Nhất, P.16, Gò Vấp, TP.HCM",65000,Có,Đang cập nhật,Đã sử dụng,Bảo hành hãng,2015,N/A,Tự động,Xăng,N/A,5,N/A,N/A,N/A,N/A,N/A,N/A,N/A,N/A,> 1 tấn,> 2 tấn,car_p4_s5_1774726871,https://xe.chotot.com/mua-ban-oto-quan-go-vap-tp-ho-chi-minh/131173325.htm
p4_s6_1774726881,Mazda BT50 2018 ATH Đen,BT-50,400.0,"Mazda BT50 ATH màu đen, sản xuất 2018, đăng ký lần đầu 2019.   - Bản full ATH, ghế điện, số tự động, 1 cầu.   - Màn hình và camera zin theo xe.   - Cam kết không đâm đụng, ngập nước, máy móc keo chỉ khung gầm zin 100%.   - Xe ở Đà Nẵng.   - Giá 400 triệu.",130000,Có,Thái Lan,Đã sử dụng,Bảo hành hãng,2018,2.2L 4x2 ATH,Tự động,Dầu,Pick-up (bán tải),Khác,N/A,N/A,N/A,N/A,N/A,N/A,N/A,N/A,> 1 tấn,> 2 tấn,car_p4_s6_1774726881,https://xe.chotot.com/mua-ban-oto-quan-thanh-khe-da-nang/131366494.htm
p4_s7_1774726887,Mazda 6 2.0 Premium TCCC 2022 một chủ đi ít 29k,Mazda 6,679.0,"Mazda 6 bản 2.0 Premium TCCC 2022 một chủ mua mới từ đầu đi đúng 29 ngàn km 4 vỏ theo xe, sơ cua chưa hạ nguyên zin bao check toàn quốc option ngập tràn : loa Bose, Mâm lớn, ghế chỉnh điện, nhớ vị trí, làm mát ghế..v..v giá bán bao sang tên và còn thương lượng",29000,N/A,Việt Nam,Đã sử dụng,Bảo hành hãng,2022,Premium 2.0 AT,Tự động,Xăng,Sedan,Khác,N/A,N/A,N/A,N/A,N/A,N/A,N/A,N/A,> 1 tấn,> 2 tấn,car_p4_s7_1774726887,https://xe.chotot.com/mua-ban-oto-thanh-pho-thu-dau-mot-binh-duong/131478129.htm
p4_s8_1774726899,Mazda CX5 2022 Premium Trắng,CX-5,735.0,"Mazda Cx5 premium sx 2022 Màu trắng/nt đen Lăn bánh: 3 vạn ( full lịch sử hãng) Một chủ từ mới,5 lốp theo xe dày bịch,sơ cua chưa hạ * Cam Kết - khung giằng,động cơ,hộp số nguyên bản - k đâm đụng ảnh hưởng kết cấu khung gầm,sắt xi,cột kèo - keo chỉ,kilomet nguyên zin - k ngập nước,thuỷ kích - pháp lý chính chủ Xin vui lòng liên hệ trực tiếp. Trân trọng cảm ơn!",30000,N/A,Việt Nam,Đã sử dụng,Bảo hành hãng,2022,N/A,Tự động,Xăng,N/A,5,N/A,N/A,N/A,N/A,N/A,N/A,N/A,N/A,> 1 tấn,> 2 tấn,car_p4_s8_1774726899,https://xe.chotot.com/mua-ban-oto-quan-le-chan-hai-phong/131339496.htm
p4_s9_1774726906,Mazda 2 2011 Trắng,Mazda 2,176.0,"madaz2-2011 at xe máy số còn zin, độ màn cam 360 sẵn đi cho anh em. Xem xe tại Tân Xuân Hà Nội zalo ***. Hân hạnh phục vụ quý khách",15000,N/A,Đang cập nhật,Đã sử dụng,Bảo hành hãng,2011,N/A,Tự động,Xăng,N/A,N/A,N/A,N/A,N/A,N/A,N/A,N/A,N/A,N/A,> 1 tấn,> 2 tấn,car_p4_s9_1774726906,https://xe.chotot.com/mua-ban-oto-quan-bac-tu-liem-ha-noi/130900324.htm
p4_s10_1774726917,CẦN BÁN CX5 2.0AT SX 2022 MODEL 2023 1 CHỦ,CX-5,675.0,🌾 tầm tiền hơn 600tr quá hợp lý cho mẫu xe bán chạy nhất thị trường việt nam. trẻ trung gầm cao.   🚘 MAZDA CX5 2.0AT SX 2022 model 2023 lăn bánh tí km màu trắng mẹ mắng cũng mua. xe 1 chủ mua từ mới.   👉 cam kết sâu về chất lượng sơn zin 98%hỗ trợ ngân hàng đến 70% giá trị xe  👉 lh em phát giá tốt 📞 ***,58000,Có,Việt Nam,Đã sử dụng,Bảo hành hãng,2022,2.0 Deluxe,Tự động,Xăng,SUV / Cross over,5,FWD,154 HP @ 6000 RPM,200 Nm @ 4000 RPM,2,6.7,6,N/A,5,> 1 tấn,> 2 tấn,car_p4_s10_1774726917,https://xe.chotot.com/mua-ban-oto-quan-bac-tu-liem-ha-noi/131457608.htm
p4_s11_1774726929,Mazda 3 2020 1.5AT Biển SG Cọp 22.000km 1 Chủ,Mazda 3,479.0,"Em Cần Bán Mazda 3 2020 1.5AT Biển SG Cọp 22.000km 1 Chủ  ❎ 𝐂𝐚𝐦 𝐤𝐞̂́𝐭 𝐁𝐀̆̀𝐍𝐆 𝐕𝐀̆𝐍 𝐁𝐀̉𝐍 : 𝐱𝐞 𝐤𝐡𝐨̂𝐧𝐠 đ𝐚̂𝐦 đ𝐮̣𝐧𝐠, 𝐤𝐡𝐨̂𝐧𝐠 𝐧𝐠𝐚̣̂𝐩 𝐧𝐮̛𝐨̛́𝐜 ✅ 𝐆𝐢𝐚̂́𝐲 𝐭𝐨̛̀ 𝐧𝐠𝐮𝐨̂̀𝐧 𝐠𝐨̂́𝐜 𝐫𝐨̃ 𝐫𝐚̀𝐧𝐠, 𝐡𝐨̛̣𝐩 𝐥𝐞̣̂ ✅ 𝐁𝐚𝐨 𝐜𝐡𝐞𝐜𝐤 𝐡𝐚̃𝐧𝐠 𝐭𝐨𝐚̀𝐧 𝐪𝐮𝐨̂́𝐜 ✅ 𝐁𝐚̉𝐨 𝐡𝐚̀𝐧𝐡 𝟏 𝐧𝐚̆𝐦 𝐡𝐨𝐚̣̆𝐜 𝟏𝟎.𝟎𝟎𝟎𝐤𝐦 ✅ 𝐇𝐨̂̃ 𝐭𝐫𝐨̛̣ 𝐯𝐚̣̂𝐧 𝐜𝐡𝐮𝐲𝐞̂̉𝐧 𝐭𝐚̣̂𝐧 𝐧𝐡𝐚̀ ✅ 𝐇𝐨̂̉ 𝐭𝐫𝐨̛̣ 𝐁𝐚𝐧𝐤 𝐡𝐨𝐚̣̆𝐜 𝐆𝐨́𝐩 𝐭𝐚̣𝐢 𝐜𝐮̛̉𝐚 𝐡𝐚̀𝐧𝐠 ✅ 𝐓𝐡𝐮̉ 𝐭𝐮̣𝐜 𝐧𝐡𝐚𝐧𝐡 𝐠𝐨̣𝐧, 𝐧𝐡𝐚̣̂𝐧 𝐱𝐞 𝐭𝐮̛́𝐜 𝐭𝐡𝐢̀",22000,Có,Việt Nam,Đã sử dụng,Bảo hành hãng,2020,1.5L Deluxe,Tự động,Xăng,Sedan,5,N/A,N/A,N/A,N/A,N/A,N/A,N/A,4,> 1 tấn,> 2 tấn,car_p4_s11_1774726929,https://xe.chotot.com/mua-ban-oto-thanh-pho-di-an-binh-duong/131146159.htm
p4_s12_1774726940,Mazda 3 FL 1.5 Hatchback 2017,Mazda 3,365.0,Mazda 3 FL 1.5 Hatchback đời cuối 2017 xe gia đình sử dụng kỷ còn rất mới cá nhân đứng tên ngay chủ bán xem xe tại sài gòn,139000,N/A,Việt Nam,Đã sử dụng,Bảo hành hãng,2017,1.5 AT Sedan,Tự động,Xăng,Sedan,5,FWD,112 HP @6000 RPM,144 Nm @4000 RPM,1.5,5,2,160,4,> 1 tấn,> 2 tấn,car_p4_s12_1774726940,https://xe.chotot.com/mua-ban-oto-huyen-binh-chanh-tp-ho-chi-minh/131353883.htm
p4_s13_1774726953,🐅🐅🐅🚗🚗🚗 bán gấp CX5-2015 -1 chủ,CX-5,435.0,"🚗🚗🚗📢📢📢Bán gấp 1 xe CX5 -2015 -1 đời chủ màu vàng cát  Odo 79.000 đâm đụng zin từ thân vỏ đến máy móc Bản 2.0 cửa nóc- trang bị màn hình androi, cam lùi, để startop vv và vv Giá 435 xem xe thương lượng  Xem xe gần bến xe quận 8 Nhờ ad duyệt bài",79000,Có,Việt Nam,Đã sử dụng,Bảo hành hãng,2015,2.0 AT 2WD,Tự động,Xăng,SUV / Cross over,5,FWD,153 HP @6000 RPM,199 Nm @4000 RPM,2,N/A,2,215,5,> 1 tấn,> 2 tấn,car_p4_s13_1774726953,https://xe.chotot.com/mua-ban-oto-quan-8-tp-ho-chi-minh/130901401.htm
p4_s14_1774726966,Mazda CX-3 2022 Luxury Đỏ 4 vạn km,CX-3,505.0,Cx3 2022 luxury  odo 4 vạn km siêu đẹp  xe rất đẹp. k lỗi nhỏ  bao tes Check theo yêu cầu  nhà đang có 2 xe giống nhau  Quý khách được lựa chọn nhé,40000,N/A,Đang cập nhật,Đã sử dụng,Bảo hành hãng,2022,N/A,Tự động,Xăng,N/A,N/A,N/A,N/A,N/A,N/A,N/A,N/A,N/A,N/A,> 1 tấn,> 2 tấn,car_p4_s14_1774726966,https://xe.chotot.com/mua-ban-oto-quan-cau-giay-ha-noi/131189642.htm
p4_s15_1774726979,Mazda CX 5 2022 Premium 2.0 AT - 34000 km,Mazda Other,700.0,"Cần bán xe gia đình đang sử dụng. Xe rất ít đi, đi rất kỹ. Xe sơn zin 100% chưa dặm sơn. Lốp theo xe, sơ cua chưa hạ. Cam kết không đâm đụng ngập nước Check test hãng thoải mái. Xem xe tại nhà.",34000,N/A,Việt Nam,Đã sử dụng,Bảo hành hãng,2022,Premium 2.0 AT,Tự động,Xăng,SUV / Cross over,Khác,N/A,N/A,N/A,N/A,N/A,N/A,N/A,N/A,> 1 tấn,> 2 tấn,car_p4_s15_1774726979,https://xe.chotot.com/mua-ban-oto-quan-12-tp-ho-chi-minh/131434807.htm
p4_s16_1774726986,Mazda CX-5 2020 Luxury 70.000 km,CX-5,645.0,"Cx5 2020 luxury xe di 70k 4 vỏ theo xe  Bão dưỡnh full , không lỗi lầm",70000,N/A,Đang cập nhật,Đã sử dụng,Bảo hành hãng,2020,N/A,Tự động,Xăng,N/A,5,N/A,N/A,N/A,N/A,N/A,N/A,N/A,N/A,> 1 tấn,> 2 tấn,car_p4_s16_1774726986,https://xe.chotot.com/mua-ban-oto-thanh-pho-thu-duc-tp-ho-chi-minh/131475088.htm
p4_s17_1774726996,Mazda CX30 premium 2022,CX-30,630.0,"Mới về Mazda CX30 premium sản xuất 2022 nhập khẩu Thái Lan, full lịch sử hãng một chủ từ mới, chạy 7 vạn km hơn đẹp hết nước chấm Chất xe mới tinh nội thất cực mới không 1 lỗi nhỏ, xe mới tinh lăn bánh 850 Triệu giờ em bán chỉ 635 triệu",70000,N/A,Đang cập nhật,Đã sử dụng,Bảo hành hãng,2022,N/A,Tự động,Xăng,N/A,N/A,N/A,N/A,N/A,N/A,N/A,N/A,N/A,N/A,> 1 tấn,> 2 tấn,car_p4_s17_1774726996,https://xe.chotot.com/mua-ban-quan-cau-giay-ha-noi/130741489.htm
p4_s18_1774727008,Mazda 3 2014 S 1.6 AT - 162000 km,Mazda 3,288.0,"Chiếc Mazda 3, sản xuất năm 2014, màu trắng, là một lựa chọn tuyệt vời cho những ai tìm kiếm một chiếc sedan phong cách và đáng tin cậy. Xe có những đặc điểm nổi bật sau:  * máy số keo chỉ zin theo xe  * 🚗 Kiểu dáng Sedan thanh lịch, phù hợp cho cả gia đình và công việc. * ⚙️ Hộp số tự động giúp lái xe dễ dàng và thoải mái, đặc biệt trong điều kiện giao thông đô thị. * ⛽ Sử dụng nhiên liệu xăng, tiết kiệm chi phí vận hành. * 🇻🇳 Xuất xứ từ Việt Nam, đảm bảo chất lượng và phụ tùng thay thế dễ dàng. * 📅 Sản xuất năm 2014, đã đi được 162.000 km. * 💺 Số chỗ ngồi: 2. * 🚘 Phiên bản: 651560. * 💯 Xe được bảo dưỡng định kỳ, hoạt động ổn định. * 🌟 Màu trắng sang trọng, dễ dàng bảo quản và giữ gìn. * 👍 Mazda 3 nổi tiếng với khả năng vận hành êm ái, tiết kiệm nhiên liệu và độ bền cao. * ✨ Ngoại thất xe còn khá mới, ít trầy xước. * 🛡️ Nội thất được giữ gìn cẩn thận, sạch sẽ. * 🎶 Hệ thống giải trí đầy đủ, đáp ứng nhu cầu thư giãn trên những chuyến đi. * ✔️ Xe có đầy đủ giấy tờ, thủ tục sang tên nhanh chóng. * 🛣️ Odometer: 162000 km.",162000,N/A,Việt Nam,Đã sử dụng,Bảo hành hãng,2014,S 1.6 AT,Tự động,Xăng,Sedan,5,N/A,N/A,N/A,N/A,N/A,N/A,N/A,N/A,> 1 tấn,> 2 tấn,car_p4_s18_1774727008,https://xe.chotot.com/mua-ban-quan-cam-le-da-nang/131474994.htm
p5_s0_1774727029,Mazda CX30 2022 Đỏ,CX-30,605.0,"MAZDA CX30 ĐỜI 2022 BẢN LUXURY AT MÀU ĐỎ SOUL ODO : 20.000km ------------- 1. Trang bị đầy đủ tiện nghi hiện đại với màn hình giải trí trung tâm hỗ trợ Apple CarPlay/Android Auto, kết nối đa phương tiện thuận tiện, cùng hệ thống âm thanh chất lượng cao mang lại trải nghiệm giải trí sống động.  2. Xe sử dụng điều hòa tự động, nội thất ghế da cao cấp, ghế lái chỉnh điện linh hoạt, đi kèm chìa khóa thông minh và nút bấm khởi động tiện lợi. Ngoài ra, mẫu xe còn có phanh tay điện tử tích hợp Auto Hold và bộ mâm hợp kim thể thao tăng tính thẩm mỹ và vận hành ổn định. 3. Về an toàn, xe được trang bị camera lùi và cảm biến hỗ trợ đỗ xe giúp quan sát dễ dàng trong không gian hẹp. Các hệ thống an toàn chủ động như cân bằng điện tử, kiểm soát lực kéo và hỗ trợ khởi hành ngang dốc giúp xe vận hành ổn định trong nhiều điều kiện khác nhau. Bên cạnh đó, hệ thống túi khí an toàn mang lại sự yên tâm tối đa cho người lái và hành khách trên mọi hành trình. ----- Liên hệ xem xe trực tiếp – hỗ trợ thủ tục sang tên nhanh gọn.",20000,N/A,Nhật Bản,Đã sử dụng,Bảo hành hãng,2022,Luxury 2.0 AT,Tự động,Xăng,SUV / Cross over,Khác,N/A,N/A,N/A,N/A,N/A,N/A,N/A,N/A,> 1 tấn,> 2 tấn,car_p5_s0_1774727029,https://xe.chotot.com/mua-ban-oto-thanh-pho-thu-duc-tp-ho-chi-minh/131474979.htm
p5_s1_1774727041,Mazda CX-5 Trắng 15000 km,CX-5,754.0,"Mazda CX-5 màu trắng, xe chạy 15000 km.   - Thiết kế hiện đại, nội thất rộng rãi.   - Vận hành êm ái, tiết kiệm nhiên liệu.   - Xe giữ gìn cẩn thận, sẵn sàng sử dụng.",15000,N/A,Đang cập nhật,Đã sử dụng,Bảo hành hãng,2024,Luxury 2.0 AT,Tự động,Xăng,SUV / Cross over,Khác,N/A,N/A,N/A,N/A,N/A,N/A,N/A,N/A,> 1 tấn,> 2 tấn,car_p5_s1_1774727041,https://xe.chotot.com/mua-ban-oto-thanh-pho-di-an-binh-duong/131474833.htm
p5_s2_1774727049,Mazda CX-5 2023 2.0 Premium Sport,CX-5,795.0,"New CX-5 2.0 Premium Sport 2023  💫Đăng kí 1 chủ từ mới  💫Odo : hơn 2 vạn sai đốt xe  💫Full lịch sử bảo dưỡng hãng 💫Trang bị : Lazang 19inch, đèn Led tự động bật tắt.Kính lái 2 lớp, chống tia cực tím.Ghế trước làm mát, sưởi. Cửa sổ trời.2 ghế trước chỉnh điện, Cốp điện rảnh tay.Màn hình 8inch, Apple Carplay ko dây.Camera 360, 10 loa Bose.Hệ thống cảnh báo điểm mù, cảnh báo phương tiện cắt ngang, phanh thông minh, cảnh báo lệch làn, giữ làn…Ga tự động thông minh, camera lùi, cảm biến trước sau",20000,N/A,Đang cập nhật,Đã sử dụng,Bảo hành hãng,2023,N/A,Tự động,Xăng,N/A,N/A,N/A,N/A,N/A,N/A,N/A,N/A,N/A,N/A,> 1 tấn,> 2 tấn,car_p5_s2_1774727049,https://xe.chotot.com/mua-ban-oto-quan-cau-giay-ha-noi/131161731.htm
p5_s3_1774727061,Mazda 6 Luxury model 2020 Đỏ xe lên nhiều đồ chơi,Mazda 6,486.0,"Bán nhanh Mazda 6 Luxury model 2020 đỏ cực đẹp, lên nhiều đồ chơi Xe gia đình sử dụng, mua mới từ hãng, odo 78.000 Km, máy móc gầm bệ đi cực êm, ga đạp cực vọt, option nhớ ghế, chế độ lái sport, vô lăng tích hợp đa chức năng, cửa sổ trời, điều hòa auto.... Đã lên thêm màn hình android sịn kết nối apple car play không dây, loa sub bánh sơ cua, cách âm, cách nhiệt..... Giá bán : 486 triệu",78000,Có,Việt Nam,Đã sử dụng,Bảo hành hãng,2020,Luxury 2.0 AT,Tự động,Xăng,Sedan,5,N/A,N/A,N/A,N/A,N/A,N/A,N/A,N/A,> 1 tấn,> 2 tấn,car_p5_s3_1774727061,https://xe.chotot.com/mua-ban-oto-quan-12-tp-ho-chi-minh/131347106.htm
p5_s4_1774727073,Mazda CX 5 2021 Deluxe 2.0 AT - 46000 km,Mazda Other,628.0,"Gia đình em cần bán xe cx5 đời 2021 xe mới như xe thùng chạy đúng 4 vạn , máy số sùn chỉ rin 100% . 4 vỏ rin theo xe còn mới vỏ sơ cua chưa chạm đất , xe trang bị màn hình xịn cam 360 Cammera để màn hình đầy đủ , xe em chính chủ ký mua bán huỷ quyền điều được , em bán bao ký rút hồ sơ gốc cho khach ở xa, có bớt lộc lá cho anh chị thiện chí đến xem xe mua nhanh vui vẻ nhiệt tình",46000,N/A,Việt Nam,Đã sử dụng,Bảo hành hãng,2021,Deluxe 2.0 AT,Tự động,Xăng,SUV / Cross over,Khác,N/A,N/A,N/A,N/A,N/A,N/A,N/A,N/A,> 1 tấn,> 2 tấn,car_p5_s4_1774727073,https://xe.chotot.com/mua-ban-oto-thanh-pho-thuan-an-binh-duong/131330142.htm
p5_s5_1774727084,Mazda 2 2014 1.5 AT - 67000 km,Mazda 2,239.0,"Xe ngay chủ bán, mua mới từ đầu, cần bán nguoi sử dụng",67000,N/A,Việt Nam,Đã sử dụng,Bảo hành hãng,2014,1.5 AT,Tự động,Xăng,Sedan,5,FWD,102 HP @6000 RPM,135 Nm @4000 RPM,1.5,5,1,155,5,> 1 tấn,> 2 tấn,car_p5_s5_1774727084,https://xe.chotot.com/mua-ban-oto-quan-binh-thanh-tp-ho-chi-minh/131474144.htm
p5_s6_1774727095,Mazda 3 Hatchback Premium 1.5 sx2019 ĐK 2020,Mazda 3,470.0,"-Mazda3 Hatchbaack phiên bản 1.5L Sport Premium sx 2019 đk 2020. -Xe đi được 37.000km. Full lịch sử bảo dưỡng hãng  - Xe chính chủ  - Cam kết không ngập nước , không đâm đụng , Không tua odo",37000,N/A,Đang cập nhật,Đã sử dụng,Bảo hành hãng,2019,1.5L Sport Premium,Bán tự động,Xăng,Hatchback,N/A,N/A,N/A,N/A,N/A,N/A,N/A,N/A,N/A,> 1 tấn,> 2 tấn,car_p5_s6_1774727095,https://xe.chotot.com/mua-ban-oto-thanh-pho-long-xuyen-an-giang/131469338.htm
p5_s7_1774727099,"Mazda CX5 2015 2.0L AWD Đen, xe chủ ít đi, bd full",CX-5,439.0,"🚗𝐌𝐚𝐳𝐝𝐚 𝐂𝐗𝟓 𝟐.𝟎𝐋 𝐀𝐖𝐃 𝟐𝟎𝟏𝟓 🎯 ✅Đ𝐨̣̂𝐧𝐠 𝐜𝐨̛: Xăng 2.0L, 155HP ✅𝐇𝐨̣̂𝐩 𝐬𝐨̂́: Số tự động ✅𝐌𝐚̀𝐮 𝐱𝐞: Đen - nội thất đen ✅𝐒𝐚̉𝐧 𝐱𝐮𝐚̂́𝐭: Việt Nam 👌𝐗𝐞 đ𝐮̛𝐨̛̣𝐜 𝐭𝐫𝐚𝐧𝐠 𝐛𝐢̣: Xe trang bị đề nút nhấn, cam 360, ga tự động, cam hành trình, đầu DVD Zestech thông minh, ghế da cao cấp, phim cách nhiệt cao cấp, báo áp suất lốp, bệ bước chân, đèn full led, cửa sổ trời... các công nghệ an toàn ABS, EBD, cân bằng xe, kiểm soát lực kéo, hỗ trợ khởi hành ngang dốc,...hàng đầu theo tiêu chuẩn an toàn quốc tế. 👌𝐓𝐢̀𝐧𝐡 𝐭𝐫𝐚̣𝐧𝐠 𝐱𝐞: Chủ xe nữ ít đi, động cơ hộp số zin mượt mà, ngoại thất và nội thất còn mới, mới thay 4 lốp mới đi Tết, 5 chỗ rộng rãi, siêu đầm chắc, chạy cực mạnh. Xe bảo hiểm mới mua, đăng kiểm đường bộ full đến 2027, khách mua về chỉ cần đổ xăng và chạy. 🤝𝐂𝐚𝐦 𝐤𝐞̂́𝐭 𝐤𝐡𝐨̂𝐧𝐠 𝐭𝐚𝐢 𝐧𝐚̣𝐧, 𝐧𝐠𝐚̣̂𝐩 𝐧𝐮̛𝐨̛́𝐜, 𝐭𝐮𝐚 đ𝐨̂̀𝐧𝐠 𝐡𝐨̂̀ 🤝Đ𝐨̣̂𝐧𝐠 𝐜𝐨̛, 𝐡𝐨̣̂𝐩 𝐬𝐨̂́ 𝐜𝐡𝐮̛𝐚 𝐛𝐮𝐧𝐠, 𝐛𝐚̉𝐨 𝐡𝐚̀𝐧𝐡 𝟓𝟎𝟎𝟎𝐤𝐦 𝐡𝐨𝐚̣̆𝐜 𝟔 𝐭𝐡𝐚́𝐧𝐠  🤝𝐁𝐚𝐨 𝐭𝐞𝐬𝐭 𝐡𝐚̃𝐧𝐠, 𝐠𝐢𝐚𝐨 𝐱𝐞 𝐭𝐨𝐚̀𝐧 𝐪𝐮𝐨̂́𝐜 💥💥💥𝐓𝐡𝐮 𝐦𝐮𝐚 đ𝐚 𝐝𝐚̣𝐧𝐠 𝐭𝐚̂́𝐭 𝐜𝐚̉ 𝐜𝐚́𝐜 𝐝𝐨̀𝐧𝐠 𝐱𝐞 𝐜𝐮̃ 𝐠𝐢𝐚́ 𝐜𝐚𝐨 !!!",86000,Có,Việt Nam,Đã sử dụng,Bảo hành hãng,2015,N/A,Tự động,Xăng,SUV / Cross over,5,N/A,N/A,N/A,N/A,N/A,N/A,N/A,N/A,> 1 tấn,> 2 tấn,car_p5_s7_1774727099,https://xe.chotot.com/mua-ban-oto-thanh-pho-thu-duc-tp-ho-chi-minh/131174017.htm
p5_s8_1774727110,MAZDA CX5 2.0 LUXURY 2023 XE GIA ĐÌNH ĐI SIÊU LƯỚT,CX-5,742.0,">> MAZDA CX5 2.0 LUXURY 2023 << 🚗 Năm sản xuất: 2023 - Màu: ĐEN - Biển: SG 🚗 ODO: 9.800 Km (ODO chuẩn không tua) 💰 𝗚𝗶𝗮́ 𝗖𝗼̂𝗻𝗴 𝗞𝗵𝗮𝗶 : 742 🌾 Hỗ trợ trả góp 70% - Thanh toán trước 250TR nhận xe (Thương lượng cho anh/em thiện chí luôn có giá 𝐔̛𝐮 Đ𝐚̃𝐢) ---------------------------------- 🏁 𝑯𝒐̂̃ 𝑻𝒓𝒐̛̣ 𝑳𝒂́𝒊 𝑻𝒉𝒖̛̉ 𝑻𝒂̣𝒊 𝑵𝒉𝒂̀ 𝑪𝒂̉𝒎 𝑵𝒉𝒂̣̂𝒏 𝑪𝒉𝒂̂́𝒕 𝑿𝒆 📲 𝐋𝐢𝐞̂𝐧 𝐡𝐞̣̂: (𝐌𝐫.𝐍𝐚𝐦)(𝐙𝐀𝐋𝐎) ---------------------------------- - Xe biển trắng GIA ĐÌNH, 1 chủ từ đầu mua mới - Nội thất xe còn mới - Chất xe đẹp - 4 Lốp zin theo xe, sơ cua chưa hạ  🎁 𝐏𝐡𝐮̣ 𝐊𝐢𝐞̣̂𝐧 𝐓𝐡𝐞𝐨 𝐗𝐞 - Phim cách nhiệt - Lót sàn  - Bọc vô lăng, thảm taplo - Camera hành trình  📋 𝑪𝒂𝒎 𝑲𝒆̂́𝒕 𝑪𝒉𝒂̂́𝒕 𝑿𝒆 𝑩𝒂̆̀𝒏𝒈 𝑽𝒂̆𝒏 𝑩𝒂̉𝒏 🏅 THÔNG TIN XE MINH BẠCH 🏅 BẢO HÀNH LÊN ĐẾN 6 THÁNG HOẶC 10.000 KM 🏅 CAM KẾT XE KHÔNG ĐÂM ĐỤNG NGẬP NƯỚC 🏅 5 NGÀY LÁI THẬT CAM KẾT HOÀN TIỀN",9800,Có,Việt Nam,Đã sử dụng,Bảo hành hãng,2023,Luxury 2.0 AT,Tự động,Xăng,SUV / Cross over,5,N/A,N/A,N/A,N/A,N/A,N/A,N/A,N/A,> 1 tấn,> 2 tấn,car_p5_s8_1774727110,https://xe.chotot.com/mua-ban-oto-quan-binh-thanh-tp-ho-chi-minh/129902413.htm
p5_s9_1774727122,BT50 2017 AT,BT-50,350.0,"👉 Madaz BT50 AT 2017 1 cầu 1 chủ sử dụng xe sẵn dùng, màn hình cam de đầy đủ… 👉 Xe nguyên rin nguyên bản, máy móc keo chỉ rin. 👉 Xe cam kết bằng văn bản ko cấn đụng, ko kích thuỷ😊😊 👉 Bảo hành máy 6 tháng hoặc theo số km 👉 Hỗ trợ bank hoặc vay tài chính ☺️ 👉 Hỗ trợ rút hồ sơ sang tên đổi biển  🏠 Xem xe trực tiếp tại cửa hàng:  🏡 ÔTÔ Ⓜ️INH 🅿️HÁT  🕹️ ĐỊA CHỈ ☝️ : 1️⃣2️⃣7️⃣ Phạm Văn Đồng - P.Tân Lập- Đaklak (Km5 QL26) 🕹️ ĐỊA CHỈ ✌️: 2️⃣2️⃣ Phạm Văn Đồng - P.Tân Lập- Đaklak (Km5 QL26)  📲📲Zalo: Minh Hạnh",80000,Có,Thái Lan,Đã sử dụng,Bảo hành hãng,2017,2.2L 4x2 AT,Tự động,Dầu,Pick-up (bán tải),5,N/A,N/A,N/A,N/A,N/A,N/A,N/A,N/A,> 1 tấn,> 2 tấn,car_p5_s9_1774727122,https://xe.chotot.com/mua-ban-oto-thanh-pho-buon-ma-thuot-dak-lak/130756018.htm
p5_s10_1774727136,Mazda CX 8 2020 Premium AWD - 59000 km 2 cầu full,Mazda 2,748.0,"🔥 Mazda CX8 Premium 2 Cầu – Bản Cao Nhất 🔥 Cần bán Mazda CX8 Premium AWD (2 cầu) – xe gia đình sử dụng kỹ, còn rất mới. ✅ Xe lướt 59.000 km ✅ Một chủ mua mới từ đầu ✅ Sơn zin 90% ✅ Máy số zin nguyên bản ✅ Nội thất còn mới tinh, giữ gìn kỹ ✅ Phiên bản Premium – bản cao nhất của dòng CX8 ✅ Trang bị 2 cầu AWD chạy cực đầm và an toàn 🔒 Cam kết xe không cấn đụng, không ngập nước 🔍 Bao check hãng hoặc test thoải mái cho anh em yên tâm 🤝 Còn thương lượng cho anh em thiện chí mua nhanh 🏦 Hỗ trợ vay ngân hàng nhanh gọn",59000,N/A,Việt Nam,Đã sử dụng,Bảo hành hãng,2020,Premium AWD,Tự động,Xăng,SUV / Cross over,7,N/A,N/A,N/A,N/A,N/A,N/A,N/A,5,> 1 tấn,> 2 tấn,car_p5_s10_1774727136,https://xe.chotot.com/mua-ban-oto-quan-12-tp-ho-chi-minh/131408765.htm
p5_s11_1774727148,Mazda 6 2.5AT 2014 - 70.000km xe đẹp,Mazda 6,375.0,"Mazda 6 2.5 AT 2014 Sản xuất 2014. Odo: 70.000km. Xe đẹp không lỗi. Bảo dưỡng đầy đủ. Xe không tai nạn, không ngập nước (cam kết văn bản Công Ty) Mua - Bán - Trao Đổi Ô Tô Đã Qua Sử Dụng.",70000,N/A,Đang cập nhật,Đã sử dụng,Bảo hành hãng,2014,2.5 AT,Tự động,Xăng,Sedan,5,FWD,185 Hp @5700 RPM,250 Nm @3250 RPM,2.5,N/A,2,165,4,> 1 tấn,> 2 tấn,car_p5_s11_1774727148,https://xe.chotot.com/mua-ban-oto-quan-binh-tan-tp-ho-chi-minh/131395653.htm
p5_s12_1774727159,"Bán hoặc đổi 7 chỗ Mazda 3 2016 Vàng 111,267km",Mazda 3,349.0,"Bán hoặc giao lưu 7 chỗ Mazda 3 216 lăn bánh 2017 hatchback màu vàng cát, xe 5 chỗ, động cơ xăng, hộp số tự động.  - Xe sản xuất tại Việt Nam.   - Thiết kế hiện đại, nội thất tiện nghi.   - Vận hành êm ái, tiết kiệm nhiên liệu. - 111.267km chuẩn full lịch sử thaco check thoải mái - Zin không mất phân chỉ nào - Máy móc nguyên zin - Không đâm đụng, ngập nước",110567,Có,Việt Nam,Đã sử dụng,Bảo hành hãng,2017,1.5 AT,Tự động,Xăng,Hatchback,Khác,N/A,N/A,N/A,N/A,N/A,N/A,N/A,N/A,> 1 tấn,> 2 tấn,car_p5_s12_1774727159,https://xe.chotot.com/mua-ban-oto-thanh-pho-thu-duc-tp-ho-chi-minh/130693047.htm
p5_s13_1774727171,Mazda CX 8 2026,Mazda Other,300.0,"🚗𝐌𝐚𝐳𝐝𝐚 𝐂𝐗𝟖 – đ𝐚̆̉𝐧𝐠 𝐜𝐚̂́𝐩, 𝐜𝐡𝐮𝐚̂̉𝐧 𝐦𝐮̛̣𝐜 𝐜𝐡𝐨 𝐠𝐢𝐚 đ𝐢̀𝐧𝐡 𝐡𝐢𝐞̣̂𝐧 đ𝐚̣𝐢🚗 Trả trước 300 triệu nhận xe  Hỗ trợ lái thử tận nhà  Hỗ trợ vay bank, biển số đẹp,  Xe đủ màu giao ngay *Chưa bao gồm chi phí lăn bánh* 🛋️ Nội thất bọc da cao cấp, không gian linh hoạt cho cả gia đình ⚙️ Động cơ SkyActiv mạnh mẽ – tiết kiệm nhiên liệu vượt trội ‼️ Hệ thống an toàn i-Activsense thông minh chủ động  #Mazda #MazdaCX8",N/A,N/A,Việt Nam,Mới,Bảo hành hãng,2025,Luxury 2.5 AT,Tự động,Xăng,SUV / Cross over,7,N/A,N/A,N/A,N/A,N/A,N/A,N/A,N/A,N/A,N/A,car_p5_s13_1774727171,https://xe.chotot.com/mua-ban-oto-quan-phu-nhuan-tp-ho-chi-minh/130245538.htm
p5_s14_1774727180,MAZDA 3 1.5 AT LUXURY 2023 XE GIA ĐÌNH LƯỚT 1 CHỦ,Mazda 3,589.0,">> MAZDA 3 1.5 AT LUXURY 2023 << 🚗 Năm sản xuất: 2023 - Màu: TRẮNG - Biển: TỈNH 🚗 ODO: 27.000 Km (ODO chuẩn không tua) 💰 𝗚𝗶𝗮́ 𝗖𝗼̂𝗻𝗴 𝗞𝗵𝗮𝗶 : 589 🌾 (Thương lượng cho anh/em thiện chí luôn có giá 𝐔̛𝐮 Đ𝐚̃𝐢) ---------------------------------- 🏁 𝑯𝒐̂̃ 𝑻𝒓𝒐̛̣ 𝑳𝒂́𝒊 𝑻𝒉𝒖̛̉ 𝑻𝒂̣𝒊 𝑵𝒉𝒂̀ 𝑪𝒂̉𝒎 𝑵𝒉𝒂̣̂𝒏 𝑪𝒉𝒂̂́𝒕 𝑿𝒆 📲 𝐋𝐢𝐞̂𝐧 𝐡𝐞̣̂: (𝐌𝐫.𝐍𝐚𝐦)(𝐙𝐀𝐋𝐎) ---------------------------------- - Xe biển trắng GIA ĐÌNH, 1 chủ từ đầu mua mới - Nội thất xe còn mới - Chất xe đẹp  🎁 𝐏𝐡𝐮̣ 𝐊𝐢𝐞̣̂𝐧 𝐓𝐡𝐞𝐨 𝐗𝐞 - Phim cách nhiệt - Lót sàn  📋 𝑪𝒂𝒎 𝑲𝒆̂́𝒕 𝑪𝒉𝒂̂́𝒕 𝑿𝒆 𝑩𝒂̆̀𝒏𝒈 𝑽𝒂̆𝒏 𝑩𝒂̉𝒏 🏅 THÔNG TIN XE MINH BẠCH 🏅 BẢO HÀNH LÊN ĐẾN 6 THÁNG HOẶC 10.000 KM 🏅 CAM KẾT XE KHÔNG ĐÂM ĐỤNG NGẬP NƯỚC 🏅 5 NGÀY LÁI THẬT CAM KẾT HOÀN TIỀN",27000,Có,Việt Nam,Đã sử dụng,Bảo hành hãng,2023,1.5L Luxury,Tự động,Xăng,Sedan,5,N/A,N/A,N/A,N/A,N/A,N/A,N/A,N/A,> 1 tấn,> 2 tấn,car_p5_s14_1774727180,https://xe.chotot.com/mua-ban-oto-quan-7-tp-ho-chi-minh/131155224.htm
p5_s15_1774727190,Gia đình bán xe hiệu Mazda CX-3 SX 2024,CX-3,489.0,"Gia đình sắp xuất cảnh cần bán xe đang sử dụng hiệu Mazda CX-3 SX 2024 full option, có chế độ Cruiser Control, auto light, chế độ iStop, số Sport, màn hình Navi, thắng điện tử... tình trạng mới 95%, xe trùm mền sơ-cua chưa xài đến, biển số Sài Gòn, chính chủ đứng tên xe bán. Ai có nhu cầu xin liên hệ xem xe tại chợ Gò Vấp . Thanks👍",40000,N/A,Nước khác,Đã sử dụng,Bảo hành hãng,2024,N/A,Tự động,Xăng,N/A,N/A,N/A,N/A,N/A,N/A,N/A,N/A,N/A,N/A,> 1 tấn,> 2 tấn,car_p5_s15_1774727190,https://xe.chotot.com/mua-ban-quan-go-vap-tp-ho-chi-minh/131415068.htm
p5_s16_1774727202,CHÍNH CHỦ THỨ NHẤT Mazda 3 Sedan 2016 45.000 km,Mazda 3,405.0,"KHÔNG TIẾP CÒ XE; SALE XE! Bán xe Mazda 3 sedan 1.5 sx 2016  Xe chính chủ, chủ đầu tiên Xe mới đi 45.000 km, bảo dưỡng đầy đủ. Xe nhà đi loanh quanh HCM. Xem xe tại quận Tân Phú TPHCM. Giá bán : 405 triệu.",45000,Có,Việt Nam,Đã sử dụng,Bảo hành hãng,2016,1.5 AT,Tự động,Xăng,N/A,N/A,N/A,N/A,N/A,N/A,N/A,N/A,N/A,N/A,> 1 tấn,> 2 tấn,car_p5_s16_1774727202,https://xe.chotot.com/mua-ban-quan-tan-phu-tp-ho-chi-minh/131179796.htm
p5_s17_1774727209,Mazda CX 5 2026 trả trước 200 triệu nhận xe,Mazda Other,200.0,Xe mới chính hàng 100%  Cam kết bán giá *** thị trường Có xe lái thử trải nghiệm  Hỗ trợ vay 85% giá trị xe  Tặng full phụ kiện theo xe chính hãng,N/A,N/A,Việt Nam,Mới,Bảo hành hãng,2026,N/A,Tự động,Xăng,SUV / Cross over,5,N/A,N/A,N/A,N/A,N/A,N/A,N/A,N/A,N/A,N/A,car_p5_s17_1774727209,https://xe.chotot.com/mua-ban-quan-phu-nhuan-tp-ho-chi-minh/131335314.htm
p6_s0_1774727229,Mazda 3 sedan 2022 Delux Odo 30000 một chủ,Mazda 3,498.0,"- Mazda 3 sedan 2022 bản AT Delux  - Odo 3v km , xe mới cứng nilong quanh xe  - Xe full lịch sử bảo dưỡng hãng , một chủ mua mới - Màu đỏ pha lê rất đẹp và thời trang - Không 1 lỗi nhỏ , số máy nguyên rin , ko ngập nước - Ngập tràn công nghệ , nội thất sạch đẹp  - Sơ cua chưa hạ , 2 khoá rin theo xe - Xem xe 48 Trần Bạch Đằng , TP Đà Nẵng ( cũ )  - Cảm ơn !!",30000,N/A,Việt Nam,Đã sử dụng,Bảo hành hãng,2022,1.5L Deluxe,Tự động,Xăng,Sedan,5,FWD,110 HP @ 6000 RPM,146 Nm @ 3500 RPM,1.5,7.59,7,N/A,4,> 1 tấn,> 2 tấn,car_p6_s0_1774727229,https://xe.chotot.com/mua-ban-oto-quan-ngu-hanh-son-da-nang/131079021.htm
p6_s1_1774727242,Mazda BT-50 2013 3.2 Tự động 2 cẩu đủ,BT-50,285.0,"🚙 BÁN MAZDA BT-50 3.2 TỰ ĐỘNG – 2 CẦU MẠNH MẼ  • Xe: Mazda BT-50 3.2 AT  • Dẫn động: 2 cầu (4x4)  • Hộp số: Tự động  • Máy dầu 3.2 mạnh mẽ, chạy khỏe, tiết kiệm  • Xe gia đình sử dụng kỹ, máy móc nguyên bản  • Nội thất sạch đẹp, hoạt động ổn định  • Phù hợp đi công trình, đi rừng, hoặc gia đình thích bán tải mạnh  📍 Xe xem tại: Đà Nẵng  💰 Giá: (285 triệu) – còn thương lượng  📞 Liên hệ: (số điện thoại của bạn)",170000,N/A,Đang cập nhật,Đã sử dụng,Bảo hành hãng,2013,3.2L 4x4 AT,Tự động,Dầu,N/A,N/A,N/A,N/A,N/A,N/A,N/A,N/A,N/A,N/A,> 1 tấn,> 2 tấn,car_p6_s1_1774727242,https://xe.chotot.com/mua-ban-oto-quan-lien-chieu-da-nang/130666636.htm
p6_s2_1774727253,Mazda CX30 2021 Xanh đen,CX-30,525.0,"Mazda Cx30 sản xuất 2021 nhập thái / 2 remote zin hub kính - mâm lốp - heo thắng - cam360 - 2 ghế điện - cốp điện - cảnh báo làn , cảnh báo vượt trên gương - sấy sưởi nhớ 2 vị trí ghế - cần số pha lê - đèn bi led - trần sao rơi - cảng gió thể thao. Toàn đồ xịn còn nhiều đồ chơi khác... máy số keo chỉ nguyên zin / không 1 lỗi nhỏ bao check test bất kì đơn vị thứ3",90000,Có,Thái Lan,Đã sử dụng,Bảo hành hãng,2021,2.0 Premium,Tự động,Xăng,Hatchback,5,N/A,N/A,N/A,N/A,N/A,N/A,N/A,N/A,> 1 tấn,> 2 tấn,car_p6_s2_1774727253,https://xe.chotot.com/mua-ban-oto-thanh-pho-buon-ma-thuot-dak-lak/131472354.htm
p6_s3_1774727265,MAZDA CX5 2.0 Premium Active 2024 lướt 7.000km,CX-5,828.0,"Mazda CX-5 Premium Active 2024 – Màu Trắng – Lướt 7.000 Km – Như xe mới. 📌 Xe gia đình sử dụng, odo chỉ 7.000 km – gần như xe mới tinh. 📌 Màu trắng sang trọng, ngoại thất bóng đẹp, nội thất giữ gìn kỹ, mùi xe còn rất mới.  🔰 Trang bị & Tính năng nổi bật (bản Premium Active): ✓ Động cơ 2.0L SkyActiv-G – vận hành êm ái, tiết kiệm nhiên liệu ✓ Hộp số tự động 6 cấp – sang số mượt mà ✓ Gói an toàn i-Activsense cao cấp:  • Cảnh báo điểm mù BSM  • Cảnh báo phương tiện cắt ngang RCTA  • Cảnh báo lệch làn LDWS  • Hỗ trợ phanh thông minh ✓ 6 túi khí an toàn ✓ Nội thất da cao cấp – ghế lái chỉnh điện, nhớ ghế ✓ Màn hình trung tâm lớn – Apple CarPlay / Android Auto ✓ Camera lùi + cảm biến trước/sau, CAMERA 360. ✓ Điều hòa tự động 2 vùng – cửa gió hàng ghế sau ✓ Phanh tay điện tử & Auto Hold ✓ Đèn LED trước/sau – tự động bật/tắt ✓ Mâm hợp kim 19 inch thể thao ✓ Chìa khóa thông minh – khởi động Start/Stop ✓ Sưởi ghế, làm mát ghế, 10 loa bose, Hud kính...  ⚙️ Cam kết chất lượng: ✔ Xe nguyên bản 100%, không tai nạn – không ngập nước ✔ Odo chuẩn – bao check hãng ✔ Máy móc, hộp số, khung gầm như xe mới ✔ Hồ sơ pháp lý đầy đủ – sang tên nhanh gọn  📞 Giá cực tốt: 828 triệu Liên hệ ngay để xem xe & lái thử – Mazda CX-5 Premium Active 2024 lướt siêu ít, form mới, option cao, mua là chạy ngay!",7000,Có,Việt Nam,Đã sử dụng,Bảo hành hãng,2024,N/A,Tự động,Xăng,SUV / Cross over,5,N/A,N/A,N/A,N/A,N/A,N/A,N/A,N/A,> 1 tấn,> 2 tấn,car_p6_s3_1774727265,https://xe.chotot.com/mua-ban-oto-thanh-pho-thu-duc-tp-ho-chi-minh/130417416.htm
p6_s4_1774727276,Mazda CX 8 2020 Premium - 75000 km,Mazda Other,745.0,"MAZDA CX8 2020 PREMIUM AWD – FULL OPTION – GIÁ CHỈ 745 TRIỆU 🚗 🔥 Dòng SUV 7 chỗ sang trọng – rộng rãi – vận hành êm ái, cực kỳ phù hợp cho gia đình & đi công việc! ✨ Thông tin chi tiết: 🚘 Mazda CX8 2020 Premium bản cao cấp nhất 🔄 Dẫn động 2 cầu AWD – chạy cực đầm, an toàn mọi cung đường ⛽ Động cơ mạnh mẽ, tiết kiệm nhiên liệu 👤 Xe gia đình sử dụng, giữ gìn kỹ ✨ Trang bị nổi bật: Nội thất da cao cấp, ghế chỉnh điện + nhớ ghế Cửa sổ trời, cốp điện thông minh Màn hình giải trí lớn, âm thanh chất lượng Camera 360, cảm biến trước sau Gói an toàn i-Activsense: cảnh báo điểm mù, giữ làn, phanh tự động… 💯 Cam kết: Không tai nạn – không ngập nước Máy móc, hộp số zin nguyên bản Bao test hãng hoặc gara thoải mái 💰 Giá bán: 745 triệu (còn thương lượng nhẹ) 🏦 Hỗ trợ trả góp ngân hàng nhanh gọn 📍 Xem xe trực tiếp – ưng là chốt ngay",75000,Có,Việt Nam,Đã sử dụng,Bảo hành hãng,2020,Premium,Tự động,Xăng,SUV / Cross over,7,N/A,N/A,N/A,N/A,N/A,N/A,N/A,5,> 1 tấn,> 2 tấn,car_p6_s4_1774727276,https://xe.chotot.com/mua-ban-oto-quan-12-tp-ho-chi-minh/131256560.htm
p6_s5_1774727287,Mazda CX-5 2.0 luxury,CX-5,610.0,"Mazda CX-5 2.0 luxury màu sonic silver, xe 5 chỗ, số tự động, chạy xăng.  - ODO 114.314 km.  - Thiết kế hiện đại, nội thất rộng rãi.  - Vận hành êm ái, tiết kiệm nhiên liệu.",110000,Có,Đang cập nhật,Đã sử dụng,Bảo hành hãng,2019,N/A,Tự động,Xăng,SUV / Cross over,5,N/A,N/A,N/A,N/A,N/A,N/A,N/A,N/A,> 1 tấn,> 2 tấn,car_p6_s5_1774727287,https://xe.chotot.com/mua-ban-oto-quan-son-tra-da-nang/131041758.htm
p6_s6_1774727294,Mazda 3 2023 1.5L Luxury 32000km Xanh,Mazda 3,520.0,Mazda 3 1.5L 2023 luxyry đăng ký lần đầu T11/2023 ODO 32000km biển tỉnh full bảo dưỡng định kỳ hãng Xe dùng cá nhân quãng đường sử dụng mỗi ngày ~35km ko tai nạn ko ngập nước Đã năng cấp đèn bản premium từ đầu đẹp hơn  Dán PPF chi tiết nhựa nội thất Dán kính 3M gói cao cấp Nâng cấp thêm nút mở cốp zin hãng Thêm loa trung tâm JBL Tặng kèm usb chuyển đổi carplay không dây Tặng thùng chứa đồ da cốp sau,32000,N/A,Đang cập nhật,Đã sử dụng,Bảo hành hãng,2023,1.5L Luxury,Tự động,Xăng,Hatchback,Khác,N/A,N/A,N/A,N/A,N/A,N/A,N/A,N/A,> 1 tấn,> 2 tấn,car_p6_s6_1774727294,https://xe.chotot.com/mua-ban-oto-huyen-hoai-duc-ha-noi/131417296.htm
p6_s7_1774727303,Mazda CX-5 2012 màu Đỏ,CX-5,379.0,"Mazda CX-5 màu đỏ, xe 5 chỗ, nội thất ghế da sang trọng.  - Sx 2012 nhập Nhật , xe nhập đi đại chất   - Động cơ xăng vận hành êm ái.   - Thiết kế thể thao, mạnh mẽ.   - Xe gầm cao, di chuyển linh hoạt.",90000,N/A,Nhật Bản,Đã sử dụng,Bảo hành hãng,2012,2.0 AT,Tự động,Xăng,SUV / Cross over,Khác,N/A,N/A,N/A,N/A,N/A,N/A,N/A,N/A,> 1 tấn,> 2 tấn,car_p6_s7_1774727303,https://xe.chotot.com/mua-ban-oto-quan-nam-tu-liem-ha-noi/130510599.htm
p6_s8_1774727316,Mazda 2 Trắng 5 chỗ Tự động,Mazda 2,318.0,Xe nhà mua mới 1 đời chủ ít sử dụng . Đồng Sơn máy nội thất nguyên thủy. ACE muốn đưa lên hãng kiểm tra thì ok . Coi xe ưng ý ngay,77123,N/A,Nhật Bản,Đã sử dụng,Bảo hành hãng,2017,1.5 Hatchback,Tự động,Xăng,Hatchback,5,FWD,109 HP @6000 RPM,141 Nm @4000 RPM,1.5,5,2,143,5,> 1 tấn,> 2 tấn,car_p6_s8_1774727316,https://xe.chotot.com/mua-ban-oto-quan-10-tp-ho-chi-minh/131429889.htm
p6_s9_1774727327,Mazda Mazda3 2015 Trắng,Mazda 3,345.0,Chính chủ tên e cần bán.  Mazda3 2015 Máy số zin. K đâm đụng ngập nước Phát hiện đâm đụng ngập nước tặng xe Xem xe tại Đông Anh. Hà Nội Giá có thương lượng cho ae thiện chí,130000,N/A,Việt Nam,Đã sử dụng,Bảo hành hãng,2015,1.5 AT Hatchback,Tự động,Xăng,Hatchback,5,FWD,112 HP @6000 RPM,144 Nm @4000 RPM,1.5,5,2,160,5,> 1 tấn,> 2 tấn,car_p6_s9_1774727327,https://xe.chotot.com/mua-ban-oto-huyen-dong-anh-ha-noi/131471608.htm
p6_s10_1774727338,Mazda CX 5 2022 Premium - 36000 km,Mazda Other,715.0,"Bán xe mazda cx5 sx 2022 bản premium cao cap nhat , xe 1 chủ từ mới odo 36000 km pull lịch sử hãng , xe đi dữ din cẩn thân còn như mới , cam kết nguyên bản , bao chech tet toàn quốc .",36000,N/A,Việt Nam,Đã sử dụng,Bảo hành hãng,2022,Premium,Tự động,Xăng,SUV / Cross over,5,FWD,154 HP (115 kW),200 Nm,2,N/A,6,N/A,5,> 1 tấn,> 2 tấn,car_p6_s10_1774727338,https://xe.chotot.com/mua-ban-oto-huyen-an-lao-hai-phong/131471607.htm
p6_s11_1774727350,Mazda CX-5 màu Trắng,CX-5,485.0,"Mazda CX-5 màu trắng, xe 5 chỗ, nội thất da sang trọng.   - Động cơ xăng, hộp số tự động.   - Thiết kế hiện đại, vận hành êm ái.   - Xe phù hợp cho gia đình. xe bảo dưỡng đúng định kỳ",58000,N/A,Đang cập nhật,Đã sử dụng,Bảo hành hãng,2017,N/A,Tự động,Xăng,N/A,5,N/A,N/A,N/A,N/A,N/A,N/A,N/A,N/A,> 1 tấn,> 2 tấn,car_p6_s11_1774727350,https://xe.chotot.com/mua-ban-oto-quan-binh-tan-tp-ho-chi-minh/130424682.htm
p6_s12_1774727361,Mazda 7 chỗ Xanh ngọc,Mazda Other,98.0,7 chỗ số tự động 1.8 tiết kiệm nhiên liệu.xe nhỏ gọn cho a/e đi gia đình. xe đã trang bị màn hình cam lùi cam hành trình đầy đủ. đồng sơn máy móc Nội thất còn đẹp như mới.xe mới bảo dưỡng đã đi chơi Tết hơn 1500km .xem xe tai nhà sau giờ hành chánh. bao ký giấy mua bán cho a/e luôn ạ.,170000,N/A,Đang cập nhật,Đã sử dụng,Bảo hành hãng,2004,N/A,Tự động,Xăng,N/A,7,N/A,N/A,N/A,N/A,N/A,N/A,N/A,N/A,> 1 tấn,> 2 tấn,car_p6_s12_1774727361,https://xe.chotot.com/mua-ban-oto-thanh-pho-bien-hoa-dong-nai/131470833.htm
p6_s13_1774727373,Mazda CX5 2016 Trắng,CX-5,455.0,mada cx5 sản xuất 2016 máy 2.0 xe 1 chủ mua mới từ đầu. xe rất đep máy zin. nôi thất zin gầm đep. mâm zin vỏ mới. xe khg lỗi,95000,N/A,Đang cập nhật,Đã sử dụng,Bảo hành hãng,2016,N/A,Tự động,Xăng,N/A,5,N/A,N/A,N/A,N/A,N/A,N/A,N/A,N/A,> 1 tấn,> 2 tấn,car_p6_s13_1774727373,https://xe.chotot.com/mua-ban-oto-thanh-pho-thu-duc-tp-ho-chi-minh/131202140.htm
p6_s14_1774727384,Mazda CX-30 2022 - 70000 km HÀNG NHẬP,CX-30,630.0,"NHẬP KHẨU CÓ ADAS NHÉ: Mazda CX30 premium sản xuất 2022 nhập khẩu Thái Lan, full lịch sử hãng một chủ từ mới, chạy 7 vạn km hơn đẹp hết nước chấm Chất xe mới tinh nội thất cực mới không 1 lỗi nhỏ, xe có adas phanh khoảng cách an toàn xe phía trước, căn chỉnh làn đường, cruicontrol..",70000,N/A,Thái Lan,Đã sử dụng,Bảo hành hãng,2022,N/A,Tự động,Xăng,N/A,N/A,N/A,N/A,N/A,N/A,N/A,N/A,N/A,N/A,> 1 tấn,> 2 tấn,car_p6_s14_1774727384,https://xe.chotot.com/mua-ban-oto-quan-cau-giay-ha-noi/131021218.htm
p6_s15_1774727396,Mazda BT 50 2017 2.2L 4x2 AT - 140000 km 1chủ,Mazda Other,380.0,"Mazda BT 50 2017 2.2L 4x2 AT - 140000 km 1chủ, đã lên rất nhiều đồ chơi. Nhập đội BT50 2017 1chủ từ mới, máy số keo chỉ rin đét, cam 360 màn hình cam lùi đầy đủ, có nắp thùng, đã đổi cavet!",140000,N/A,Thái Lan,Đã sử dụng,Bảo hành hãng,2017,2.2L 4x2 AT,Tự động,Dầu,Pick-up (bán tải),Khác,N/A,N/A,N/A,N/A,N/A,N/A,N/A,N/A,> 1 tấn,> 2 tấn,car_p6_s15_1774727396,https://xe.chotot.com/mua-ban-oto-thanh-pho-tam-ky-quang-nam/131470433.htm
p6_s16_1774727408,Mazda CX5 2014 zin đẹp bao check test,CX-5,400.0,"Mazda CX5 sản xuất 2014, màu xám, động cơ 2.0L, số tự động.  - Xe gia đình, keo chỉ zin, máy số zin.  - Cam kết không tai nạn, không ngập nước.  - Giá 408 triệu (bao rút hồ sơ).  - Xem xe tại Hải Phòng.",140000,N/A,Đang cập nhật,Đã sử dụng,Bảo hành hãng,2014,N/A,Tự động,Xăng,N/A,N/A,N/A,N/A,N/A,N/A,N/A,N/A,N/A,N/A,> 1 tấn,> 2 tấn,car_p6_s16_1774727408,https://xe.chotot.com/mua-ban-oto-quan-ngo-quyen-hai-phong/131210450.htm
p6_s17_1774727422,Mazda Mazda2 2020 Luxury Đỏ,Mazda 2,388.89,"Mazda2 2020 luxury  1 chủ gốc hn phố cam kết k đâm đụng tai nạn, không ngập nước, máy số zin nguyên bản như sản xuất Giá 388 tr thương lượng khi xem xe alo em xem xe ***",70000,N/A,Việt Nam,Đã sử dụng,Bảo hành hãng,2020,N/A,Tự động,Xăng,N/A,N/A,N/A,N/A,N/A,N/A,N/A,N/A,N/A,N/A,> 1 tấn,> 2 tấn,car_p6_s17_1774727422,https://xe.chotot.com/mua-ban-oto-quan-nam-tu-liem-ha-noi/131273268.htm
p6_s18_1774727434,Mazda 6 2022 Premium 2.0 Trắng,Mazda 6,679.0,"✅️✅️✅️ ĐI PHỐ ÊM, ĐI XA ỔN, THẾ LÀ ĐỦ.  ==========  Sedan hạng D Động cơ SkyActiv-G 2.0L Công suất 154 mã  Hộp số: Tự động 6 cấp  Mức tiêu hao nhiên liệu 6–7L/100km hỗn hợp  Đèn trước LED sắc nét, có tự động bật/tắt Mâm hợp kim 19 inch  Ghế da cao cấp Ghế lái chỉnh điện + nhớ 2 vị trí  Màn hình trung tâm 7 inch Hệ thống Mazda Connect Apple CarPlay / Android Auto Âm thanh 11 loa Bose cao cấp  Điều hoà tự động 2 vùng Phanh tay điện tử + Auto Hold  6 túi khí Cân bằng điện tử Camera lùi  Cảnh báo điểm mù Cảnh báo phương tiện cắt ngang Cảnh báo lệch làn  Hỗ trợ giữ làn... ==================  MAZDA 6 PREMIUM 2.0 ĐỜI 2022  Odo 29.000 km  Nội Ngoại thất long lanh   Bao kiểm tra hãng, rút hồ sơ gốc.  Thủ tục hồ sơ rõ ràng nhanh gọn  Hỗ trợ bank 65%",29000,N/A,Việt Nam,Đã sử dụng,Bảo hành hãng,2022,2.0L Premium,Tự động,Xăng,Sedan,5,FWD,154 HP @ 6000 RPM,200 Nm @ 4000 RPM,2,7.5,6,N/A,4,> 1 tấn,> 2 tấn,car_p6_s18_1774727434,https://xe.chotot.com/mua-ban-thanh-pho-bien-hoa-dong-nai/131468516.htm
p7_s0_1774727453,Mazda 6 2.5 AT 2015,Mazda 6,420.0,"Mazda 6 2.5 AT 2015 | Odo 9 vạn km (gốc Hà Nội)  - Máy 2.5 chạy bốc, sedan đi đầm chắc - Nội thất da, ghế điện 2 bên - Cửa sổ trời, dàn loa BOSE - Cảm biến trước/sau - i-Stop, đèn AFS (liếc)  Khu vực: Long Biên – Hà Nội Liên hệ em trao đổi cụ thể ạ",100989,Có,Việt Nam,Đã sử dụng,Bảo hành hãng,2015,2.5 AT,Tự động,Xăng,Sedan,5,FWD,185 HP @5700 RPM,250 Nm @3200 RPM,2.5,6.3,2,165,4,> 1 tấn,> 2 tấn,car_p7_s0_1774727453,https://xe.chotot.com/mua-ban-oto-quan-long-bien-ha-noi/130536333.htm
p7_s1_1774727464,"Mazda CX5 2.0L Premum 2019, Odo 27.000km Cực Đẹp",CX-5,646.0,"*** Mazda CX5 2.0L Premium 2019 *** + Động cơ xăng 2.0L Skyactive + Sản xuất 2019 + Biển số tỉnh, Xe cá nhân đứng tên 1 chủ từ đầu + Odo: 27.000km ( Full lịch sử bảo dưỡng hãng, Sai tặng xe) + Giá: 646.000.000 ( Thương Lượng khi khách hàng đến xem xe trực tiếp). + Option: Film cách nhiệt cao cấp, Lót sàn Simily, Màn hình cảm ứng - Camera de, Cửa sổ trời, Ốp inox bệ bước lên xuống,....... + Thủ tục sang tên đổi chủ nhanh gọn. + Cam kết: KHÔNG ĐÂM ĐỤNG – KHÔNG NGẬP NƯỚC – ODO ZIN ----------------------------------------------------------- +++ AUTO PHÚ MỸ HƯNG 419 Đào Trí, Phường Phú Thuận, Quận 7, TP.HCM",27000,Có,Việt Nam,Đã sử dụng,Bảo hành hãng,2019,2.0 Premium,Tự động,Xăng,SUV / Cross over,5,N/A,N/A,N/A,N/A,N/A,N/A,N/A,N/A,> 1 tấn,> 2 tấn,car_p7_s1_1774727464,https://xe.chotot.com/mua-ban-oto-quan-7-tp-ho-chi-minh/131315708.htm
p7_s2_1774727474,Mazda Mazda2 2024 AT 18000 km Trắng,Mazda 2,380.0,"Nhu cầu đi lại ít Cần bán xe mazda2 AT 2024 18k km  Xe chính chủ đứng tên cà vẹt. Giá bán 380. Bán đến công chứng. Ai có nhu cầu mua đi liên hệ. Không tiếp cò lái. Xin cảm ơn Cần bán xe đã lên màn hình , cam 360, cảm biến sau. Tặng rèm xe và Lót sàn nhựa",18000,N/A,Đang cập nhật,Đã sử dụng,Bảo hành hãng,2024,1.5 AT,Tự động,Xăng,Sedan,Khác,N/A,N/A,N/A,N/A,N/A,N/A,N/A,N/A,> 1 tấn,> 2 tấn,car_p7_s2_1774727474,https://xe.chotot.com/mua-ban-oto-quan-hai-chau-da-nang/131454058.htm
p7_s3_1774727480,Mazda CX5 2020 2.0 Premium Đỏ,CX-5,660.0,"Mazda Cx5 - 2.0 Premium sx 2020 - Odo 5 vạn km zin, nội thất nguyên bản đẹp căng, gầm bệ đi chắc nịch, lốp theo xe cả dàn, sơ cua chưa hạ. - Xe bán có bảo hành, có cam kết chất lượng bằng văn bản, check test thoải mái. Giá 665 tr Lh: *** Đc: Nghĩa Đô, Hà Nộ",50000,Có,Việt Nam,Đã sử dụng,Bảo hành hãng,2020,2.0 Premium,Tự động,Xăng,SUV / Cross over,Khác,N/A,N/A,N/A,N/A,N/A,N/A,N/A,N/A,> 1 tấn,> 2 tấn,car_p7_s3_1774727480,https://xe.chotot.com/mua-ban-oto-quan-cau-giay-ha-noi/131459092.htm
p7_s4_1774727492,MAZDA 2 AT - 399TR - SẴN XE GIAO NGAY,Mazda 2,399.0,"🚗 **MAZDA 2 AT – NHỎ GỌN, SANG TRỌNG, GIÁ CỰC TỐT** 🔥  Bạn đang tìm một mẫu xe: ✔️ Nhập khẩu trực tiếp từ Thái Lan ✔️ Thiết kế đẹp – trẻ trung – sang ✔️ Dễ lái, tiết kiệm nhiên liệu ✔️ Phù hợp đi làm, đi phố, gia đình nhỏ ✔️ Giá mềm, chi phí nuôi xe thấp  👉 **Mazda 2 AT chính là lựa chọn hoàn hảo!**  ✨ **Ưu điểm nổi bật Mazda 2 AT:**  * Thiết kế KODO sang trọng, hiện đại, không lỗi thời * Hộp số **tự động AT mượt mà**, lái nhàn – đặc biệt phù hợp đô thị * Nội thất tinh tế, đầy đủ tiện nghi: màn hình giải trí, camera, điều hòa, vô lăng tích hợp * Động cơ bền bỉ, **siêu tiết kiệm xăng** * An toàn với các công nghệ hỗ trợ lái thông minh  💰 **GIÁ BÁN ĐẶC BIỆT CUỐI NĂM:** 🔥 **Chỉ từ 399 TRIỆU – Mazda 2 AT** 🎁 **Tặng ngay Bộ Quà tặng Chính Hãng 🎉 **Ưu đãi khủng cuối năm – số lượng có hạn**  📌 Giá quá hợp lý để:  * Mua xe đi lại gia đình hoặc kinh doanh dịch vụ * Xe gia đình nhỏ * Xe cho người mới lái, phụ nữ sử dụng  📞 **Liên hệ ngay để giữ xe – giữ ưu đãi** 👉 Chốt sớm – nhận xe sớm – hưởng trọn ưu đãi cuối năm!",N/A,N/A,Thái Lan,Mới,Bảo hành hãng,2026,N/A,Tự động,Xăng,Sedan,5,N/A,N/A,N/A,N/A,N/A,N/A,N/A,N/A,N/A,N/A,car_p7_s4_1774727492,https://xe.chotot.com/mua-ban-oto-quan-binh-tan-tp-ho-chi-minh/129802194.htm
p7_s5_1774727501,Mazda 3 Luxury 2025 Chạy Lướt 12.000km Như Mới,Mazda 3,628.0,"Mazda 3 1.5AT Luxury 2025 màu xanh cavansite. Xe chạy lướt 12.000km siêu đẹp như mới, ko tỳ vết, nilon nhiều vị trí còn chưa bóc hết. Xe nhật thiết kế đẹp, bền bỉ, cực tiết kiệm xăng, còn nguyên vẹn mọi thứ và bảo hành chính hãng",12000,N/A,Việt Nam,Đã sử dụng,Bảo hành hãng,2025,1.5L Luxury,Tự động,Xăng,Sedan,Khác,N/A,N/A,N/A,N/A,N/A,N/A,N/A,N/A,> 1 tấn,> 2 tấn,car_p7_s5_1774727501,https://xe.chotot.com/mua-ban-oto-thanh-pho-thu-duc-tp-ho-chi-minh/131180883.htm
p7_s6_1774727515,Mazda BT-50 2017 2.2 AT 1 Cầu 110000 km Đen,BT-50,375.0,Mazda BT 50 2017 2.2 AT Tự Động 1 Cầu Xe đi 11v km không đâm đụng không thuỷ kích máy số zin gầm bệ đẹp 1 dàn lốp mới,110000,N/A,Đang cập nhật,Đã sử dụng,Bảo hành hãng,2017,2.2 AT 2WD,Tự động,Dầu,Pick-up (bán tải),5,2WD,148 HP @3700 RPM,375 Nm @1500 RPM,2.2,8,2,237,4,> 1 tấn,> 2 tấn,car_p7_s6_1774727515,https://xe.chotot.com/mua-ban-oto-huyen-yen-my-hung-yen/131466567.htm
p7_s7_1774727525,Mazda CX-5 sx2018 SUV 5 phiên bản 2.5,CX-5,580.0,"Mazda CX-5 sx2018 SUV 5 chổ phiên bản 2.5 odo.9,3V chính chủ - bao rút hs xe đẹp giá cũng êm lắm chỉ 580tr",90000,Có,Đang cập nhật,Đã sử dụng,Bảo hành hãng,2018,N/A,Tự động,Xăng,N/A,5,N/A,N/A,N/A,N/A,N/A,N/A,N/A,N/A,> 1 tấn,> 2 tấn,car_p7_s7_1774727525,https://xe.chotot.com/mua-ban-oto-quan-binh-thanh-tp-ho-chi-minh/131073245.htm
p7_s8_1774727535,Mazda3 2019 đẹp – giá này không nhanh là mất,Mazda 3,410.0,"Mazda 3 2019 1.5 AT – sedan đẹp, giá tốt Bán Mazda 3 2019 1.5 AT 💰 Giá: 410 triệu (còn thương lượng) Sedan rộng rãi, chạy êm, phù hợp gia đình Máy 1.5 tiết kiệm xăng Số tự động dễ lái Nội thất sạch sẽ, sử dụng kỹ Xe đi đầm, ổn định 💯 Cam kết: 👉Không đâm đụng, không tai nạn 👉Không ngập nước 👉Khung gầm zin, pháp lý rõ ràng 👉Máy số ổn định 🔧 Bao test check thoải mái  💰 Giá: 410 triệu (còn thương lượng) 📞 Liên hệ xem xe 85 Nguyễn Hồng Ánh, Đà Nẵng 👉 Xe sẵn – giá hợp lý – xem là dễ chốt 🔥",92000,Có,Đang cập nhật,Đã sử dụng,Bảo hành hãng,2019,1.5L Sport Deluxe,Tự động,Xăng,Sedan,Khác,N/A,N/A,N/A,N/A,N/A,N/A,N/A,N/A,> 1 tấn,> 2 tấn,car_p7_s8_1774727535,https://xe.chotot.com/mua-ban-oto-huyen-hoa-vang-da-nang/131463812.htm
p7_s9_1774727548,Mazda CX8 Premium Vàng cát odo 55k,CX-8,888.0,"CX8 premium biển SG, màu vàng cát (platium gold), đky 9/2022, mẫu 2023 Odo 55.000km Xe gia đình, chưa 1 lần nào làm bảo hiểm kể cả sơn dặm. Có xước sơn đôi chút mình vẫn để zin. Nội thất như mới, ghế sau gần như chưa dùng Hỗ trợ thủ tục thu hồi biển, còn 1 biển đấu giá 51…-11799 xe khác nếu ưng thì mình sang nhượng giá rẻ cho ae mua xe luôn Xem xe tại SG, Q9, chính chủ",55000,Có,Việt Nam,Đã sử dụng,Bảo hành hãng,2022,2.5 Premium,Tự động,Xăng,SUV / Cross over,7,N/A,N/A,N/A,N/A,N/A,N/A,N/A,5,> 1 tấn,> 2 tấn,car_p7_s9_1774727548,https://xe.chotot.com/mua-ban-oto-thanh-pho-thu-duc-tp-ho-chi-minh/130429948.htm
p7_s10_1774727555,"Mazda CX8 2022 Premium 2.5L, 1 cầu, màu xám,5v6km",CX-8,829.0,"Mazda CX8 2022 Premium 2.5L, 1 cầu,màu xám còn rất mới đẹp. - Odo 56.000 km, biển số 49 Lâm Đồng.. - Trang bị camera 360,2 ghế chỉnh điện,loa bose, cốp điện,... - Đăng kiểm đến 8/2026. * Giá bán 829 triệu còn bớt lộc. * Bao rút hồ sơ gốc. * Hỗ trợ sang tên các tỉnh. * Hỗ trợ hồ sơ trả góp ngân hàng. * Hỗ trợ giao xe tận nơi. * Thu đổi xe tận nơi giá cao.  *** Cam kết chất lượng xe bán ra : + Không tai nạn, không cháy nổ  + Không ngập nước, thủy kích. + Động cơ,hộp số, khung gầm nguyên bản. + Bảo hành 6 tháng/5000km cho động cơ, hộp số.",56000,Có,Việt Nam,Đã sử dụng,Bảo hành hãng,2022,2.5 Premium,Tự động,Xăng,SUV / Cross over,7,N/A,N/A,N/A,N/A,N/A,N/A,N/A,5,> 1 tấn,> 2 tấn,car_p7_s10_1774727555,https://xe.chotot.com/mua-ban-oto-quan-binh-tan-tp-ho-chi-minh/131434814.htm
p7_s11_1774727568,Mazda 3 Luxury 2020 xanh cavansite Odo 22.000 km,Mazda 3,499.0,"Xe bản 1.5 Luxury sản xuất 2020 đăng ký lần đầu 1/2021, Odo 22.000 km full lịch sử hãng. Xe chạy lướt rất đẹp không lỗi nhỏ, cam kết không đâm đụng ngập nước bao check mọi nơi theo yêu cầu. Xe 1 chủ mua mới đứng tên cá nhân ký công chứng mua bán hoặc uỷ quyền đều được., có thể trao đổi xe bù trừ giá cả hợp lý.",22000,Có,Việt Nam,Đã sử dụng,Bảo hành hãng,2020,Sedan 1.5L Luxury,Tự động,Xăng,Sedan,5,N/A,N/A,N/A,N/A,N/A,N/A,N/A,4,> 1 tấn,> 2 tấn,car_p7_s11_1774727568,https://xe.chotot.com/mua-ban-oto-quan-11-tp-ho-chi-minh/131462162.htm
p7_s12_1774727579,Mazda 3 FL màu Trắng- Bán trực tiếp người dùng.,Mazda 3,410.0,"Mazda 3 FL màu trắng, xe 5 chỗ, dùng nhiên liệu xăng, sản xuất tại Việt Nam.  - Xe độ đèn full trước sau, ốp pô Mercedes, led hậu viền led Mer full xe.  - Khuyếch tán nước hoa Mer, camera hành trình HP, áp suất lốp.  - Mâm dự phòng như bánh chính, Apple CarPlay, gập gương tự động, gương sấy tích hợp xi nhan.  - Phủ gầm, kính lái xịn dán 3M.  - Đăng kiểm đến 11/2026, bảo hiểm Liberty thân vỏ mới mua đến 12/11/2026.  - Bảo dưỡng full tại hãng, chạy phần mềm Mazda tiếng Việt, set được chế độ giới hạn tốc độ. - Test thoải mái - Em bán cho người dùng trực tiếp. -Xe gia đình nên đi rất kỹ",95000,Có,Việt Nam,Đã sử dụng,Bảo hành hãng,2017,N/A,Tự động,Xăng,N/A,5,N/A,N/A,N/A,N/A,N/A,N/A,N/A,N/A,> 1 tấn,> 2 tấn,car_p7_s12_1774727579,https://xe.chotot.com/mua-ban-oto-huyen-hoc-mon-tp-ho-chi-minh/130882024.htm
p7_s13_1774727586,Mazda CX5 2016 2.5AT Đỏ,CX-5,448.0,"Mình cần bán Mazda CX5 2016 bản cao cấp 2.5AT xe cực đẹp , cam kết ko tai nạn ngập nước thuỷ kích, máy số nguyên bản, ai mua ko tin tưởng có thể nhờ người qua xem thoải mái ạ",90000,Có,Đang cập nhật,Đã sử dụng,Bảo hành hãng,2016,2.5 AT 2WD,Tự động,Xăng,SUV / Cross over,5,2WD,185 HP @5700 RPM,250Nm @3200 RPM,2.5,6.7,2,N/A,5,> 1 tấn,> 2 tấn,car_p7_s13_1774727586,https://xe.chotot.com/mua-ban-oto-quan-bac-tu-liem-ha-noi/131461453.htm
p7_s14_1774727598,Cần bán Mazda3 2017 FL thắng điện tự động,Mazda 3,385.0,"Cần bán Mazda3 2017 FL thắng điện 👉 Odo chuẩn 7v  👉 Xe đã lên kha khá đồ chơi  👉 Keo chỉ , máy số zin nguyên bản, không đâm va , không ngập nước. Bao check test trước khi giao dịch.",70000,Có,Đang cập nhật,Đã sử dụng,Bảo hành hãng,2017,1.5 AT,Tự động,Xăng,Hatchback,Khác,N/A,N/A,N/A,N/A,N/A,N/A,N/A,N/A,> 1 tấn,> 2 tấn,car_p7_s14_1774727598,https://xe.chotot.com/mua-ban-oto-quan-cam-le-da-nang/131460682.htm
p7_s15_1774727611,Mazda CX-8 Trắng 7 chỗ,CX-8,670.0,"Mazda CX-8 màu trắng, xe 7 chỗ rộng rãi, phù hợp gia đình.   - Hộp số tự động, động cơ xăng vận hành êm ái.   - Thiết kế sang trọng, nội thất tiện nghi.   - Xe giữ gìn cẩn thận, sẵn sàng sử dụng.",98999,Có,Nhật Bản,Đã sử dụng,Bảo hành hãng,2019,Luxury,Tự động,Xăng,SUV / Cross over,7,FWD,188 Hp @ 6000 rpm,252Nm @ 4000 rpm,2.5,5.7,N/A,200,5,> 1 tấn,> 2 tấn,car_p7_s15_1774727611,https://xe.chotot.com/mua-ban-oto-quan-binh-tan-tp-ho-chi-minh/131448952.htm
p7_s16_1774727620,Cần gả em Mazda 6 2015 2.5 AT - 94000 km,Mazda 6,380.0,"Mazda 6 2015 bản 2.5 mạnh mẽ, Odo 9,5v  Bản full 2 ghế điện, độ volang cacbon",95000,N/A,Đang cập nhật,Đã sử dụng,Bảo hành hãng,2015,2.5 AT,Tự động,Xăng,Sedan,5,FWD,185 HP @5700 RPM,250 Nm @3200 RPM,2.5,6.3,2,165,4,> 1 tấn,> 2 tấn,car_p7_s16_1774727620,https://xe.chotot.com/mua-ban-oto-quan-nam-tu-liem-ha-noi/131005686.htm
p7_s17_1774727631,🚘Mazda CX 8 2020 Deluxe -Đã trang bị full options,Mazda Other,679.0,"🌸 𝐌𝐚𝐳𝐝𝐚 𝐂𝐗-𝟖 𝟐.𝟓𝐀𝐓 𝐌𝐨𝐝𝐞𝐥 𝟐𝟎𝟐𝟏 𝐒𝐢𝐞̂𝐮 Đ𝐞̣𝐩 🌸  🫐 Xe màu Đen / Nội thất Đen 🗓️ Sản xuất :2020 ⏱️ ODO: 6v km Full Ls Hãng  ⚙️ Xe trang bị: Động cơ Skyactiv-G 2.5L, Hộp số tự động 6 cấp, Hệ thống đèn full LED, Mâm hợp kim 19 inch, Ghế chỉnh điện bọc da cao cấp, Điều hoà 3 vùng độc lập, Màn hình 7 inch kết nối Apple Carplay và Android Auto, 6 Loa, Cốp điện, 6 túi khí, Camera sau,….  ⚙️ Trang bị thêm: Film cách nhiệt, Camera 360, Cam hành trình, HUD kính lái, Cốp điện, thảm lót sàn,…  🌸 Giá chào: 679 Triệu  ✨ 𝐂𝐚𝐦 𝐤𝐞̂́𝐭 bằng văn bản 📝  ⚠️Không đâm đụng  🌊Không ngập nước  ⏱️Không tua km   ✅ Động Cơ, Hộp Số nguyên bản  ✅ Bảo hành 3 tháng hoặc 5.000km  ✅ Test hãng toàn quốc, Giao xe tận nơi.  🏦 𝐇𝐨̂̃ 𝐭𝐫𝐨̛̣ 𝐯𝐚𝐲 𝐧𝐠𝐚̂𝐧 𝐡𝐚̀𝐧𝐠 𝐭𝐨̂́𝐢 đ𝐚 𝟔𝟎-𝟕𝟎% 𝐯𝐨̛́𝐢 𝐥𝐚̃𝐢 𝐬𝐮𝐚̂́𝐭 𝐭𝐨̂́𝐭 𝐧𝐡𝐚̂́𝐭  📲Liên hệ ngay để nhận thêm thông tin và thật nhiều ưu đãi nhé!",60000,Có,Việt Nam,Đã sử dụng,Bảo hành hãng,2020,Deluxe,Tự động,Xăng,SUV / Cross over,7,N/A,N/A,N/A,N/A,N/A,N/A,N/A,5,> 1 tấn,> 2 tấn,car_p7_s17_1774727631,https://xe.chotot.com/mua-ban-thanh-pho-thu-duc-tp-ho-chi-minh/131442213.htm
p7_s18_1774727643,2023 2.5 Premium AWD - 23000 km,Mazda Other,868.0,"🚗 MAZDA CX8 2.5 PREMIUM 7 CHỖ – 1 CẦU – GIÁ CHỈ 868 TRIỆU 🚗 Cần bán chiếc Mazda CX8 bản 2.5 Premium – mẫu SUV 7 chỗ cực kỳ rộng rãi, phù hợp gia đình hoặc đi công việc. 🔹 Thông tin chi tiết: Phiên bản: 2.5 Premium (1 cầu) Odo: 23.000 km (chuẩn zin) Xe tư nhân chính chủ sử dụng Bảo dưỡng hãng đầy đủ, lịch sử rõ ràng Cam kết xe zin 100% – không lỗi – không tai nạn 🔹 Ưu điểm nổi bật: ✔ Động cơ 2.5L mạnh mẽ, vận hành êm ái, tiết kiệm � ✔ Form dáng SUV cao to, cực kỳ đầm chắc ✔ Nội thất rộng rãi 7 chỗ, đi gia đình cực kỳ thoải mái ✔ Trang bị full option: Nội thất cao cấp, Camera 360, ghế điện, nhớ ghế, loa boss sub gầm, cảnh báo điểm mù Cảnh báo lệch làn, giữ làn Phanh tay điện tử, Auto Hold Màn hình giải trí, Apple CarPlay ✔ Hệ thống an toàn cao cấp i-Activsense 🔹 Giá bán cực tốt: 💰 868 triệu  🔹 Hỗ trợ: Hỗ trợ ngân hàng, trả góp nhanh gọn Bao rút hồ sơ, sang tên 📍 Xem xe tại: Dĩ An – Bình Dương 📞 Liên hệ: Huy Luân Auto",23000,Có,Việt Nam,Đã sử dụng,Bảo hành hãng,2023,2.5 Premium AWD,Tự động,Xăng,SUV / Cross over,7,N/A,N/A,N/A,N/A,N/A,N/A,N/A,5,> 1 tấn,> 2 tấn,car_p7_s18_1774727643,https://xe.chotot.com/mua-ban-thanh-pho-di-an-binh-duong/131392758.htm
p8_s0_1774727664,Mazda 3 2009 - 172000 km,Mazda 3,190.0,Xe gia đình anh em cần liên hệ. A e có thiện chí có bớt lộc,172000,Có,Đài Loan,Đã sử dụng,Bảo hành hãng,2009,N/A,Tự động,Xăng,Sedan,5,N/A,N/A,N/A,N/A,N/A,N/A,N/A,N/A,> 1 tấn,> 2 tấn,car_p8_s0_1774727664,https://xe.chotot.com/mua-ban-oto-huyen-chau-thanh-ben-tre/131458101.htm
p8_s1_1774727668,This site can’t be reached,Mazda Other,0.0,N/A,N/A,N/A,N/A,N/A,N/A,N/A,N/A,N/A,N/A,N/A,N/A,N/A,N/A,N/A,N/A,N/A,N/A,N/A,N/A,N/A,N/A,car_p8_s1_1774727668,https://xe.chotot.com/mua-ban-oto-quan-nam-tu-liem-ha-noi/131458063.htm
p8_s2_1774727671,"Mazda BT 50 2016 std nhà chạy kĩ, cần bán",Mazda Other,348.0,"Đổi xe nhà cần bán Bt50 2016 rất đẹp, đi đó giờ k đâm va chỉ xướt sát sơn dặm, máy móc zin, nắp thùng thấp, bảo dưỡng định kì, cách âm cực kì tốt, xe có lên màn hình bọc trần ghế đầy đủ, lốp mới, mua về chỉ chạy k phải làm gì cũng mới bảo dưỡng và đăng kiểm, ai mua liên hệ xin cảm ơn",152000,N/A,Thái Lan,Đã sử dụng,Bảo hành hãng,2016,N/A,Tự động,Dầu,N/A,N/A,N/A,N/A,N/A,N/A,N/A,N/A,N/A,N/A,> 1 tấn,> 2 tấn,car_p8_s2_1774727671,https://xe.chotot.com/mua-ban-oto-quan-12-tp-ho-chi-minh/130928098.htm
p8_s3_1774727683,Mazda 3 2025 Premium 11.000 km Trắng,Mazda 3,669.0,"🚗 MAZDA 3 PREMIUM 2025 - SIÊU LƯỚT, CHƯA HẾT RODA 🚗 Odo 11.000km cho một chiếc đời 2025 thì đúng chuẩn SIÊU LƯỚT, sơn zin cả xe, nội thất còn thơm mùi mới. • Sản xuất: 2025 (Model mới nhất) • Odo: 11.000 km (Full lịch sử bảo dưỡng hãng) • Động cơ: SkyActiv-G 1.5L – Công nghệ phun xăng trực tiếp, cực kỳ tiết kiệm và bền bỉ. • Hộp số: Tự động 6 cấp (Vận hành mượt mà, phản ứng nhanh nhạy). • Công nghệ: Bản Premium full option, trang bị gói an toàn cao cấp i-Activsense (Phanh thông minh, giữ làn, cảnh báo điểm mù...). • Nội thất: Thiết kế KODO tinh tế, màn hình HUD, loa cao cấp, cửa sổ trời.",11000,N/A,Nhật Bản,Đã sử dụng,Bảo hành hãng,2025,N/A,Tự động,Xăng,Sedan,5,N/A,N/A,N/A,N/A,N/A,N/A,N/A,N/A,> 1 tấn,> 2 tấn,car_p8_s3_1774727683,https://xe.chotot.com/mua-ban-oto-quan-7-tp-ho-chi-minh/131374023.htm
p8_s4_1774727695,MADAZ CX5 2.0 PREMIUM SX v ĐK 21,CX-5,699.0,"Chính chủ nâng đời cần Pass lại MADAZ CX5 2.0 PREMIUM T12/21 full kịch đồ mà rất mới . Xe bản Full Options: chìa khoá thông mình khởi động Startop, của nóc túi khí quanh xe, cốp điện, ghế nhớ chỉnh điện 2 bên, loa Bose, phanh tay điện tử, cruicontroll ga tự động…vvv. AE quan tâm liên hệ để sở hữu e hoa hậu Madaz",55000,N/A,Việt Nam,Đã sử dụng,Bảo hành hãng,2021,2.0 Premium,Tự động,Xăng,SUV / Cross over,Khác,N/A,N/A,N/A,N/A,N/A,N/A,N/A,N/A,> 1 tấn,> 2 tấn,car_p8_s4_1774727695,https://xe.chotot.com/mua-ban-oto-quan-long-bien-ha-noi/130503291.htm
p8_s5_1774727706,Mazda 3 2022 Luxury Đỏ,Mazda 3,530.0,"Mazda 3 2022 bản luxury 1 Đời Chủ Odo 9v bao chuẩn , gầm bệ khoan máy sáng bóng cực kỳ đẹp , Keo Chỉ Máy Số Zin .  Bao không đâm đụng , ngập lụt , thuỷ kích ạ . Xe Chuẩn có sơn dậm spa vài chỗ , có sao nói vậy cho khỏi mất thời gian , bao thầy thợ test check kiểu gì cũng đc hết ạ .  Giá 530tr ☎️ ***",90000,Có,Nước khác,Đã sử dụng,Bảo hành hãng,2022,1.5L Luxury,Tự động,Xăng,Sedan,5,N/A,N/A,N/A,N/A,N/A,N/A,N/A,N/A,> 1 tấn,> 2 tấn,car_p8_s5_1774727706,https://xe.chotot.com/mua-ban-oto-thanh-pho-buon-ma-thuot-dak-lak/131456847.htm
p8_s6_1774727716,Mazda CX 5 2016 2.0 AT Một Chủ Mua Mới,Mazda Other,465.0,"🚘 Mazda Cx5 2.0 Sx 2016 Một Chủ Mua Mới  - Odo 10Vạn Chuẩn  - Xe Rin Ko Lỗi Máy Số Rin, Cửa Nẻo Keo Chỉ Rin  Giá 465 Triệu ( Bao Hồ Sơ ) ☎️ ***. ☎️ ***.",105000,N/A,Việt Nam,Đã sử dụng,Bảo hành hãng,2016,2.0 AT,Tự động,Xăng,SUV / Cross over,N/A,N/A,N/A,N/A,N/A,N/A,N/A,N/A,N/A,> 1 tấn,> 2 tấn,car_p8_s6_1774727716,https://xe.chotot.com/mua-ban-oto-quan-12-tp-ho-chi-minh/131456462.htm
p8_s7_1774727725,🚘Mazda CX5 2024 Premium Sport siêu đẹp🚘,CX-5,825.0,"💥Hàng chiến lược💥 🚘Mazda Cx5 2024 Premium Sport 2.0 🚘 📌 Odo 2 vạn 7 , bảo dưỡng full hãng 📌 Trang bị body viền đen, option miên man, rada i-Actisense  📌 Hàng ghế trước chỉnh điện, cốp điện, làm mát ghế, 2 chế độ lái, autohold, cam 360, màn hình có kết nối apple carplay không dây v.v.. 📌 Cam kết xe đẹp không lỗi , bao check hãng hoặc garage theo yêu cầu 🏦Hỗ trợ Bank 70%      𝐂𝐀𝐌 𝐊𝐄̂́𝐓 𝐂𝐇𝐀̂́𝐓 𝐋𝐔̛𝐎̛̣𝐍𝐆 ✅ Không đâm đụng. ✅ Không ngập nước, thuỷ kích. ✅ Máy móc, hộp số nguyên bản. ✅ Nguồn gốc xuất xứ rỏ ràng, hồ sơ hợp lệ. ✅Thủ tục nhanh gọn giao xe ngay.  𝐂𝐇𝐄̂́ Đ𝐎̣̂ Đ𝐀̉𝐌 𝐁𝐀̉𝐎: 📌 Hỗ trợ Test Hãng, Gara theo yêu cầu của khách.  📌 Nếu không đúng cam kết sẽ thu hồi xe bằng giá bán ra và bồi thường tất cả chi phí cho khách. 📌 Xe được kiểm tra nghiêm ngặc trước khi bán ra thị trường. 📌 Hỗ trợ bảo hàng, bảo dưỡng 6 tháng hoặc 10.000 kilomets  𝐔̛𝐔 Đ𝐀̃𝐈 Đ𝐀̣̆𝐂 𝐁𝐈𝐄̣̂𝐓: 🏦 Hỗ trợ trả góp 60% giá trị xe (cho những xe từ 2019 trở lên). 💵 Lãi suất hấp dẫn, thủ tục nhanh chóng  Với uy tín của 1 cửa hàng lớn, trên 30 đầu xe đang bán ra, chúng tôi xin cam kết: 👉 Xe bán ra không đâm đụng, không ngập nước, nếu sai sẽ bồi thường gấp đôi tiền cọc. 👉 Xe được kiểm tra nghiêm ngặt trước khi bán ra thị trường, nên khách hàng tuyệt đối yên tâm. 👉 Bảo hành 6 tháng, hoặc 10.000 kilomet. 👉 Thủ tục nhanh gọn giao xe ngay. 💥💥 Đặc biệt chúng tôi có hỗ trợ trả góp qua bank lên đến 60% giá trị xe ( cho những xe sx từ 2019) __________ 𝐀𝐝𝐝𝐫𝐞𝐬𝐬: 119 𝐋𝐞̂ 𝐇𝐨̂̀𝐧𝐠 𝐏𝐡𝐨𝐧𝐠, 𝐓𝐚̂𝐧 Đ𝐨̂𝐧𝐠 𝐇𝐢𝐞̣̂𝐩, 𝐃𝐢̃ 𝐀𝐧, 𝐁𝐢̀𝐧𝐡 𝐃𝐮̛𝐨̛𝐧𝐠",27000,N/A,Đang cập nhật,Đã sử dụng,Bảo hành hãng,2024,Premium Sport 2.0 AT,Tự động,Xăng,SUV / Cross over,Khác,N/A,N/A,N/A,N/A,N/A,N/A,N/A,N/A,> 1 tấn,> 2 tấn,car_p8_s7_1774727725,https://xe.chotot.com/mua-ban-oto-thanh-pho-di-an-binh-duong/131456349.htm
p8_s8_1774727733,MAZDA 2 SEDAN 1.5AT LUXURY 2019 NHẬP THÁI 1 CHỦ,Mazda 2,365.0,"Mazda2 sedan 1.5AT Luxury 2019 nhập Thái, màu trắng, xe cá nhân 1 chủ từ đầu đk T3/2020, đã đi 36 .000 Km, xe sử dụng kỹ, bảo dưỡng đầy đủ, còn mới cứng. - Xe trang bị: Ghế da pha nỉ, màn hình kết nối apple carplay, cam lùi, cảm biến lùi, đèn led , ga tự đông cruise control, … - Cam kết xe đẹp nguyên bản, bao check test toàn quốc. - Giá 365tr, còn bớt lộc khi xem xe. - Cảm ơn ac đã quan tâm LH ĐT bên dưới để xem xe",36000,Có,Việt Nam,Đã sử dụng,Bảo hành hãng,2019,Prestige 2.2 AT HTRAC,Tự động,Xăng,SUV / Cross over,7,N/A,N/A,N/A,N/A,N/A,N/A,N/A,5,> 1 tấn,> 2 tấn,car_p8_s8_1774727733,https://xe.chotot.com/mua-ban-oto-thanh-pho-thu-duc-tp-ho-chi-minh/131160264.htm
p8_s9_1774727742,Mazda 3 Luxury 2023 Trắng 27.000km Full LS Hãng,Mazda 3,589.0,Mazda 3 Luxury 2023 Odo:27.000km Xe bảo dưỡng full hãng  Giá:589tr xem xe còn thương lượng  Xe cam kết không đâm va ngập nước thuỷ kích  Xe bao check test toàn quốc Lh:***,27000,Có,Việt Nam,Đã sử dụng,Bảo hành hãng,2023,N/A,Tự động,Xăng,Sedan,5,N/A,N/A,N/A,N/A,N/A,N/A,N/A,N/A,> 1 tấn,> 2 tấn,car_p8_s9_1774727742,https://xe.chotot.com/mua-ban-oto-quan-tan-phu-tp-ho-chi-minh/131166271.htm
p8_s10_1774727751,MADAZ CX5 PREMIUM ĐẠI CHẤT ĐI ĐÚNG 3v5KM ZJN,CX-5,685.0,Lên cho AE siêu phẩm hiếm có khó tìm MADAZ CX5 2.0 PREMIUM T10/2020 đi đúng 35 nghìn Km Full LS Hãng sơn Zjn cả xe. Nội thất thơm phức mùi mới xe toàn để trong Hầm . Đời này mà xe nó mới như đời 2025 luôn AE ahhh. E nó là hàng Động Vật Quí Hiếm rồi. Lên AE tiêu dùng thông thái mua e này về đi thì quá là Yên Tâm luôn nhé…AE quan tâm liên hệ sớm để sở hữu e Hoa Hậu 102 này nhé. Thank,35000,N/A,Việt Nam,Đã sử dụng,Bảo hành hãng,2020,2.0L AT Premium,Tự động,Xăng,SUV / Cross over,5,N/A,N/A,N/A,N/A,N/A,N/A,N/A,5,> 1 tấn,> 2 tấn,car_p8_s10_1774727751,https://xe.chotot.com/mua-ban-oto-quan-long-bien-ha-noi/131218043.htm
p8_s11_1774727759,mazda3 1.5 sx 2016 odo 9v zin đét . xanh cavansai,Mazda 3,359.0,Xăng lên cao đi mazda3 là hêt bài . Máy 1.5 rât tiết kiệm nè  — Mazda3 sx 2016 xanh Cavansai . gốc sg chuẩn zin đét . Bánh sơ cua zin chưa dùng lần nào — Odo 9v km . 4 vỏ lốp mới thay dày cui . Xe mua về đúng nghĩa đổ xăng là đi . — Cam kết ko tai nạn - ko ngập nước . máy zin số zin - nắp dàn cò zin chưa mở - chân máy zin . Keo chỉ ko mất phân nào . 4 cửa zin ko chạm mở . Còn đủ 2 remost  — Nâng cấp đèn led siu sáng .,91000,N/A,Đang cập nhật,Đã sử dụng,Bảo hành hãng,2016,1.5 AT Sedan,Tự động,Xăng,Sedan,5,FWD,112 HP @6000 RPM,144 Nm @4000 RPM,1.5,5,2,160,4,> 1 tấn,> 2 tấn,car_p8_s11_1774727759,https://xe.chotot.com/mua-ban-oto-huyen-hoc-mon-tp-ho-chi-minh/130748868.htm
p8_s12_1774727768,MADAZ CX5 2.0 Premium đk T1/21 Đại Chất,CX-5,669.0,"Chính chủ nâng đời cần Pass lại MADAZ CX5 2.0 Premium full kịch đồ + gói độ 20tr kín 🧸đồ chơi… Chìa khoá thông mình khởi động Startop, phanh tay điện tử, túi khí quanh xe, volang tích hợp đủ thứ, cruicontroll ga tự động, cảnh bảo va chạm, cốp điện, màn hình Androi Camera 360 độ, cam hành trình các kiểu … AE quan tâm liên hệ( xe chưa hề bị va chạm v thuỷ kích máy số zjn AE yên tâm sử dụng nhé)",68000,N/A,Việt Nam,Đã sử dụng,Bảo hành hãng,2020,2.0L AT Premium,Tự động,Xăng,SUV / Cross over,5,N/A,N/A,N/A,N/A,N/A,N/A,N/A,5,> 1 tấn,> 2 tấn,car_p8_s12_1774727768,https://xe.chotot.com/mua-ban-oto-quan-long-bien-ha-noi/131217964.htm
p8_s13_1774727777,Mazda 3 1.5 Sedan bao máy số zin keo chỉ zin all,Mazda 3,355.0,"🚘 Mazda 3 1.5AT sản xuất 2016 full đồ chơi giá 355tr.  📝 Odo 86km xe cá nhân gia đình dùng, cam kết bằng văn bản chất lượng xe không cấn đụng, không ngập nước, máy móc nguyên bản, keo chỉ nguyên bản.  🎉 Full đồ chơi: Cửa sổ trời, màn android 15inch lớn, đèn pha 4 bi led, đèn daylight led, đèn hậu led, bi gầm led, ca lăng kim cương, ốp heo, ốp lẫy số, full nt da kem, trần da lộn, film cách nhiệt, mâm sơn đen, 2 chìa khóa,...  ☎️ *** - Auto 2K ✅ Xem xe TP. Thủ Đức, HCM.",86868,Có,Việt Nam,Đã sử dụng,Bảo hành hãng,2016,1.5 AT Sedan,Tự động,Xăng,Sedan,5,FWD,112 HP @6000 RPM,144 Nm @4000 RPM,1.5,5,2,160,4,> 1 tấn,> 2 tấn,car_p8_s13_1774727777,https://xe.chotot.com/mua-ban-oto-thanh-pho-thu-duc-tp-ho-chi-minh/130670619.htm
p8_s14_1774727786,Mazda 2 2024 1.5 AT Đỏ,Mazda 2,395.0,"Mazda 2 sx 2024 1.5 AT Xe đã có màn hình, cam lùi cam hành trình, đèn pha full led, đèn gầm led.",43000,N/A,Đang cập nhật,Đã sử dụng,Bảo hành hãng,2024,N/A,Tự động,Xăng,N/A,N/A,N/A,N/A,N/A,N/A,N/A,N/A,N/A,N/A,> 1 tấn,> 2 tấn,car_p8_s14_1774727786,https://xe.chotot.com/mua-ban-oto-thanh-pho-tam-ky-quang-nam/131455075.htm
p8_s15_1774727795,Mazda 3 Luxury 2023 Trắng 16.000km 1 chủ từ đầu,Mazda 3,585.0,"🚗 Mazda 3 Luxury 2023 – Sedan quốc dân, form mới cực đẹp  ✨ Xe cực mới, phù hợp anh em cần xe đi gia đình hoặc chạy dịch vụ cao cấp.  🔹 Mazda 3 Luxury 2023 🔹 Odo: 16.000km 🔹 Giá: 5xx triệu  ✅ Cam kết: ✔️ Xe không đâm đụng – không ngập nước ✔️ Máy số zin 100% – odo chuẩn ✔️ Pháp lý rõ ràng – hỗ trợ bank 70% ✔️ Hỗ trợ sang tên – thu xe cũ giá cao  📞 Liên hệ: ***  #Mazda3 #Mazda3Luxury #Mazda32023 #MazdaCu #SedanHangC #XeLuot #OtoCuSaiGon #MuaBanOtoCu",16000,Có,Việt Nam,Đã sử dụng,Bảo hành hãng,2023,1.5L Luxury,Tự động,Xăng,Sedan,5,N/A,N/A,N/A,N/A,N/A,N/A,N/A,N/A,> 1 tấn,> 2 tấn,car_p8_s15_1774727795,https://xe.chotot.com/mua-ban-oto-thanh-pho-thu-duc-tp-ho-chi-minh/131031655.htm
p8_s16_1774727801,Mazda 2 2023 1 chủ mua mới đẹp zin toàn bộ giá rẻ,Mazda 2,335.0,"Bán đổi xe Mazda 2 2023 mẫu mới 1 chủ nhập khẩu Thái Lan chất lượng xe zin đẹp căng sẵn dùng , dòng xe 5 chỗ thích hợp mọi gd mọi lứa tuổi, Sử dụng mọi ngành nghề đều rất kinh tế Rất phù hợp cho mọi người làm công việc nhẹ nhàng mà đi lại siêu nhỏ gọn chất lượng tiết kiệm Xe cam kết nguyên zin toàn bộ, keo chỉ zin máy số zin chạy cực êm cực mượt Xe cá nhân ủy quyền hoặc mua bán nhanh gọn  Ai cần liên hệ alo trực tiếp xem xe, Ưu tiên người mua Sài dc xe chất lượng mà giá rẻ Xem xe trực tiếp thợ tet xe thoải mái Mua bán trao đổi các loại xe khác",82538,N/A,Thái Lan,Đã sử dụng,Bảo hành hãng,2023,1.5 Luxury,Tự động,Xăng,Sedan,Khác,N/A,N/A,N/A,N/A,N/A,N/A,N/A,N/A,> 1 tấn,> 2 tấn,car_p8_s16_1774727801,https://xe.chotot.com/mua-ban-oto-thanh-pho-thuan-an-binh-duong/130712465.htm
p8_s17_1774727810,Mazda 626 chính chủ gốc 47,Mazda 6,49.0,Mazda 626  chính chủ  máy số bao chất  lốp mới thay 4 quả mới ken  lạnh run người,55000,N/A,Nhật Bản,Đã sử dụng,Bảo hành hãng,1993,N/A,Số sàn,Xăng,N/A,N/A,N/A,N/A,N/A,N/A,N/A,N/A,N/A,N/A,> 1 tấn,> 2 tấn,car_p8_s17_1774727810,https://xe.chotot.com/mua-ban-huyen-cu-m-gar-dak-lak/130888041.htm
p8_s18_1774727818,Mazda CX5 2017 2.5 full 1 chủ siêu kute siêu đẹp,CX-5,495.0,"Bán nhanh xe Mazda cx5 2017 2.5 full cao cấp 1 chủ cực zin đẹp không tì vết 1 trước *** trên thị trường, nhìn là mê, ngắm không rời mắt, sử dụng thể hiện cá tính riêng biệt Dòng xe 5 chỗ cao cấp sang trọng cho mọi gia đình, Full chức năng, gầm máy số zin đẹp như mới nên đi cực kỳ êm sướng nhẹ bốc Xe chỉ dành cho anh chị em đam mê khos kiếm chiếc thứ 2 Có trao đổi các loại xe khác  Ai cần alô trực tiếp không nhắn tin  Bao tét hãng thợ thầy các kiểu Giấy tờ chính chủ ký giao dịch ngay",60258,N/A,Việt Nam,Đã sử dụng,Bảo hành hãng,2017,2.5 AT 2WD,Tự động,Xăng,SUV / Cross over,5,2WD,188 HP @5700 RPM,250Nm @3200 RPM,2.5,6.7,2,N/A,5,> 1 tấn,> 2 tấn,car_p8_s18_1774727818,https://xe.chotot.com/mua-ban-thanh-pho-thuan-an-binh-duong/130656395.htm
p9_s0_1774727836,Mazda CX-30 2023 Luxury 43.000km Đen,CX-30,615.0,"🚗✨ Mazda CX-30 Luxury 2023 – Form đẹp, máy êm, giá mềm cho anh em chốt nhanh!  🔹 Mazda CX-30 Luxury 2023 🔹 Odo: 43.000km 🔹 Giá: 6xx triệu  Dòng CUV quốc dân – thiết kế trẻ trung, gầm cao linh hoạt, chạy phố hay đi tỉnh đều cực kỳ hợp lý.  💎 Trang bị nổi bật: ✔️ Đèn Full LED trước/sau ✔️ Màn hình trung tâm - Apple CarPlay - Androi Auto ✔️ Ghế da cao cấp ✔️ Điều hòa tự động ✔️ Cruise Control ✔️ Camera lùi, cảm biến hỗ trợ đỗ xe  Xe zin đẹp, máy số nguyên bản, nội thất giữ gìn kỹ – mua về sử dụng ngay.  🤝 Cam kết: ✔️ Không đâm đụng – Không ngập nước ✔️ Bao check hãng hoặc gara theo yêu cầu ✔️ Hỗ trợ ngân hàng lên đến 70%  📞 Liên hệ: ***  Nhanh tay inbox hoặc gọi trực tiếp để xem xe và thương lượng giá ***!  #MazdaCX30 #CX30Luxury2023 #XeCuGiamGia #OtoLuot #XeDepGiaTot",43000,Có,Thái Lan,Đã sử dụng,Bảo hành hãng,2023,N/A,Tự động,Xăng,Pick-up (bán tải),5,N/A,N/A,N/A,N/A,N/A,N/A,N/A,N/A,> 1 tấn,> 2 tấn,car_p9_s0_1774727836,https://xe.chotot.com/mua-ban-thanh-pho-thu-duc-tp-ho-chi-minh/131330727.htm
p9_s1_1774727845,MAZDA 2 LUXURY 2019 SIU CỌP,Mazda 2,365.0,"CẦN BÁN MAZDA2 LUXURY 2019 XE CỌP ĐI ÍT  Ưu đãi: ✅ Hỗ trợ vay ngân hàng 60% định giá.  ✅ Bao test hãng toàn quốc.  ✅ Bảo hành từ 3 - 6 tháng.  ✅ Tặng spa bảo dưỡng, khi giao xe.  ✅ Nhận trao đổi bù trừ xe khác.  ✅ Giao xe tận nơi toàn quốc.   🚩 Xem xe tại KĐT Vạn Phúc, Thủ Đức, TpHCM.   👉 TƯ VẤN NHIỆT TÌNH - HỖ TRỢ HẾT MÌNH !!!  ☎️ Vui lòng liên hệ số điện thoại bên dưới để được tư vấn chi tiết.",36000,Có,Việt Nam,Đã sử dụng,Bảo hành hãng,2019,Luxury,Tự động,Xăng,Hatchback,Khác,N/A,N/A,N/A,N/A,N/A,N/A,N/A,N/A,> 1 tấn,> 2 tấn,car_p9_s1_1774727845,https://xe.chotot.com/mua-ban-thanh-pho-thu-duc-tp-ho-chi-minh/130987704.htm
p9_s2_1774727855,Mazda3 -1.5AT Luxury sport cuối 2024 biển 30/5 số,Mazda 3,595.0,"Em cần bán Mazda3 - 1.5 AT Luxury Sport 2024, màu xanh Cavasai, đăng ký cuối năm 2024 tại Hà Nội, biển 30/ 5 số . Xe nhà mua về xác định đi lâu dài nên giữ hơn cả giữ Vàng Miếng ....😄 Đi cực ít, ODO mới 8.000 km – chủ yếu đi cà phê với đưa đón gia đình, chưa kịp “hành” em nó. Tình trạng thì e nói thật : gần như xe mới trong hãng chạy ra. Sơn zin 100%, nội ngoại thất nguyên bản, không lỗi, không va quệt , không ngập nước. Bác nào khó tính cứ dẫn thợ check thoải mái, sai em xin tặng luôn tiền xăng 😄Máy móc êm ru, đi đầm, tiết kiệm xăng. Bản Luxury Sport nên đồ đạc đầy đủ, không thiếu gì cho nhu cầu đi gia đình hay đi làm hàng ngày. Bán đi em cũng tiếc lắm, nhưng cần đổi xe to hơn nên đành tìm chủ mới chăm em nó tiếp. Bác nào đang tìm xe đẹp, không phải nghĩ nhiều, mua về chỉ việc đổ xăng là chạy thì alo em .  Xem xe tại Hà Nội  Em Minh Châu",8000,N/A,Đang cập nhật,Đã sử dụng,Bảo hành hãng,2024,N/A,Tự động,Xăng,N/A,N/A,N/A,N/A,N/A,N/A,N/A,N/A,N/A,N/A,> 1 tấn,> 2 tấn,car_p9_s2_1774727855,https://xe.chotot.com/mua-ban-quan-bac-tu-liem-ha-noi/131135594.htm
p9_s3_1774727865,Mazda CX5 2014 Trắng,CX-5,410.0,"Bán xe nhà CX5, xe màu trắng, sản xuất 2014. Bảo dưỡng hẵng đinh kỳ. Xe xăng 2.0 L, đẵ đi 130000km. Tiếp khách thiện chí. Biển số TPHCM Tặng bảo hiểm 1 năm, phù hợp cho tài mới",111500,N/A,Đang cập nhật,Đã sử dụng,Bảo hành hãng,2014,N/A,Tự động,Xăng,N/A,N/A,N/A,N/A,N/A,N/A,N/A,N/A,N/A,N/A,> 1 tấn,> 2 tấn,car_p9_s3_1774727865,https://xe.chotot.com/mua-ban-quan-tan-binh-tp-ho-chi-minh/131052680.htm
p9_s4_1774727871,Mazda CX-30 2024 Luxury 2.0 AT - 14000 km,CX-30,640.0,Cần bán xe mazda cx30 xe gia đinh mua mới 2024 luxury xe rat mới xe luot iit sử dung . Sơn zin nguyen chiec . Kg lổi nhỏ . Tiet kiem xăng Tiện lợi cho gd va kinh doanh . Chinh chủ cà vec . Xem xe nga 4 thủ đức. Dt ***,14000,N/A,Thái Lan,Đã sử dụng,Bảo hành hãng,2024,Luxury 2.0 AT,Tự động,Xăng,SUV / Cross over,5,N/A,N/A,N/A,N/A,N/A,N/A,N/A,N/A,> 1 tấn,> 2 tấn,car_p9_s4_1774727871,https://xe.chotot.com/mua-ban-thanh-pho-thu-duc-tp-ho-chi-minh/131323216.htm
p9_s5_1774727879,Mazda CX5 2021 Luxury 2.0 AT 70000 km,CX-5,685.0,Mazda Cx5 Luxury 2.0 AT 2021 Lăng Bánh 2022  Xe Lăng bánh Chuẩn 7v   Lốp Mới Thay Cả Dàn / Sơ Cua Chưa Hạ  Ngoại Thất Màu Trắng Sơn Rin 95% Mới Keng Nội Thất Dùng Rất kĩ Còn Mới / Siu Mới Còn Chưa Bóc  Máy Số Nguyên Rin Xe Rất Đẹp   Và Chắc Chắn K Lỗi ( Bao Ckek Mọi Nơi )   Hỗ Trợ Bank Thoai mái Hoặc Đổi Xe Ace Qtam Lh Em Tín ***  Showroom ÔTô-Xe Máy-Xe Điện Tín Sỹ,70000,Có,Đang cập nhật,Đã sử dụng,Bảo hành hãng,2021,2.0 Luxury,Tự động,Xăng,SUV / Cross over,Khác,N/A,N/A,N/A,N/A,N/A,N/A,N/A,N/A,> 1 tấn,> 2 tấn,car_p9_s5_1774727879,https://xe.chotot.com/mua-ban-huyen-krong-buk-dak-lak/131452647.htm
p9_s6_1774727888,Mazda CX-5 2021 2.0 Premium Đỏ,CX-5,679.0,"CX-5 2.0 Premium 2021 Màu Đỏ Soul Red Crystal Một Chủ Mua Mới Km: 52.000, bệ bước,Hud kính, 10 loa Bose, Cruise control, Apple Carplay,4 vỏ mới tinh, sơ cua chưa lăn, cốp điện, cửa sổ trời...Vvv Hỗ trợ Bank 70% giá trị xe  - 𝗖𝗮𝗺 𝗸𝗲̂́𝘁 𝗞𝗵𝗼̂𝗻𝗴 đ𝗮̂𝗺 đ𝘂̣𝗻𝗴, 𝗡𝗴𝗮̣̂𝗽 𝗻𝘂̛𝗼̛́𝗰 - Đ𝗼̣̂𝗻𝗴 𝗰𝗼̛,𝗵𝗼̣̂𝗽 𝘀𝗼̂́ 𝗻𝗴𝘂𝘆𝗲̂𝗻 𝗯𝗮̉𝗻 - 𝗕𝗮̉𝗼 𝗵𝗮̀𝗻𝗵 𝟲 𝘁𝗵𝗮́𝗻𝗴 𝗰𝗵𝗼 𝘅𝗲 𝗯𝗮́𝗻 𝗿𝗮  - 𝗕𝗮𝗼 𝘁𝗲𝘀𝘁 𝗵𝗮̃𝗻𝗴, 𝗚𝗶𝗮𝗼 𝘅𝗲 𝘁𝗼𝗮̀𝗻 𝗤𝘂𝗼̂́𝗰 Showroom: 655 ĐT 747, Bình Mỹ, Bắc Tân Uyên, Bình Dương • 📍https://maps.app.goo.gl/GJwKCou6quXdr7JSA?g_st=iz • 📞 Hotline:  #ÔTôQuânBồBìnhDương",52000,Có,Việt Nam,Đã sử dụng,Bảo hành hãng,2021,2.0 Premium,Tự động,Xăng,SUV / Cross over,Khác,N/A,N/A,N/A,N/A,N/A,N/A,N/A,N/A,> 1 tấn,> 2 tấn,car_p9_s6_1774727888,https://xe.chotot.com/mua-ban-huyen-bac-tan-uyen-binh-duong/131326385.htm
p9_s7_1774727897,Mazda CX5 2018 Premium Đen,CX-5,550.0,"nhập đội CX5 2018 form mới bản premium, 1 chủ từ đầu sử dụng xe full đồ chơi các kiểu dành cho dân chơi nhìn phát yêu ngay, option nhiều không đếm hết anh chị quan tâm gọi",88000,Có,Việt Nam,Đã sử dụng,Bảo hành hãng,2018,2.5 AT 2WD,Tự động,Xăng,SUV / Cross over,5,2WD,188 HP @5700 RPM,250Nm @3200 RPM,2.5,6.7,N/A,N/A,5,> 1 tấn,> 2 tấn,car_p9_s7_1774727897,https://xe.chotot.com/mua-ban-thanh-pho-pleiku-gia-lai/131451866.htm
p9_s8_1774727908,Xe Mazda CX5 Luxury 2.0 AT 2025 - 789 Triệu,CX-5,789.0,"CX5 2.0 Luxury sx cuối 2025 đi chưa đầy 8000km zin. Gương chiếu hậu tích hợp gập điện tự động, chỉnh điện & đèn LED báo rẽ. Cốc điện ,âm thanh cao cấp: Hệ thống âm thanh với 10 loa, hỗ trợ kết nối Bluetooth và tích hợp Apple CarPlay/Android Auto. Với hệ thống giải trí, màn hình giao diện Mazda Connect tích hợp khả năng kết nối Apple Carplay không dây đi kèm với khả năng kết nối Android Auto có dây. Hệ thống âm thanh tiêu chuẩn với 6 loa Bose.hỗ trợ vay vốn đến 75%.",8000,Có,Nước khác,Đã sử dụng,Bảo hành hãng,2025,Luxury 2.0 AT,Tự động,Xăng,SUV / Cross over,Khác,N/A,N/A,N/A,N/A,N/A,N/A,N/A,N/A,> 1 tấn,> 2 tấn,car_p9_s8_1774727908,https://xe.chotot.com/mua-ban-quan-nam-tu-liem-ha-noi/131090970.htm
p9_s9_1774727917,Mazda 6 2014 2.5 nhập Nhật - 90000 km,Mazda 6,385.0,E cần bán mazda 6 bản full 2.5 . Xe gia đình đi kỹ nên còn rất mới . Cam kết ko tai nạn ko ngập nước . Máy ôố nguyên zin chưa đụng chạm bất kỳ con ốc nào . Nước sơn bóng mới . Đẹp ko trầy xước . Xem xe tại nhà em,90000,N/A,Nhật Bản,Đã sử dụng,Bảo hành hãng,2014,2.5 L,Tự động,Xăng,Sedan,5,FWD,108 Hp @ 6500 RPM,184Nm @ 4000 RPM,2,N/A,2,N/A,4,> 1 tấn,> 2 tấn,car_p9_s9_1774727917,https://xe.chotot.com/mua-ban-huyen-xuyen-moc-ba-ria-vung-tau/131276447.htm
p9_s10_1774727926,Mazda BT-50 Số sàn Cam 2 cầu,BT-50,298.0,Cần bán bt 50 số sàn 2 cầu xe đẹp k lỗi ace cần lh,150000,N/A,Đang cập nhật,Đã sử dụng,Bảo hành hãng,2015,N/A,Số sàn,Dầu,N/A,N/A,N/A,N/A,N/A,N/A,N/A,N/A,N/A,N/A,> 1 tấn,> 2 tấn,car_p9_s10_1774727926,https://xe.chotot.com/mua-ban-quan-go-vap-tp-ho-chi-minh/131430348.htm
p9_s11_1774727934,cần bán Mazda 3 2009 AT siêu đẹp nhập khẩu,Mazda 3,188.0,Cần bán Mazda 3 2009 AT nhập khẩu nguyên con về vn.xe đẹp ko lỗi mấy số em ru sang số mượt mà.noi thất da nguyên zin theo xe còn mới tinh.trang bi thêm màn hình cam de đầy đủ.gầm em ru ko mục một chỗ.nước Sơn còn mới và bóng.4 vỏ mới thay còn gay gió.xe rất lành và tiết kiem xăng.bản đủ 4 thắng đỉa abs.cửa sỗ trời.tít hợp vô lăng.ac cần xe alo em có bớt cho ac mua Sài cảm ơn,123456,N/A,Đài Loan,Đã sử dụng,Bảo hành hãng,2009,N/A,Tự động,Xăng,N/A,N/A,N/A,N/A,N/A,N/A,N/A,N/A,N/A,N/A,> 1 tấn,> 2 tấn,car_p9_s11_1774727934,https://xe.chotot.com/mua-ban-quan-tan-binh-tp-ho-chi-minh/131112800.htm
p9_s12_1774727943,Mazda CX 5 2023 2.0 Premium - 28000 km,Mazda Other,710.0,Xe không đâm đụng ngập nước. Xe gia đình đi kỷ. Xem xe bớt lộc nhẹ .,28000,N/A,Việt Nam,Đã sử dụng,Bảo hành hãng,2023,2.0 Premium,Tự động,Xăng,SUV / Cross over,Khác,N/A,N/A,N/A,N/A,N/A,N/A,N/A,N/A,> 1 tấn,> 2 tấn,car_p9_s12_1774727943,https://xe.chotot.com/mua-ban-quan-go-vap-tp-ho-chi-minh/130985821.htm
p9_s13_1774727952,Mazda CX3 Luxury 2022 Đỏ 80.000 km,CX-3,450.0,"Mazda CX3 Luxury đời 2022 màu đỏ, xe đẹp, nội thất tươi. - Odo 80.000 km, máy móc nguyên bản. - Đồng sơn đẹp, chính chủ, sang tên nhanh gọn. - Trang bị phanh tay điện tử, HUD tốc độ, đèn LED.",80000,Có,Đang cập nhật,Đã sử dụng,Bảo hành hãng,2022,N/A,Tự động,Xăng,N/A,N/A,N/A,N/A,N/A,N/A,N/A,N/A,N/A,N/A,> 1 tấn,> 2 tấn,car_p9_s13_1774727952,https://xe.chotot.com/mua-ban-thanh-pho-pleiku-gia-lai/131202980.htm
p9_s14_1774727960,Mazda CX5 2.0 Premium 2024 8000km,CX-5,789.0,"CX5 Premium 2.0 2024 siêu lướt 8000km , xe 1 chủ từ đầu Hà Nội chất lượng cao . Quý khách vui lòng liên hệ trực tiếp để có ưu đãi *** bao gồm toàn bộ chi phí sang tên và chi phí kiểm tra xe",8888,N/A,Việt Nam,Đã sử dụng,Bảo hành hãng,2024,Premium 2.0 AT,Tự động,Xăng,SUV / Cross over,Khác,N/A,N/A,N/A,N/A,N/A,N/A,N/A,N/A,> 1 tấn,> 2 tấn,car_p9_s14_1774727960,https://xe.chotot.com/mua-ban-quan-cau-giay-ha-noi/126597444.htm
p9_s15_1774727968,MAZDA 3 PREMIUM 2024 ZIN 100%,Mazda 3,630.0,"Mazda 3 pre Sơn zin 100% không lỗi nhỏ, có lỗi đền tiền 20tr đi lại  đã sử dụng 15.000km 630 xem xe TDM bình dương",15000,Có,Việt Nam,Đã sử dụng,Bảo hành hãng,2024,N/A,Tự động,Xăng,Sedan,5,N/A,N/A,N/A,N/A,N/A,N/A,N/A,N/A,> 1 tấn,> 2 tấn,car_p9_s15_1774727968,https://xe.chotot.com/mua-ban-thanh-pho-thu-dau-mot-binh-duong/131305082.htm
p9_s16_1774727976,Mazda 3 màu Trắng,Mazda 3,375.0,"💥 Mazda 3 xe dễ dùng tầm trung Trang bị: Cửa sổ nóc, điều hoà tự động, chìa khoá thông minh.... Giá 3xx triệu Thanh toán 200 triệu nhận xe. Giao xe toàn quốc, nhận xe thanh toán, bảo hành 1 năm và 10.000km",58000,N/A,Đang cập nhật,Đã sử dụng,Bảo hành hãng,2017,N/A,Tự động,Xăng,N/A,N/A,N/A,N/A,N/A,N/A,N/A,N/A,N/A,N/A,> 1 tấn,> 2 tấn,car_p9_s16_1774727976,https://xe.chotot.com/mua-ban-thanh-pho-thai-nguyen-thai-nguyen/131449719.htm
p10_s0_1774727994,Mazda CX-5 Đen 15024 km,CX-5,810.0,"Xe nữ đi , ít lái , chưa ngập , ko đụng chợt gì hết Mới đi 15024km Mazda cx5 2023 bản sport mua cuối năm 2023 đầu năm 2024 Thử tset thoải mái đảm bảo uy tín",15024,Có,Việt Nam,Đã sử dụng,Bảo hành hãng,2023,2.0 Premium Sport,Tự động,Xăng,SUV / Cross over,Khác,N/A,N/A,N/A,N/A,N/A,N/A,N/A,N/A,> 1 tấn,> 2 tấn,car_p10_s0_1774727994,https://xe.chotot.com/mua-ban-quan-thanh-khe-da-nang/131448676.htm
p10_s1_1774728001,Mazda 3 2.0 2015 Trắng 88000 Km,Mazda 3,360.0,"Mazda 3 2.0 sx 2015 lăn bánh 88 ngàn Km, nội thất da zin theo xe còn rất đẹp, Sơn zin 90%, mới thay 4 vỏ michelin, bảo dưỡng rất kỹ  Giá: 3xx OPTION theo xe: đèn pha Full led, hệ thống rửa đèn pha, đèn gầm Led, Hud Kính ( hiển thị tốc độ trên kính chắn gió,…",88000,Có,Đang cập nhật,Đã sử dụng,Bảo hành hãng,2015,2.0 AT Sedan,Tự động,Xăng,Sedan,5,FWD,155 HP @6000 RPM,200 Nm @4000 RPM,2,N/A,2,160,4,> 1 tấn,> 2 tấn,car_p10_s1_1774728001,https://xe.chotot.com/mua-ban-huyen-bac-tan-uyen-binh-duong/131448388.htm
p10_s2_1774728011,Mazda 3 sx: 2018- Odo; 79000 km- Chuẩn Km,Mazda 3,403.0,🚗 Mazda 3 SX:2018 📍ODO: 7v9 km  💰Giá Bán :403Tr (Bớt Lộc)  ✅ Xe không đâm đụng – không ngập nước ✳️Bao Rút Hồ Sơ - THU XE CŨ ĐỔI XE MỚI.. ❇️NHẬN ĐẤU GIÁ BIỂN SỐ ĐẸP —————————  🔜 Liên hệ trực tiếp 24/7: Minh Tuấn 🕹 LUXCARS _ Siêu thị ô tô lướt Sài Gòn  469 QL13 Thủ Đức TP Hồ Chí Minh,79000,N/A,Đang cập nhật,Đã sử dụng,Bảo hành hãng,2018,N/A,Tự động,Xăng,N/A,5,N/A,N/A,N/A,N/A,N/A,N/A,N/A,N/A,> 1 tấn,> 2 tấn,car_p10_s2_1774728011,https://xe.chotot.com/mua-ban-thanh-pho-thu-duc-tp-ho-chi-minh/131448361.htm
p10_s3_1774728020,Mazda 2 2018 Trắng,Mazda 2,315.0,"Mazda 2 đời 2018 màu trắng, xe nữ đi giữ gìn cẩn thận.   - Ngoại hình đẹp, nội thất sạch sẽ.   - Xe nhỏ gọn, dễ di chuyển trong phố.   - Giá 315 triệu.",131000,Có,Đang cập nhật,Đã sử dụng,Bảo hành hãng,2018,N/A,Tự động,Xăng,N/A,5,N/A,N/A,N/A,N/A,N/A,N/A,N/A,N/A,> 1 tấn,> 2 tấn,car_p10_s3_1774728020,https://xe.chotot.com/mua-ban-thanh-pho-thu-dau-mot-binh-duong/131448030.htm
p10_s4_1774728029,Mazda CX5 2019 2.0 Premium 63.000km,CX-5,655.0,"MAZDA CX5  Xe mới về bản 2.0 Premium sản xuất 2019.  - Xe 1 chủ từ đầu. - Do 63.000km. - Xe trang bị bao gồm: Stat/Stop, Cửa nóc, điều hoà tự động, màn hình, camera lùi, cảm biến, tích hợp điều khiển vô lăng, phanh tay điện tử, Hud kính, kết nối ngoại vi, ghế điện, nhớ ghế, cốp điện, và nhiều tính năng khác….. Bao TEST Hãng, hoặc khách hàng chỉ định ✓ Đây là Mẫu Xe Lịch Lãm Siêu Bền Bỉ & Siêu Tiết Kiệm Không Đối Thủ - Kiểu Dáng Sang Trọng- Lịch Lãm - Hiện Đại . Trang bị “Ngập “ Option: - Cam kết xe nguyên bản. - Không đâm va hay ngập nước. - Giấy tờ thủ tục pháp lý rõ ràng. - Nếu phát hiện xe tai nạn bồi hoàn 100% giá trị xe. - Hỗ trợ trả góp lên đến 75% giá trị xe. - Hỗ trợ sang ttên di chuyển cho quý khách hàng ở xa. - Quý khách liên hệ trực tiếp để biết thêm chi tiết và trả giá.",63000,N/A,Đang cập nhật,Đã sử dụng,Bảo hành hãng,2019,2.0 Premium,Tự động,Xăng,SUV / Cross over,Khác,N/A,N/A,N/A,N/A,N/A,N/A,N/A,N/A,> 1 tấn,> 2 tấn,car_p10_s4_1774728029,https://xe.chotot.com/mua-ban-quan-long-bien-ha-noi/131448012.htm
p10_s5_1774728037,Mazda 3 2017 Trắng Tự động 315 tr,Mazda 3,315.0,"Mazda 3 sx 2017  Nhỏ gọn thích hợp để đi phố  Xe nguyên rin ,  Ưng kết nối em , nt zalo e  Em cơm ơn",6789,N/A,Đang cập nhật,Đã sử dụng,Bảo hành hãng,2017,N/A,Tự động,Xăng,N/A,5,N/A,N/A,N/A,N/A,N/A,N/A,N/A,N/A,> 1 tấn,> 2 tấn,car_p10_s5_1774728037,https://xe.chotot.com/mua-ban-quan-bac-tu-liem-ha-noi/131447983.htm
p10_s6_1774728046,Mazda CX5 2019 2.5 Premium Xanh,CX-5,595.0,"Cần bán mazda cx5 sx 2019 bản 2.5 premium cao cấp, xe đẹp không đâm đụng bơi lội, máy số nguyên rin, bản cao cấp được trang bị 2 ghế điện, cốp điện, húp kính, loa bos, lệch làn đường...bao kiểm tra gara, hãng.Ai có nhu cầu alo",76000,N/A,Đang cập nhật,Đã sử dụng,Bảo hành hãng,2019,2.5 Signature Premium 2WD,Tự động,Xăng,SUV / Cross over,Khác,N/A,N/A,N/A,N/A,N/A,N/A,N/A,N/A,> 1 tấn,> 2 tấn,car_p10_s6_1774728046,https://xe.chotot.com/mua-ban-quan-cam-le-da-nang/131447375.htm
p10_s7_1774728056,Mazda CX 5 2024 Deluxe 2.0 10000 km Xanh Dương,Mazda Other,720.0,"Do nhu cầu đi lại ít, nên tôi muốn bán xe chính chủ còn đẹp keng này. Mazda CX 5 2024 Deluxe 2.0 - 10000 km",10000,Có,Đang cập nhật,Đã sử dụng,Bảo hành hãng,2024,Deluxe 2.0 AT,Tự động,Xăng,SUV / Cross over,5,N/A,N/A,N/A,N/A,N/A,N/A,N/A,N/A,> 1 tấn,> 2 tấn,car_p10_s7_1774728056,https://xe.chotot.com/mua-ban-thanh-pho-di-an-binh-duong/131445670.htm
p10_s8_1774728064,Mazda 3 2025 1.5 AT Luxury,Mazda 3,609.0,"MAZDA 3 1.5 AT luxury 2025    👉Sản xuất :7/2025 ( 1 chủ từ mới )  👉 Giá bán : 609 triệu  ⚡️ Màu Xanh Cavansite Blue  ⚡️ ODO lướt :10.000 km  ⚡️ Option theo xe : nguyên rin  ———————————————— ⛔️⛔️ Salon viết giấy cam kết 💯💯  📌 Không cấn đụng  📌 Máy móc nguyên bản 📌 Không thuỷ kích 📌 Không lỗi phạt nguội   🔎🔎 Test ra lỗi Salon hoàn tiền 100% ‼️  💵 💵 Hỗ trợ vay 70%giá trị xe , lãi suất thấp, thủ tục nhanh gọn.  ———————————————— ♥️♥️ 𝐇𝐀̉𝐈 𝐕𝐀̂𝐍 𝐀𝐔𝐓𝐎 ♥️♥️  ☎️ Hotline/ Zalo: *** - *** 🌐 Địa chỉ: Showroom 1 : 821 Nguyễn Hữu Thọ,Khuê Trung, Cẩm Lệ , TP Đà Nẵng  Showroom 2 : 52, 54, 56 Phạm Tứ, Khuê Trung, Cẩm Lệ , TP Đà Nẵng",10000,Có,Việt Nam,Đã sử dụng,Bảo hành hãng,2025,1.5L Luxury,Tự động,Xăng,Hatchback,Khác,N/A,N/A,N/A,N/A,N/A,N/A,N/A,N/A,> 1 tấn,> 2 tấn,car_p10_s8_1774728064,https://xe.chotot.com/mua-ban-quan-cam-le-da-nang/131444311.htm
p10_s9_1774728073,Mazda CX-5 2.0 Premium Sprot 2024,CX-5,823.0,"🚗Mazda CX5 2.0 Premium Sport -Đời 2024 -Màu đen -odo : 15.825 km -Giá chào bán : 823 triệu 💵Giảm tiền mặt trực tiếp 🎁 🎁Hỗ trợ trả góp 70% với lãi xuất cực kì ưu đãi 👉Carpla cam kết chuẩn odo 👉Máy móc nguyên zin 👉Không đâm đụng , không thuỷ kích ✅Khuyến khích khách hàng mang check hãng ✅Bảo hành 12 tháng hoặc 20.000km 📱: *** (Minh Tân ) 🎯Địa chỉ: Automall Carpla Tân Phú - 314 Lũy Bán Bích, P. Hòa Thạnh, Q. Tân Phú, TPHCM",16017,Có,Việt Nam,Đã sử dụng,Bảo hành hãng,2024,Premium Sport 2.0 AT,Tự động,Xăng,SUV / Cross over,Khác,N/A,N/A,N/A,N/A,N/A,N/A,N/A,N/A,> 1 tấn,> 2 tấn,car_p10_s9_1774728073,https://xe.chotot.com/mua-ban-quan-tan-phu-tp-ho-chi-minh/130366493.htm
p10_s10_1774728081,Mazda CX5 2021 Premium 1 chủ FUIL kịch cao cấp,CX-5,685.0,"Bán CX5 sx cuoi 2021 bản cao cap nhất, premium, 1 chủ xe zin ko lôi, trang bị 6 túi khí cân bằng điện tử, cruse ga tu dong, 2 ghế điện, nhớ vị trí ghế, gat mua tu động, cảm bien quanh xe , cảnh báo dẽ tren gương, HUD hiển thị km trên kính, loa BOSE ,gia 685 tr bao rút hồ sơ nhanh gọn thanks",60000,N/A,Việt Nam,Đã sử dụng,Bảo hành hãng,2021,N/A,Tự động,Xăng,N/A,5,N/A,N/A,N/A,N/A,N/A,N/A,N/A,N/A,> 1 tấn,> 2 tấn,car_p10_s10_1774728081,https://xe.chotot.com/mua-ban-huyen-bao-lam-lam-dong/131067382.htm
p10_s11_1774728090,Mazda 3 1.5AT sản xuất 2016 giá chỉ 355tr.,Mazda 3,355.0,"🚘 Mazda 3 1.5AT sản xuất 2016 full đồ chơi giá 355tr.  📝 Odo 86km xe cá nhân gia đình dùng, cam kết bằng văn bản chất lượng xe không cấn đụng, không ngập nước, máy móc nguyên bản, keo chỉ nguyên bản.  🎉 Full đồ chơi: Cửa sổ trời, màn android 15inch lớn, đèn pha 4 bi led, đèn daylight led, đèn hậu led, bi gầm led, ca lăng kim cương, ốp heo, ốp lẫy số, full nt da kem, trần da lộn, film cách nhiệt, mâm sơn đen, 2 chìa khóa,...  ☎️*** - Auto 2K ✅ Xem xe TP. Thủ Đức, HCM.",86,Có,Việt Nam,Đã sử dụng,Bảo hành hãng,2016,1.5 AT,Tự động,Xăng,Sedan,5,N/A,N/A,N/A,N/A,N/A,N/A,N/A,N/A,> 1 tấn,> 2 tấn,car_p10_s11_1774728090,https://xe.chotot.com/mua-ban-thanh-pho-thu-duc-tp-ho-chi-minh/131343119.htm
p10_s12_1774728100,Mazda Mazda2 2018 1.5AT Đỏ 11 Vạn Zin Siêu Mới,Mazda 2,339.0,"Em Cần Bán Mazda2 2018 1.5AT Sedan Đỏ biển hà nội , xe đẹp , chính chủ lăn bánh 11 vạn km zin siêu mới , nội thất zin căng đét , vô lăng củ số zin , trần nỉ zin mới tinh , lốp mới thay 4 quả 2025 , sơn zin còn khá nhiều Option full - ghế da - màn bình cam lùi - điều hoà auto - chìa khoá thông minh - tích hợp vô lăng - lazzang đúc thể thao - chế độ lái sport - cân bằng điện tử ...vv Xe bán cam kết bằng văn bản - máy móc nguyên bản - không tai nạn - không ngập nước - khung gầm nguyên bản Bao check test hãng hoặc gara toàn quốc - Xe bán có hỗ trợ trả góp tôi đa - Xe bán có hỗ trợ rút hồ sơ gốc - Xe bán có nhận đổi các xe cũ giá cao Anh em quan tâm liên hệ Hotline - Kiên Xe Tốt Đc : 2 Nghĩa Tân - Cầu Giấy - Hà Nội",110000,Có,Việt Nam,Đã sử dụng,Bảo hành hãng,2018,1.5 AT Sedan,Tự động,Xăng,Hatchback,5,FWD,102 HP @6000 RPM,135 Nm @4000 RPM,1.5,5,N/A,155,5,> 1 tấn,> 2 tấn,car_p10_s12_1774728100,https://xe.chotot.com/mua-ban-quan-cau-giay-ha-noi/131227120.htm
p10_s13_1774728109,Mazda 6 sx 2020 model 2021 2.0 Luxury 8000 km,Mazda 6,565.0,Gia đình cần bán Mazda 6 2.0 Luxury sx 2020 model 2021 8v km. Cam kết Không đâm đụng ngập nước máy số nguyên bản xe sx 12/2020,8000,N/A,Đang cập nhật,Đã sử dụng,Bảo hành hãng,2020,2.0L Luxury,Tự động,Xăng,Sedan,5,N/A,N/A,N/A,N/A,N/A,N/A,N/A,4,> 1 tấn,> 2 tấn,car_p10_s13_1774728109,https://xe.chotot.com/mua-ban-huyen-gia-lam-ha-noi/131441690.htm
p10_s14_1774728116,Mazda 2 2016 1.5 AT Sedan Xe Gia Đình chính chủ,Mazda 2,300.0,"——THÔNG TIN XE——  • Hiệu xe: Mazda2  • Moden: 2016  • Màu xe: Trắng  • Động cơ : 1.5- Số Tự Động  • ODo: 56ngan/km —————————————————— • Tình Trạng : xe zin chính chủ Gia Đình sử Dụng ít Đi , không kinh Doanh  • Trạng Bị : Màng Hình lớn Zetes Fun Chức năng + Camara Hành Trình + Camra De cảm biển + 4 Vỏ Mới thay mới..v..v… 💰💵 bay nhanh: 299tr",56899,N/A,Việt Nam,Đã sử dụng,Bảo hành hãng,2016,1.5 AT Sedan,Tự động,Xăng,Sedan,5,FWD,102 HP @6000 RPM,135 Nm @4000 RPM,1.5,5,2,143,5,> 1 tấn,> 2 tấn,car_p10_s14_1774728116,https://xe.chotot.com/mua-ban-quan-go-vap-tp-ho-chi-minh/130852621.htm
p10_s15_1774728124,Mazda 2 2019 TRÙM MỀN đi 30 ngàn 1 chủ từ đầu,Mazda 2,378.0,"Mazda 2 2019 nhập Thái Lan một chủ mua mới từ đầu đăng ký tháng 12/2019 đi đúng 30 ngàn km bảo dưỡng full lịch sử 4 vỏ theo xe, sơ cua chưa hạ giá bán xem xe còn thương lượng",30000,N/A,Thái Lan,Đã sử dụng,Bảo hành hãng,2019,Premium Sedan,Tự động,Xăng,Sedan,5,FWD,109 HP @6000 RPM,141Nm @ 4000 rpm,1.5,5.7,N/A,143,4,> 1 tấn,> 2 tấn,car_p10_s15_1774728124,https://xe.chotot.com/mua-ban-thanh-pho-thu-dau-mot-binh-duong/131441215.htm
p10_s16_1774728134,gia đình bán mazda2 xe đẹp sử dụng cẩn thận,Mazda 2,210.0,"Bán Mazda 2 màu trắng, xe 5 chỗ, số tự động, dùng xăng.  - Thiết kế trẻ trung, nhỏ gọn, dễ di chuyển trong phố.  - Nội thất tiện nghi, vận hành êm ái.  - Xe giữ gìn cẩn thận,bảo dưỡng định kỳ",1,N/A,Đang cập nhật,Đã sử dụng,Bảo hành hãng,2012,N/A,Tự động,Xăng,N/A,5,N/A,N/A,N/A,N/A,N/A,N/A,N/A,N/A,> 1 tấn,> 2 tấn,car_p10_s16_1774728134,https://xe.chotot.com/mua-ban-quan-cam-le-da-nang/130004216.htm
p10_s17_1774728140,Mazda 3 2005 1.6L Vàng,Mazda 3,125.0,Mazda 3 đời 2005 máy 1.6 xe zin máy gầm chất khám mới các bác quan tâm lh,127848,N/A,Đang cập nhật,Đã sử dụng,Bảo hành hãng,2005,N/A,Tự động,Xăng,N/A,N/A,N/A,N/A,N/A,N/A,N/A,N/A,N/A,N/A,> 1 tấn,> 2 tấn,car_p10_s17_1774728140,https://xe.chotot.com/mua-ban-quan-long-bien-ha-noi/131440434.htm
p10_s18_1774728149,Mazda CX8 2020 Premium AWD Đỏ,CX-8,750.0,"*🚗 Mazda CX8 bản premium AWD SX:2020 1 chủ *. Odo 50000km full lịch sử bảo dưỡng *. Cam kết xe k đâm xô,ngập nước *. Động cơ và họp số rin 100% ** Bảo hành cửa hàng động cơ và họp số 10000km/6tháng ** Hổ trợ bank 60%_nhận đổi xe bù trừ *🕹️ Xem xe 390 Nguyễn hữu thọ Đà Nẵng",50000,Có,Đang cập nhật,Đã sử dụng,Bảo hành hãng,2020,Premium AWD,Tự động,Xăng,SUV / Cross over,7,N/A,N/A,N/A,N/A,N/A,N/A,N/A,5,> 1 tấn,> 2 tấn,car_p10_s18_1774728149,https://xe.chotot.com/mua-ban-quan-cam-le-da-nang/131412839.htm
p10_s19_1774728157,Mazda CX 5 2023 Deluxe 2.0 AT - 29000 km,Mazda Other,665.0,"Xe cá nhân 1 chủ từ mới , còn nguyên zin 100% .",29000,N/A,Việt Nam,Đã sử dụng,Bảo hành hãng,2023,Deluxe 2.0 AT,Tự động,Xăng,SUV / Cross over,Khác,N/A,N/A,N/A,N/A,N/A,N/A,N/A,N/A,> 1 tấn,> 2 tấn,car_p10_s19_1774728157,https://xe.chotot.com/mua-ban-quan-kien-an-hai-phong/131366867.htm
p11_s0_1774728175,Cx5 Premium Full Option màu trắng cực mới.,CX-5,698.0,"Ít sử dụng nên gia đình mình cần bán xe Mazda Cx5 Premium Full Option màu trắng bản cao cấp nhất đăng ký T1/2021 biển Hà Nội 30G mới đi được hơn 6v km, 4lop nguyên bản từ đầu, lốp sơ cua zin 100%,đăng kiểm đến tận năm 2028, các bạn qua xem sẽ thấy nhà mình giữ gìn thế nào. Mình đã lên một số đồ chơi hết gần 20tr : Lắp thêm cảm biến áp suất lốp loại *** trong hãng, lên mặt calang của mustang , phanh khoảng cách, lót sàn xịn nhất loại 6D..vv... Xe rất mới đầy đủ lịch sử bảo dưỡng trong hãng nên các bạn có thể test thoải mái, nay mình bán giá rất hợp lý 698tr . *Có thương lượng nhiệt tình cho bạn nào mua về sử dụng * Ko nhắn tin.",60000,N/A,Việt Nam,Đã sử dụng,Bảo hành hãng,2020,2.0 Premium,Tự động,Xăng,SUV / Cross over,5,N/A,N/A,N/A,N/A,N/A,N/A,N/A,N/A,> 1 tấn,> 2 tấn,car_p11_s0_1774728175,https://xe.chotot.com/mua-ban-quan-hai-ba-trung-ha-noi/131397543.htm
p11_s1_1774728185,Mazda CX 8 2021 Premium Siêu mới,Mazda Other,740.0,Mình cần bán Mazda CX 8 Model 2021 Sản xuất 2020 Premium Siêu mới Fom dáng sang trọng đẳng cấp chạy cực ngon xe gia đình giữ gìn cẩn thận zin đét anh chị có nhu cầu xin liên hệ,37000,Có,Việt Nam,Đã sử dụng,Bảo hành hãng,2021,Premium,Tự động,Xăng,SUV / Cross over,7,N/A,N/A,N/A,N/A,N/A,N/A,N/A,N/A,> 1 tấn,> 2 tấn,car_p11_s1_1774728185,https://xe.chotot.com/mua-ban-quan-12-tp-ho-chi-minh/130898286.htm
p11_s2_1774728194,Mazda 2 sản xuất 2017 Gia Đình,Mazda 2,286.0,"Xe bảo dưỡng đúng định kỳ, Xài kỉ máy móc Zin. gầm Zin. sơn xi liền lạc. mua bán kí nhanh chính chủ tại nhà. tiếp thiện chí",85000,Có,Đang cập nhật,Đã sử dụng,Bảo hành hãng,2017,N/A,Tự động,Xăng,N/A,4,N/A,N/A,N/A,N/A,N/A,N/A,N/A,N/A,> 1 tấn,> 2 tấn,car_p11_s2_1774728194,https://xe.chotot.com/mua-ban-quan-8-tp-ho-chi-minh/131438415.htm
p11_s3_1774728204,Mazda 6 2016 2.5 AT Full Kịch,Mazda 6,389.0,"E chính chủ cần bán  Mazda 6 2016 2.5 AT Full kịch sàn , chạy 13 vạn xịn , bao check test hãng .  Xe 1 chủ mua mới từ đầu , Full ls bảo dưỡng hãng , xe zin không lỗi .",130000,N/A,Việt Nam,Đã sử dụng,Bảo hành hãng,2016,N/A,Tự động,Xăng,N/A,N/A,N/A,N/A,N/A,N/A,N/A,N/A,N/A,N/A,> 1 tấn,> 2 tấn,car_p11_s3_1774728204,https://xe.chotot.com/mua-ban-thanh-pho-thu-duc-tp-ho-chi-minh/131410684.htm
p11_s4_1774728212,Mazda 3 2020 Luxury Đỏ Rất Đẹp,Mazda 3,485.0,"Mazda 3 Luxury 2020 Đỏ Phale Rất Đẹp 🍒  Xe Odo 8v Chuẩn  Lốp Mic Mới Thay Cả Dàn / Sơ cua chưa Hạ  Xe Nguyên Rin  Gốc 47 Đẹp K Lỗi ( Bao Ckek Mọi Nơi )  Bản Luxury Trang Bị Nhiều Option Như Ghế Da , Ghế chỉnh điện , Nhớ ghế 2 vị trí , Đèn Auto ful led , Cảm Biến An toàn ....   Giá Em Bán Chỉ 485 T Hỗ Trợ Bank 60% Hoặc Trao Đổi Các Loại Xe Lh E Tín ***",80000,Có,Việt Nam,Đã sử dụng,Bảo hành hãng,2020,1.5L Luxury,Tự động,Xăng,Sedan,5,N/A,N/A,N/A,N/A,N/A,N/A,N/A,4,> 1 tấn,> 2 tấn,car_p11_s4_1774728212,https://xe.chotot.com/mua-ban-huyen-krong-buk-dak-lak/131437840.htm
p11_s5_1774728221,Mazda CX 5 2023 Deluxe 2.0 AT - 29000 km,Mazda Other,660.0,"Cần bán! Cx5 sx 2023 deluxe! Xe 1 chủ mua từ mới! Full lịch sử hãng! Chạy chuẩn 2,9 vạn km! Xe zin k lỗi Lốp theo xe cả dàn : sơ cua chưa hạ!  Bao check tets ! Lỗi tặng 50 triệu",29000,N/A,Việt Nam,Đã sử dụng,Bảo hành hãng,2023,Deluxe 2.0 AT,Tự động,Xăng,SUV / Cross over,Khác,N/A,N/A,N/A,N/A,N/A,N/A,N/A,N/A,> 1 tấn,> 2 tấn,car_p11_s5_1774728221,https://xe.chotot.com/mua-ban-huyen-dong-hung-thai-binh/131428138.htm
p11_s6_1774728230,Mazda 2 Sport 2014 Trắng 102.000 km,Mazda 2,249.0,Mazda 2 Sport sx 2014  Odo 102.000 km  Giá rao 249tr ace hợp tài chính alo Có fix cho người thiện chí xem xe tl Xem xe tại hoà xuân đà nẵng,102000,N/A,Đang cập nhật,Đã sử dụng,Bảo hành hãng,2014,N/A,Tự động,Xăng,N/A,N/A,N/A,N/A,N/A,N/A,N/A,N/A,N/A,N/A,> 1 tấn,> 2 tấn,car_p11_s6_1774728230,https://xe.chotot.com/mua-ban-quan-cam-le-da-nang/131348036.htm
p11_s7_1774728237,Mazda 3 2016 Tự động 70.000 km Trắng,Mazda 3,368.0,MAZDA 3 2016 bản tự động odo 70.000km . Xe hoàn hảo 1 chủ mua mới từ đầu nước sơn zin cả xe . Giá 3xx . 📲:***,70000,N/A,Thái Lan,Đã sử dụng,Bảo hành hãng,2016,1.5 AT Sedan,Tự động,Xăng,Sedan,5,FWD,112 HP @6000 RPM,144 Nm @4000 RPM,1.5,5,2,160,4,> 1 tấn,> 2 tấn,car_p11_s7_1774728237,https://xe.chotot.com/mua-ban-thanh-pho-long-xuyen-an-giang/131410195.htm
p11_s8_1774728246,Mazda 3 Sedan 2023 1.5L Luxury,Mazda 3,565.0,"Đổi xe nên em cần bán Mazda 3 Sedan 1.5L Luxury 2023, Odo 3 vạn rưỡi, màu xanh cavansite. 1 chủ từ đầu. Xe bảo dưỡng đầy đủ, định kì ở hãng.  Đảm bảo nguyên zin, có làm bảo hành sơn vài lần do va quệt xước xát nhẹ Bảo hiểm thân vỏ đến hết tháng 7.2026 Đã trang bị cam lùi, cảm biến áp suất lốp steelmate, cam hành trình. Giá 565, xem xe ở Long Biên.",35000,Có,Nhật Bản,Đã sử dụng,Bảo hành hãng,2023,1.5L Luxury,Tự động,Xăng,Hatchback,Khác,N/A,N/A,N/A,N/A,N/A,N/A,N/A,N/A,> 1 tấn,> 2 tấn,car_p11_s8_1774728246,https://xe.chotot.com/mua-ban-quan-long-bien-ha-noi/131425899.htm
p11_s9_1774728252,Mazda 6 số tự động màu Bạc,Mazda 6,165.0,"Xe đẹp máy số zin.sùn chỉ đủ.không đâm đụng ngập nước,bao test, đã bảo dưỡng full.đi êm mượt.gốc sg chính chủ bao ký rút.nội thất ngoại thất đẹp.màn Android,4 vỏ Michelin mới keng.bao test,bao đi bắc nam.ai có nhu cầu alo.tiếp người thiện chí.xem xe chợ búng.",125000,Có,Việt Nam,Đã sử dụng,Bảo hành hãng,2005,N/A,Tự động,Xăng,N/A,N/A,N/A,N/A,N/A,N/A,N/A,N/A,N/A,N/A,> 1 tấn,> 2 tấn,car_p11_s9_1774728252,https://xe.chotot.com/mua-ban-thanh-pho-thuan-an-binh-duong/131436978.htm
p11_s10_1774728261,Mazda 3 2022 Deluxe Đỏ pha lê,Mazda 3,485.0,"Mazda 3 2022 bản Deluxe màu đỏ pha lê, thiết kế sang trọng, không gian rộng rãi, cảm giác lái mượt.  - Xe không đâm đụng, không ngập nước.  - Ngoại hình đẹp, xe giữ gìn cẩn thận.  Xem xe thượng lượng trực tiếp . Khách thiện chí vui lòng gọi trực tiếp .",50000,N/A,Đang cập nhật,Đã sử dụng,Bảo hành hãng,2022,1.5L Deluxe,Tự động,Xăng,Sedan,5,FWD,110 HP @ 6000 RPM,146 Nm @ 3500 RPM,1.5,7.59,7,N/A,4,> 1 tấn,> 2 tấn,car_p11_s10_1774728261,https://xe.chotot.com/mua-ban-quan-go-vap-tp-ho-chi-minh/131436215.htm
p11_s11_1774728270,Mazda 3 2017 1.5FL một chủ mới 60.000 km siêu đẹp,Mazda 3,395.0,"HÀNG HÓT LẠI VỀ, MUA MỚI MỘT CHỦ, XE TRÙM MỀN . Thông tin xe như sau: - Loại xe: Mazda 3, 1.5FL Sedan  - Năm sản xuất: 2017 model 2018, lăn bánh 01/2018 - Màu xe: Trắng Camay - Biển số: 51G-539.41, biển trắng - Số km: 60.000 km, bao test - Phụ kiện lắp thêm: dán phim, lót sàn, camera hành trình, . - Tình trạng xe: Xe không lỗi, hệ thống chức năng hoạt động tốt, vỏ xe 2023 gai cao 95%, chạy rất êm.  - Pháp lý xe: Cá nhân không kinh doanh DV. - Cam kết: Không đâm đụng, máy số zin không ngập nước, không tua km, không tranh chấp, không phạt nguội, bao rút gốc thu hồi biển số. - Giá công bố: 395 triệu - Xem xe tại 37đường 36 P. Linh Đông, TP. Thủ Đức.",60000,Có,Việt Nam,Đã sử dụng,Bảo hành hãng,2017,1.5 AT Sedan,Tự động,Xăng,Sedan,5,FWD,112 HP @6000 RPM,144 Nm @4000 RPM,1.5,5,2,160,4,> 1 tấn,> 2 tấn,car_p11_s11_1774728270,https://xe.chotot.com/mua-ban-thanh-pho-thu-duc-tp-ho-chi-minh/131436168.htm
p11_s12_1774728280,Mazda3 1.5 sx 2020 luxury,Mazda 3,490.0,"MAZDA 3 2020 LUXURY - ODO 3V KM Đời xe: Sản xuất 2020 Tình trạng: Odo 3V km (Xe chạy giữ gìn, bảo dưỡng đều, máy móc êm). Cam kết: Bao check test toàn quốc theo yêu cầu. Xe sẵn sử dụng, không cần tốn thêm chi phí bảo dưỡng.  Giá chào bán: 490Triệu (Có thương lượng sâu cho anh em thiện chí).",30000,Có,Đang cập nhật,Đã sử dụng,Bảo hành hãng,2023,1.5L Luxury,Tự động,Xăng,Hatchback,Khác,N/A,N/A,N/A,N/A,N/A,N/A,N/A,N/A,> 1 tấn,> 2 tấn,car_p11_s12_1774728280,https://xe.chotot.com/mua-ban-quan-long-bien-ha-noi/130948068.htm
p11_s13_1774728289,"Mazda 3 Luxury 2023 Trắng 17,000 km",Mazda 3,579.0,"Mazda 3 luxury 2023 Odo: 17,000km Màu trắng/ nội thất đen Xe cá nhân, full lịch sử hãng Xe không lỗi, không đâm, không ngập Bao check toàn quốc",17000,Có,Đang cập nhật,Đã sử dụng,Bảo hành hãng,2023,N/A,Tự động,Xăng,N/A,N/A,N/A,N/A,N/A,N/A,N/A,N/A,N/A,N/A,> 1 tấn,> 2 tấn,car_p11_s13_1774728289,https://xe.chotot.com/mua-ban-quan-7-tp-ho-chi-minh/131129811.htm
p11_s14_1774728297,Mazda 3 2018 Xanh đậm 58765 km,Mazda 3,420.0,"Hết tiền đổ xăng cần bán xe mazda3 cuối 2018. Xe đc trang bị thắng tay điện tử, cảm biến quanh xe, cam 360, cảm biến áp suất lốp, của sổ trời, bảo hiểm thân vỏ và nhiều tính năng khác.",58765,Có,Đang cập nhật,Đã sử dụng,Bảo hành hãng,2018,N/A,Tự động,Xăng,N/A,N/A,N/A,N/A,N/A,N/A,N/A,N/A,N/A,N/A,> 1 tấn,> 2 tấn,car_p11_s14_1774728297,https://xe.chotot.com/mua-ban-huyen-hoc-mon-tp-ho-chi-minh/131434900.htm
p11_s15_1774728305,Mazda 3 2022 1.5 Luxury Xám,Mazda 3,545.0,"Mazda 3 1.5 Luxury đời 2022 màu xám, xe còn mới, chạy êm.  - Odo 38.000 km, nguyên bản.  - Hộp số tự động, lái mượt.  - Giá 545 triệu.",38000,Có,Nước khác,Đã sử dụng,Bảo hành hãng,2022,1.5L Luxury,Tự động,Xăng,Hatchback,Khác,N/A,N/A,N/A,N/A,N/A,N/A,N/A,N/A,> 1 tấn,> 2 tấn,car_p11_s15_1774728305,https://xe.chotot.com/mua-ban-thanh-pho-di-an-binh-duong/131434865.htm
p11_s16_1774728314,Mazda Cx8 2022- 57.000km,CX-8,829.0,"🚗Mazda CX8 Premium 2022 - Odo: 57000km -Trang bị:đèn full led,cảm biến trước- sau, cảnh báo điểm mù, camera 360,mâm lốp nguyên zin theo xe,cửa sổ trời,màn hình zin theo xe, ghế da nappa,ghế tài ghế phụ chỉnh điện, nhớ ghế lái 2 vị trí, phanh tay điện tử, auto hold,cruise control,... - Giá: 829- bớt lộc, hỗ trợ bank ☎️ *** Thy",57000,N/A,Đang cập nhật,Đã sử dụng,Bảo hành hãng,2022,N/A,Tự động,Xăng,N/A,N/A,N/A,N/A,N/A,N/A,N/A,N/A,N/A,N/A,> 1 tấn,> 2 tấn,car_p11_s16_1774728314,https://xe.chotot.com/mua-ban-thanh-pho-thu-duc-tp-ho-chi-minh/131434755.htm
p11_s17_1774728323,Mazda Mazda2 2022 Deluxe 55000km Xám,Mazda 2,355.0,*. Mazda2 deluxe sx:2022 nhập thái *. Chủ xe đã vô 50triệu option  *. Odo:55000km full lịch sử hãng *. Cam kết xe k lỗi cấn đụng ngập nước *. Bảo hành cửa hàng động cơ và họp số 6tháng/10000km *. Hổ trợ trả góp 70%_nhận đổi xe bù trừ,55000,Có,Thái Lan,Đã sử dụng,Bảo hành hãng,2022,N/A,Tự động,Xăng,N/A,N/A,N/A,N/A,N/A,N/A,N/A,N/A,N/A,N/A,> 1 tấn,> 2 tấn,car_p11_s17_1774728323,https://xe.chotot.com/mua-ban-quan-cam-le-da-nang/131230218.htm
p11_s18_1774728332,MAZDA CX8 2.5 PREMIUM SX 2020 ODO 41.000 KM,CX-8,748.0,"THẾ GIỚI Ô TÔ về :   🚘 Mazda Cx8 Premium 1 cầu lướt 4 vạn km, sản xuất 2020  🔸Bảo dưỡng đầy đủ tại Hãng Mazda   🔸️Gói công nghệ an toàn cao cấp I -Activsense   .Động cơ xăng 2.5L, công suất tối đa 188 mã lực, mô men xoắn cực đại 251 Nm, hộp số tự động 6 cấp  .Thế hệ sử dụng hệ thống điều hòa tự động 3 vùng độc lập  .10 Loa Bose  .Màn hình kết nối Bluetooth , AUX, USB, APPLE CARPLAY/ Android Auto   .Cảm biến trước sau , camera 360    📍Hỗ trợ BANK - Kiểm tra xe bên đơn vị thứ 3    Cảm ơn Anh/chị đã đọc tin, vui lòng liên hệ để có thông tin chi tiết:  ————————————————————  SHOWROOM THẾ GIỚI Ô TÔ  🏠: 342- 344 PHẠM VĂN ĐỒNG F HẠNH THÔNG THÀNH PHỐ HỒ CHÍ MINH",41000,N/A,Việt Nam,Đã sử dụng,Bảo hành hãng,2020,Premium,Tự động,Xăng,SUV / Cross over,7,N/A,N/A,N/A,N/A,N/A,N/A,N/A,5,> 1 tấn,> 2 tấn,car_p11_s18_1774728332,https://xe.chotot.com/mua-ban-quan-go-vap-tp-ho-chi-minh/130845946.htm
p12_s0_1774728350,Mazda CX5 2021 Premium 60.000 km,CX-5,689.0,"Cập bến CX5 premium 2021 - Mazda CX5 premium 2021 Odo 60.000km Trang bị nhiều option: Ghế chỉnh điện, nhớ ghế, cửa sổ trời, phanh tay điện tử, hub kính, cốp điện, … - Cam kết : Xe không đâm đụng, không ngập nước, máy số, khung gầm, động cơ nguyên bản. Check test thoải mái.  Hotline : *** để em hỗ trợ và tư vấn chi tiết hơn cho anh chị nhé !",60000,N/A,Nước khác,Đã sử dụng,Bảo hành hãng,2021,N/A,Tự động,Xăng,SUV / Cross over,5,N/A,N/A,N/A,N/A,N/A,N/A,N/A,N/A,> 1 tấn,> 2 tấn,car_p12_s0_1774728350,https://xe.chotot.com/mua-ban-thanh-pho-thu-duc-tp-ho-chi-minh/131433662.htm
p12_s1_1774728358,MAZDA CX30 - ƯU ĐÃI GIẢM GIÁ - QUÀ TẶNG BH THÂN VỎ,CX-30,679.0,"𝐍𝐄𝐖 𝐌𝐀𝐙𝐃𝐀 CX-30 giảm giá 10TR nay chỉ từ 684 TRIỆU với các hỗ trợ :  ✅ Ưu đãi giảm giá + Quà tặng phụ kiện + BHVC xe  ✅ Hỗ trợ trả trước chỉ từ 225TR nhận xe ✅ Hỗ trợ ngân hàng tới 85% - Lãi suất ưu đãi 6.5% ✅ Bảo hành 5 năm hoặc 150 000km ✅ Hỗ trợ lái thử miễn phí, tận nhà  🎁 Tặng Film cách nhiệt của Mỹ, thảm lót chân, lót cốp, baga mui, ốp cảng sau, xăng nhiên liệu, miễn phí công bảo dưỡng, dù cầm tay Mazda,… và nhiều quà tặng giá trị cao khi liên hệ xem xe trực tiếp tại Showroom ——————————————— 📲Liên hệ: *** - em Thành Mazda để nhận ưu đãi và hỗ trợ ngay",N/A,N/A,Thái Lan,Mới,Bảo hành hãng,2025,N/A,Tự động,Xăng,SUV / Cross over,5,N/A,N/A,N/A,N/A,N/A,N/A,N/A,N/A,N/A,N/A,car_p12_s1_1774728358,https://xe.chotot.com/mua-ban-quan-tan-phu-tp-ho-chi-minh/122649645.htm
p12_s2_1774728367,Mazda 3 2023 1.5L Sport Premium 1 chủ từ đầu,Mazda 3,645.0,"𝐌𝐚𝐳𝐝𝐚 𝟑 𝟏.𝟓𝐋 𝐒𝐩𝐨𝐫𝐭 𝐏𝐫𝐞𝐦𝐢𝐮𝐦 𝟐𝟎𝟐𝟑 lướt 1 chủ từ đầu biển Saigon Odo 31.000km, vỏ theo xe, sơ cua chưa hạ 🧧 : 6.4.5 ( còn thương lượng )  Bao rút hồ sơ gốc   Hỗ trợ bank 70%  🤝 Cam kết chất lượng xe  📍 Xem xe Thủ Đức ( TPHCM ) ☎️ L.H : *** ( Bá Lộc )",31000,N/A,Việt Nam,Đã sử dụng,Bảo hành hãng,2023,1.5L Sport Premium,Tự động,Xăng,Hatchback,Khác,N/A,N/A,N/A,N/A,N/A,N/A,N/A,N/A,> 1 tấn,> 2 tấn,car_p12_s2_1774728367,https://xe.chotot.com/mua-ban-thanh-pho-thu-duc-tp-ho-chi-minh/130900122.htm
p12_s3_1774728376,Mazda CX-30 2023 Luxury Xanh đen,CX-30,625.0,🚗 Mazda CX-30 Luxury – đời 2023 siêu đẹp về hàng ✨ Màu xanh đen sang trọng – rất hiếm ✨ Odo: 45.000 km – xe đi giữ gìn ✨ Phiên bản Luxury – option đầy đủ ✅ Cam kết không đâm đụng – không ngập nước ✅ Bao check hãng toàn quốc ✅ Hỗ trợ bank – duyệt hồ sơ nhanh,45000,N/A,Đang cập nhật,Đã sử dụng,Bảo hành hãng,2023,Luxury 2.0 AT,Tự động,Xăng,SUV / Cross over,Khác,N/A,N/A,N/A,N/A,N/A,N/A,N/A,N/A,> 1 tấn,> 2 tấn,car_p12_s3_1774728376,https://xe.chotot.com/mua-ban-quan-7-tp-ho-chi-minh/131433376.htm
p12_s4_1774728383,Mazda Mazda3 2016 Xanh 90000 km,Mazda 3,359.0,— Mazda3 sx 2016 xanh Cavansai . gốc sg chuẩn zin đét  — Odo 9v km . 4 vỏ lốp dày cui . Xe mua về đúng nghĩa đổ xăng là đi tết . — Cam kết ko tai nạn - ko ngập nước . máy zin số zin - nắp dàn cò zin chưa mở - chân máy zin . Keo chỉ ko mất phân nào . Còn đủ 2 remost  — Nâng cấp đèn led siu sáng . Bánh sơ cua zin chưa hạ,92000,N/A,Việt Nam,Đã sử dụng,Bảo hành hãng,2016,N/A,Tự động,Xăng,Sedan,5,N/A,N/A,N/A,N/A,N/A,N/A,N/A,N/A,> 1 tấn,> 2 tấn,car_p12_s4_1774728383,https://xe.chotot.com/mua-ban-huyen-hoc-mon-tp-ho-chi-minh/131265362.htm
p12_s5_1774728391,Mazda 3 HB FL 2017 Trắng,Mazda 3,405.0,"✅Loại xe: MAZDA 3 HB FL ✅Hộp số: Số tự động ✅Năm sản xuất: 2017 (1 chủ) ✅Màu: Trắng ✅Nội thất : Đen (ghế da zin theo xe) ✅Biển số: 51G-418.47 ✅Số km: 47.000km (full lịch sử hãng) ✅Phụ kiện lắp thêm: Dán phim, thảm lót sàn, 4 lốp michelin, camera hành trình, cảm biến áp suất lốp. ✅Pháp lý xe: Cá nhân. ✅Tình trạng xe: Nội ngoại thất hoàn hảo, sạch sẽ. ✅Cam kết: Không cấn đụng, không ngập nước, không tua odo, không phạt nguội hay tranh chấp. ✅Đăng kiểm: 05/2026",47000,Có,Nước khác,Đã sử dụng,Bảo hành hãng,2017,N/A,Tự động,Xăng,Hatchback,N/A,N/A,N/A,N/A,N/A,N/A,N/A,N/A,N/A,> 1 tấn,> 2 tấn,car_p12_s5_1774728391,https://xe.chotot.com/mua-ban-quan-go-vap-tp-ho-chi-minh/131082304.htm
p12_s6_1774728400,Mazda CX5 2017 2.5 Full Nâu,CX-5,465.0,"bán xe cx5 2017 2.5 full 2 ghế điện , cốp điện , kiếng cửa lên tự động xe đẹp zin ko lỗi nhỏ ae quan tâm xin gọi đt để xem xe",130,Có,Đang cập nhật,Đã sử dụng,Bảo hành hãng,2017,2.5 AT 2WD,Tự động,Xăng,N/A,5,2WD,188 HP @5700 RPM,250Nm @3200 RPM,2.5,6.7,2,N/A,5,> 1 tấn,> 2 tấn,car_p12_s6_1774728400,https://xe.chotot.com/mua-ban-thi-xa-phu-my-ba-ria-vung-tau/131191427.htm
p12_s7_1774728409,NEW MAZDA CX3 - ƯU ĐÃI TIỀN MẶT - PHỤ KIỆN XE,CX-3,529.0,"𝐍𝐄𝐖 𝐌𝐀𝐙𝐃𝐀 CX-3 giảm giá nay chỉ từ 529 TRIỆU với các hỗ trợ :  ✅ Ưu đãi giảm giá + Quà tặng phụ kiện ✅ Hỗ trợ trả trước chỉ từ 180TR nhận xe ✅ Hỗ trợ ngân hàng tới 85% - Lãi suất ưu đãi 6.5% ✅ Bảo hành 5 năm hoặc 150 000km ✅ Hỗ trợ lái thử miễn phí, tận nhà  🎁 Tặng Film cách nhiệt của Mỹ, thảm lót sàn, lót cốp, baga mui, ốp cảng sau, xăng nhiên liệu, miễn phí công bảo dưỡng, dù cầm tay Mazda,… và nhiều quà tặng giá trị cao khi liên hệ xem xe trực tiếp tại Showroom ——————————————— 📲Liên hệ: *** - em Thành Mazda để nhận ưu đãi và hỗ trợ ngay",N/A,N/A,Việt Nam,Mới,Bảo hành hãng,2025,N/A,Tự động,Xăng,SUV / Cross over,5,N/A,N/A,N/A,N/A,N/A,N/A,N/A,N/A,N/A,N/A,car_p12_s7_1774728409,https://xe.chotot.com/mua-ban-quan-tan-phu-tp-ho-chi-minh/116638772.htm
p12_s8_1774728417,Mazda 2 2026 1.5 AT,Mazda 2,400.0,Ưu đãi tiền mặt lên đến 18 Triệu Đồng + Bảo Hiểm Thân Vỏ + Phủ Ceramic + Camera hành trình. Các quà tặng chính hãng cao cấp  - Hỗ trợ ngân hàng lên đến 85% - Hồ sơ nhanh gọn - lãi xuất thấp - Hỗ trợ tư vấn - lái thử tại nhà - Xe sẵn giao ngay - Đủ các màu và phiên bản,N/A,N/A,Việt Nam,Mới,Bảo hành hãng,2026,N/A,Tự động,Xăng,Hatchback,5,N/A,N/A,N/A,N/A,N/A,N/A,N/A,N/A,N/A,N/A,car_p12_s8_1774728417,https://xe.chotot.com/mua-ban-quan-tan-phu-tp-ho-chi-minh/128127011.htm
p12_s9_1774728425,Mazda CX 5 2026 Deluxe 2.0 AT,Mazda Other,709.0,MAZDA CX5 DELUXE mới 100% sx 2026 Ưu đãi tiền mặt lên đến 50 Triệu Đồng + Bảo Hiểm Thân Vỏ + Phủ Ceramic + Camera hành trình. Các quà tặng chính hãng cao cấp - Hỗ trợ ngân hàng lên đến 85% - Hồ sơ nhanh gọn - lãi xuất thấp - Hỗ trợ tư vấn - lái thử tại nhà - Xe sẵn giao ngay - Đủ các màu và phiên bản,N/A,N/A,Việt Nam,Mới,Bảo hành hãng,2026,N/A,Tự động,Xăng,SUV / Cross over,5,N/A,N/A,N/A,N/A,N/A,N/A,N/A,N/A,N/A,N/A,car_p12_s9_1774728425,https://xe.chotot.com/mua-ban-quan-tan-phu-tp-ho-chi-minh/128126942.htm
p12_s10_1774728433,Mazda CX-8 màu Bạc Mới,CX-8,929.0,"🚘 THÁNG 03 ƯU ĐÃI LỚN - MAZDA CX-8 GIẢM NGAY TIỀN MẶT + ƯU ĐÃI QUÀ TẶNG💥  🔥 GIÁ CHỈ TỪ 9xx TRIỆU ĐỒNG + QUÀ TẶNG VOUCHER  ✅ Giảm trực tiếp vào giá xe (Tuỳ phiên bản – liên hệ để nhận báo giá *** ngay hôm nay!) ✅ Xe mới 100%, đủ phiên bản & màu sắc giao ngay ✅ Tặng kèm gói phụ kiện cao cấp chính hãng ✅ Trả góp linh hoạt: Hỗ trợ vay 80%, tối đa 8 năm – duyệt hồ sơ nhanh chóng ✅ Cam kết giá CX-8 *** thị trường  ⸻————————— 🚗 MAZDA TRƯỜNG CHINH – HCM 📍 827A – 829 Trường Chinh, P. Tây Thạnh, Q. Tân Phú, TP. HCM",N/A,N/A,Việt Nam,Mới,Bảo hành hãng,2026,N/A,Tự động,Xăng,SUV / Cross over,7,N/A,N/A,N/A,N/A,N/A,N/A,N/A,N/A,N/A,N/A,car_p12_s10_1774728433,https://xe.chotot.com/mua-ban-quan-tan-phu-tp-ho-chi-minh/131083294.htm
p12_s11_1774728441,Mazda Cx5 2018 động cơ 2.0,CX-5,555.0,"Ô Tô Hiếu Đắk Lắk đang có bán  🚘 Mazda Cx5 2018   👉🏻 Xe 1 chủ mua mới . Phiên bản 2.0   👉🏻 Xe trang bị ghế da chỉnh điện , cửa sổ trời , cốp điện , đèn bi Full Led Auto , gạt mưa Auto , điều hoà Auto 2 vùng độc lập . . .  🏷️ 159 Lê Duẫn , Buôn Ma Thuột",97000,Có,Việt Nam,Đã sử dụng,Bảo hành hãng,2018,2.0 AT 2WD,Tự động,Xăng,SUV / Cross over,5,2WD,153 HP @6000 RPM,199 Nm @4000 RPM,2,6.2,N/A,215,5,> 1 tấn,> 2 tấn,car_p12_s11_1774728441,https://xe.chotot.com/mua-ban-thanh-pho-buon-ma-thuot-dak-lak/131431520.htm
p12_s12_1774728450,Mazda 3 2021 Luxury 41000 km,Mazda 3,525.0,"Bán Mazda 3 2021 bản Luxury, màu trắng. Chính chủ biển Hà Nội. Chạy 4.1 vạn còn rất mới. Ghế da theo xe, cảm biến camera lùi, điều hoà auto. Ghế điện bên lái. Máy móc zin. giá mong muốn 525 triệu",41000,Có,Việt Nam,Đã sử dụng,Bảo hành hãng,2021,1.5 Luxury,Tự động,Xăng,Sedan,Khác,N/A,N/A,N/A,N/A,N/A,N/A,N/A,N/A,> 1 tấn,> 2 tấn,car_p12_s12_1774728450,https://xe.chotot.com/mua-ban-huyen-hoai-duc-ha-noi/131431264.htm
p12_s13_1774728460,Ô tô 2015 126000 km,Mazda Other,370.0,"Xe BT 50 đời 2015, số sàn, máy dầu,chạy 12,6 vạn, một chủ,full lịch sử hãng,máy móc nguyên xin, không ngập nước, pháp lý rõ ràng.",126000,Có,Nhật Bản,Đã sử dụng,Bảo hành hãng,2015,2.2L 4x4 MT,Số sàn,Dầu,Pick-up (bán tải),5,N/A,N/A,N/A,N/A,N/A,N/A,N/A,N/A,> 1 tấn,> 2 tấn,car_p12_s13_1774728460,https://xe.chotot.com/mua-ban-huyen-hau-loc-thanh-hoa/131179148.htm
p12_s14_1774728467,MAZDA 2.0 AT TUYỆT ĐẸP JIN TOÀN BỘ ! CHÍNH CHỦ !!!,Mazda 2,400.0,"XE RẤT ĐẸP ! , JIN HẾT , ĐẠP LÀ BAY VÌ MÁY 2.0 KO NHƯ 1.5 , CHẠY SƯỚNG MIỄN BÀN , XE ĐƯỢC BẢO TRÌ BẢO DƯỠNG CHÍNH HẢNG ĐÚNG KM . CHÍNH CHỦ BS SỬ DỤNG TỰ LÁI TỪ LÚC MUA MỚI ĐẾN GIỜ NÊN CÒN ĐẸP LÁM ! AI CÓ DUYÊN SỞ HỮU EM NÀY THÌ TUYỆT VỜI ! MỜI CÁC BẠN CO NHU CẦU MUA XE ĐẸP VÀ JIN HÃY LH VỚI TÔI CHÍNH CHỦ BÁN KÍ CC NGAY ! CẢM ƠN VÌ ĐÃ XEM TIN !!!!",92000,N/A,Việt Nam,Đã sử dụng,Bảo hành hãng,2015,2.0 AT,Tự động,Xăng,Sedan,5,N/A,N/A,N/A,N/A,N/A,N/A,N/A,N/A,> 1 tấn,> 2 tấn,car_p12_s14_1774728467,https://xe.chotot.com/mua-ban-quan-8-tp-ho-chi-minh/131378169.htm
p12_s15_1774728476,🔥 TÀI CHÍNH DƯỚI 350TR MAZDA 3 2016 AUTO BAO ĐẸP!!,Mazda 3,340.0,"Mazda 3 đời 2016 màu xám, dáng sedan thể thao, sang trọng.  💥 Điểm ăn tiền: ✔️ Form thể thao, nhìn trẻ hơn tuổi ✔️ Nội thất sạch sẽ – zin từ đầu tới cuối ✔️ Máy 1.5 êm ru – tiết kiệm xăng như người yêu cũ tiếc tiền 🤣 ✔️ Đăng kiểm dài, xách đi chạy luôn 👉 Tầm tiền này mà kiếm được em sedan ngon – bổ – rẻ như này là hiếm lắm nha! 💬 Cam kết:  • Không đâm đụng, không ngập nước  • Bao check hãng thoải mái  • Mua về chỉ việc đổ xăng là chạy, không phải nghĩ 😎 👉 Xem xe trực tiếp tại 85 Nguyễn Hồng Ánh, Đà Nẵng giá cả còn thương lượng",120000,Có,Đang cập nhật,Đã sử dụng,Bảo hành hãng,2016,1.5 AT Sedan,Tự động,Xăng,Sedan,5,FWD,112 HP @6000 RPM,144 Nm @4000 RPM,1.5,5,2,160,4,> 1 tấn,> 2 tấn,car_p12_s15_1774728476,https://xe.chotot.com/mua-ban-huyen-hoa-vang-da-nang/131305979.htm
p12_s16_1774728485,"Mazda 3 2019 Luxury Đỏ đô bản full, nhìn là chốt",Mazda 3,470.0,"🚗 Mazda 3 Luxury 2019 đỏ đô – bản full, nhìn là chốt 😍 👉 Không cần nói nhiều, ae nhìn hình là hiểu độ đẹp 👉 Màu đỏ – form hatchback: đi phố nổi bật, trẻ trung, bao ngầu 💰 Giá cực mềm trong phân khúc – xem xe là là chốt giá còn thương lượng ✔️ Bản Luxury – option đầy đủ, đi cực sướng ✔️ Nội thất da zin – sạch, giữ kỹ ✔️ Máy 1.5 Skyactiv – êm, tiết kiệm, cực lành ✔️ Phanh tay điện tử + Auto Hold – tiện khỏi bàn 🔰 Cam kết cho ae yên tâm chốt: ✅ Không đâm đụng – không ngập nước ✅ Máy số nguyên zin  ✅ Bao check thoải mái 📌 Giấy tờ chuẩn – sang tên trong ngày 💰 Giá cực mềm trong phân khúc – xem xe là là chốt giá còn thương lượng 🔥 Con này dành cho ae thích xe đẹp – nổi – option đủ 🔥 Nói thật: xe này không nằm lâu, ai nhanh người đó có 🏠 83–85 Nguyễn Hồng Ánh, Đà Nẵng",78000,Có,Việt Nam,Đã sử dụng,Bảo hành hãng,2019,1.5L Sport Deluxe,Tự động,Xăng,Sedan,Khác,N/A,N/A,N/A,N/A,N/A,N/A,N/A,N/A,> 1 tấn,> 2 tấn,car_p12_s16_1774728485,https://xe.chotot.com/mua-ban-huyen-hoa-vang-da-nang/131369152.htm
p12_s17_1774728494,Mazda 3 sport 16/17 zin đẹp,Mazda 3,360.0,"💥 Mazda 3 xe tư nhân chủ đi giữ gìn sản xuất 2016 lăn bánh 2017 bản sport full kịch túi khí quanh xe -Trang bị:động cơ 1.5L máy cực tiết kiệm chỉ 6l/100 Km. - Ga tự động, gẩy số vô lăng, hệ thống dừng/khởi động i-stop, hệ thống phanh Abs 4 bánh, túi khí an toàn, 02 chế độ lái, màn hình DVD, cam lùi nguyên bản theo xe, chìa khoá thông minh sờ nổ, xi nhan trên gương, gương kính chỉnh điện… 👉 Tình trạng xe :  - Keo chỉ zin không đâm va ko ngập nước .  - Máy số zin nguyên bản theo nhà máy chưa sờ cà lê keo tai chuột nguyên bản   🔹️Niêm yết: 360 triệu (bao rút hồ sơ) 🔸Cam kết xe không đâm đụng, không ngập nước, pháp lý rõ ràng. 🔸xem xe Hải Phòng 📲☎️ ***",140000,Có,Việt Nam,Đã sử dụng,Bảo hành hãng,2016,1.5 AT Hatchback,Tự động,Xăng,Hatchback,5,FWD,112 HP @6000 RPM,144 Nm @4000 RPM,1.5,5,2,160,5,> 1 tấn,> 2 tấn,car_p12_s17_1774728494,https://xe.chotot.com/mua-ban-quan-ngo-quyen-hai-phong/122746581.htm
p13_s0_1774728513,Mazda CX-5 2018 2.5 Đỏ,CX-5,570.0,"Mazda CX-5 2.5  sx 2018 Fom mới cực đẹp Giá chỉ 5xx máy củ Xe đẹp zin k lỗi  Fom dáng thể thao sang trọng Đi cực kỳ đầm chắc chắn Dàn vỏ lốp ken  Kiểm dài miên man Hồ sơ cầm tay sẵn sang tên ngay cho chị mau lẹ lun  Có nhận trao đổi bù trừ cao thấp , v.v.v.các loại Oto xe , xe tải , bán tải cv.v.v.   A chi có gần ghé e xem xe ạ  E gần ngã 4 chơn thành Bình Phước nhé  sdt e ạ ☎☎📱📱",68000,N/A,Đang cập nhật,Đã sử dụng,Bảo hành hãng,2018,N/A,Tự động,Xăng,N/A,5,N/A,N/A,N/A,N/A,N/A,N/A,N/A,N/A,> 1 tấn,> 2 tấn,car_p13_s0_1774728513,https://xe.chotot.com/mua-ban-huyen-bau-bang-binh-duong/130615579.htm
p13_s1_1774728521,Mazda 3 2024 1.5L Luxury - 20000 km,Mazda 3,610.0,"Mazda -3 sx 2024 zin 💯💯 Chuẩn 2 vạn  Giá yêu hợp lý a chị về dùng  Giải trí Android đầy đủ , cam 360 quanh xe  E có nhận trao đổi bù trừ cao thấp v.v..v. Các loại xe oto , xe tải , vv.v.. Xe bán tải các loại .v.v.v A chi có gần ghé e xem xe ạ  E gần ngã 4 chơn thành Bình Phước nhé  sdt e  ạ ☎☎📱📱",20000,Có,Việt Nam,Đã sử dụng,Bảo hành hãng,2020,1.5L Luxury,Tự động,Xăng,Sedan,5,N/A,N/A,N/A,N/A,N/A,N/A,N/A,4,> 1 tấn,> 2 tấn,car_p13_s1_1774728521,https://xe.chotot.com/mua-ban-huyen-bau-bang-binh-duong/131334540.htm
p13_s2_1774728531,Mazda 3 Sport 2018 Trắng,Mazda 3,330.0,"[HÀNG CỰC NGON -GIÁ TỐT] BÁN MAZDA 3 SPORT 2018 (HATCHBACK) – 33X TRIỆU Do nhu cầu đổi xe điện, cần bán nhanh chiếc Mazda 3 Sport đời 2018 phanh tay điện tử chính chủ chăm sóc cẩn thận tại Thái Nguyên. Tình trạng: Xe không thủy kích, máy móc nguyên bản, đã nâng cấp, thay mới toàn bộ linh kiện điện (có hóa đơn hãng kèm theo). Chất lượng: Xe vận hành cực mượt, dàn điện mới tinh, bao check hãng toàn quốc cho anh em yên tâm sử dụng. Giá công khai: 33x.000.000 VNĐ (Có bớt lộc cho anh em thiện chí). 📍 Xem xe tại: Phan Đình Phùng, TP. Thái Nguyên. 📞 Liên hệ: ***",46000,Có,Việt Nam,Đã sử dụng,Bảo hành hãng,2018,1.5 AT,Tự động,Xăng,Hatchback,5,N/A,N/A,N/A,N/A,N/A,N/A,N/A,N/A,> 1 tấn,> 2 tấn,car_p13_s2_1774728531,https://xe.chotot.com/mua-ban-thanh-pho-thai-nguyen-thai-nguyen/131427226.htm
p13_s3_1774728539,"Mazda 3 1.5AT -2016 xe hạng C, nhiều trang bị",Mazda 3,336.0,"Mazda 3 1.5AT - 2016  👉 Sedan hạng C, thiết kế trẻ trung, sang trọng. 👉 Động cơ 1.5L SkyActiv mạnh mẽ, vận hành êm ái, tiết kiệm xăng khoảng 6L/100km. 👉 Trang bị: cửa sổ trời, chìa khoá smartkey, đề nổ start/stop, màn hình giải trí, camera lùi, lẫy số trên vô lăng, hệ thống an toàn ABS, cân bằng điện tử, nhiều túi khí. 🤝 Xe đi kỹ, bảo dưỡng đều. Chính chủ cần bán, không qua trung gian.",N/A,N/A,Đang cập nhật,Đã sử dụng,Bảo hành hãng,2016,1.5 AT Sedan,Tự động,Xăng,Sedan,5,FWD,112 HP @6000 RPM,144 Nm @4000 RPM,1.5,5,2,160,4,> 1 tấn,> 2 tấn,car_p13_s3_1774728539,https://xe.chotot.com/mua-ban-thanh-pho-vung-tau-ba-ria-vung-tau/131236513.htm
p13_s4_1774728548,xe chính chủ tôi cần ban Mazda 3 2015 1.5 AT Sedan,Mazda 3,350.0,"Tôi cần bán gấp mazda 3 2015, Xe của nhà di giữ gìn không hỏng hóc gi, thay dầu bảo dưỡng đều đặn  Thiện chí mua liên hệ trực tiếp xem xe tại Trâu Quỳ, gia lâm , hà Nội",20000,N/A,Đang cập nhật,Đã sử dụng,Bảo hành hãng,2015,1.5 AT Sedan,Tự động,Xăng,Sedan,5,FWD,112 HP @6000 RPM,144 Nm @4000 RPM,1.5,5,2,160,4,> 1 tấn,> 2 tấn,car_p13_s4_1774728548,https://xe.chotot.com/mua-ban-huyen-gia-lam-ha-noi/131422471.htm
p13_s5_1774728554,Mazda CX5 2018 2.0 Nâu,CX-5,560.0,"Bán xe Mazda Cx5 phiên bản động cơ 2.0, sản xuất năm 2018. Máy móc nguyên bản, không tai nạn, không ngập nước. Xe tâm huyết, đã trang bị thêm hơn 50tr tiền đồ: - Màn hình Andoid GoTech Mazda kèm Camera 360 (màn hình zin theo xe vẫn còn). - Camera hành trình trước sau loại xịn. - Cảm biến áp suất lốp (cảnh báo = giọng nói) tích hợp trên màn hình. - Gập gương lên kính tự động khi khoá xe. - Lẫy số trên vô lăng. - Phim cách nhiệt Rayno. - Vietmap gói Siêu cấp. - Phủ sàn 360 cách âm chống ồn. - Thảm sàn 6D + Thảm cốp, tấm chia cốp. - Cần số pha lê (cần số zin theo xe vẫn còn). - Xe vừa gia hạn đăng kiểm đến tháng 2/2027, bảo hiểm tháng 2; acquy vừa thay được 2 tuần. Xem xe tại tp Thanh Hoá. Cảm ơn!",111000,Có,Đang cập nhật,Đã sử dụng,Bảo hành hãng,2018,2.0 AT,Tự động,Xăng,SUV / Cross over,Khác,N/A,N/A,N/A,N/A,N/A,N/A,N/A,N/A,> 1 tấn,> 2 tấn,car_p13_s5_1774728554,https://xe.chotot.com/mua-ban-thanh-pho-thanh-hoa-thanh-hoa/131422037.htm
p13_s6_1774728562,Mazda CX5 Deluxe,CX-5,709.0,"🚘 Cập nhật giá bán New Mazda Cx5 Deluxe   👉 Trả trước chỉ từ : 220tr nhận xe ngay ✅Sử dụng động cơ Skyactiv-G dung tích 2.0L hút khí tự nhiên kết hợp với hộp số tự động 6 cấp, công suất tối đa sản sinh 156 mã lực và 200 Nm mô-men xoắn.  ✅Động cơ Skyactiv-G của Mazda nổi bật với công nghệ phun xăng trực tiếp, tỷ số nén cao, giúp tối ưu hóa hiệu suất và tiết kiệm nhiên liệu  🎁 Bảo hành chính hãng 5 năm hoặc 150.000km 🎁 Hỗ trợ ngân hàng lên đến 80%, nhanh gọn. --------------------------------- MAZDA BÌNH TRIỆU  Hotline liên hệ: *** ( Lộc Kia Mazda HCM)  Zalo liên hệ: ***",N/A,N/A,Nhật Bản,Mới,Bảo hành hãng,2026,N/A,Tự động,Xăng,SUV / Cross over,5,N/A,N/A,N/A,N/A,N/A,N/A,N/A,N/A,N/A,N/A,car_p13_s6_1774728562,https://xe.chotot.com/mua-ban-thanh-pho-thu-duc-tp-ho-chi-minh/131391202.htm
p13_s7_1774728568,Mazda Mazda6 2022 2.5 Signature,Mazda 6,700.0,"🚘 Mazda6 2.5 Signature Premium GTCCC Sản xuất : 2022 Odo : 54.000 km Giá : 700tr  Trang bị : Camera hành trình , Phim cách nhiệt , Lót sàn , Da Nappa , Loa Bose , Điều hoà tự động 2 vùng độc lập , Fornt Radar ......  ❌Cam kết❌ ✅Bao không ngập nước, không đâm đụng. ✅Bao rút hồ sơ gốc . Hỗ trợ sang tên ✅Bao quay đầu 1 năm 10% theo giá thị trường ✅Có dán tem bảo hành ở các vị trí xung yếu ✅Hỗ trợ vay ngân hàng lãi suất ưu đãi. ✅Bảo hành 6 tháng hoặc 10.000km động cơ, máy móc.  ✅Bảo dưỡng thay nhớt một lần miễn phí trước khi giao xe.  ✅Hỗ trợ test hãng có văn bản _________________________________ ----THẮNG TRẦN AUTO---- CHUYÊN MUA BÁN - TRAO ĐỔI XE ĐÃ QUA SỬ DỤNG. XE ĐÃ QUA KIỂM ĐỊNH CHẤT LƯỢNG VÀ CÓ BẢO HÀNH ---------------------- ----------------------",54000,Có,Nước khác,Đã sử dụng,Bảo hành hãng,2022,N/A,Tự động,Xăng,Sedan,5,N/A,N/A,N/A,N/A,N/A,N/A,N/A,N/A,> 1 tấn,> 2 tấn,car_p13_s7_1774728568,https://xe.chotot.com/mua-ban-quan-long-bien-ha-noi/131374758.htm
p13_s8_1774728578,2019 - 50000 km,Mazda Other,599.0,"Chiếc Mazda CX 5 màu đen sản xuất năm 2019 này là lựa chọn tuyệt vời cho những ai đang tìm kiếm một chiếc xe gia đình rộng rãi và thoải mái. Xe có thiết kế mạnh mẽ, nội thất tiện nghi và khả năng vận hành ổn định.  ✨ Đặc điểm nổi bật:  * Ngoại thất màu đen sang trọng, lịch lãm, dễ dàng bảo dưỡng. * Nội thất rộng rãi với 2 chỗ ngồi, phù hợp cho gia đình nhỏ hoặc những người thường xuyên di chuyển một mình. * Động cơ mạnh mẽ, vận hành êm ái, tiết kiệm nhiên liệu. * Trang bị đầy đủ các tính năng an toàn như hệ thống chống bó cứng phanh ABS, hệ thống phân phối lực phanh điện tử EBD, hệ thống cân bằng điện tử DSC,... * Hệ thống giải trí hiện đại với màn hình cảm ứng, kết nối Bluetooth, USB,... * Xe được bảo dưỡng định kỳ, đảm bảo hoạt động tốt. * Phù hợp cho cả di chuyển trong thành phố và những chuyến đi xa. * Thiết kế khí động học giúp xe vận hành ổn định ở tốc độ cao. * Hệ thống điều hòa không khí hai vùng độc lập, mang lại sự thoải mái cho tất cả hành khách. * Cốp xe rộng rãi, chứa được nhiều đồ đạc, phù hợp cho những chuyến đi du lịch hoặc mua sắm.  Chiếc xe Mazda CX 5 này chắc chắn sẽ là người bạn đồng hành đáng tin cậy trên mọi nẻo đường.",50000,N/A,Việt Nam,Đã sử dụng,Bảo hành hãng,2019,N/A,Tự động,Xăng,SUV / Cross over,5,N/A,N/A,N/A,N/A,N/A,N/A,N/A,N/A,> 1 tấn,> 2 tấn,car_p13_s8_1774728578,https://xe.chotot.com/mua-ban-quan-hai-ba-trung-ha-noi/130693364.htm
p13_s9_1774728588,Bán xe Mazda CX8,CX-8,929.0,"‼️ 💌🌟 NEW MAZDA CX-8 – DẪN LỐI ĐẲNG CẤP MỚI  G i á ưu đãi cuối năm - 944 Triệu   Bước sang hành trình mới với New Mazda CX-8, biểu tượng của sự tinh tế và đẳng cấp trong từng đường nét. Khoác lên mình ngôn ngữ thiết kế KODO – Linh hồn của sự chuyển động, CX-8 mang đến vẻ đẹp sang trọng, mạnh mẽ và đầy cuốn hút.  MAZDA BÌNH TRIỆU  📲 𝐇𝐨𝐭𝐥𝐢𝐧𝐞: *** ( Lộc Kia Mazda HCM) #Cx8 #MazdaCX5 #MazdaCX8",N/A,N/A,Nhật Bản,Mới,Bảo hành hãng,2026,N/A,Tự động,Xăng,N/A,7,N/A,N/A,N/A,N/A,N/A,N/A,N/A,N/A,N/A,N/A,car_p13_s9_1774728588,https://xe.chotot.com/mua-ban-thanh-pho-thu-duc-tp-ho-chi-minh/131392041.htm
p13_s10_1774728597,mazda 2023,Mazda 2,535.0,"Mazda3 1.5 trắng sport hatback luxury 2022, đăng ký 2023 đi 3.7 vạn 535 trđ  Lh: *** trao đổi kĩ thông tin và xem xe tại 1197 Giải phóng - Hoàng Mai - Hà Nội  #mazda3 #mazda",3700,N/A,Việt Nam,Đã sử dụng,Bảo hành hãng,2022,1.5L Sport Luxury,Tự động,Xăng,Sedan,5,N/A,N/A,N/A,N/A,N/A,N/A,N/A,N/A,> 1 tấn,> 2 tấn,car_p13_s10_1774728597,https://xe.chotot.com/mua-ban-quan-hai-ba-trung-ha-noi/130676128.htm
p13_s11_1774728606,Mazda 2 At,Mazda 2,399.0,"‼️𝘔𝘢𝘻𝘥𝘢 2 - Mẫu xe Sedan có giá thành phù hợp nhất dành cho gia đình.   Mẫu xe đến từ xứ sở Hoa anh đào - Nhập khẩu nguyên chiếc từ Thái Lan  🎈 Trả trước chỉ từ 120 triệu nhận xe ngayyyyyy 🎈 Lăn bánh chỉ 4xx thấp nhất phân khúc  MAZDA BÌNH TRIỆU  📍Địa chỉ: 127 Quốc Lộ 13, Khu Phố 1, Phường Hiệp Bình, Thành Phố Hồ Chí Minh  📲 𝐇𝐨𝐭𝐥𝐢𝐧𝐞: *** ( Lộc Kia Mazda HCM)  💌Zalo: ***",N/A,N/A,Thái Lan,Mới,Bảo hành hãng,2026,N/A,Tự động,Xăng,Sedan,5,N/A,N/A,N/A,N/A,N/A,N/A,N/A,N/A,N/A,N/A,car_p13_s11_1774728606,https://xe.chotot.com/mua-ban-thanh-pho-thu-duc-tp-ho-chi-minh/131391593.htm
p13_s12_1774728614,Mazda 3 2.0 2018 Đỏ 95682 km,Mazda 3,410.0,"Lên Đời Xe Cần Bán Xe Bán Mazda 3 2018 bản full 2.0 + Màu đỏ (sơn lại nguyên xe từ đỏ bầm qua đỏ tươi )  + Xe 5 chỗ, thiết kế thể thao, vận hành êm ái máy móc nguyên zin  + ODO 95682 km. + Xe Cty Chính Chủ 1 Đời + Nội thất rộng rãi, tiện nghi. + Xe giữ gìn cẩn thận, sẵn sàng sử dụng",95682,Có,Nước khác,Đã sử dụng,Bảo hành hãng,2018,2.0 AT,Tự động,Xăng,Hatchback,Khác,N/A,N/A,N/A,N/A,N/A,N/A,N/A,N/A,> 1 tấn,> 2 tấn,car_p13_s12_1774728614,https://xe.chotot.com/mua-ban-thanh-pho-pleiku-gia-lai/131419633.htm
p13_s13_1774728622,2016 2.2L 4x2 AT - 109000 km,Mazda Other,350.0,"Cần bán lại xe bán tải Mazda BT50 số tự động hoặc giao lưu xe 7 chổ Tặng Full đồ chơi Đèn Bi trước full led sau. bi cảng. Màn hình , cam 360 + loa sud điện  Xem xe tại Địa chỉ: 594/11C Hương Lộ 2, Phường Bình Trị Đông, (Quận Bình Tân củ) TP.HCM",109000,N/A,Thái Lan,Đã sử dụng,Bảo hành hãng,2016,2.2L 4x2 AT,Tự động,Dầu,N/A,5,N/A,N/A,N/A,N/A,N/A,N/A,N/A,N/A,> 1 tấn,> 2 tấn,car_p13_s13_1774728622,https://xe.chotot.com/mua-ban-quan-binh-tan-tp-ho-chi-minh/131361759.htm
p13_s14_1774728632,Mazda CX-8 2020 2.5 Premium,CX-8,798.0,"Mazda CX-8 2.5 Premium 2020 (1 Cầu) biển số 93A 22501.  - Odo 45.000 km nguyên bản.  - Xe gầm cao, rộng rãi, phù hợp gia đình.  - Giá 798 triệu.",45000,Có,Nước khác,Đã sử dụng,Bảo hành hãng,2020,Premium,Tự động,Xăng,SUV / Cross over,7,N/A,N/A,N/A,N/A,N/A,N/A,N/A,5,> 1 tấn,> 2 tấn,car_p13_s14_1774728632,https://xe.chotot.com/mua-ban-thanh-pho-di-an-binh-duong/131418666.htm
p13_s15_1774728641,Mazda 3 2024 Luxury Trắng 41.000km,Mazda 3,585.0,"🍒Oto Duy Dương - 167 Nguyễn Văn Cừ - Đắk Lắk🍒  Mazda 3 2024 Luxury 1 Chủ Rất Đẹp  Xe trang bị : 4 lốp zin theo xe, đèn Auto full led, nhớ ghế 2 vị trí...  Odo : 41.000km - bao check mọi nơi  Giá : 585 triệu - Bao rút hồ sơ - Hổ trợ bank 60%  Lh : *** Gặp Dương - Zalo : ***",41000,N/A,Đang cập nhật,Đã sử dụng,Bảo hành hãng,2024,N/A,Tự động,Xăng,N/A,N/A,N/A,N/A,N/A,N/A,N/A,N/A,N/A,N/A,> 1 tấn,> 2 tấn,car_p13_s15_1774728641,https://xe.chotot.com/mua-ban-thanh-pho-buon-ma-thuot-dak-lak/131371677.htm
p13_s16_1774728651,Mazda 6 2015 2.0AT 69000 km,Mazda 6,360.0,"Mazda 6 đời 2015 phiên bản 2.0AT màu trắng 69000.  - Xe thiết kế sang trọng, nội thất rộng rãi.   - Động cơ 2.0AT vận hành êm ái, tiết kiệm nhiên liệu.   - Giá 360trđ. - LH: ***",69000,Có,Đang cập nhật,Đã sử dụng,Bảo hành hãng,2015,N/A,Tự động,Xăng,N/A,N/A,N/A,N/A,N/A,N/A,N/A,N/A,N/A,N/A,> 1 tấn,> 2 tấn,car_p13_s16_1774728651,https://xe.chotot.com/mua-ban-quan-thanh-xuan-ha-noi/131417877.htm
p13_s17_1774728656,Mazda 3 2023 Luxury Đỏ 43.000 km,Mazda 3,565.0,"🍒Oto Duy Dương - 167 Nguyễn Văn Cừ - Đắk Lắk🍒  Mazda 3 2023 Luxury 1 Chủ Mua Mới   Xe trang bị : 4 lốp zin theo xe, secua chưa hạ, led nội thất, củ số kim cương....  Odo : 43.000km - full bảo dưỡng hãng  Giá : 565 triệu - bao rút hồ sơ - hổ trợ bank 60%  Lh : *** Gặp Dương - Zalo : ***",43000,N/A,Đang cập nhật,Đã sử dụng,Bảo hành hãng,2023,N/A,Tự động,Xăng,N/A,N/A,N/A,N/A,N/A,N/A,N/A,N/A,N/A,N/A,> 1 tấn,> 2 tấn,car_p13_s17_1774728656,https://xe.chotot.com/mua-ban-thanh-pho-buon-ma-thuot-dak-lak/130549514.htm
p13_s18_1774728665,Mazda CX5 2020 2.0 Premium Đỏ 50000Km Zin Đỏ,CX-5,665.0,"Em Cần Bán Mazda Cx5 2020 2.0Premium Đỏ pha lê , xe đẹp không lỗi , chạy 5 vạn km zin , bảo dưỡng full hãng , lốp theo xe cả dàn , sơ cua chưa hạ , nội thất zin đẹp , gầm bệ mới tinh , cá nhân sử dụng cẩn thận cực chất , xe nguyên zin nguyên bản như hãng Bản đủ option - 2 ghế điện nhớ ghế - cảnh báo vượt - cửa nóc - loa Bose - cốp điện - cảm biến quanh xe - đèn full led - phanh tay điện tử - màn hình cam lùi ...vv - Xe bán cam kết bằng văn bản - máy móc nguyên bản - không tai nạn - không ngập nước - Khung gầm nguyên bản - kilomet zin không tua Bao check test hãng hoặc gara toàn quốc - Xe bán có hỗ trợ trả góp tối đa - Xe bán có hỗ trợ rút hồ sơ gốc - Xe bán có nhận đổi các xe cũ giá cao Anh em quan tâm liên hệ Hotline - Kiên Xe Tốt  Đc : 2 Nghĩa Tân - Cầu Giấy - Hà Nội",50000,Có,Việt Nam,Đã sử dụng,Bảo hành hãng,2020,2.0L Premium,Tự động,Xăng,SUV / Cross over,5,N/A,N/A,N/A,N/A,N/A,N/A,N/A,5,> 1 tấn,> 2 tấn,car_p13_s18_1774728665,https://xe.chotot.com/mua-ban-quan-cau-giay-ha-noi/131417475.htm
p14_s0_1774758949,Mazda CX-5 2018 2.5 Đỏ,CX-5,570.0,"Mazda CX-5 2.5  sx 2018 Fom mới cực đẹp Giá chỉ 5xx máy củ Xe đẹp zin k lỗi  Fom dáng thể thao sang trọng Đi cực kỳ đầm chắc chắn Dàn vỏ lốp ken  Kiểm dài miên man Hồ sơ cầm tay sẵn sang tên ngay cho chị mau lẹ lun  Có nhận trao đổi bù trừ cao thấp , v.v.v.các loại Oto xe , xe tải , bán tải cv.v.v.   A chi có gần ghé e xem xe ạ  E gần ngã 4 chơn thành Bình Phước nhé  sdt e ạ ☎☎📱📱",68000,N/A,Đang cập nhật,Đã sử dụng,Bảo hành hãng,2018,N/A,Tự động,Xăng,N/A,5,N/A,N/A,N/A,N/A,N/A,N/A,N/A,N/A,> 1 tấn,> 2 tấn,car_p14_s0_1774758949,https://xe.chotot.com/mua-ban-oto-huyen-bau-bang-binh-duong/130615579.htm
p14_s1_1774758981,Mazda 3 2024 1.5L Luxury - 20000 km,Mazda 3,610.0,"Mazda -3 sx 2024 zin 💯💯 Chuẩn 2 vạn  Giá yêu hợp lý a chị về dùng  Giải trí Android đầy đủ , cam 360 quanh xe  E có nhận trao đổi bù trừ cao thấp v.v..v. Các loại xe oto , xe tải , vv.v.. Xe bán tải các loại .v.v.v A chi có gần ghé e xem xe ạ  E gần ngã 4 chơn thành Bình Phước nhé  sdt e  ạ ☎☎📱📱",20000,Có,Việt Nam,Đã sử dụng,Bảo hành hãng,2020,1.5L Luxury,Tự động,Xăng,Sedan,5,N/A,N/A,N/A,N/A,N/A,N/A,N/A,4,> 1 tấn,> 2 tấn,car_p14_s1_1774758981,https://xe.chotot.com/mua-ban-oto-huyen-bau-bang-binh-duong/131334540.htm
p14_s2_1774758995,Mazda 3 Sport 2018 Trắng,Mazda 3,330.0,"[HÀNG CỰC NGON -GIÁ TỐT] BÁN MAZDA 3 SPORT 2018 (HATCHBACK) – 33X TRIỆU Do nhu cầu đổi xe điện, cần bán nhanh chiếc Mazda 3 Sport đời 2018 phanh tay điện tử chính chủ chăm sóc cẩn thận tại Thái Nguyên. Tình trạng: Xe không thủy kích, máy móc nguyên bản, đã nâng cấp, thay mới toàn bộ linh kiện điện (có hóa đơn hãng kèm theo). Chất lượng: Xe vận hành cực mượt, dàn điện mới tinh, bao check hãng toàn quốc cho anh em yên tâm sử dụng. Giá công khai: 33x.000.000 VNĐ (Có bớt lộc cho anh em thiện chí). 📍 Xem xe tại: Phan Đình Phùng, TP. Thái Nguyên. 📞 Liên hệ: ***",46000,Có,Việt Nam,Đã sử dụng,Bảo hành hãng,2018,1.5 AT,Tự động,Xăng,Hatchback,5,N/A,N/A,N/A,N/A,N/A,N/A,N/A,N/A,> 1 tấn,> 2 tấn,car_p14_s2_1774758995,https://xe.chotot.com/mua-ban-oto-thanh-pho-thai-nguyen-thai-nguyen/131427226.htm
p14_s3_1774759006,"Mazda 3 1.5AT -2016 xe hạng C, nhiều trang bị",Mazda 3,336.0,"Mazda 3 1.5AT - 2016  👉 Sedan hạng C, thiết kế trẻ trung, sang trọng. 👉 Động cơ 1.5L SkyActiv mạnh mẽ, vận hành êm ái, tiết kiệm xăng khoảng 6L/100km. 👉 Trang bị: cửa sổ trời, chìa khoá smartkey, đề nổ start/stop, màn hình giải trí, camera lùi, lẫy số trên vô lăng, hệ thống an toàn ABS, cân bằng điện tử, nhiều túi khí. 🤝 Xe đi kỹ, bảo dưỡng đều. Chính chủ cần bán, không qua trung gian.",N/A,N/A,Đang cập nhật,Đã sử dụng,Bảo hành hãng,2016,1.5 AT Sedan,Tự động,Xăng,Sedan,5,FWD,112 HP @6000 RPM,144 Nm @4000 RPM,1.5,5,2,160,4,> 1 tấn,> 2 tấn,car_p14_s3_1774759006,https://xe.chotot.com/mua-ban-oto-thanh-pho-vung-tau-ba-ria-vung-tau/131236513.htm
p14_s4_1774759020,xe chính chủ tôi cần ban Mazda 3 2015 1.5 AT Sedan,Mazda 3,350.0,"Tôi cần bán gấp mazda 3 2015, Xe của nhà di giữ gìn không hỏng hóc gi, thay dầu bảo dưỡng đều đặn  Thiện chí mua liên hệ trực tiếp xem xe tại Trâu Quỳ, gia lâm , hà Nội",20000,N/A,Đang cập nhật,Đã sử dụng,Bảo hành hãng,2015,1.5 AT Sedan,Tự động,Xăng,Sedan,5,FWD,112 HP @6000 RPM,144 Nm @4000 RPM,1.5,5,2,160,4,> 1 tấn,> 2 tấn,car_p14_s4_1774759020,https://xe.chotot.com/mua-ban-oto-huyen-gia-lam-ha-noi/131422471.htm
p14_s5_1774759026,Mazda CX5 2018 2.0 Nâu,CX-5,560.0,"Bán xe Mazda Cx5 phiên bản động cơ 2.0, sản xuất năm 2018. Máy móc nguyên bản, không tai nạn, không ngập nước. Xe tâm huyết, đã trang bị thêm hơn 50tr tiền đồ: - Màn hình Andoid GoTech Mazda kèm Camera 360 (màn hình zin theo xe vẫn còn). - Camera hành trình trước sau loại xịn. - Cảm biến áp suất lốp (cảnh báo = giọng nói) tích hợp trên màn hình. - Gập gương lên kính tự động khi khoá xe. - Lẫy số trên vô lăng. - Phim cách nhiệt Rayno. - Vietmap gói Siêu cấp. - Phủ sàn 360 cách âm chống ồn. - Thảm sàn 6D + Thảm cốp, tấm chia cốp. - Cần số pha lê (cần số zin theo xe vẫn còn). - Xe vừa gia hạn đăng kiểm đến tháng 2/2027, bảo hiểm tháng 2; acquy vừa thay được 2 tuần. Xem xe tại tp Thanh Hoá. Cảm ơn!",111000,Có,Đang cập nhật,Đã sử dụng,Bảo hành hãng,2018,2.0 AT,Tự động,Xăng,SUV / Cross over,Khác,N/A,N/A,N/A,N/A,N/A,N/A,N/A,N/A,> 1 tấn,> 2 tấn,car_p14_s5_1774759026,https://xe.chotot.com/mua-ban-oto-thanh-pho-thanh-hoa-thanh-hoa/131422037.htm
p14_s6_1774759037,Mazda CX5 Deluxe,CX-5,709.0,"🚘 Cập nhật giá bán New Mazda Cx5 Deluxe   👉 Trả trước chỉ từ : 220tr nhận xe ngay ✅Sử dụng động cơ Skyactiv-G dung tích 2.0L hút khí tự nhiên kết hợp với hộp số tự động 6 cấp, công suất tối đa sản sinh 156 mã lực và 200 Nm mô-men xoắn.  ✅Động cơ Skyactiv-G của Mazda nổi bật với công nghệ phun xăng trực tiếp, tỷ số nén cao, giúp tối ưu hóa hiệu suất và tiết kiệm nhiên liệu  🎁 Bảo hành chính hãng 5 năm hoặc 150.000km 🎁 Hỗ trợ ngân hàng lên đến 80%, nhanh gọn. --------------------------------- MAZDA BÌNH TRIỆU  Hotline liên hệ: *** ( Lộc Kia Mazda HCM)  Zalo liên hệ: ***",N/A,N/A,Nhật Bản,Mới,Bảo hành hãng,2026,N/A,Tự động,Xăng,SUV / Cross over,5,N/A,N/A,N/A,N/A,N/A,N/A,N/A,N/A,N/A,N/A,car_p14_s6_1774759037,https://xe.chotot.com/mua-ban-oto-thanh-pho-thu-duc-tp-ho-chi-minh/131391202.htm
p14_s7_1774759046,Mazda Mazda6 2022 2.5 Signature,Mazda 6,700.0,"🚘 Mazda6 2.5 Signature Premium GTCCC Sản xuất : 2022 Odo : 54.000 km Giá : 700tr  Trang bị : Camera hành trình , Phim cách nhiệt , Lót sàn , Da Nappa , Loa Bose , Điều hoà tự động 2 vùng độc lập , Fornt Radar ......  ❌Cam kết❌ ✅Bao không ngập nước, không đâm đụng. ✅Bao rút hồ sơ gốc . Hỗ trợ sang tên ✅Bao quay đầu 1 năm 10% theo giá thị trường ✅Có dán tem bảo hành ở các vị trí xung yếu ✅Hỗ trợ vay ngân hàng lãi suất ưu đãi. ✅Bảo hành 6 tháng hoặc 10.000km động cơ, máy móc.  ✅Bảo dưỡng thay nhớt một lần miễn phí trước khi giao xe.  ✅Hỗ trợ test hãng có văn bản _________________________________ ----THẮNG TRẦN AUTO---- CHUYÊN MUA BÁN - TRAO ĐỔI XE ĐÃ QUA SỬ DỤNG. XE ĐÃ QUA KIỂM ĐỊNH CHẤT LƯỢNG VÀ CÓ BẢO HÀNH ---------------------- ----------------------",54000,Có,Nước khác,Đã sử dụng,Bảo hành hãng,2022,N/A,Tự động,Xăng,Sedan,5,N/A,N/A,N/A,N/A,N/A,N/A,N/A,N/A,> 1 tấn,> 2 tấn,car_p14_s7_1774759046,https://xe.chotot.com/mua-ban-oto-quan-long-bien-ha-noi/131374758.htm
p14_s8_1774759060,2019 - 50000 km,Mazda Other,599.0,"Chiếc Mazda CX 5 màu đen sản xuất năm 2019 này là lựa chọn tuyệt vời cho những ai đang tìm kiếm một chiếc xe gia đình rộng rãi và thoải mái. Xe có thiết kế mạnh mẽ, nội thất tiện nghi và khả năng vận hành ổn định.  ✨ Đặc điểm nổi bật:  * Ngoại thất màu đen sang trọng, lịch lãm, dễ dàng bảo dưỡng. * Nội thất rộng rãi với 2 chỗ ngồi, phù hợp cho gia đình nhỏ hoặc những người thường xuyên di chuyển một mình. * Động cơ mạnh mẽ, vận hành êm ái, tiết kiệm nhiên liệu. * Trang bị đầy đủ các tính năng an toàn như hệ thống chống bó cứng phanh ABS, hệ thống phân phối lực phanh điện tử EBD, hệ thống cân bằng điện tử DSC,... * Hệ thống giải trí hiện đại với màn hình cảm ứng, kết nối Bluetooth, USB,... * Xe được bảo dưỡng định kỳ, đảm bảo hoạt động tốt. * Phù hợp cho cả di chuyển trong thành phố và những chuyến đi xa. * Thiết kế khí động học giúp xe vận hành ổn định ở tốc độ cao. * Hệ thống điều hòa không khí hai vùng độc lập, mang lại sự thoải mái cho tất cả hành khách. * Cốp xe rộng rãi, chứa được nhiều đồ đạc, phù hợp cho những chuyến đi du lịch hoặc mua sắm.  Chiếc xe Mazda CX 5 này chắc chắn sẽ là người bạn đồng hành đáng tin cậy trên mọi nẻo đường.",50000,N/A,Việt Nam,Đã sử dụng,Bảo hành hãng,2019,N/A,Tự động,Xăng,SUV / Cross over,5,N/A,N/A,N/A,N/A,N/A,N/A,N/A,N/A,> 1 tấn,> 2 tấn,car_p14_s8_1774759060,https://xe.chotot.com/mua-ban-oto-quan-hai-ba-trung-ha-noi/130693364.htm
p14_s9_1774759074,Bán xe Mazda CX8,CX-8,929.0,"‼️ 💌🌟 NEW MAZDA CX-8 – DẪN LỐI ĐẲNG CẤP MỚI  G i á ưu đãi cuối năm - 944 Triệu   Bước sang hành trình mới với New Mazda CX-8, biểu tượng của sự tinh tế và đẳng cấp trong từng đường nét. Khoác lên mình ngôn ngữ thiết kế KODO – Linh hồn của sự chuyển động, CX-8 mang đến vẻ đẹp sang trọng, mạnh mẽ và đầy cuốn hút.  MAZDA BÌNH TRIỆU  📲 𝐇𝐨𝐭𝐥𝐢𝐧𝐞: *** ( Lộc Kia Mazda HCM) #Cx8 #MazdaCX5 #MazdaCX8",N/A,N/A,Nhật Bản,Mới,Bảo hành hãng,2026,N/A,Tự động,Xăng,N/A,7,N/A,N/A,N/A,N/A,N/A,N/A,N/A,N/A,N/A,N/A,car_p14_s9_1774759074,https://xe.chotot.com/mua-ban-oto-thanh-pho-thu-duc-tp-ho-chi-minh/131392041.htm
p14_s10_1774759085,mazda 2023,Mazda 2,535.0,"Mazda3 1.5 trắng sport hatback luxury 2022, đăng ký 2023 đi 3.7 vạn 535 trđ  Lh: *** trao đổi kĩ thông tin và xem xe tại 1197 Giải phóng - Hoàng Mai - Hà Nội  #mazda3 #mazda",3700,N/A,Việt Nam,Đã sử dụng,Bảo hành hãng,2022,1.5L Sport Luxury,Tự động,Xăng,Sedan,5,N/A,N/A,N/A,N/A,N/A,N/A,N/A,N/A,> 1 tấn,> 2 tấn,car_p14_s10_1774759085,https://xe.chotot.com/mua-ban-oto-quan-hai-ba-trung-ha-noi/130676128.htm
p14_s11_1774759097,Mazda 2 At,Mazda 2,399.0,"‼️𝘔𝘢𝘻𝘥𝘢 2 - Mẫu xe Sedan có giá thành phù hợp nhất dành cho gia đình.   Mẫu xe đến từ xứ sở Hoa anh đào - Nhập khẩu nguyên chiếc từ Thái Lan  🎈 Trả trước chỉ từ 120 triệu nhận xe ngayyyyyy 🎈 Lăn bánh chỉ 4xx thấp nhất phân khúc  MAZDA BÌNH TRIỆU  📍Địa chỉ: 127 Quốc Lộ 13, Khu Phố 1, Phường Hiệp Bình, Thành Phố Hồ Chí Minh  📲 𝐇𝐨𝐭𝐥𝐢𝐧𝐞: *** ( Lộc Kia Mazda HCM)  💌Zalo: ***",N/A,N/A,Thái Lan,Mới,Bảo hành hãng,2026,N/A,Tự động,Xăng,Sedan,5,N/A,N/A,N/A,N/A,N/A,N/A,N/A,N/A,N/A,N/A,car_p14_s11_1774759097,https://xe.chotot.com/mua-ban-oto-thanh-pho-thu-duc-tp-ho-chi-minh/131391593.htm
p14_s12_1774759105,Mazda 3 2.0 2018 Đỏ 95682 km,Mazda 3,410.0,"Lên Đời Xe Cần Bán Xe Bán Mazda 3 2018 bản full 2.0 + Màu đỏ (sơn lại nguyên xe từ đỏ bầm qua đỏ tươi )  + Xe 5 chỗ, thiết kế thể thao, vận hành êm ái máy móc nguyên zin  + ODO 95682 km. + Xe Cty Chính Chủ 1 Đời + Nội thất rộng rãi, tiện nghi. + Xe giữ gìn cẩn thận, sẵn sàng sử dụng",95682,Có,Nước khác,Đã sử dụng,Bảo hành hãng,2018,2.0 AT,Tự động,Xăng,Hatchback,Khác,N/A,N/A,N/A,N/A,N/A,N/A,N/A,N/A,> 1 tấn,> 2 tấn,car_p14_s12_1774759105,https://xe.chotot.com/mua-ban-oto-thanh-pho-pleiku-gia-lai/131419633.htm
p14_s13_1774759116,2016 2.2L 4x2 AT - 109000 km,Mazda Other,350.0,"Cần bán lại xe bán tải Mazda BT50 số tự động hoặc giao lưu xe 7 chổ Tặng Full đồ chơi Đèn Bi trước full led sau. bi cảng. Màn hình , cam 360 + loa sud điện  Xem xe tại Địa chỉ: 594/11C Hương Lộ 2, Phường Bình Trị Đông, (Quận Bình Tân củ) TP.HCM",109000,N/A,Thái Lan,Đã sử dụng,Bảo hành hãng,2016,2.2L 4x2 AT,Tự động,Dầu,N/A,5,N/A,N/A,N/A,N/A,N/A,N/A,N/A,N/A,> 1 tấn,> 2 tấn,car_p14_s13_1774759116,https://xe.chotot.com/mua-ban-oto-quan-binh-tan-tp-ho-chi-minh/131361759.htm
p14_s14_1774759132,Mazda CX-8 2020 2.5 Premium,CX-8,798.0,"Mazda CX-8 2.5 Premium 2020 (1 Cầu) biển số 93A 22501.  - Odo 45.000 km nguyên bản.  - Xe gầm cao, rộng rãi, phù hợp gia đình.  - Giá 798 triệu.",45000,Có,Nước khác,Đã sử dụng,Bảo hành hãng,2020,Premium,Tự động,Xăng,SUV / Cross over,7,N/A,N/A,N/A,N/A,N/A,N/A,N/A,5,> 1 tấn,> 2 tấn,car_p14_s14_1774759132,https://xe.chotot.com/mua-ban-oto-thanh-pho-di-an-binh-duong/131418666.htm
p14_s15_1774759145,Mazda 3 2024 Luxury Trắng 41.000km,Mazda 3,585.0,"🍒Oto Duy Dương - 167 Nguyễn Văn Cừ - Đắk Lắk🍒  Mazda 3 2024 Luxury 1 Chủ Rất Đẹp  Xe trang bị : 4 lốp zin theo xe, đèn Auto full led, nhớ ghế 2 vị trí...  Odo : 41.000km - bao check mọi nơi  Giá : 585 triệu - Bao rút hồ sơ - Hổ trợ bank 60%  Lh : *** Gặp Dương - Zalo : ***",41000,N/A,Đang cập nhật,Đã sử dụng,Bảo hành hãng,2024,N/A,Tự động,Xăng,N/A,N/A,N/A,N/A,N/A,N/A,N/A,N/A,N/A,N/A,> 1 tấn,> 2 tấn,car_p14_s15_1774759145,https://xe.chotot.com/mua-ban-oto-thanh-pho-buon-ma-thuot-dak-lak/131371677.htm
p14_s16_1774759159,Mazda 6 2015 2.0AT 69000 km,Mazda 6,360.0,"Mazda 6 đời 2015 phiên bản 2.0AT màu trắng 69000.  - Xe thiết kế sang trọng, nội thất rộng rãi.   - Động cơ 2.0AT vận hành êm ái, tiết kiệm nhiên liệu.   - Giá 360trđ. - LH: ***",69000,Có,Đang cập nhật,Đã sử dụng,Bảo hành hãng,2015,N/A,Tự động,Xăng,N/A,N/A,N/A,N/A,N/A,N/A,N/A,N/A,N/A,N/A,> 1 tấn,> 2 tấn,car_p14_s16_1774759159,https://xe.chotot.com/mua-ban-oto-quan-thanh-xuan-ha-noi/131417877.htm
p14_s17_1774759165,Mazda 3 2023 Luxury Đỏ 43.000 km,Mazda 3,565.0,"🍒Oto Duy Dương - 167 Nguyễn Văn Cừ - Đắk Lắk🍒  Mazda 3 2023 Luxury 1 Chủ Mua Mới   Xe trang bị : 4 lốp zin theo xe, secua chưa hạ, led nội thất, củ số kim cương....  Odo : 43.000km - full bảo dưỡng hãng  Giá : 565 triệu - bao rút hồ sơ - hổ trợ bank 60%  Lh : *** Gặp Dương - Zalo : ***",43000,N/A,Đang cập nhật,Đã sử dụng,Bảo hành hãng,2023,N/A,Tự động,Xăng,N/A,N/A,N/A,N/A,N/A,N/A,N/A,N/A,N/A,N/A,> 1 tấn,> 2 tấn,car_p14_s17_1774759165,https://xe.chotot.com/mua-ban-oto-thanh-pho-buon-ma-thuot-dak-lak/130549514.htm
p14_s18_1774759180,Mazda CX5 2020 2.0 Premium Đỏ 50000Km Zin Đỏ,CX-5,665.0,N/A,N/A,N/A,N/A,N/A,N/A,N/A,N/A,N/A,N/A,N/A,N/A,N/A,N/A,N/A,N/A,N/A,N/A,N/A,N/A,N/A,N/A,car_p14_s18_1774759180,https://xe.chotot.com/mua-ban-oto-quan-cau-giay-ha-noi/131417475.htm
p14_s19_1774759185,MAZDA CX8 ĐỦ XE ĐỦ MÀU - GIAO NGAY,CX-8,929.0,"NEW MAZDA CX-8 VIN 2026 - ĐẦY ĐỦ CÁC PHIÊN BẢN CÓ SẴN TẠI SHOWROOM !!! 💥Cập nhật giá xe ưu đãi mới nhất:  - 𝐍𝐄𝐖 𝐌𝐀𝐙𝐃𝐀 𝐂𝐗𝟖 𝐋𝐔𝐗𝐔𝐑𝐘: 929 𝑻𝒓𝒊𝒆̣̂𝒖 - 𝐍𝐄𝐖 𝐌𝐀𝐙𝐃𝐀 𝐂𝐗𝟖 𝐏𝐑𝐄𝐌𝐈𝐔𝐌: 𝟗89 𝑻𝒓𝒊𝒆̣̂𝒖 - 𝐍𝐄𝐖 𝐌𝐀𝐙𝐃𝐀 𝐂𝐗𝟖 𝐒𝐈𝐆𝐍𝐀𝐓𝐔𝐑𝐄: 𝟏.𝟎𝟗𝟗 𝑻𝒓𝒊𝒆̣̂𝒖 ✅ Đăng kí lái thử xem xe tận nhà 🎁 Bộ quà tặng chính hãng 𝐌𝐀𝐙𝐃𝐀  🎁 Bảo hành chính hãng 5 năm hoặc 150.000km 🎁 Hỗ trợ ngân hàng lên đến 80%, thủ tục nhanh, lãi suất ưu đãi ✅ Liên hệ để được tư vấn báo giá *** và quà tặng đi kèm",N/A,N/A,Việt Nam,Đã sử dụng,Bảo hành hãng,2026,N/A,Tự động,Xăng,SUV / Cross over,7,N/A,N/A,N/A,N/A,N/A,N/A,N/A,N/A,> 1 tấn,> 2 tấn,car_p14_s19_1774759185,https://xe.chotot.com/mua-ban-quan-binh-tan-tp-ho-chi-minh/131417030.htm
p15_s0_1774759205,Mazda CX5 2026 Luxury,CX-5,754.0,"🔥🔥 HOT HOT 🔥🔥  GIÁ XE GIẢM SÂU CHƯA TỪNG CÓ  ➖➖➖➖➖➖➖➖➖➖➖➖➖➖➖➖  Giá xe NEW MAZDA CX5 cập nhất mới nhất  - New Mazda CX5 Luxury chỉ : 250tr nhận xe ngay  🎁 ƯU ĐÃI  - Hỗ trợ vay tối đa 85% lãi suất ưu đãi, duyệt hồ sơ nhanh - Tặng phụ kiện kèm theo xe, nhiên liệu giao xe - Tặng thảm lót chân Mazda cao cấp  - Tặng phim cách nhiệt Lumar Mỹ  🚘 LÁI THỬ TẬN NƠI  🚖 GIAO XE TẬN NHÀ  🏦 MAZDA - KIA BÌNH TRIỆU 📞 Hotline/ Zalo : ***   Zalo liên hệ: ***",N/A,N/A,Nhật Bản,Mới,Bảo hành hãng,2026,N/A,Tự động,Xăng,SUV / Cross over,5,N/A,N/A,N/A,N/A,N/A,N/A,N/A,N/A,N/A,N/A,car_p15_s0_1774759205,https://xe.chotot.com/mua-ban-oto-thanh-pho-thu-duc-tp-ho-chi-minh/131391471.htm
p15_s1_1774759215,Mazda CX-30 2025 GIẢM 20TR + BHTV + COUPON 5TR + 🎁,CX-30,729.0,"🔥MAZDA CX-30 PREMIUM - ĐỎ - VIN 25  ✅ GIÁ CHỈ 729 Triệu 📞 Liên hệ ngay để nhận ưu đãi   🏦Hỗ trợ vay 80% - Lãi suất ưu đãi - Duyệt hồ sơ nhanh  💵 Chỉ cần trả trước từ 240 triệu lấy xe ngay  🔥Xe sẵn giao ngay 🔥Lái thử tận nhà - Giao xe tận nhà  —————————————————— 🎁Tặng phim cách nhiệt, thảm sàn cao cấp, dù Mazda cao cấp, túi cứu hộ, nhiên liệu…  🎉Bảo hành 5 năm/150.000km. Miễn phí công bảo dưỡng.   ✨ƯU ĐIỂM NỔI BẬT:  ✅ Thiết kế sang – chuẩn “xe Nhật cao cấp” ✅ Vận hành mượt, đầm chắc, cảm giác lái hay ✅ Nội thất sang nhất phân khúc ✅ Full tính năng an toàn, top đầu phân khúc ✅ Tiết kiệm & công nghệ hỗ trợ ✅ Xe nhập Thái – độ hoàn thiện tốt   🏠 Showroom: THACO AUTO BÌNH TRIỆU  📌 Địa chỉ: 127-153 Quốc lộ 13, phường Hiệp Bình, Thành phố Hồ Chí Minh  📞 Liên hệ ngay để được báo giá chi tiết",N/A,N/A,Thái Lan,Mới,Bảo hành hãng,2025,Premium 2.0 AT,Tự động,Xăng,SUV / Cross over,5,N/A,N/A,N/A,N/A,N/A,N/A,N/A,N/A,N/A,N/A,car_p15_s1_1774759215,https://xe.chotot.com/mua-ban-oto-thanh-pho-thu-duc-tp-ho-chi-minh/131390344.htm
p15_s2_1774759227,Mazda 2 2018 1.5 AT Đỏ,Mazda 2,339.0,"Mazda 2 - 1.5 AT sx 2018 Xe biển cá nhân Hà Nội odo 11v km zin, đã lên cảm biến áp suất, lốp mới date 2025 Xe bán có bảo hành, có cam kết chất lượng bằng văn bản, check test thoải mái. Giá 339 tr. Lh: *** Đc: Nghĩa Đô, Hà Nội.",110000,Có,Nước khác,Đã sử dụng,Bảo hành hãng,2018,1.5 AT,Tự động,Xăng,Hatchback,Khác,N/A,N/A,N/A,N/A,N/A,N/A,N/A,N/A,> 1 tấn,> 2 tấn,car_p15_s2_1774759227,https://xe.chotot.com/mua-ban-oto-quan-cau-giay-ha-noi/131229366.htm
p15_s3_1774759238,Mazda CX5 2024 Exclusive Trắng,CX-5,810.0,"Người dùng bán CX5 Exclusive odo 1 vạn 4 trắng biển SG xuất hoá đơn cty được, sx cuối 2024 đăng kiểm đến T8/2028.  Xe gồm - Film 3M Crystalline - Áp suất lốp trong - Dán ppf nhựa bóng giữ rất kỹ  Giá 810 triệu, bớt lộc cho người thiện chí Đã đăng sát giá, hợp lý hẳn gọi đừng làm mất thời gian đôi bên 🙏: ***",14500,N/A,Việt Nam,Đã sử dụng,Bảo hành hãng,2024,N/A,Tự động,Xăng,N/A,N/A,N/A,N/A,N/A,N/A,N/A,N/A,N/A,N/A,> 1 tấn,> 2 tấn,car_p15_s3_1774759238,https://xe.chotot.com/mua-ban-oto-quan-1-tp-ho-chi-minh/131416183.htm
p15_s4_1774759244,Mazda CX 5 2022 Premium - 59000 km,Mazda Other,765.0,Em cần bán giùm ông con xe. 1 đời chủ mua mới  Bao check tees mọi hình thức. Odo mới 59 ngìn cây Xem xe lộc ninh bình phước cũ  Ace cần cứ alo e nhé. E dẫn tới nhà Giá cả còn thương lượng,59000,N/A,Việt Nam,Đã sử dụng,Bảo hành hãng,2022,Premium,Tự động,Xăng,SUV / Cross over,5,FWD,154 HP (115 kW),200 Nm,2,N/A,6,N/A,5,> 1 tấn,> 2 tấn,car_p15_s4_1774759244,https://xe.chotot.com/mua-ban-oto-huyen-bac-tan-uyen-binh-duong/131402086.htm
p15_s5_1774759256,"MAZDA BT 50 2018 2.2 TỤ ĐỘNG ,XE CỰC CHẤT",Mazda Other,398.0,"MAZDA BT 50 4x2 TỰ ĐỘNG, BẢN FULL OPTION ,xe 1 đời chủ mua mới ,bảo dưỡng full lịch sử hãng ,ko lỗi nhỏ bao test toàn quốc ,chất xe như mới 5 vỏ mới còn rất dày - trang bị : ghế da ,lót sàn ,bọc trần ,đăng kiểm ,bảo hiểm còn rất dài hạng . - odo : 116.000 km - sản xuất : 10/2018 - CAM KẾT : xe ko tai nạn ,thuỷ kích ,ko lỗi bao test hãng toàn quốc ( CÓ VĂN BẢN BẢO HÀNH 1 NĂM HOẶC 15.000 km )  - HỖ TRỢ VAY NGÂN HÀNG TPBANK 65% lãi xuất thấp ,thủ tục đơn giản ,giải ngân nhanh chóng - BAO SANG TÊN HCM - HÀ NỘI TOÀN QUỐC - HOẶC GIẢM TRỰC TIẾP TIỀN MẶT ,giao xe tận nơi ,lái thử tận nhà  - HỖ TRỢ THU XE CŨ ĐỔI XE MỚI GIÁ CAO HƠN THỊ TRƯỜNG 10-20 triệu - Vui lòng liên hệ trực tiếp để xem xe và lái thử ,giá cả còn thương lượng cho quý khách hàng đến xem xe trực tiếp  - đ/c : 201 lê cơ ,phường an lạc ,bình tân  - TUYỂN CỘNG TÁC VIẺN MUA - BÁN XE HOA HỒNG CAO CHO AE GIỚI THIỆU 🌹",116000,N/A,Đang cập nhật,Đã sử dụng,Bảo hành hãng,2018,N/A,Tự động,Dầu,Pick-up (bán tải),5,N/A,N/A,N/A,N/A,N/A,N/A,N/A,N/A,> 1 tấn,> 2 tấn,car_p15_s5_1774759256,https://xe.chotot.com/mua-ban-oto-quan-binh-tan-tp-ho-chi-minh/131151461.htm
p15_s6_1774759270,Mazda Mazda 6 Trắng 5 chỗ,Mazda 6,430.0,"Bán Mazda 6 màu trắng, xe 5 chỗ, thiết kế sang trọng, không gian rộng rãi.  - Ngoại hình đẹp, xe giữ gìn cẩn thận.  - Trang bị đầy đủ tiện nghi.  - Xe sẵn sàng lăn bánh. Đã lên mh oledpro cam360 hud kính  Xe chính chủ ký bán hay uỷ quyền đều dc anh chị xem có bớt lộc giá 430 triêu",110000,N/A,Đang cập nhật,Đã sử dụng,Bảo hành hãng,2018,N/A,Tự động,Xăng,N/A,5,N/A,N/A,N/A,N/A,N/A,N/A,N/A,N/A,> 1 tấn,> 2 tấn,car_p15_s6_1774759270,https://xe.chotot.com/mua-ban-oto-huyen-trang-bang-tay-ninh/131414035.htm
p15_s7_1774759280,Mazda 3 2016 1.5 AT nhiều đồ chơi,Mazda 3,385.0,"Mazda 3 AT (std) 1.5 nhiều đồ cơ bản ( đăng kiểm vô tư) đời 2016 bstp chính chủ. Còn 2 rmot v..v  Dàn ngoài Mâm + heo 👉🏼 chuẩn size zin Hai ghế trước chĩnh điện 8 hướng + quạt gió Đèn trước full M6 led bi gầm siêu sáng. Đèn hậu audi cực đẹp Xinhan tích hợp trên gương Bấm mở cốp sau auto Galang carbon + lãy số tay Camera 360 quoanh xe + cam hành trình Loa bos vô 4 cánh dập bao phê Pô on off nghe bao phê v..v  👉🏼Cam kết xe ko cắn đụng ngập nước 5 cửa zin. Máy móc zin chao chưa mở, bao rút nhập sang tên cho ae, có sao nói vậy cho đỡ mất time đôi bên. Khuyến khích ae lên xem xe trực típ ở ngoài còn keng hơn nhiều👍👍  Call *** ☎️ ***",75000,Có,Việt Nam,Đã sử dụng,Bảo hành hãng,2016,1.5 AT Sedan,Tự động,Xăng,Sedan,5,FWD,112 HP @6000 RPM,144 Nm @4000 RPM,1.5,5,2,160,4,> 1 tấn,> 2 tấn,car_p15_s7_1774759280,https://xe.chotot.com/mua-ban-oto-quan-12-tp-ho-chi-minh/123106955.htm
p15_s8_1774759293,Mazda CX-5 Luxury 2.0 AT sản xuất 2025,CX-5,763.0,"Thông tin chi tiết về xe :  - Xe tư nhân 1 chủ mua từ mới  - Biển tỉnh đã rút hồ sơ cầm tay - Odo hơn 2 vạn km zin  - Lên nhiều đồ chơi : ghế da napal , cam 360 ...  - Lốp theo xe , sơ cua chưa hạ  Tình trạng xe :  - Nội ngoại thất tươi mới giữ gìn cẩn thận  - Cam kết chất lượng xe bằng văn bản : Không đâm , tai nạn ảnh hưởng tới khung gầm sắt xi , không ngập nước , máy số keo chỉ đinh tán cột kèo nguyên bản  - Bao check test theo chỉ định khách hàng  - Hỗ trợ trả góp 70% giá trị xe - Quý khách có nhu cầu mua xe xin vui lòng liên hệ trực tiếp để trao đổi & lái thử xe để có giá ***",20000,Có,Việt Nam,Đã sử dụng,Bảo hành hãng,2025,N/A,Tự động,Xăng,N/A,5,N/A,N/A,N/A,N/A,N/A,N/A,N/A,N/A,> 1 tấn,> 2 tấn,car_p15_s8_1774759293,https://xe.chotot.com/mua-ban-oto-quan-ha-dong-ha-noi/131413450.htm
p15_s9_1774759306,Mazda 3 1.5 AT 2020 - 70000 km,Mazda 3,480.0,"🚗 Mazda 3 1.5AT – Form mới, đẹp xuất sắc, sẵn đi ngay!  💎 Thông tin chi tiết:  • Model: Mazda 3 1.5 AT  • Sản xuất: 2020 – Đăng ký: 2021  • Tên tư nhân 1 chủ Hà Nội  • Odo: 7 vạn km chuẩn zin  • Bảo dưỡng full hãng, lịch sử rõ ràng   ✨ Trang bị & tình trạng:  • Nội thất ghế da xịn, sạch đẹp  • Đã lên cảm biến trước sau  • Lốp Michelin mới cả dàn  • Máy móc – khung gầm zin, đi cực êm  • Đăng kiểm dài tới 2028  🔥 Ưu điểm nổi bật:  • Sedan hạng C form đẹp, lái sướng, tiết kiệm xăng  • Xe gia đình giữ gìn, không lỗi nhỏ  • Mua về chỉ việc đổ xăng chạy   Giá : 480tr _________________________________ 📍 Xe xem tại Hà Nội 📞 Liên hệ ngay để xem xe và thương lượng giá tốt!",70000,Có,Nước khác,Đã sử dụng,Bảo hành hãng,2020,1.5L Deluxe,Tự động,Xăng,Sedan,5,N/A,N/A,N/A,N/A,N/A,N/A,N/A,4,> 1 tấn,> 2 tấn,car_p15_s9_1774759306,https://xe.chotot.com/mua-ban-oto-quan-ha-dong-ha-noi/131389681.htm
p15_s10_1774759319,Mazda 3 2020 1.5L Luxury - 90000 km,Mazda 3,496.0,"Chiếc Mazda 3 màu trắng, sản xuất năm 2020, là một lựa chọn tuyệt vời cho những ai đang tìm kiếm một chiếc Sedan phong cách và tiết kiệm nhiên liệu. Xe được sản xuất tại Việt Nam, đảm bảo chất lượng và phù hợp với điều kiện đường xá trong nước.  ✨Thông tin chi tiết:  * 🚗 Thương hiệu: Mazda, một thương hiệu xe hơi nổi tiếng với thiết kế KODO và công nghệ SkyActiv. * ⚪ Màu sắc: Trắng, mang đến vẻ ngoài thanh lịch, hiện đại và dễ dàng bảo quản. * 🚘 Dòng xe: 3, mẫu Sedan được ưa chuộng nhờ thiết kế thể thao và khả năng vận hành linh hoạt. * 🌍 Xuất xứ: Việt Nam, đảm bảo phụ tùng dễ dàng thay thế và bảo dưỡng. * 💺 Số chỗ ngồi: 2 chỗ, phù hợp cho những người độc thân hoặc cặp đôi. * 🚗 Loại xe: Sedan, mang lại sự thoải mái và trải nghiệm lái xe êm ái. * ⛽ Nhiên liệu: Xăng, dễ dàng tìm kiếm và sử dụng ở khắp mọi nơi. * ⚙️ Hộp số: Tự động, giúp việc lái xe trở nên dễ dàng và thoải mái hơn, đặc biệt trong điều kiện giao thông đô thị. * 📅 Năm sản xuất: 2020, xe còn khá mới và được trang bị nhiều công nghệ hiện đại. * 🛣️ Số Odo: 90000 km, cho thấy xe đã được sử dụng nhưng vẫn còn trong tình trạng hoạt động tốt. * 🔢 Phiên bản: 646673.  Chiếc Mazda 3 này hứa hẹn mang đến trải nghiệm lái xe thú vị và đáng tin cậy. Xe được thiết kế với nhiều tính năng an toàn và tiện nghi, đảm bảo sự thoải mái và an toàn cho mọi hành trình. Đây là cơ hội tuyệt vời để sở hữu một chiếc Sedan chất lượng. Xe phù hợp cho cả việc di chuyển hàng ngày trong thành phố lẫn những chuyến đi xa. Mazda 3 là một trong những dòng xe sedan hạng C được yêu thích tại thị trường Việt Nam nhờ thiết kế đẹp mắt",90000,Có,Việt Nam,Đã sử dụng,Bảo hành hãng,2020,1.5L Luxury,Tự động,Xăng,Sedan,5,N/A,N/A,N/A,N/A,N/A,N/A,N/A,4,> 1 tấn,> 2 tấn,car_p15_s10_1774759319,https://xe.chotot.com/mua-ban-oto-quan-lien-chieu-da-nang/131412510.htm
p15_s11_1774759330,Mazda 3 2021 xe zin chất xe còn rất cứng giá tốt,Mazda 3,485.0,"📣📣 🚘 🚘 MAZDA 3 2021 - Lựa chọn hoàn hảo!  👉 Odo chuẩn: 7vạn 👉 Phiên bản : Deluxe 👉Tình trạng xe hiện tại : Xe zin từ máy móc đến gầm bệ, nội - ngoại thất sạch đẹp.  ✅Trang bị hiện đại: - Start/Stop tiện lợi - Đàm thoại rảnh tay - Gương kính chỉnh điện - Điều hòa auto - Hệ thống an toàn tiêu chuẩn - Vô vàng các option…  💁 Chủ cũ đã trang bị thêm dán film, cam hành trình,..  💯 Cam kết uy tín: - Không đâm đụng, không thủy kích - Bảo hành 1 năm bao quay đầu  💰 Giá ưu đãi: Chỉ từ 485tr bao rút hs gốc ( Có hỗ trợ sang tên ) 📲 xem xe trực tiếp liên hệ hotline   🔥 Nhanh tay, xe đẹp không chờ lâu!",70000,Có,Đang cập nhật,Đã sử dụng,Bảo hành hãng,2021,N/A,Tự động,Xăng,Sedan,5,N/A,N/A,N/A,N/A,N/A,N/A,N/A,N/A,> 1 tấn,> 2 tấn,car_p15_s11_1774759330,https://xe.chotot.com/mua-ban-oto-huyen-hoc-mon-tp-ho-chi-minh/131322102.htm
p15_s12_1774759343,🐅🐅🐅🌹🌹🌹e bán CX5 -2015 -1 chủ bản Full,CX-5,435.0,"🐅🐅🐅🌹🌹🌹E bán CX5 2015 -1 đời chủ Odo 79.000 đâm đụng thì lấy xe về chạy khỏi trả tiền Bản 2.0 cửa nóc- trang bị màn hình androi, cam lùi, để startop vv và vv Sơ cua chưa sử dụng  Giá 435 xem xe thương lượng Xem xe gần bến xe quận 8",79000,Có,Việt Nam,Đã sử dụng,Bảo hành hãng,2015,Toyota Venza 2.7 AT,Tự động,Xăng,SUV / Cross over,5,FWD,182 HP @ 4000 RPM,240Nm @4000 RPM,2.7,N/A,N/A,206,5,> 1 tấn,> 2 tấn,car_p15_s12_1774759343,https://xe.chotot.com/mua-ban-oto-huyen-binh-chanh-tp-ho-chi-minh/129908847.htm
p15_s13_1774759358,Mazda Mazda3 2019 Deluxe Đỏ 90.000 km,Mazda 3,455.0,"Mazda3 2019 deluxe Form mới 2020 ODOL 90.000 km Xe nguyên rin từ đầu đến cuối  Xem xe : 84 Phạm Hùng, Hoà Xuân, Đà Nẵng",90000,Có,Việt Nam,Đã sử dụng,Bảo hành hãng,2019,1.5L Deluxe,Tự động,Xăng,Sedan,5,N/A,N/A,N/A,N/A,N/A,N/A,N/A,4,> 1 tấn,> 2 tấn,car_p15_s13_1774759358,https://xe.chotot.com/mua-ban-oto-quan-cam-le-da-nang/131177341.htm
p15_s14_1774759367,Mazda CX-30 Luxury 2022,CX-30,585.0,"🚗Mazda CX-30 Luxury 2022 – Xe Đẹp, Giá Tốt 🔥 🚗 Odo: 62.000 km 💰 Giá: 585 triệu  ✅ Keo chỉ, máy số nguyên zin ✅ Lốp theo xe, xe gia đình đi kỹ  ⚙️ Động cơ 2.0 – HUD kính lái – Cốp điện – Ghế chỉnh điện.  ✔️ Check test thoải mái ✔️ Giao xe toàn quốc – xem xe tại nhà BMT ✔️ Hỗ trợ ngân hàng 60%  📞 Hotline/Zalo: *** 💬 Inbox để xem xe chi tiết",62000,N/A,Nước khác,Đã sử dụng,Bảo hành hãng,2022,Luxury 2.0 AT,Tự động,Xăng,SUV / Cross over,Khác,N/A,N/A,N/A,N/A,N/A,N/A,N/A,N/A,> 1 tấn,> 2 tấn,car_p15_s14_1774759367,https://xe.chotot.com/mua-ban-oto-thanh-pho-buon-ma-thuot-dak-lak/130563536.htm
p15_s15_1774759381,MAZDA 2 2025 GIÁ GIẢM - NHẬP NGUYÊN CHIẾC THÁI LAN,Mazda 2,403.0,"New Mazda2 sedan 2024 - Nhập khẩu nguyên chiếc từ Thái Lan Mazda 2 sử dụng động cơ SkyActiv-G 1.5L (cho công suất cực đại đạt 110 mã lực tại , kết hợp hộp số tự động 6 cấp.) Dai rộng cao 4340 x 1695 x 1470mm. VỚI ƯU ĐIỂM: + Thiết kế hiện đại, thời trang, sang trọng. + Nội thất phong cách châu Âu. + Trang bị hàng đầu phân khúc, nhiều tính năng cao cấp. + Động cơ êm ái, vận hành ổn định. + Hệ thống an toàn tốt bậc nhất phân khúc. + Khả năng cách âm được cải thiện. ----------------------------------- Liên hệ SĐT e Ngay: Để được tư vấn báo giá xe Giá lăn bánh *** thị trường. (Minh Phụng kia Gò Vấp) Địa chỉ: 189 Nguyễn Oanh p10 Gò Vấp.",N/A,N/A,Nhật Bản,Mới,Bảo hành hãng,2025,N/A,Tự động,Xăng,Hatchback,5,N/A,N/A,N/A,N/A,N/A,N/A,N/A,N/A,N/A,N/A,car_p15_s15_1774759381,https://xe.chotot.com/mua-ban-oto-quan-go-vap-tp-ho-chi-minh/118449895.htm
p15_s16_1774759393,Mazda CX5 2021 Premium 2.0 đẹp chuẩn nhà dùng,CX-5,689.0,"🚗 Mazda CX5 2021 Premium 2.0 màu trắng đẹp chuẩn nhà dùng, lăn bánh 60.000km full bảo dưỡng, Chất xe nguyên bản còn đẹp mới tinh😍  Cam kết bằng văn bản: ♻️ Xe không va chạm, không thủy kích ♻️ Động cơ, khung gầm, máy móc nguyên bản ♻️ Hồ sơ pháp lý rõ ràng, làm việc nhanh chóng ♻️ Không phạt nguội, không tranh chấp ♻️ Bảo hành động cơ hộp số 10.000km hoặc 6 tháng ♻️ Bao kiểm tra hãng  Khuyến khích xem xe trực tiếp, lái thử và cảm nhận xe. Giá cả còn thương lượng khi xem xe! _________________________ Tân Hùng Phát Auto sẵn sàng phục vụ quý khách. 📌Địa chỉ: 579 Quốc Lộ 13, Hiệp Bình Phước, Thành phố Thủ Đức",60000,Có,Đang cập nhật,Đã sử dụng,Bảo hành hãng,2021,2.0 Premium,Tự động,Xăng,SUV / Cross over,Khác,N/A,N/A,N/A,N/A,N/A,N/A,N/A,N/A,> 1 tấn,> 2 tấn,car_p15_s16_1774759393,https://xe.chotot.com/mua-ban-oto-thanh-pho-thu-duc-tp-ho-chi-minh/131410897.htm
p15_s17_1774759409,Mazda 3S AT 2013 - 120000 km,Mazda 3,280.0,"Keo chỉ , máy móc , nguyên bản  Nội thất lung linh  Lốp dự phòng mới tinh  Cửa sổ trời  Màn hình + cam lùi",120000,Có,Việt Nam,Đã sử dụng,Bảo hành hãng,2013,N/A,Tự động,Xăng,Sedan,4,N/A,N/A,N/A,N/A,N/A,N/A,N/A,N/A,> 1 tấn,> 2 tấn,car_p15_s17_1774759409,https://xe.chotot.com/mua-ban-thi-xa-phu-my-ba-ria-vung-tau/131410585.htm
p15_s18_1774759420,Mazda 3 2019 Trắng 94000 km,Mazda 3,456.0,e cập bến mada3 sản xuất 2019 tư nhân 1 chủ từ mới xe chạy 9v4 fun hãng xe cam kết k đâm đụng k ngập nước máy số keo chỉ nguyên bản bao chekc hỗ trợ bank 70% giá trị xe liên hệ ***,94000,N/A,Việt Nam,Đã sử dụng,Bảo hành hãng,2019,N/A,Tự động,Xăng,N/A,N/A,N/A,N/A,N/A,N/A,N/A,N/A,N/A,N/A,> 1 tấn,> 2 tấn,car_p15_s18_1774759420,https://xe.chotot.com/mua-ban-quan-nam-tu-liem-ha-noi/131248592.htm
p16_s0_1774759446,Mazda 6 Đen 78.000 km,Mazda 6,120.0,"Siêu phẩm vượt thời Giang Mazda 6 2004 ( giấy tờ chuẩn chỉnh)  Xe gia đình máy số bốc, êm ru, điều hòa mát lạnh  Xem xe: 84 Phạm Hùng, Hoà Xuân, Đà Nẵng",100000,Có,Việt Nam,Đã sử dụng,Bảo hành hãng,2004,2.0 MT,Số sàn,Xăng,Sedan,5,N/A,N/A,N/A,N/A,N/A,N/A,N/A,4,> 1 tấn,> 2 tấn,car_p16_s0_1774759446,https://xe.chotot.com/mua-ban-oto-quan-cam-le-da-nang/131300522.htm
p16_s1_1774759460,MAZDA CX8 PREMIUM 2022 FORM MỚI 1 CHỦ CỰC ĐẸP,CX-8,870.0,"Mazda CX 8 2.5AT 2022 bản Premium, Form mới có cửa nóc, màu xanh dương, xe cá nhân mua mới từ đầu, xe sử dụng kỹ, bảo dưỡng full, còn rất mới, vỏ sơ cua chưa hạ, bao kiểm tra test hãng toàn quốc. - Xe trang bị: Ghế da chỉnh điện, màn hình kết nối apple carplay, androi auto, cảm biến trước sau, cửa nóc, gương chỉnh điện, ga tự động Cruise Control… - Giá 870 tr, còn bớt khi xem xe. - Hỗ trợ góp qua NH - Cam kết xe không cấn đụng, thủy kích, không phạt nguội, bao kiểm tra, test hãng. - Cảm ơn ac đã quan tâm LH ĐT bên dưới để xem xe",43000,Có,Việt Nam,Đã sử dụng,Bảo hành hãng,2022,2.5 Premium,Tự động,Xăng,SUV / Cross over,7,N/A,N/A,N/A,N/A,N/A,N/A,N/A,5,> 1 tấn,> 2 tấn,car_p16_s1_1774759460,https://xe.chotot.com/mua-ban-oto-thanh-pho-thu-duc-tp-ho-chi-minh/130976451.htm
p16_s2_1774759473,Mazda CX 3 2023 Deluxe 2700 km Đỏ,Mazda 3,520.0,"🚘 Tiếp tục seri xe mua về trùm mền ko đi😍 🚘 Mazda CX 3 Deluxe sx 2023 một chủ mua mới, sơn zin 99,9%  🚘 Odo 2.700 km mới thay nhớt lần đầu mốc 2000 km full hãng 🚘 xe đã lên màng Zestech kèm cam 360 xịn sò❤️ 💵 5xx cho mẫu SUV phân khúc B gầm cao đi phố  📲 Liên hệ e xem xe thương lượng trực tiếp ạ. Thanks❤️ *** (Minh) #CX3",2700,N/A,Đang cập nhật,Đã sử dụng,Bảo hành hãng,2023,1.5 Deluxe,Tự động,Xăng,SUV / Cross over,5,FWD,110 HP @ 6000,144 Nm @ 4000,1.496,6.1,6,155,5,> 1 tấn,> 2 tấn,car_p16_s2_1774759473,https://xe.chotot.com/mua-ban-oto-thanh-pho-da-lat-lam-dong/131353882.htm
p16_s3_1774759486,Mazda 3 2025 Luxury Xanh 1.5AT,Mazda 3,628.0,"Mazda 3 Luxury đời 2025 màu xanh, xe 5 chỗ, số tự động, chạy xăng.   - Thiết kế sang trọng, nội thất tiện nghi.   - Động cơ vận hành êm ái, tiết kiệm nhiên liệu.   - Xe giữ gìn cẩn thận, sẵn sàng lăn bánh.",12000,N/A,Đang cập nhật,Đã sử dụng,Bảo hành hãng,2025,N/A,Tự động,Xăng,N/A,5,N/A,N/A,N/A,N/A,N/A,N/A,N/A,N/A,> 1 tấn,> 2 tấn,car_p16_s3_1774759486,https://xe.chotot.com/mua-ban-oto-thanh-pho-thu-duc-tp-ho-chi-minh/131409613.htm
p16_s4_1774759497,Mazda BT 50 2015 2.2 MT 4WD - 118000 km,Mazda Other,355.0,Xe một chủ từ đầu ĐK tháng 12/2015 sơn si đẹp nội thất nỉ theo xe sạch sẽ mới tinh máy móc gầm bệ chưa tháo một con ốc hai cầu còn đủ chạy rất khoẻ đầm chắc ACE có nhu cầu xin LH cảm ơn đã đọc tin.,118000,Có,Thái Lan,Đã sử dụng,Bảo hành hãng,2015,2.2 MT 4WD,Số sàn,Dầu,Pick-up (bán tải),5,4WD,148 HP @3700 RPM,375 Nm @1500 RPM,2.2,7.5,2,237,4,> 1 tấn,> 2 tấn,car_p16_s4_1774759497,https://xe.chotot.com/mua-ban-oto-thanh-pho-pleiku-gia-lai/131318180.htm
p16_s5_1774759509,mazda BT 50 2021 2 cầu 4x4 bản full xe đẹp,Mazda 2,595.0,"Bán tải mazda bt 50 2021 2 cầu 4x4, odo 98k km. Xe chính chủ. Zin full, bao đâm đụng ngập ngước, check test ở đâu tuỳ ae lựa.  595xem xe, xe lót sàn 5d từ lúc mới mua để bảo vệ nội thất",98000,N/A,Thái Lan,Đã sử dụng,Bảo hành hãng,2021,Premium 1.9L 4x4 AT,Tự động,Dầu,Pick-up (bán tải),Khác,N/A,N/A,N/A,N/A,N/A,N/A,N/A,N/A,> 1 tấn,> 2 tấn,car_p16_s5_1774759509,https://xe.chotot.com/mua-ban-oto-quan-11-tp-ho-chi-minh/131406800.htm
p16_s6_1774759525,Mazda CX5 2017 2.5 Đen,CX-5,489.0,💥💥💥 An phát vừa về - Cx5 2.5 sx 2017 tên cá nhân một chủ từ mới  - xe đẹp zin hết không lỗi nhỏ  - lốp sơ cua chưa hạ  - Bao check test thoải mái,11000,N/A,Đang cập nhật,Đã sử dụng,Bảo hành hãng,2017,N/A,Tự động,Xăng,N/A,N/A,N/A,N/A,N/A,N/A,N/A,N/A,N/A,N/A,> 1 tấn,> 2 tấn,car_p16_s6_1774759525,https://xe.chotot.com/mua-ban-oto-quan-bac-tu-liem-ha-noi/131383047.htm
p16_s7_1774759536,Mazda 6 2003 MT 2.0 chính chủ 128tr,Mazda 6,128.0,Bán xe mazda6 2003 MT 2.0 tặg đôi dép tổ ôg với bình xăg đầy🫢🤪. 100km 7.8L . Tình trạng máy nổ êm như chó🫢. Máy lạnh siêu lạnh lock êm ru. Keo chỉ zin. Sơn đẹp. Gầm đẹp .đồ chơi nhìu. Ảndroi 9.0 oles p450 sịn. Viêtmap s2 cảh báo tốc độ phạt nguội... camde. Cam hành trình. Hiện tốc độ trên kính lái. Cảm biến lớp.... cảm ơn ace đã xem. Iu thích e nó bốc máy alo e nha. Chíh chủ. Xem xe tại trung tâm dầu tiếng HCM mới🤪🫰🫶🫶🫶,360000,N/A,Đang cập nhật,Đã sử dụng,Bảo hành hãng,2003,2.0MT,Số sàn,Xăng,Sedan,5,N/A,N/A,N/A,N/A,N/A,N/A,N/A,4,> 1 tấn,> 2 tấn,car_p16_s7_1774759536,https://xe.chotot.com/mua-ban-oto-huyen-dau-tieng-binh-duong/131404001.htm
p16_s8_1774759548,Mazda 6 2016 2.0 AT - 160 km,Mazda 6,398.0,"🚗 Mazda 6, dòng Sedan sang trọng, màu trắng tinh tế. 🚗 Sản xuất năm 2016, số tự động, động cơ xăng mạnh mẽ và tiết kiệm nhiên liệu. 🚗 Số chỗ ngồi: 5 🚗 Odometer cực thấp, chỉ 160 km, xe gần như mới. 🚗 Phiên bản 2.0 🚗 Ngoại thất xe màu trắng sang trọng, lịch lãm, phù hợp với nhiều đối tượng khách hàng. 🚗 Nội thất rộng rãi, thoải mái, được trang bị nhiều tiện nghi hiện đại. 🚗 Động cơ vận hành êm ái, mạnh mẽ, mang lại trải nghiệm lái tuyệt vời. 🚗 Hộp số tự động chuyển số mượt mà, không giật cục. 🚗 Xe được bảo dưỡng định kỳ, đảm bảo chất lượng vận hành ***. 🚗 Thích hợp cho cả nhu cầu đi lại hàng ngày và những chuyến đi xa. 🚗 Hệ thống an toàn đầy đủ, giúp bạn yên tâm trên mọi hành trình. 🚗 Khung gầm chắc chắn, mang lại cảm giác lái đầm chắc. 🚗 Xe không đâm đụng, không ngập nước, đảm bảo chất lượng. 🚗 Giấy tờ đầy đủ, hợp lệ, sang tên nhanh chóng. 🚗 Một lựa chọn tuyệt vời cho những ai đang tìm kiếm một chiếc sedan chất lượng cao với chi phí hợp lý. 🚗 Thiết kế hiện đại, không lỗi thời, luôn thu hút mọi ánh nhìn. 🚗 Tiết kiệm nhiên liệu, giảm chi phí vận hành. 🚗 Dễ dàng di chuyển trong thành phố và trên đường trường. 🚗 Mang lại sự tự tin và phong cách cho người sở hữu.",160,N/A,Đang cập nhật,Đã sử dụng,Bảo hành hãng,2016,2.0 AT,Tự động,Xăng,Sedan,5,FWD,153 HP @6000 RPM,210 Nm @4000 RPM,2,6,2,165,4,> 1 tấn,> 2 tấn,car_p16_s8_1774759548,https://xe.chotot.com/mua-ban-oto-huyen-dan-phuong-ha-noi/131403299.htm
p16_s9_1774759558,Mazda CX-5 2023 Premium Đen một chủ không lỗi,CX-5,759.0,"🚗 Mazda CX-5 2023 Premium – SUV hạng C cực đẹp, giá mềm!  Cần bán Mazda CX-5 2023 Premium – mẫu SUV quốc dân, thiết kế sang trọng, vận hành êm ái, cực kỳ giữ giá.  ✨ Thông tin xe:  • Phiên bản: Premium (bản cao cấp)  • Năm sản xuất: 2023  • Odo: 40.000 km  • Màu: Đen sang trọng  • Xe gia đình sử dụng kỹ, còn rất mới  • Nội ngoại thất zin đẹp, máy móc vận hành êm ái  • Option cao cấp: ghế da chỉnh điện, nhớ ghế, màn hình trung tâm, camera 360, cửa sổ trời, đề nổ Start/Stop, phanh tay điện tử…  💰 Giá bán: chỉ 759 triệu (cực kỳ hợp lý cho một chiếc CX-5 Premium đời cao)  ✔️ Xe đã kiểm tra kỹ, pháp lý rõ ràng ✔️ Hỗ trợ trả góp ngân hàng nhanh gọn ✔️ Bao check hãng / test thoải mái  📍 Xem xe tại Fastcars Thủ Đức  📞 Liên hệ ngay Thái Fastcars xem xe và lái thử.",40000,Có,Việt Nam,Đã sử dụng,Bảo hành hãng,2023,N/A,Tự động,Xăng,SUV / Cross over,5,N/A,N/A,N/A,N/A,N/A,N/A,N/A,N/A,> 1 tấn,> 2 tấn,car_p16_s9_1774759558,https://xe.chotot.com/mua-ban-oto-thanh-pho-thu-duc-tp-ho-chi-minh/131111662.htm
p16_s10_1774759572,Mazda 3 1.5 Luxury 2020 mầu Trắng,Mazda 3,485.0,"Cần bán matdaz 3 bản 1.5L sx 2020 Lucxyry tư nhán sd xe đẹp ,ful đồ cam kết máy móc nguyên bản ,ko đâm dfungj ko thuỷ kích ko ngập nươc ,có hỗ trợ vay banks lên tới 70% giá trị của xe. Khung gầm đi đầm chắc lịch",82000,Có,Đang cập nhật,Đã sử dụng,Bảo hành hãng,2020,Sedan 1.5L Luxury,Tự động,Xăng,Sedan,5,N/A,N/A,N/A,N/A,N/A,N/A,N/A,4,> 1 tấn,> 2 tấn,car_p16_s10_1774759572,https://xe.chotot.com/mua-ban-oto-quan-hoang-mai-ha-noi/131402480.htm
p16_s11_1774759583,Mazda 6 2016 2.5AT Trắng,Mazda 6,389.0,"🚗 CẦN BÁN MAZDA 6 2.5AT SX 2016 – 1 CHỦ TỪ ĐẦU 🚗  🔹 Xe gia đình sử dụng, giữ gìn kỹ, 1 chủ từ đầu 🔹 Động cơ 2.5 mạnh mẽ, vận hành êm ái,  🔹 Số tự động, full option: ghế da, màn hình, camera lùi, điều hòa auto 🔹 Nội thất sạch đẹp, ngoại thất còn zin, không tai nạn, không ngập nước 🔹 Bảo dưỡng định kỳ đầy đủ  📌 Xe chạy ổn định, mua về đi ngay   💰 Giá: thương lượng nhẹ cho anh em thiện chí 📍 Xem xe: Ô8, Đường DA6, Khu Dân Cư Vietsing, Thuận Giao, TP Hồ Chí Minh.  📞 Liên hệ: ***",139000,N/A,Đang cập nhật,Đã sử dụng,Bảo hành hãng,2016,N/A,Tự động,Xăng,N/A,5,N/A,N/A,N/A,N/A,N/A,N/A,N/A,N/A,> 1 tấn,> 2 tấn,car_p16_s11_1774759583,https://xe.chotot.com/mua-ban-oto-thanh-pho-thuan-an-binh-duong/131402436.htm
p16_s12_1774759594,Mazda CX-3 2024 Deluxe lướt 24.000 km một chủ,CX-3,529.0,"🚗 Mazda CX-3 Deluxe 2024 – Nhập Thái Lan | SUV đô thị siêu đẹp, giá cực tốt!  Cần bán Mazda CX‑3 Deluxe 2024 – mẫu SUV cỡ nhỏ thiết kế thể thao, gầm cao linh hoạt, cực kỳ phù hợp đi phố. Xe lướt nhẹ 24.000 km, còn rất mới, gia đình sử dụng kỹ.  ✨ Thông tin xe: • Model: Mazda CX-3 Deluxe • Năm sản xuất: 2024 – Nhập Thái Lan • Odo: 24.000 km • Màu đỏ nổi bật, ngoại thất cực đẹp • Nội thất sạch sẽ, giữ gìn kỹ • Trang bị: màn hình giải trí, camera lùi, cruise control, phanh điện tử, chìa khóa thông minh…  💰 Giá bán: chỉ 529 triệu (SUV nhập Thái – giá cực tốt trong phân khúc)  ✔ Xe đã kiểm tra tổng thể, máy số zin chuẩn ✔ Pháp lý rõ ràng – sang tên nhanh gọn ✔ Hỗ trợ trả góp ngân hàng  📍 Xem xe trực tiếp tại showroom Fastcars   📞 Liên hệ Thái Fastcars để xem xe lái thử trải nghiệm.",24000,Có,Thái Lan,Đã sử dụng,Bảo hành hãng,2024,N/A,Tự động,Xăng,Hatchback,5,N/A,N/A,N/A,N/A,N/A,N/A,N/A,N/A,> 1 tấn,> 2 tấn,car_p16_s12_1774759594,https://xe.chotot.com/mua-ban-oto-thanh-pho-thu-duc-tp-ho-chi-minh/131145817.htm
p16_s13_1774759608,Mazda 6 2015 2.0AT Xe Zin Bao Check,Mazda 6,385.0,"🚘 MAZDA 6 2.0AT sx2015 đỏ 🚘 - chạy 10v(km) zin, zin từ giàn cò, nội thất còn rất mới - Đã trang bị màn hình Androis, cam hành trình.  - Giá bán: 385 triệu  ____________________ 🚘Vạn Phát Auto - 256 Nguyễn Xiển . Hà Nội🚘 Mua-bán, trao đổi Ô TÔ đã qua sử dụng Toàn Quốc",100000,Có,Nước khác,Đã sử dụng,Bảo hành hãng,2015,2.0 AT,Tự động,Xăng,Sedan,5,FWD,153 HP @6000 RPM,210 Nm @4000 RPM,2,6,2,165,4,> 1 tấn,> 2 tấn,car_p16_s13_1774759608,https://xe.chotot.com/mua-ban-oto-quan-cau-giay-ha-noi/131402178.htm
p16_s14_1774759621,Mazda 3 2016 1.5AT Đỏ 86km,Mazda 3,355.0,"🚘 Mazda 3 1.5AT sản xuất 2016 full đồ chơi giá 355tr. 📝 Odo 86km xe cá nhân gia đình dùng, cam kết bằng văn bản chất lượng xe không cấn đụng, không ngập nước, máy móc nguyên bản, keo chỉ nguyên bản. 🎉 Full đồ chơi: Cửa sổ trời, màn android 15inch lớn, đèn pha 4 bi led, đèn daylight led, đèn hậu led, bi gầm led, ca lăng kim cương, ốp heo, ốp lẫy số, full nt da kem, trần da lộn, film cách nhiệt, mâm sơn đen, 2 chìa khóa,... ☎️ *** - em Phát ✅ Xem xe TP. Thủ Đức, HCM.  #mazda32016 #mazda32017 #",86,Có,Việt Nam,Đã sử dụng,Bảo hành hãng,2016,1.5 AT,Tự động,Xăng,Sedan,5,N/A,N/A,N/A,N/A,N/A,N/A,N/A,N/A,> 1 tấn,> 2 tấn,car_p16_s14_1774759621,https://xe.chotot.com/mua-ban-oto-thanh-pho-thu-duc-tp-ho-chi-minh/131401669.htm
p16_s15_1774759633,Mazda 6 2.0AT 2015 - 100000 km,Mazda 6,385.0,"🚘 MAZDA 6 2.0AT sx2015 đỏ  ✅ Chạy 10v(km) zin, zin từ giàn cò, nội thất còn rất mới ✅ Đã trang bị màn hình Androis, cam hành trình ✅ Giá bán: 385 triệu",100000,Có,Nước khác,Đã sử dụng,Bảo hành hãng,2015,2.0 AT,Tự động,Xăng,Sedan,5,FWD,153 HP @6000 RPM,210 Nm @4000 RPM,2,6,2,165,4,> 1 tấn,> 2 tấn,car_p16_s15_1774759633,https://xe.chotot.com/mua-ban-oto-quan-thanh-xuan-ha-noi/131401646.htm
p16_s16_1774759645,Mazda CX-30 2022 Premium,CX-30,620.0,"🚘🚘🚘 MAZDA CX-30 Premium. Sản xuất 2022, Nhập khẩu. 5 chỗ ngồi gầm cao. Odo 7 vạn ☑️ Option : Nội thất da. Ghế chỉnh điện có nhớ vị trí ghế, Cốp điện, cửa sổ trời, Hệ thống lái thông minh sensing ( tự lái, tự thắng). Phanh tay nút, chế độ chạy sport. Lạnh auto 2 vùng riêng biệt. Khoá thông minh đề nút. Đèn pha & gạt mưa auto. Cảnh báo điểm mù, cam lùi và cảm biến. Màn hình kết nối apple carplay.  ✔️ Xe đã qua kiểm tra chất lượng. Không lỗi nhỏ.   ✔️ Hỗ trợ ngân hàng nhanh chóng.",71268,N/A,Thái Lan,Đã sử dụng,Bảo hành hãng,2022,Premium 2.0 AT,Tự động,Xăng,SUV / Cross over,Khác,N/A,N/A,N/A,N/A,N/A,N/A,N/A,N/A,> 1 tấn,> 2 tấn,car_p16_s16_1774759645,https://xe.chotot.com/mua-ban-oto-thanh-pho-nha-trang-khanh-hoa/130410598.htm
p16_s17_1774759656,Mazda 3 2019 - 50000 km,Mazda 3,465.0,"Cần bán mazda3 sport đời 2019  odo 5v , máy số nguyên zin , không đâm đụng ngập nc bao check test  Giá : 4xx  xem xe tại gò vấp : ***",50000,Có,Việt Nam,Đã sử dụng,Bảo hành hãng,2019,N/A,Tự động,Xăng,Hatchback,5,N/A,N/A,N/A,N/A,N/A,N/A,N/A,N/A,> 1 tấn,> 2 tấn,car_p16_s17_1774759656,https://xe.chotot.com/mua-ban-oto-quan-go-vap-tp-ho-chi-minh/131401161.htm
p16_s18_1774759668,Mazda 3 2016 Nâu 112.000 km một chủ không lỗi,Mazda 3,359.0,"🚗 BÁN MAZDA 3 2016 – XE MỘT CHỦ SỬ DỤNG, GIÁ CHỈ 359 TRIỆU  Mazda 3 2016 form đẹp, xe gia đình sử dụng kỹ, một chủ từ đầu, vận hành êm ái – tiết kiệm nhiên liệu, phù hợp đi gia đình hoặc chạy dịch vụ.  🔹 Mazda 3 sản xuất 2016 🔹 ODO: 112.000 km 🔹 Xe một chủ sử dụng từ mới 🔹 Nội ngoại thất còn đẹp, máy móc êm ái 🔹 Option đầy đủ: màn hình Androi, camera 360 độ, camera lùi, điều hòa tự động, vô lăng tích hợp phím bấm, dàn vỏ Micheline mới thay  🔹 Xe đã kiểm tra tổng thể – zin chuẩn, sẵn sang tên  💰 Giá bán: chỉ 359 triệu - còn thương lượng   📍 Xem xe trực tiếp tại Fastcars Thủ Đức 📞 Liên hệ Thái Fastcars",112000,Có,Việt Nam,Đã sử dụng,Bảo hành hãng,2016,N/A,Tự động,Xăng,Sedan,5,N/A,N/A,N/A,N/A,N/A,N/A,N/A,N/A,> 1 tấn,> 2 tấn,car_p16_s18_1774759668,https://xe.chotot.com/mua-ban-oto-thanh-pho-thu-duc-tp-ho-chi-minh/131091882.htm
p16_s19_1774759681,Mazda Mazda2 2011 Trắng 92000 km,Mazda 2,195.0,"Mazda2 đời 2011, odo 9,2 vạn km.  - Xe số tự động, màu trắng.  - Thiết kế nhỏ gọn, dễ di chuyển trong phố. Đời xe: Sản xuất 2011 Tình trạng: Odo 9.2v km (Xe chạy giữ gìn, bảo dưỡng đều, máy móc êm). Cam kết: Bao check test toàn quốc theo yêu cầu. Xe sẵn sử dụng, không cần tốn thêm chi phí bảo dưỡng.  Giá chào bán: 195 Triệu (Có thương lượng sâu cho anh em thiện chí).",92000,Có,Đang cập nhật,Đã sử dụng,Bảo hành hãng,2011,N/A,Tự động,Xăng,SUV / Cross over,5,N/A,N/A,N/A,N/A,N/A,N/A,N/A,N/A,> 1 tấn,> 2 tấn,car_p16_s19_1774759681,https://xe.chotot.com/mua-ban-huyen-dong-anh-ha-noi/131108910.htm
p17_s0_1774759704,Mazda CX5 2.0 Luxury 2019 Xanh đậm 61.000km,CX-5,610.0,"Xe Mazda CX5 2.0 2019 một đời chủ, đi 61.000km. Không đâm đụng, không thuỷ kích.   ODO: 61.000km  Xe gia đình đi nên giữ rất kỹ. Xe bóng đẹp, da còn nguyên zin, không rách. Có trầy nhẹ chỗ phần vè nhựa và cửa bên trái.  Xe có gắn thêm: - Camera 360 của Thiên Minh. - AutoKit không dây, kết nối Apple Carplay và Android Auto không dây. - Camera hành trình Omni camera của Xiaomi, kết nối thông qua 3G. Có thể kiểm tra xe trong/ngoài thông qua 3G, app của Xiaomi. - Thảm lót toàn xe Blackliner.",61000,Có,Việt Nam,Đã sử dụng,Bảo hành hãng,2019,2.0 AT,Tự động,Xăng,SUV / Cross over,5,N/A,N/A,N/A,N/A,N/A,N/A,N/A,N/A,> 1 tấn,> 2 tấn,car_p17_s0_1774759704,https://xe.chotot.com/mua-ban-oto-quan-tan-phu-tp-ho-chi-minh/131400643.htm
p17_s1_1774759719,Mazda CX-5 2024 2.0 Premium 7000 km,CX-5,799.0,"Tên xe : Mazda CX-5 2.0 Premium 2024  Biển số : 72A 83154 Odo: 7000km Phiên bản : 2.0 premium Option trang bị thêm: Film cách nhiệt, lót sàn, cam hành trình,.. - Tình trạng xe : xe đẹp không lỗi, máy số nguyên zin. - Bảo hành : Động cơ + hộp số 6 tháng hoặc 5000 km  💥Giá niêm yết : 799tr đã bao gồm phí rút hồ sơ.",7000,Có,Nước khác,Đã sử dụng,Bảo hành hãng,2024,Premium 2.0 AT,Tự động,Xăng,SUV / Cross over,Khác,N/A,N/A,N/A,N/A,N/A,N/A,N/A,N/A,> 1 tấn,> 2 tấn,car_p17_s1_1774759719,https://xe.chotot.com/mua-ban-oto-thanh-pho-di-an-binh-duong/131399795.htm
p17_s2_1774759733,Mazda 6 2005 Tự động Bạc gốc sg,Mazda 6,165.0,"Bán mazda 6 đời cuối 2005 số Tự Động.gốc sg chính chủ.full đồ chơi.4 vỏ michelin date 2024,màn hình Android,camera lùi,ghế điện,máy số zin sùn chỉ đủ.đã bảo dưỡng full. bao ký rút cho a chị.ai có nhu cầu alo nhé.xem xe cầu ngang Bình Dương cũ.thaanks",130000,Có,Việt Nam,Đã sử dụng,Bảo hành hãng,2005,2.3 AT,Tự động,Xăng,Sedan,Khác,N/A,N/A,N/A,N/A,N/A,N/A,N/A,N/A,> 1 tấn,> 2 tấn,car_p17_s2_1774759733,https://xe.chotot.com/mua-ban-oto-quan-12-tp-ho-chi-minh/130645910.htm
p17_s3_1774759748,Mazda 3 2017 Trắng🚗Lại về siu phẩm cho AE đã bỏ lỡ,Mazda 3,375.0,"Mazda 3 2017 trắng zin cực chất 😍🚗Lại về siu phẩm cho AE đã bỏ lỡ😍:  ✔️ Form 2017 – dáng sang, nhìn là mê ✔️ Phanh tay điện tử + Auto Hold – tiện đi phố ✔️ Nội thất đen – ghế da còn căng, sạch đẹp ✔️ Máy 1.5 siêu tiết kiệm – chạy êm, cực lành ✔️ Màn hình trung tâm, điều hòa mát sâu 📌 Bao Không đâm đụng không ngập nước , máy móc nguyên zin 📌 Xe gia đình sử dụng kỹ – không taxi, không dịch vụ 📌 Cam kết zin từ A-Z – bao check thoải mái 📌 Giấy tờ chuẩn – sang tên nhanh gọn 💰 Giá 3Xx – quá mềm cho một em 2017 đẹp giá còn thương lượng cho ae  👉 Tầm tiền này kiếm con ngon như này không có chiếc thứ 2  🏪 Salon Auto Đăng Khoa 📍 85 Nguyễn Hồng Ánh, Đà Nẵng 📞 Liên hệ ngay – xe đẹp không đợi người chậm 😆",90000,Có,Việt Nam,Đã sử dụng,Bảo hành hãng,2017,1.5 AT Sedan,Tự động,Xăng,Sedan,5,FWD,112 HP @6000 RPM,144 Nm @4000 RPM,1.5,5,2,160,4,> 1 tấn,> 2 tấn,car_p17_s3_1774759748,https://xe.chotot.com/mua-ban-oto-huyen-hoa-vang-da-nang/131367861.htm
p17_s4_1774759760,Mazda 3 Deluxe 2022 Màu Trắng,Mazda 3,555.0,"#Mazda3 #Deluxe 2022 ĐK 11/2022 Ngọc Trinh - Biển Hà Nội  👉 Lướt 3v5 km zin - bảo dưỡng full hãng - Sơn zin đến 90%  👉 Nội thất nguyên nilon mới cứng  👉 máy móc gầm bệ cực sáng  ⛔️ có văn bản check & full ảnh check bên ô tô chữ tín 4/2025  Lốp zin theo xe dầy bịch - sơ cua mới cứng    ❌Cam kết❌  ✅Bao không ngập nước, không đâm đụng.  ✅Bao rút hồ sơ gốc . Hỗ trợ sang tên  ✅Bao quay đầu 1 năm 10% theo giá thị trường  ✅Có dán tem bảo hành ở các vị trí xung yếu  ✅Hỗ trợ vay ngân hàng lãi suất ưu đãi.  ✅Bảo hành 6 tháng hoặc 10.000km động cơ, máy móc.  ✅Hỗ trợ test hãng có văn bản  _________________________________   ----BOSS CAR----  Địa chỉ: 68 Lê Văn Lương, Thanh Xuân, Hà Nội  CHUYÊN MUA BÁN - TRAO ĐỔI XE ĐÃ QUA SỬ DỤNG.  XE ĐÃ QUA KIỂM ĐỊNH CHẤT LƯỢNG VÀ CÓ BẢO HÀNH ----------------------  ----------------------",35000,N/A,Đang cập nhật,Đã sử dụng,Bảo hành hãng,2022,1.5L Deluxe,Tự động,Xăng,Sedan,5,FWD,110 HP @ 6000 RPM,146 Nm @ 3500 RPM,1.5,7.59,7,N/A,4,> 1 tấn,> 2 tấn,car_p17_s4_1774759760,https://xe.chotot.com/mua-ban-oto-quan-thanh-xuan-ha-noi/130692566.htm
p17_s5_1774759772,Mazda 2 2012 Trắng Tự động,Mazda 2,235.0,Chính chủ cần bán Mazda 2 . 2012 số tự động . Xe đã bảo dưỡng tổng thể . Tình trạng xe . Máy số keo chỉ zin . Không đâm đụg ngập nước . Phía ngoài đã sơn lại nước sơn mới . Đã độ đèn bi đi ban đêm cực sáng và an toàn . Hệ thống lái ổn định . Nội thất đã bọc ghế loại *** . Lót sàng đẹp . Trần da nỉ . Màn hình xem youtube . Cam lùi . Dán film toàn xe . Xe sẵn đi . Một chủ mua từ mới .,100000,Có,Việt Nam,Đã sử dụng,Bảo hành hãng,2012,1.5 AT,Tự động,Xăng,Hatchback,5,FWD,102 HP @6000 RPM,135 Nm @4000 RPM,1.5,5,1,155,5,> 1 tấn,> 2 tấn,car_p17_s5_1774759772,https://xe.chotot.com/mua-ban-oto-quan-cam-le-da-nang/131382221.htm
p17_s6_1774759785,Mazda CX5 2.0 AT 2019 Đỏ Pha Lê,CX-5,590.0,"Bán 𝐌𝐚𝐳𝐝𝐚 𝐂𝐗𝟓 𝟐.𝟎 𝐀𝐓 𝐒𝐚̉𝐧 𝐱𝐮𝐚̂́𝐭 𝟐𝟎𝟏𝟗  👉 Xe Màu đỏ pha lê mới rất đẹp 👉 Một chủ từ đầu. Xe gia đình ít đi, giữ rất kĩ, đẹp hoàn hảo. Đã qua kiểm tra chất lượng, không đâm đụng thuỷ kích, bao test toàn quốc.  👉 Xe được bảo dưỡng thường xuyên, gầm máy số cực ngon. Bánh sơ cua và phụ kiện mới 100% chưa dùng. Đầy đủ 2 chìa khoá zin, đăng kiểm dài hạn. 👉 𝐅𝐮𝐥𝐥 𝐎𝐩𝐭𝐢𝐨𝐧: Smart Key, Đề Start/stop, cửa sổ trời, cốp điện, ghế chỉnh điện, phanh tay điện tử, màn hình zin, Bluetooth, camera lùi, điều hoà 2 vùng Auto, đèn Bi Led Auto, gạt mưa Auto, chế độ lái Sport, i-Stop, cân bằng điện tử, phanh ABS, nệm da, mâm phay,... và nhiều trang bị khác.",8,Có,Việt Nam,Đã sử dụng,Bảo hành hãng,2019,2.0 AT,Tự động,Xăng,SUV / Cross over,Khác,N/A,N/A,N/A,N/A,N/A,N/A,N/A,N/A,> 1 tấn,> 2 tấn,car_p17_s6_1774759785,https://xe.chotot.com/mua-ban-oto-thanh-pho-nha-trang-khanh-hoa/130847941.htm
p17_s7_1774759798,Mazda 3S 2014 1.6 AT Đỏ - Rất mới,Mazda 3,275.0,"Bán Mazda 3S 1.6 AT - SX 2014 chất lượng xe còn rất mới . Máy số keo chỉ nguyên bản , không ngập nước , keo zin từ nắp dàn cò …  - Bao check , test theo yêu cầu …",130000,N/A,Đang cập nhật,Đã sử dụng,Bảo hành hãng,2014,S 1.6 AT,Tự động,Xăng,N/A,N/A,N/A,N/A,N/A,N/A,N/A,N/A,N/A,N/A,> 1 tấn,> 2 tấn,car_p17_s7_1774759798,https://xe.chotot.com/mua-ban-oto-quan-cau-giay-ha-noi/131395949.htm
p17_s8_1774759810,Mazda CX5 2024 Premium Active,CX-5,805.0,"Nhu cầu đổi xe. Bán xe Mazda CX5 Premium Active. xe lăn bánh tháng 12/2024. Chạy 8.000 km, xe không lỗi nhỏ. Gia đình sử dụng cẩn thận, ít dùng. Giá bán 805 triệu. Liên hệ ***",8000,N/A,Việt Nam,Đã sử dụng,Bảo hành hãng,2024,N/A,Tự động,Xăng,SUV / Cross over,N/A,N/A,N/A,N/A,N/A,N/A,N/A,N/A,N/A,> 1 tấn,> 2 tấn,car_p17_s8_1774759810,https://xe.chotot.com/mua-ban-oto-thanh-pho-hoi-an-quang-nam/131395111.htm
p17_s9_1774759818,Mazda 3 Sport 2020 1.5L Luxury,Mazda 3,49.0,"Bán Mazda 3 sport Hatchback 1.5L luxury 2020 siêu tiết kiệm xe gin đét xe gốc hà nội 1chủ từ đầu Xe đi cực phê đầm chắc nịch  Options miên man ghế điện nhớ ghế 2vị trí,gương kính đèn auto ,cruise control,lãy chuyển số vô lăng… Cam kết động cơ hộp số nguyên bản,không thuỷ kích ngập nước ,sắt xi đinh tán cột kèo keo chỉ nguyên gin.",13268,N/A,Việt Nam,Đã sử dụng,Bảo hành hãng,2020,N/A,Tự động,Xăng,N/A,5,N/A,N/A,N/A,N/A,N/A,N/A,N/A,N/A,> 1 tấn,> 2 tấn,car_p17_s9_1774759818,https://xe.chotot.com/mua-ban-oto-quan-thanh-xuan-ha-noi/131220998.htm
p17_s10_1774759832,Bán tải MAZDA BT50 2018,BT-50,448.0,"Salon Auto Thành Trung chào bán: Bán tải MAZDA BT50 2018 ✓ Phiên bản 3.2L hai cầu, số tự động. ✓ Xe chuẩn không lỗi, động cơ hộp số nguyên bản hoạt động tốt. ✓ Một chủ mua mới từ đầu, hồ sơ cầm tay sang tên nhanh chóng. ✓ Hỗ trợ trả góp với thủ tục nhanh chóng ✓ Bao thủ tục sang tên nhanh gọn. ✓ Bên em chuyên mua bán và trao đổi, bù trừ tất cả các dòng xe. ✓ Quý khách xin liên hệ để được tư vấn biết thêm thông tin chi tiết.",102000,Có,Việt Nam,Đã sử dụng,Bảo hành hãng,2018,N/A,Tự động,Dầu,Pick-up (bán tải),N/A,N/A,N/A,N/A,N/A,N/A,N/A,N/A,N/A,> 1 tấn,> 2 tấn,car_p17_s10_1774759832,https://xe.chotot.com/mua-ban-oto-huyen-tan-phu-dong-nai/131033773.htm
p17_s11_1774759844,MAZDA 3 ĐỜI CUỐI 2017 – PHIÊN BẢN 2.0,Mazda 3,390.0,"MAZDA 3 ĐỜI CUỐI 2017 – PHIÊN BẢN 2.0  Xe nữ đi trong khu vực TP.HCM, ODO 49,000 km.  Xe không tai nạn, không thuỷ kích, bảo dưỡng tại hãng đầy đủ.  Mâm xe lớn 18 inch, cả 4 mâm xe còn mới không trầy xước.  Cửa sổ trời, cảm biến trước sau, cốp điện.  Ghế lái chỉnh điện, nội thất da & vô lăng bọc da, có lẫy chuyển số sau vô lăng. Xe số tự động, khởi động bằng nút bấm, có chức năng tốc độ xe hiển thị trên kính lái.  Bốn tay mở cửa bên trong bọc crome rất dày.  Giá bán 390 triệu đồng, chỉ bán cho ai mua sử dụng gia đình, không giao dịch với các anh em mua bán xe.",49000,Có,Đang cập nhật,Đã sử dụng,Bảo hành hãng,2017,N/A,Tự động,Xăng,N/A,5,N/A,N/A,N/A,N/A,N/A,N/A,N/A,N/A,> 1 tấn,> 2 tấn,car_p17_s11_1774759844,https://xe.chotot.com/mua-ban-oto-quan-11-tp-ho-chi-minh/131248856.htm
p17_s12_1774759850,Mazda 3S 1.6 AT sx 2014,Mazda 3,315.0,"MAZDA 3S 1.6AT sx 2014, tên tư nhân, ghế da trải sàn, fim 3M, hắt kính HUB, full 2 chìa khoá, màn hình androi, cam lùi, cửa sổ trời, tích hợp volang, đèn bi auto, gạt mưa auto, lốp mới cả dàn, đăng kiểm dài. Số ngọt gầm chắc.  “Chẳng có gì là tự nhiên rẻ. Đã rẻ thì không có xe đẹp, đã đẹp thì không có rẻ” ⭐️5 TIÊU CHÍ VÀNG Tại VĨNH CƯỜNG AUTO 1.Xe không bị tai nạn. 2.Xe không đại tu động cơ và hộp số. 3.Xe không bị thuỷ kích. 4.Xe không bị phạt nguội. 5.Giấy tờ theo xe hợp lệ,đủ điều kiện mua, bán, sang tên. ⭐️HOÀN TIỀN NẾU SAI 5 TIÊU CHÍ VÀNG 👉Hỗ trợ Bank lên tới 75%. 👉Rút hồ sơ miễn phí.",100000,Có,Việt Nam,Đã sử dụng,Bảo hành hãng,2014,S 1.6 AT,Tự động,Xăng,Hatchback,Khác,N/A,N/A,N/A,N/A,N/A,N/A,N/A,N/A,> 1 tấn,> 2 tấn,car_p17_s12_1774759850,https://xe.chotot.com/mua-ban-oto-huyen-soc-son-ha-noi/124952384.htm
p17_s13_1774759865,Mazda 3 2020 1.5L Deluxe - 63000 km,Mazda 3,475.0,"_ Ông Hoàng phân khúc C 𝐌𝐚𝐳𝐝𝐚 𝟑 𝟐𝟎𝟐𝟎 𝐃𝐞𝐥𝐮𝐱𝐞 . Xe lăn bánh chuẩn 6,3 vạn . Nội - ngoại thất còn nguyên rin nguyên bản 100% theo xe . Thanh toán 170 triệu nhận xe . Thời hạn vay 5 năm . Lãi suất 9,5%|năm . Gốc 5 triệu . Lãi 2tr375k . Tháng góp 7tr375k . 🍀 Option : Thiết kế theo ngôn ngữ Kodo bền đẹp theo thời gian . Động cơ Skyactive thế hệ mới bền bỉ - tiết kiệm nhiên liệu *** phân khúc , hệ thống chiếu sáng full led tự động bật tắt , chìa khoá thông minh , khởi động xe banhwf nút bấm Start Stop , phanh tay điện tử , dừng xe tự động Auto Hold , màn hình trung tâm 10 inch có kết nối Apple Carplay - Androi Auto - Bluetooth , hệ thống an toàn 6 túi khí , camera lùi , phanh điện tử ABS , hổ trợ lực phanh khẩn cấp BA và còn nhiều tính năng an toàn khác . 💥 𝐊𝐡𝐨𝐚 𝐂𝐡𝐮̛𝐨̛𝐧𝐠 𝐀𝐮𝐭𝐨 "" Đẳng cấp xe lướt"" 🔹 Bên em chuyên trao đổi ô tô đã qua sử dụng , xe ô tô đời mới (lướt) 🔹 Bảo hành khi mua xe tại showroom lên đến 2 năm  🔹 Hổ trợ vay ngân hàng lãi suất thấp - thủ tục nhanh gọn .𝐃𝐮𝐲𝐞̣̂𝐭 𝐡𝐨̂̀ 𝐬𝐨̛ 𝐯𝐚𝐲 𝐭𝐫𝐨𝐧𝐠 𝐯𝐨̀𝐧𝐠 𝟓 𝐏𝐡𝐮́𝐭 . Không cần chứng minh thu nhập. 🔹 Nói không với xe đâm đụng - ngập nước tại showroom KC Auto. 🔹 Hoàn trả 100% tiền nếu phát hiện lỗi ở toàn quốc .  🔸 Hổ trợ vay ngân hàng đối với khách hàng bị nợ xấu lãi suất tốt . --- Theo dõi Showroom để luôn cập nhật những dòng xe siêu lướt tại KC mọi người nhé .  🌎 Địa chỉ : 38-40 Nguyễn Phước Lan - TP Đà Nẵng",63000,N/A,Việt Nam,Đã sử dụng,Bảo hành hãng,2020,1.5L Deluxe,Tự động,Xăng,Sedan,5,N/A,N/A,N/A,N/A,N/A,N/A,N/A,4,> 1 tấn,> 2 tấn,car_p17_s13_1774759865,https://xe.chotot.com/mua-ban-oto-quan-cam-le-da-nang/131393516.htm
p17_s14_1774759877,Mazda BT-50 2015 2.2 AT 110000 km,BT-50,315.0,"💥💥💥 An phát auto vừa về BT 50 2.2 at tự động một sản suất 2015 chạy được 11 vạn , tên tư nhân chính chủ . Xe đẹp không lỗi",110000,N/A,Đang cập nhật,Đã sử dụng,Bảo hành hãng,2015,N/A,Tự động,Dầu,N/A,N/A,N/A,N/A,N/A,N/A,N/A,N/A,N/A,N/A,> 1 tấn,> 2 tấn,car_p17_s14_1774759877,https://xe.chotot.com/mua-ban-oto-quan-cau-giay-ha-noi/130983470.htm
p17_s15_1774759888,Mazda CX-8 2020 2.5AT Xe Đẹp - Không Lỗi,CX-8,699.0,"Xe Đang Về !!! 🌸 𝐌𝐚𝐳𝐝𝐚 𝐂𝐗-𝟖 𝟐.𝟓𝐀𝐓 𝐌𝐨𝐝𝐞𝐥 𝟐𝟎𝟐𝟏 𝐒𝐢𝐞̂𝐮 Đ𝐞̣𝐩 🌸  🫐 Xe màu Đen / Nội thất Đen 🗓️ Sản xuất :2020 ⏱️ ODO: 6v km Full Ls Hãng  ⚙️ Xe trang bị: Động cơ Skyactiv-G 2.5L, Hộp số tự động 6 cấp, Hệ thống đèn full LED, Mâm hợp kim 19 inch, Ghế chỉnh điện bọc da cao cấp, Điều hoà 3 vùng độc lập, Màn hình 7 inch kết nối Apple Carplay và Android Auto, 6 Loa, Cốp điện, 6 túi khí, Camera sau,….  ⚙️ Trang bị thêm: Film cách nhiệt, thảm lót sàn,…  🌸 Giá chào: 719 Triệu  ✨ 𝐂𝐚𝐦 𝐤𝐞̂́𝐭 bằng văn bản 📝  ⚠️Không đâm đụng  🌊Không ngập nước  ⏱️Không tua km   ✅ Động Cơ, Hộp Số nguyên bản  ✅ Bảo hành 3 tháng hoặc 5.000km  ✅ Test hãng toàn quốc, Giao xe tận nơi.  🏦 𝐇𝐨̂̃ 𝐭𝐫𝐨̛̣ 𝐯𝐚𝐲 𝐧𝐠𝐚̂𝐧 𝐡𝐚̀𝐧𝐠 𝐭𝐨̂́𝐢 đ𝐚 𝟔𝟎-𝟕𝟎% 𝐯𝐨̛́𝐢 𝐥𝐚̃𝐢 𝐬𝐮𝐚̂́𝐭 𝐭𝐨̂́𝐭 𝐧𝐡𝐚̂́𝐭  📲Liên hệ ngay để nhận thêm thông tin và thật nhiều ưu đãi nhé!",60000,Có,Việt Nam,Đã sử dụng,Bảo hành hãng,2020,Deluxe,Tự động,Xăng,SUV / Cross over,7,N/A,N/A,N/A,N/A,N/A,N/A,N/A,5,> 1 tấn,> 2 tấn,car_p17_s15_1774759888,https://xe.chotot.com/mua-ban-oto-thanh-pho-thu-duc-tp-ho-chi-minh/130829890.htm
p17_s16_1774759899,Mazda CX-5 Giảm khủng trước tết full quà tặng,CX-5,704.0,"Bán Mazda CX-5 màu đỏ, xe 5 chỗ, thiết kế thể thao, vận hành êm ái.  - Ngoại hình đẹp, nội thất rộng rãi.  - Trang bị nhiều tính năng an toàn.  - Xe sẵn sàng lăn bánh. - Đủ màu đủ phiên bản giao ngay Giảm giá khi gọi",N/A,N/A,Việt Nam,Mới,Bảo hành hãng,2025,N/A,Tự động,Xăng,N/A,5,N/A,N/A,N/A,N/A,N/A,N/A,N/A,N/A,N/A,N/A,car_p17_s16_1774759899,https://xe.chotot.com/mua-ban-oto-thanh-pho-thu-duc-tp-ho-chi-minh/130291484.htm
p17_s17_1774759910,Mazda 3 1.5 AT Hatchback trắng Ngọc Trinh,Mazda 3,368.0,"✔ Mazda 3 1.5 AT Hatchback ✓ Sản xuất: 2016 ✔ Odo: 10 vạn km, lịch sử bảo dưỡng định kỳ đầy đủ ✓ Biển Hà Nội , tên cá nhân, đã lên 1 số đồ chơi cần thiết …vv Cam kết xe không đâm va, không ngập nước, không phạt nguội, pháp lý xe minh bạch đầy đủ điều kiện sang tên.  Quý khách vui lòng liên hệ Ecoauto SURE để biết thêm thông tin và giá ưu đãi nhất.",100000,Có,Việt Nam,Đã sử dụng,Bảo hành hãng,2016,1.5 AT Hatchback,Tự động,Xăng,Hatchback,5,FWD,112 HP @6000 RPM,144 Nm @4000 RPM,1.5,5,2,160,5,> 1 tấn,> 2 tấn,car_p17_s17_1774759910,https://xe.chotot.com/mua-ban-oto-quan-cau-giay-ha-noi/131108221.htm
p17_s18_1774759923,"Mazda 3 Sedan 2025, Bản luxury màu Đỏ 5600 km",Mazda 3,608.0,"Bán Mazda 3, màu đỏ :  + Sản xuất 2025. Mua mới chính hãng Mazda.  + Km đã đi : 5600 km, mới chạy 5 tháng.  + Đã bảo dưỡng mốc 5000 km.  + Xe đẹp như mới, thời gian để hầm là chính, cuối tuần mới lấy ra chạy.  + Đã lắp camera hành trình, hạn đăng kiểm tiếp theo 10/2028. Coi xe tại Vinhomes quận 9. Lý do bán : Mua bằng trả góp, giờ muốn tất toán khoản vay cho nhẹ đầu, và từ lúc mua 90% vẫn đi lại hàng ngày bằng xe máy, nên bán để lấy tiền làm việc khác. Liên hệ chính chủ : *** Thương lượng với khách thiện chí mua nhanh trong tháng này !",5600,Có,Việt Nam,Đã sử dụng,Bảo hành hãng,2025,1.5L Luxury,Tự động,Xăng,Sedan,5,N/A,N/A,N/A,N/A,N/A,N/A,N/A,N/A,> 1 tấn,> 2 tấn,car_p17_s18_1774759923,https://xe.chotot.com/mua-ban-thanh-pho-thu-duc-tp-ho-chi-minh/131389350.htm
p18_s0_1774759942,"Mazda 3 Sedan 2025, Bản luxury màu Đỏ 5600 km",Mazda 3,608.0,"Bán Mazda 3, màu đỏ :  + Sản xuất 2025. Mua mới chính hãng Mazda.  + Km đã đi : 5600 km, mới chạy 5 tháng.  + Đã bảo dưỡng mốc 5000 km.  + Xe đẹp như mới, thời gian để hầm là chính, cuối tuần mới lấy ra chạy.  + Đã lắp camera hành trình, hạn đăng kiểm tiếp theo 10/2028. Coi xe tại Vinhomes quận 9. Lý do bán : Mua bằng trả góp, giờ muốn tất toán khoản vay cho nhẹ đầu, và từ lúc mua 90% vẫn đi lại hàng ngày bằng xe máy, nên bán để lấy tiền làm việc khác. Liên hệ chính chủ : *** Thương lượng với khách thiện chí mua nhanh trong tháng này !",5600,Có,Việt Nam,Đã sử dụng,Bảo hành hãng,2025,1.5L Luxury,Tự động,Xăng,Sedan,5,N/A,N/A,N/A,N/A,N/A,N/A,N/A,N/A,> 1 tấn,> 2 tấn,car_p18_s0_1774759942,https://xe.chotot.com/mua-ban-oto-thanh-pho-thu-duc-tp-ho-chi-minh/131389350.htm
p18_s1_1774759953,Mazda BT-50 2017 Đen,BT-50,324.0,"Chính chủ cần bán Mazda BT-50 MT đời 2017, bản nhập khẩu, xe gia đình sử dụng kỹ, giữ gìn cẩn thận.  🔹 Thông tin xe: - Đời: 2017  - Dòng xe: Bán tải (Pickup)  - Máy dầu, tiết kiệm nhiên liệu  - Dẫn động: 4x4 mạnh mẽ  - Hộp số: số sàn  - Xe zin theo xe, không đâm đụng, không ngập nước   🔹 Trang bị nổi bật: - Điều hòa mát sâu  - Nội thất sạch đẹp  - Camera / cảm biến hỗ trợ (nếu có)  - Nắp thùng tiện dụng  - Gầm cao, đi công trình hay đi phố đều ổn  💰 Giá bán: 324 tr  📞 Liên hệ: *** 👉 Xe phù hợp cho anh em cần xe vừa chở hàng vừa đi gia đình, cực kỳ kinh tế và bền bỉ.   Nhanh tay liên hệ để xem xe trực tiếp!",140000,Có,Nước khác,Đã sử dụng,Bảo hành hãng,2017,N/A,Số sàn,Dầu,Pick-up (bán tải),N/A,N/A,N/A,N/A,N/A,N/A,N/A,N/A,N/A,> 1 tấn,> 2 tấn,car_p18_s1_1774759953,https://xe.chotot.com/mua-ban-oto-quan-ha-dong-ha-noi/131389195.htm
p18_s2_1774759964,Mazda CX-5 2024 Luxury 3.800 km,CX-5,766.0,"🔹 Mazda CX-5 2024 – bản Luxury, mua tháng 12/2024 🔹 Xe cá nhân chính chủ, sử dụng cực ít – mới chạy 3.800 km",3800,N/A,Đang cập nhật,Đã sử dụng,Bảo hành hãng,2024,N/A,Tự động,Xăng,N/A,N/A,N/A,N/A,N/A,N/A,N/A,N/A,N/A,N/A,> 1 tấn,> 2 tấn,car_p18_s2_1774759964,https://xe.chotot.com/mua-ban-oto-quan-nam-tu-liem-ha-noi/131388588.htm
p18_s3_1774759972,Mazda CX 5 2023 - 20000 km SIÊU LƯỚT,Mazda Other,795.0,"SIÊU PHẨM 1 VIÊN ***: New CX5 2023 Premium Sport. Đăng kí tên tư nhân 1 chủ từ mới, chạy 3 vạn zin. Full lịch sử bảo dưỡng hãng 💫Trang bị : Lazang 19inch, đèn Led tự động bật tắt.Kính lái 2 lớp, chống tia cực tím.Ghế trước làm mát, sưởi. Cửa sổ trời.2 ghế trước chỉnh điện, Cốp điện rảnh tay.Màn hình 8inch, Apple Carplay ko dây.Camera 360, 10 loa Bose.Hệ thống cảnh báo điểm mù, cảnh báo phương tiện cắt ngang, phanh thông minh, cảnh báo lệch làn, giữ làn…Ga tự động thông minh, camera lùi, cảm biến trước sau",20000,N/A,Việt Nam,Đã sử dụng,Bảo hành hãng,2023,N/A,Tự động,Xăng,N/A,N/A,N/A,N/A,N/A,N/A,N/A,N/A,N/A,N/A,> 1 tấn,> 2 tấn,car_p18_s3_1774759972,https://xe.chotot.com/mua-ban-oto-quan-cau-giay-ha-noi/131174756.htm
p18_s4_1774759984,"Mazda 626 máy êm,khung gầm chắc chắn,đăng kiểm dài",Mazda 6,35.0,"madaz 626 xe đi êm,chắc chắn,đăng kiểm dài.vẫn đi liên tỉnh thường xuyên ,bán cho a e về đi thay xe máy,hay tập lái",25000,N/A,Nhật Bản,Đã sử dụng,Bảo hành hãng,2015,N/A,Số sàn,Xăng,N/A,N/A,N/A,N/A,N/A,N/A,N/A,N/A,N/A,N/A,> 1 tấn,> 2 tấn,car_p18_s4_1774759984,https://xe.chotot.com/mua-ban-oto-quan-cau-giay-ha-noi/131387002.htm
p18_s5_1774759993,Mazda BT50 AT 2018 Luxury 37000 km,BT-50,418.0,"Bán BT50 AT sx 2018 bản Luxury 1 cầu , xe chạy 37 ngàn km mới 95%. Tks",37000,N/A,Đang cập nhật,Đã sử dụng,Bảo hành hãng,2018,N/A,Tự động,Dầu,N/A,N/A,N/A,N/A,N/A,N/A,N/A,N/A,N/A,N/A,> 1 tấn,> 2 tấn,car_p18_s5_1774759993,https://xe.chotot.com/mua-ban-oto-quan-go-vap-tp-ho-chi-minh/130827477.htm
p18_s6_1774760005,Mazda Mazda3 Luxury 2023 Đen 95.000km,Mazda 3,530.0,"Mazda3 Luxury đời 2023 màu đen, xe chạy 95.000km.  - Thiết kế sang trọng, nội thất tiện nghi.  - Động cơ vận hành êm ái, tiết kiệm nhiên liệu.  - Giá 530 triệu.",95000,N/A,Đang cập nhật,Đã sử dụng,Bảo hành hãng,2023,N/A,Tự động,Xăng,N/A,N/A,N/A,N/A,N/A,N/A,N/A,N/A,N/A,N/A,> 1 tấn,> 2 tấn,car_p18_s6_1774760005,https://xe.chotot.com/mua-ban-oto-thanh-pho-tam-ky-quang-nam/131385248.htm
p18_s7_1774760010,"Mazda CX 5 2016 2.5 AT 2WD chính chủ , rất mới",Mazda Other,470.0,"Cần bán Mazda CX5 Skyactiv 2.5 AT - SX 2016 đki 2017 một chủ mua mới , chất lượng xe còn rất mới , rất nguyên bản …  - Cam kết số km zin  - Máy số keo chỉ thân vỏ nguyên bản  - Không đâm đụng va chạm , ngập nước  - Bao check test theo yêu cầu",99000,N/A,Việt Nam,Đã sử dụng,Bảo hành hãng,2016,2.5 AT 2WD,Tự động,Xăng,SUV / Cross over,5,2WD,185 HP @5700 RPM,250Nm @3200 RPM,2.5,6.7,2,N/A,5,> 1 tấn,> 2 tấn,car_p18_s7_1774760010,https://xe.chotot.com/mua-ban-oto-quan-cau-giay-ha-noi/131384542.htm
p18_s8_1774760024,"Mazda Luxury 1.5AT sx 2019, lướt 3v6, ht góp.",Mazda Other,365.0,"⭐️ Sedan rộng rãi - tiết kiệm nhiên liệu - bảo dưỡng nhẹ nhàng. Em Hưng vê được em siêu lướt phục vụ cô chú anh chị em, giá chỉ ngang Kia morning, Hyundai I10...  🚘 MAZDA 2 SEDAN LUXURY 1.5AT SX 2019 ✨️ Nhập Thái Lan, Odo 36.000km chuẩn cực mới. ✨️ Bản cao cấp full option với ghế nội thất da pha da lộn, đề nổ start/stop, lẫy số thể thao, cruise control, đèn projector siêu sáng, camera và cảm biến lùi,... ✨️ Tiêu chuẩn khí thải Mức 5 vô tư vào Trung Tâm, tiết kiệm nhiên liệu chỉ 6-8l/100km.  💥 CAM KẾT: ⚡️Xe không tai nạn ngập nước, máy số zin nguyên bản. ⚡️Bao check test toàn quốc, bảo hành 3-6 tháng hoặc 5.000-10.000km ⚡️Bao rút hồ sơ gốc - Hỗ trợ sang tên toàn quốc.  💵 Giá: 3.6.5 triệu (Hỗ trợ trả góp) Đưa trước khoảng 180tr là có thể rước em.  🤝 Xem xe tại Quốc Lộ 13, Thủ Đức, TP.HCM 📞 Lh/zl: *** em Hưng  #Mazda2 #Mazda2luxury #Mazda2sedan #Sieuthiotothuduc #Sieuthiotohanoi389 #PhongQuanAuto #Muabanxeotocu #hotrotragop #thumuaxeotocu",36000,Có,Thái Lan,Đã sử dụng,Bảo hành hãng,2019,Luxury,Tự động,Xăng,Sedan,5,N/A,N/A,N/A,N/A,N/A,N/A,N/A,N/A,> 1 tấn,> 2 tấn,car_p18_s8_1774760024,https://xe.chotot.com/mua-ban-oto-thanh-pho-thu-duc-tp-ho-chi-minh/131030592.htm
p18_s9_1774760037,Mazda 3 2017 1.5 AT Facelift 76000 km Bạc,Mazda 3,390.0,"- Phiên bản 1.5 AT sản xuất 2017 đăng kí lần đầu 2018 và vì là Facelift nên giống y bản 2018, có cửa sổ trời, thắng tay điện tử, odo 7,6 vạn km. - Tiện ích bổ sung: thay 4 lốp Bridgestone mới chạy được khoảng 30.000km, dán film 3M full xe, camera 3 mắt 170 độ, camera hành trình trước sau, cảm biến áp suất lốp tích hợp HUD Vietmap, lọc không khí Sharp, đã mở khóa Android auto, chế độ LIM (giới hạn tốc độ), tự động lên kính, đã thay cả 2 mô tơ gương hậu fix lỗi gập gương của Mazda... - Xe chính chủ, chạy kĩ, bảo dưỡng hãng - Giá ra đi: 39xtr có lui chủ chút xíu cho may mắn đầu năm, anh em vui lòng ib hoặc lh Cường *** ạ. Xem xe tại Bình Thạnh, TPHCM",76000,Có,Đang cập nhật,Đã sử dụng,Bảo hành hãng,2017,1.5 AT Sedan,Tự động,Xăng,Sedan,5,FWD,112 HP @6000 RPM,144 Nm @4000 RPM,1.5,5,2,160,4,> 1 tấn,> 2 tấn,car_p18_s9_1774760037,https://xe.chotot.com/mua-ban-oto-quan-binh-thanh-tp-ho-chi-minh/131384175.htm
p18_s10_1774760049,Mazda 3 2019 1.5L Luxury - 52000 km,Mazda 3,458.0,"Bán Mazda 3 2019 1.5AT – Xe gia đình đi đẹp, đi giữ gìn Cần bán Mazda 3 1.5AT sản xuất 2019, xe cá nhân sử dụng kỹ, máy móc zin nguyên bản. Động cơ 1.5L tiết kiệm xăng, vận hành êm ái, hộp số tự động đi phố cực kỳ nhẹ nhàng ￼  Xe trang bị đầy đủ tiện nghi:  • Nội thất da, vô lăng bọc da  • Màn hình giải trí, kết nối đa phương tiện  • Start/Stop, điều hoà mát sâu  • Film cách nhiệt 3M crystalline,   Led trợ sáng, Apple Carplay  Dàn lốp MICHELIN 2026,   cảm biến áp suất lốp  • Camera lùi, Camera hành trình 70mai  Cam kết: ✔ Không đâm đụng – không thuỷ kích ✔ Máy số nguyên zin ✔ Giấy tờ đầy đủ, sang tên nhanh gọn  Xe phù hợp đi gia đình hoặc chạy dịch vụ đều ổn, form dáng thể thao, tiết kiệm nhiên liệu, chi phí nuôi xe thấp.  Giá: 458trieu– có thương lượng cho người thiện chí  Liên hệ: (***)",52000,Có,Nhật Bản,Đã sử dụng,Bảo hành hãng,2019,1.5L Luxury,Tự động,Xăng,Sedan,5,N/A,N/A,N/A,N/A,N/A,N/A,N/A,4,> 1 tấn,> 2 tấn,car_p18_s10_1774760049,https://xe.chotot.com/mua-ban-oto-thanh-pho-thu-duc-tp-ho-chi-minh/131383888.htm
p18_s11_1774760056,Mazda 3 2004 Tự động Đen,Mazda 3,125.0,"Mazda 3 2004 số tự động. Xe đẹp máy số k lỗi. Gầm bệ êm, nội thất sạch sẽ động cơ 1.6 tiết kiệm nhiên liệu. Dòng xe nhật bền lành tiết kiệm nhiên liệu. Uỷ quyền sang tên ok",160000,N/A,Đang cập nhật,Đã sử dụng,Bảo hành hãng,2004,N/A,Tự động,Xăng,N/A,N/A,N/A,N/A,N/A,N/A,N/A,N/A,N/A,N/A,> 1 tấn,> 2 tấn,car_p18_s11_1774760056,https://xe.chotot.com/mua-ban-oto-thanh-pho-buon-ma-thuot-dak-lak/130946897.htm
p18_s12_1774760068,Mazda 3 2004 Số sàn Bạc,Mazda 3,115.0,"Mazda 3 sx 2004 số sàn. Xe đã bảo dưỡng toàn bộ từ máy số, gầm bệ, sơn mới. Chạy êm ru gầm bệ chắc nịch, Bao chạy bắc nam.. Đăng kiểm dài, chính chủ ký uỷ quyền or mua bán.",250000,N/A,Đang cập nhật,Đã sử dụng,Bảo hành hãng,2004,N/A,Số sàn,Xăng,N/A,N/A,N/A,N/A,N/A,N/A,N/A,N/A,N/A,N/A,> 1 tấn,> 2 tấn,car_p18_s12_1774760068,https://xe.chotot.com/mua-ban-oto-thanh-pho-buon-ma-thuot-dak-lak/130916811.htm
p18_s13_1774760079,Mazda 3 2024 1.5L Luxury - 30000 km,Mazda 3,550.0,"🚗 Mazda 3, dòng Sedan, màu Đỏ quyến rũ, sản xuất năm 2024 tại Việt Nam. 🚗 Xe sử dụng nhiên liệu Xăng, hộp số Tự động, mang lại trải nghiệm lái mượt mà. 🚗 Số chỗ ngồi: 2. 🚗 Quãng đường đã đi: 30.000 km. 🚗 Mazda 3 là sự kết hợp hoàn hảo giữa phong cách thể thao và tiện nghi cao cấp, phù hợp cho cả nhu cầu di chuyển hàng ngày lẫn những chuyến đi xa 🚗 Khung gầm chắc chắn, hệ thống treo êm ái, mang lại cảm giác lái đầm chắc và ổn định. 🚗 Hệ thống giải trí đa phương tiện với màn hình cảm ứng lớn, kết nối thông minh, giúp bạn thư giãn trên mọi nẻo đường. 🚗 Điều hòa tự động hai vùng độc lập, đảm bảo không khí trong xe luôn trong lành và mát mẻ. 🚗 Hệ thống đèn chiếu sáng LED hiện đại, tăng cường khả năng quan sát trong điều kiện thiếu sáng. 🚗 Gương chiếu hậu chỉnh điện, gập điện, tích hợp đèn báo rẽ, tiện lợi và an toàn. 🚗 Vô lăng bọc da tích hợp các nút điều khiển chức năng, giúp bạn dễ dàng thao tác. 🚗 Ghế da cao cấp, ôm sát cơ thể, mang lại cảm giác thoải má",30000,N/A,Việt Nam,Đã sử dụng,Bảo hành hãng,2024,1.5L Luxury,Tự động,Xăng,Hatchback,Khác,N/A,N/A,N/A,N/A,N/A,N/A,N/A,N/A,> 1 tấn,> 2 tấn,car_p18_s13_1774760079,https://xe.chotot.com/mua-ban-oto-huyen-dong-anh-ha-noi/131383129.htm
p18_s14_1774760090,Mazda CX9 2011 Đen,Mazda Other,345.0,"mazda cx9 2011 loai 2 cầu điên một chủ sử dụng từ mới cam kết xe đẹp từ ngoài vao trong không đâm va cấn đung chỗ nào chạy đúng km bảo dưỡng thường xuyên , máy bảy màu keo chỉ zin chay êm ,không có lõi nhỏ,cần bán cho nguòi hiểu loai xe nhâp cóTL cho nguòi thiên tr mua bán nhanh í",130000,N/A,Đang cập nhật,Đã sử dụng,Bảo hành hãng,2011,N/A,Tự động,Xăng,N/A,7,N/A,N/A,N/A,N/A,N/A,N/A,N/A,N/A,> 1 tấn,> 2 tấn,car_p18_s14_1774760090,https://xe.chotot.com/mua-ban-oto-quan-7-tp-ho-chi-minh/130584133.htm
p18_s15_1774760100,Mazda 3 2023 Luxury Trắng 41.000 km,Mazda 3,569.0,"🚗 Mazda 3 Luxury 2023 – form mới, option ngập tràn  ✔️ Odo chuẩn 41.000 km ✔️ Xe đẹp – nội ngoại thất zin, giữ gìn kỹ ✔️ Bản Luxury – đầy đủ tiện nghi, màn hình lớn, ghế da, an toàn cao ✔️ Form mới sang trọng, lái cực sướng  👉 Sedan hạng C đáng tiền – vừa chạy gia đình vừa đi làm cực hợp  🔥 Giá chào bán: 569 triệu (giá tốt, còn thương lượng)  📍 Bao test hãng – hỗ trợ sang tên nhanh gọn",41000,N/A,Đang cập nhật,Đã sử dụng,Bảo hành hãng,2023,N/A,Tự động,Xăng,Sedan,N/A,N/A,N/A,N/A,N/A,N/A,N/A,N/A,N/A,> 1 tấn,> 2 tấn,car_p18_s15_1774760100,https://xe.chotot.com/mua-ban-oto-quan-binh-tan-tp-ho-chi-minh/131372327.htm
p18_s16_1774760112,Mazda CX-5 2018 Premium Đỏ,CX-5,570.0,"🚗 MAZDA CX-5 PREMIUM 2018 - XE CỰC CHẤT, GIÁ CỰC TỐT 🚗 Cần tìm chủ mới cho siêu phẩm phân khúc C-SUV, xe gia đình sử dụng kỹ, ngoại hình còn rất mới. • Đời xe: 2018 • Phiên bản: Premium (Bản cao cấp nhất, trang bị full option, loa Bose, HUD kính, cảnh báo chệch làn...) • Số km đã đi: 89.000 km (Chuẩn chỉnh) • Giá công khai: 570 Triệu (Có thương lượng cho anh em thiện chí) ✅ Cam kết vàng: • Xe không đâm đụng, không ngập nước. • Máy móc, khung gầm nguyên bản, vận hành êm ái. • Pháp lý rõ ràng, sang tên trong ngày. 📍 Xem xe tại: 133 An Dương Vương, P. An Lạc, Q. Bình Tân, TP.HCM. 📞 Liên hệ ngay: *** để ép giá! #MazdaCX5 #xecu",89000,Có,Việt Nam,Đã sử dụng,Bảo hành hãng,2018,2.0 AT 2WD,Tự động,Xăng,SUV / Cross over,5,2WD,153 HP @6000 RPM,199 Nm @4000 RPM,2,6.2,N/A,215,5,> 1 tấn,> 2 tấn,car_p18_s16_1774760112,https://xe.chotot.com/mua-ban-oto-quan-binh-tan-tp-ho-chi-minh/131352955.htm
p18_s17_1774760123,Cần bán Cx8 Premium 2020 màu xanh,CX-8,669.0,"Bán gấp Mazda CX8 Premium cao cấp đời 2020, màu xanh Cavansite. Xe ODO 113.000 km, bảo dưỡng định kỳ tại hãng, máy móc zin xe đẹp keng. Full options cao cấp : nội thất da nappa, nhớ ghế, sây sưởi làm mát, đèn pha auto, cruiser control, điều hòa 3 vùng độc lập, cửa sổ trời, 7 chỗ rộng rãi , rèm che nắng phía sau.... - Giá bán : 669 triệu",113000,Có,Việt Nam,Đã sử dụng,Bảo hành hãng,2020,Premium,Tự động,Xăng,SUV / Cross over,7,N/A,N/A,N/A,N/A,N/A,N/A,N/A,5,> 1 tấn,> 2 tấn,car_p18_s17_1774760123,https://xe.chotot.com/mua-ban-oto-quan-12-tp-ho-chi-minh/130904343.htm
p18_s18_1774760134,Mazda 3 fl 2017 Trắng 80.000 km,Mazda 3,410.0,"Mazda 3 fl 2017 Xe gia đình 1 chủ từ mới ODO: 80.000 km full bảo dưỡng hãng Phụ kiện: Dán phim, lót sàn, màn hình adroi, camera hành trình, camera lùi  Giá bán 410 triệu ( Xe gia đình chuẩn 8v km giá ko hề rẻ nhưng xứng đáng) Xem xe: 84 Phạm Hùng, Hoà Xuân, Đà Nẵng",80000,Có,Việt Nam,Đã sử dụng,Bảo hành hãng,2017,1.5 AT,Tự động,Xăng,Hatchback,Khác,N/A,N/A,N/A,N/A,N/A,N/A,N/A,N/A,> 1 tấn,> 2 tấn,car_p18_s18_1774760134,https://xe.chotot.com/mua-ban-oto-quan-cam-le-da-nang/131377181.htm
p18_s19_1774760149,Mazda 2 Luxury Trắng,Mazda 2,269.0,"Cần bán mazda 2 bản luxury xe gia đình , mua về là chạy k cần sữa chữa gì . Xem xe tại dĩ an bd",94000,N/A,Đang cập nhật,Đã sử dụng,Bảo hành hãng,2016,1.5 AT Sedan,Tự động,Xăng,Sedan,5,FWD,102 HP @6000 RPM,135 Nm @4000 RPM,1.5,5,2,143,5,> 1 tấn,> 2 tấn,car_p18_s19_1774760149,https://xe.chotot.com/mua-ban-thanh-pho-di-an-binh-duong/131377061.htm
p19_s0_1774760171,Mazda 2 Luxury Trắng,Mazda 2,269.0,"Cần bán mazda 2 bản luxury xe gia đình , mua về là chạy k cần sữa chữa gì . Xem xe tại dĩ an bd",94000,N/A,Đang cập nhật,Đã sử dụng,Bảo hành hãng,2016,1.5 AT Sedan,Tự động,Xăng,Sedan,5,FWD,102 HP @6000 RPM,135 Nm @4000 RPM,1.5,5,2,143,5,> 1 tấn,> 2 tấn,car_p19_s0_1774760171,https://xe.chotot.com/mua-ban-oto-thanh-pho-di-an-binh-duong/131377061.htm
p19_s1_1774760182,Mazda 6 màu Đỏ,Mazda 6,439.39,Mazda 6 một chủ từ mới xe đẹp máy móc nguyên zin ko tai nạn đâm đụng nặng  Giá tốt cho ae thiện chí xe về sẵn đi ko cần làm gì Lh : ***,86000,Có,Nhật Bản,Đã sử dụng,Bảo hành hãng,2018,2.0L Premium,Tự động,Xăng,Sedan,5,FWD,153 HP @6000 RPM,200 Nm @4000 RPM,2,6,6,165,4,> 1 tấn,> 2 tấn,car_p19_s1_1774760182,https://xe.chotot.com/mua-ban-oto-huyen-cam-giang-hai-duong/131361491.htm
p19_s2_1774760193,Mazda CX5 2019 một chủ mua mới rất đẹp,CX-5,618.0,"#🚘MAZDA CX5 2019 5 chổ gầm cao rất đep  - Chất xe gia đình một chủ sử dụng rất đẹp, rin không lỗi, máy rin nguyên bản,,sơ cua chưa rớt,,🌹👍  - Nội thất ngoại thất còn rất mới,,đăng kiểm dài, đèn bi led, điều hòa tự động, cửa sổ trời, ghế tài chỉnh điện, cốp điện,, đã lên màn hình androi , cam 360,,   🏡 xem xe 503 Nguyễn Văn Cừ, Tp BMT, DakLak",79000,N/A,Đang cập nhật,Đã sử dụng,Bảo hành hãng,2019,N/A,Tự động,Xăng,SUV / Cross over,5,N/A,N/A,N/A,N/A,N/A,N/A,N/A,N/A,> 1 tấn,> 2 tấn,car_p19_s2_1774760193,https://xe.chotot.com/mua-ban-oto-thanh-pho-buon-ma-thuot-dak-lak/131148514.htm
p19_s3_1774760206,Mazda 3 2021 2.0L Signature Premium - 49000 km,Mazda 3,550.0,"🚗 MAZDA 3 SPORT 2021 – BẢN 2.0 SIGNATURE PREMIUM  • ODO: 49.000 km • Xe chính chủ Kiệt đứng tên • Đi phố nhẹ nhàng – xe còn rất mới, giữ kỹ  💰 Giá: 550.000.000 📞 LH: *** (Kiệt)  Mazda 3 Sport 2021 (hatchback) phiên bản 2.0L Signature Premium là dòng xe nhập khẩu/lắp ráp cao cấp, nổi bật với thiết kế Kodo quyến rũ, động cơ SkyActiv-G 2.0L mạnh mẽ và gói an toàn i-Activsense. Tại Nhật Bản, bản đặc biệt kỷ niệm 100 năm nổi bật với màu sơn đỏ Soul Red Crystal và các cải tiến về vận hành, hệ thống treo.  ￼ Điểm Nổi Bật của Mazda 3 Sport 2021 (2.0L Signature Premium):  • Động cơ & Vận hành: Động cơ 2.0L SkyActiv-G sản sinh công suất cao, kết hợp hộp số tự động 6 cấp và tùy chọn chế độ lái thể thao, mang lại trải nghiệm lái năng động.  • Thiết kế (Sport - Hatchback): Kiểu dáng Sport (hatchback) mang đậm phong cách trẻ trung, thể thao  • An toàn cao cấp: Trang bị gói i-Activsense, bao gồm hệ thống hỗ trợ lái thông minh (CTS), hỗ trợ giữ làn đường, điều khiển hành trình thích ứng (MRCC) và phanh thông minh.  • Nội thất & Tiện nghi: Nội thất sang trọng tiệm cận xe hạng sang với ghế da, màn hình 8.8 inch, màn hình HUD, dàn âm thanh Bose cao cấp. ￼  Tại Việt Nam, các phiên bản 2.0L Signature Premium được định vị là lựa chọn cao cấp nhất trong dòng Mazda 3, hướng tới khách hàng yêu thích cảm giác lái và công nghệ.  ￼ • Mazda 3 Sport 2.0L Signature Premium (Hatchback) Phiên bản này được đánh",49000,N/A,Nhật Bản,Đã sử dụng,Bảo hành hãng,2021,2.0L Signature Premium,Tự động,Xăng,Hatchback,Khác,N/A,N/A,N/A,N/A,N/A,N/A,N/A,N/A,> 1 tấn,> 2 tấn,car_p19_s3_1774760206,https://xe.chotot.com/mua-ban-oto-thanh-pho-ca-mau-ca-mau/131374526.htm
p19_s4_1774760218,Mazda 3 2023 1.5L Luxury Lướt 40000km,Mazda 3,569.0,"Mazda 3 2023 1.5L Luxury  🔸Odo chuẩn 40.000km (Bao check test toàn quốc) 🔸Trang bị nhiều option  🔸Cam kết: không đâm đụng tai nạn, không ngập nước, không tua đồng hồ 🔸Có hỗ trợ trả góp XEM XE TRỰC TIẾP TẠI HCM",40000,Có,Việt Nam,Đã sử dụng,Bảo hành hãng,2023,1.5L Luxury,Tự động,Xăng,Sedan,Khác,N/A,N/A,N/A,N/A,N/A,N/A,N/A,N/A,> 1 tấn,> 2 tấn,car_p19_s4_1774760218,https://xe.chotot.com/mua-ban-oto-quan-binh-tan-tp-ho-chi-minh/131098636.htm
p19_s5_1774760231,Mazda CX-5 2017 Xanh,CX-5,490.0,"Mazda CX-5 đời 2017, màu xanh, máy 2.5, xe gia đình sử dụng.  - Xe một đời chủ, giữ gìn cẩn thận.  - Động cơ 2.5 mạnh mẽ, vận hành êm ái.  - Giá 490 triệu, có thương lượng.",140000,N/A,Đang cập nhật,Đã sử dụng,Bảo hành hãng,2017,N/A,Tự động,Xăng,N/A,N/A,N/A,N/A,N/A,N/A,N/A,N/A,N/A,N/A,> 1 tấn,> 2 tấn,car_p19_s5_1774760231,https://xe.chotot.com/mua-ban-oto-thanh-pho-thu-dau-mot-binh-duong/131323615.htm
p19_s6_1774760241,Mazda 3 2020 1.5Sport Premium Trắng 60000km,Mazda 3,539.0,"Em Cần Bán Mazda 3 2020 1.5Sport Premium Trắng biển hà nội , xe đẹp không lỗi nhỏ , odo 6 vạn km zin , bảo dưỡng full hãng , nội thất mới tinh , gầm bệ nguyên bản , lốp zin cả dàn , sơn zin 99% , xe không có con thứ 2 mới hơm Bản full kịch option - Xe bán cam kết bằng văn bản - máy móc zin - xe không tai nạn - xe không ngập nước - cột kèo keo chỉ nguyên bản - kilomet zin không tua - Bao check test hãng hoặc gara toàn quốc - Xe bán có hỗ trợ trả góp tối đa - Xe bán có hỗ trợ rút hồ sơ gốc - Xe bán có nhận đổi các xe cũ giá cao Anh em quan tâm liên hệ Hotline - Kiên Xe Tốt  Đc : 88 Vũ Đức Thận - Long Biên - Hà Nội",60000,Có,Việt Nam,Đã sử dụng,Bảo hành hãng,2020,Sport 1.5L Premium,Tự động,Xăng,Hatchback,5,N/A,N/A,N/A,N/A,N/A,N/A,N/A,5,> 1 tấn,> 2 tấn,car_p19_s6_1774760241,https://xe.chotot.com/mua-ban-oto-quan-cau-giay-ha-noi/127649576.htm
p19_s7_1774760256,MAZDA CX8 2026 - XE MỚI 100% - KÈM NHIỀU QUÀ 🎁,CX-8,929.0,"𝐍𝐄𝐖 𝐌𝐀𝐙𝐃𝐀 CX-8 - 2026 - ĐẦY ĐỦ CÁC PHIÊN BẢN CÓ SẴN TẠI SHOWROOM❤️ >>> SUV FULL SIZE 7 CHỖ GIÁ CHỈ 929 TRIỆU<<< 🚨 XE SẴN GIAO NGAY🚨 🎁 TRÀN NGẬP QUÀ VÀ ƯU ĐÃI LÊN ĐẾN 30 TRIỆU🎁 ✅ New Mazda CX-8 Luxury: 929,000,000 ✅ New Mazda CX-8 Premium: 989,000,000 ✅ New Mazda CX-8 Signature AWD: 1,099,000,000 🏠 Hỗ trợ xem xe, lái thử tại nhà. 👉 Hỗ trợ vay đến 85% giá trị xe. 🆘 Nhận báo giá và tư vấn các dòng xe Mazda 🏡 𝐒𝐡𝐨𝐰𝐫𝐨𝐨𝐦: 𝐌𝐀𝐙𝐃𝐀 𝐁𝐈̀𝐍𝐇 𝐓𝐑𝐈𝐄̣̂𝐔 127 QL13, HIỆP BÌNH CHÁNH, TP THỦ ĐỨC #mazda #mazdacx8 #newcx8 #mazdanewcx8 #cx8",N/A,N/A,Việt Nam,Mới,Bảo hành hãng,2026,N/A,Tự động,Xăng,SUV / Cross over,7,N/A,N/A,N/A,N/A,N/A,N/A,N/A,N/A,N/A,N/A,car_p19_s7_1774760256,https://xe.chotot.com/mua-ban-oto-thanh-pho-thu-duc-tp-ho-chi-minh/130947424.htm
p19_s8_1774760269,Mazda CX-5 2017 2.5 80000 km Trắng,CX-5,515.0,"Mazda CX-5 2.5 sản xuất 2017 , màu trắng / đen , lăn bánh hơn 8v km zin full bảo dưỡng hãng.",80000,N/A,Đang cập nhật,Đã sử dụng,Bảo hành hãng,2017,N/A,Tự động,Xăng,N/A,N/A,N/A,N/A,N/A,N/A,N/A,N/A,N/A,N/A,> 1 tấn,> 2 tấn,car_p19_s8_1774760269,https://xe.chotot.com/mua-ban-oto-quan-cau-giay-ha-noi/131369671.htm
p19_s9_1774760280,Mazda 3 2019 Trắng,Mazda 3,460.0,👉 Hoàn kều chào bán  - Mazda 3 sx 2019 Dk 2020 . Tư nhân 1 chủ từ mới  - Xe đẹp xuất sắc chạy vài vạn km thôi ạ  - Dàn lốp mới thay chạy êm chắc .  👉 Bao check test mọi nơi  👉 Hỗ trợ ngân hàng 65% giá trị  Bác nào nhu cầu lh e nhé !,90000,N/A,Việt Nam,Đã sử dụng,Bảo hành hãng,2019,N/A,Tự động,Xăng,N/A,5,N/A,N/A,N/A,N/A,N/A,N/A,N/A,N/A,> 1 tấn,> 2 tấn,car_p19_s9_1774760280,https://xe.chotot.com/mua-ban-oto-quan-nam-tu-liem-ha-noi/131340916.htm
p19_s10_1774760291,Mazda CX8 2025 2.5 Premium 10000 km,CX-8,986.0,👉 🚙CX8 2.5Premium -1 cầu (Likenew )zin 100%. 👉 Màu trắng camay cực đẹp  - Sx thag 6/ 2025 . 👉( Lướt 10 ngìn klm -sơn zin cả xe) - xe như mới - chỉ bàn về giá ạ 🥰 -Cam kết ko lõi nhỏ ( bảo dưỡng full hãng) 🥰 AE-Quý Khách quang tâm lh e : 📲Mua bán-trao đổi -giao lưu: .vbình .Xin cảm ơn.,10000,Có,Việt Nam,Đã sử dụng,Bảo hành hãng,2025,Premium 2.5 AT,Tự động,Xăng,SUV / Cross over,7,N/A,N/A,N/A,N/A,N/A,N/A,N/A,N/A,> 1 tấn,> 2 tấn,car_p19_s10_1774760291,https://xe.chotot.com/mua-ban-oto-quan-12-tp-ho-chi-minh/131361511.htm
p19_s11_1774760304,Mazda CX-5 màu Trắng,CX-5,568.0,"- Xe chính chủ - Cam kết không đâm đụng ngập nước - Máy số nguyên bản - Khung gầm sạch đẹp - Xe chạy loanh quanh đi làm - Xe có lên loa Sub + cảm biến lốp Địa chỉ xe: Khu chợ Cầu Thăng Long, Cổ Điển, Vĩnh Thanh, Hà Nội Lh: Mr. Hải (1985)",75000,Có,Đang cập nhật,Đã sử dụng,Bảo hành hãng,2017,2.0 AT 4WD,Tự động,Xăng,SUV / Cross over,5,N/A,153 Hp @6000 RPM,199 Nm @4000 RPM,2,N/A,2,210,5,> 1 tấn,> 2 tấn,car_p19_s11_1774760304,https://xe.chotot.com/mua-ban-oto-huyen-dong-anh-ha-noi/131366382.htm
p19_s12_1774760312,Mazda 3 Đỏ Sedan 2018 - Odo 120.000km,Mazda 3,385.0,"🚗 Mazda 3, kiểu dáng Sedan thể thao, màu Đỏ quyến rũ. 🚗 Sản xuất năm 2018 tại Việt Nam. 🚗 Số chỗ ngồi: 5 🚗 Sử dụng nhiên liệu Xăng. 🚗 Hộp số Tự động, vận hành êm ái. 🚗 Số Odo đã đi: 120.000km. 🚗 Phiên bản: 5491. 🚗 Xe được bảo dưỡng định kỳ, hoạt động ổn định. 🚗 Ngoại thất xe còn rất mới, ít trầy xước. 🚗 Nội thất rộng rãi, thoải mái cho người lái và hành khách. 🚗 Hệ thống giải trí đầy đủ tiện nghi. 🚗 Động cơ mạnh mẽ, tiết kiệm nhiên liệu. 🚗 Thích hợp cho cả gia đình và cá nhân sử dụng. 🚗 Xe đi đầm chắc, không rung lắc. 🚗 Hệ thống an toàn đầy đủ, đảm bảo an toàn trên mọi hành trình. 🚗 Gầm bệ chắc chắn, không mục mọt. 🚗 Điều hòa hoạt động tốt, làm mát nhanh. 🚗 Vô lăng trợ lực điện, lái nhẹ nhàng. 🚗 Phanh ABS an toàn, chống bó cứng phanh. 🚗 Túi khí an toàn cho người lái và hành khách. 🚗 Xe không đâm đụng, không ngập nước. 🚗 Giấy tờ đầy đủ, hợp lệ. 🚗 Xe chính chủ, sang tên nhanh chóng. 🚗 Mọi chức năng hoạt động hoàn hảo. 🚗 Xe đáng tin cậy cho những ai đang tìm kiếm một chiếc sedan chất lượng. 🚗 Xe được trang bị nhiều tính năng hiện đại. 🚗 Mang lại trải nghiệm lái xe tuyệt vời. 🚗 Phù hợp với nhiều mục đích sử dụng khác nhau. 🚗 Xe luôn được giữ gìn cẩn thận. 🚗 Sẵn sàng cho mọi hành trình.",120000,N/A,Việt Nam,Đã sử dụng,Bảo hành hãng,2018,1.5 AT Sedan,Tự động,Xăng,Sedan,5,FWD,112 HP @6000 RPM,144 Nm @4000 RPM,1.5,5,4,160,5,> 1 tấn,> 2 tấn,car_p19_s12_1774760312,https://xe.chotot.com/mua-ban-oto-quan-hoang-mai-ha-noi/131366128.htm
p19_s13_1774760319,Mazda 6 2005 Tự động Bạc,Mazda 6,165.0,"Bán mazda 6 đời cuối 2005 số Tự Động.gốc sg chính chủ.full đồ chơi.4 vỏ michelin date 2024,màn hình Android,camera lùi,ghế điện,máy số zin sùn chỉ đủ.đã bảo dưỡng full. bao ký rút cho a chị.ai có nhu cầu alo nhé.thanks",125000,Có,Việt Nam,Đã sử dụng,Bảo hành hãng,2005,N/A,Tự động,Xăng,N/A,N/A,N/A,N/A,N/A,N/A,N/A,N/A,N/A,N/A,> 1 tấn,> 2 tấn,car_p19_s13_1774760319,https://xe.chotot.com/mua-ban-oto-thanh-pho-thuan-an-binh-duong/130638428.htm
p19_s14_1774760332,Mazda 6 Trắng 5 chỗ bảng pull2.5,Mazda 6,123.46,"Mazda 6 màu trắng, xe 5 chỗ, động cơ xăng, hộp số tự động.   - Thiết kế sang trọng, nội thất rộng rãi.   - Vận hành êm ái, tiết kiệm nhiên liệu.   - Xe giữ gìn cẩn thận, sẵn sàng sử dụng. - bảng pull 2.5 chạy bao phê (xem xe sẽ bít chất lượng và chạy thử để cảm nhận xe ) cám ơn xem tin",75000,Không,Việt Nam,Đã sử dụng,Bảo hành hãng,2014,N/A,Tự động,Xăng,Sedan,5,N/A,N/A,N/A,N/A,N/A,N/A,N/A,N/A,> 1 tấn,> 2 tấn,car_p19_s14_1774760332,https://xe.chotot.com/mua-ban-oto-quan-cam-le-da-nang/131215488.htm
p19_s15_1774760345,Cx5 2.0 PREMIUM Active 2023 Xanh Cavansite,CX-5,755.0,"Trang bị:  🚙 2 ghế điện + nhớ ghế ( Có sấy và làm mát ghế + Sưởi vô Lăng). Cửa sổ trời, Gạt mưa auto. 10 loa bose. Hud kính lái, Cốp điện + Đá cốp, Cảm biến va chạm trước sau, Cam 360, Phanh điện tử, Gương chiếu hậu tràn viền Chống Chói v.v... 👉 I-ACTIVSENSE rada hỗ trợ lái - Cảnh báo và hỗ trợ giữ làn đường, Cảnh báo điểm mù, Đèn pha tự động thích ứng. Kiểm soát hành trình Thích Ứng, Giữ khoảng cách với xe Phía Trước. Tự động Phanh Khẩn Cấp v.v..  Xem xe tại Phước An, Đăk Lăk",40000,N/A,Việt Nam,Đã sử dụng,Bảo hành hãng,2023,2.0 Premium,Tự động,Xăng,SUV / Cross over,Khác,N/A,N/A,N/A,N/A,N/A,N/A,N/A,N/A,> 1 tấn,> 2 tấn,car_p19_s15_1774760345,https://xe.chotot.com/mua-ban-oto-huyen-krong-pac-dak-lak/130416921.htm
p19_s16_1774760359,Mazda 3 2004 1.6 AT - 160000 km,Mazda 3,139.0,"Bán xe mazda3 2004 máy nổ còi kêu 4 bánh quay đều, mọi chức năng hoạt động bình thường, xe chạy ngon, máy số em, điều hoà mát, máy lạnh rét hơn sapa.giá có bớt nhẹ, xem xe tại Tam Kỳ!",160000,N/A,Việt Nam,Đã sử dụng,Bảo hành hãng,2004,1.6 AT,Tự động,Xăng,Sedan,5,N/A,N/A,N/A,N/A,N/A,N/A,N/A,4,> 1 tấn,> 2 tấn,car_p19_s16_1774760359,https://xe.chotot.com/mua-ban-oto-thanh-pho-tam-ky-quang-nam/131365711.htm
p19_s17_1774760370,Mazda 3 2017 Trắng,Mazda 3,385.0,"🚗 MAZDA 3 -2017 – SỐ TỰ ĐỘNG – MÁY XĂNG . Bản philip thắng điện tử  Ⓜ️ Máy số , keo chỉ nguyên zin 💯  ✨ Form dáng thể thao, sang trọng 🧭 Full chức năng: đề start/stop, màn hình, camera, cảm biến, ga tự động, vô lăng tích hợp… 🍭Máy êm ru - Điều hoà lạnh sâu 🍃Gầm bệ chắc nịch , chạy đầm  💸Giá385🍠 bao rút hồ sơ gốc  ☎️Alo *** để xem xe  📍Xem xe ngay trạm thu phí Bình Thung Dĩ An Bình Dương",119000,N/A,Đang cập nhật,Đã sử dụng,Bảo hành hãng,2017,N/A,Tự động,Xăng,N/A,N/A,N/A,N/A,N/A,N/A,N/A,N/A,N/A,N/A,> 1 tấn,> 2 tấn,car_p19_s17_1774760370,https://xe.chotot.com/mua-ban-oto-thanh-pho-di-an-binh-duong/131363742.htm
p19_s18_1774760380,Mazda BT50 2017 tự động Trắng,BT-50,385.0,"Em bán Mazda BT50 2.2 số tự động 1 cầu sản xuất 2017 fom mới, bản mới chạy rất sướng, đã lên màn android cam lùi,4 bi xịn sáng như audi. Đăng kiểm 1 tem mới khám, gầm bệ đẹp không sơn phủ nguyên tem nhà máy, sàn thùng không chở gì bao giờ, cam kết xe không tai nạn ngập nước, máy số zin hết, đến sai e tặng xe, e là cửa hàng chuyên bán xe ô tô cũ uy tín giá trị thật.",105000,N/A,Thái Lan,Đã sử dụng,Bảo hành hãng,2017,2.2 AT 2WD,Tự động,Dầu,Pick-up (bán tải),5,2WD,148 HP @3700 RPM,375 Nm @1500 RPM,2.2,8,2,237,4,> 1 tấn,> 2 tấn,car_p19_s18_1774760380,https://xe.chotot.com/mua-ban-oto-thi-xa-dong-trieu-quang-ninh/131363390.htm
p19_s19_1774760394,Mazda6 2.5 pretium,Mazda 6,500.0,"Mazda6 2019 2.5 Premium chạy chuẩn 6v8 xe còn rất mới . -Trang bị nhiều chức năng 2 ghế điện ,cửa sổ trời ,hatch kính .cảm biến quanh xe . -Cam kết máy số keo chỉ nguyên rin,pháp lý rỏ ràng . -bao ký rút hồ sơ toàn quốc. -anh chị ai có nhu cầu mua sử dụng xin liên hệ trực tiếp.",68000,N/A,Đang cập nhật,Đã sử dụng,Bảo hành hãng,2019,Mazda 6 2.5L Premium,Tự động,Xăng,Sedan,5,FWD,185 HP @5700 RPM,250Nm @3250 RPM,2.5,N/A,N/A,165,4,> 1 tấn,> 2 tấn,car_p19_s19_1774760394,https://xe.chotot.com/mua-ban-quan-cam-le-da-nang/131363024.htm
p20_s0_1774760419,Mazda CX5 2017 2.5 Trắng,CX-5,490.0,Cần bán mazda CX5 xs 2017 bản 2.5 biển HN gốc HN xe đẹp không lỗi,85000,N/A,Việt Nam,Đã sử dụng,Bảo hành hãng,2017,N/A,Số sàn,Xăng,N/A,N/A,N/A,N/A,N/A,N/A,N/A,N/A,N/A,N/A,> 1 tấn,> 2 tấn,car_p20_s0_1774760419,https://xe.chotot.com/mua-ban-oto-quan-thanh-xuan-ha-noi/131227292.htm
p20_s1_1774760430,Mazda BT 50 2020 std cty xhd 200tr,Mazda Other,408.0,"Xe chở sếp đi công tác. Bt50 2020 std 1 cầu, nắp thùng cao, cty xuất hoá đơn 200tr, xe nguyên zin bảo dưỡng hãng đầy đủ, ai cần mua liên hệ cty xin cảm ơn",140000,N/A,Thái Lan,Đã sử dụng,Bảo hành hãng,2020,N/A,Tự động,Dầu,N/A,N/A,N/A,N/A,N/A,N/A,N/A,N/A,N/A,N/A,> 1 tấn,> 2 tấn,car_p20_s1_1774760430,https://xe.chotot.com/mua-ban-oto-quan-12-tp-ho-chi-minh/131244776.htm
p20_s2_1774760441,Mazda Mazda 6 2018 Xanh đen,Mazda 6,480.0,Cần bán xe maxda X6 đời 2018 Xe chạy gd rất kỹ  Mới thay bánh mới  Giá 480tr,100,Có,Đang cập nhật,Đã sử dụng,Bảo hành hãng,2018,N/A,Tự động,Động cơ Hybrid,N/A,N/A,N/A,N/A,N/A,N/A,N/A,N/A,N/A,N/A,> 1 tấn,> 2 tấn,car_p20_s2_1774760441,https://xe.chotot.com/mua-ban-oto-quan-7-tp-ho-chi-minh/131360174.htm
p20_s3_1774760449,Mazda BT-50 2019 4x4 Trắng,BT-50,430.0,BT50 2 cầu 4x4 máy 3.2 2019 - 189hp - full ốp gầm kim loại + phuộc profender - 11v km,110000,Có,Đang cập nhật,Đã sử dụng,Bảo hành hãng,2019,N/A,Tự động,Dầu,Pick-up (bán tải),5,N/A,N/A,N/A,N/A,N/A,N/A,N/A,N/A,> 1 tấn,> 2 tấn,car_p20_s3_1774760449,https://xe.chotot.com/mua-ban-oto-quan-12-tp-ho-chi-minh/131359805.htm
p20_s4_1774760458,Mazda BT-50 2017 Bạc 100000 km,BT-50,435.0,"Tôi chính chủ, muốn bán xe BT-50, SX 2017, nhập khẩu Thái Lan, 2.2L, số tự động. Chạy 10 vạn km, cực mượt, do lên đời nên muốn bán. Giá 435 tr (có thương lượng). Ai có nhu cầu xin liên hệ ***. Xem xe tại khu vực Ciputra, Xuân Đỉnh, Bắc Từ Liêm, Hà Nội.",101135,Có,Thái Lan,Đã sử dụng,Bảo hành hãng,2017,2.2L 4x2 AT,Tự động,Dầu,Pick-up (bán tải),5,N/A,N/A,N/A,N/A,N/A,N/A,N/A,N/A,> 1 tấn,> 2 tấn,car_p20_s4_1774760458,https://xe.chotot.com/mua-ban-oto-quan-bac-tu-liem-ha-noi/131359522.htm
p20_s5_1774760466,Mazda 3 1.5L AT có cửa sổ trời xe zin đẹp 1chủ,Mazda 3,395.0,"Bán Mazda 3 1.5L sport AT Số tự động Hackback Xe 5 chỗ Sx 2017 Xe trang bị cửa sổ trời, phanh tay điện tử, đề Starstop, ghế da… Xe zin đẹp toàn bộ  Máy móc, hộp số, cầu láp nguyên zin 100% Anh chị mua xài an tâm",60000,N/A,Đang cập nhật,Đã sử dụng,Bảo hành hãng,2017,N/A,Tự động,Xăng,N/A,5,N/A,N/A,N/A,N/A,N/A,N/A,N/A,N/A,> 1 tấn,> 2 tấn,car_p20_s5_1774760466,https://xe.chotot.com/mua-ban-oto-thanh-pho-thuan-an-binh-duong/131357238.htm
p20_s6_1774760480,Mazda 323 2003 Đen Số sàn,Mazda 3,55.0,"Mình hiện có chiếc mất 323 đời 2003 hiện không có như cầu sử dụng. Máy vẫn chạy tốt, ổn định. Thường ngày vẫn chạy Bắc ninh Bắc Giang đi làm. Nay lên xe điện thừa bán cho bác nào có như cầu",242500,N/A,Nhật Bản,Đã sử dụng,Bảo hành hãng,2023,N/A,Số sàn,Xăng,Sedan,5,N/A,N/A,N/A,N/A,N/A,N/A,N/A,N/A,> 1 tấn,> 2 tấn,car_p20_s6_1774760480,https://xe.chotot.com/mua-ban-oto-huyen-yen-phong-bac-ninh/131356571.htm
p20_s7_1774760489,Mazda 3 Sedan 2015 Vàng cát,Mazda 3,338.0,"🚗 MAZDA 3 2015 – XE 1 CHỦ VŨNG TÀU – FORM ĐẸP, MÁY ÊM, GIÁ TỐT   🔰 Mazda 3 Sedan 2015  🔰 Xe 1 chủ từ đầu, sử dụng kỹ  🔰 Odo: 130.000 km  🔰 Xe đi giữ gìn, máy móc êm ái, nội ngoại thất còn đẹp  🔰 Phù hợp đi gia đình hoặc công việc hằng ngày   ✨ Trang bị tiện nghi:  ✔ Điều hòa mát sâu  ✔ Màn hình giải trí trung tâm  ✔ Camera lùi hỗ trợ đỗ xe  ✔ Chìa khóa thông minh – Start/Stop  ✔ Tay lái trợ lực điện, vận hành nhẹ nhàng  ✔ Tiết kiệm nhiên liệu, chi phí nuôi xe thấp   📍 Xe ở: Vũng Tàu  💰 Giá bán: 3xx triệu x nhỏ (còn thương lượng)   📞 Ai cần xe đẹp, chính chu *** Đinh liên hệ xem xe trực tiếp  👉 👉 Hỗ trợ xem xe thoải mái, thiện chí bớt lộc   🔥 Mazda 3 form đẹp, giá mềm – mua về chạy ngay, không cần làm gì thêm!",130000,N/A,Việt Nam,Đã sử dụng,Bảo hành hãng,2015,N/A,Bán tự động,Xăng,Sedan,N/A,N/A,N/A,N/A,N/A,N/A,N/A,N/A,N/A,> 1 tấn,> 2 tấn,car_p20_s7_1774760489,https://xe.chotot.com/mua-ban-oto-thi-xa-phu-my-ba-ria-vung-tau/131338486.htm
p20_s8_1774760501,Mazda 3 2020 Trắng,Mazda 3,445.0,"✅#Mazda3_2020 máy số keo chỉ zin nguyên bản, không cấn đụng ngập nước ✅Giá: loanh quanh 4đ ☎️Lh: *** 🏘️Đc: ql25 Tuy Hoà Phú Yên ( Đắk Lắk mới)",70000,N/A,Đang cập nhật,Đã sử dụng,Bảo hành hãng,2020,1.5L Deluxe,Tự động,Xăng,Sedan,5,N/A,N/A,N/A,N/A,N/A,N/A,N/A,4,> 1 tấn,> 2 tấn,car_p20_s8_1774760501,https://xe.chotot.com/mua-ban-oto-thanh-pho-tuy-hoa-phu-yen/131356251.htm
p20_s9_1774760510,Mazda 3 2023 Luxury Trắng 30000 km,Mazda 3,565.0,Mazda 3 bản luxury 2023  Xe chạy chuẩn 3v ko đâm đụng ngập nước  Bao ckeck test toàn quốc,30000,Không,Việt Nam,Đã sử dụng,Bảo hành hãng,2023,N/A,Tự động,Xăng,N/A,5,N/A,N/A,N/A,N/A,N/A,N/A,N/A,N/A,> 1 tấn,> 2 tấn,car_p20_s9_1774760510,https://xe.chotot.com/mua-ban-oto-thi-xa-son-tay-ha-noi/131040114.htm
p20_s10_1774760522,Mazda CX-5 2016 2.0 Xanh 50.000 Km Cực Đẹp,CX-5,475.0,"MAZDA CX-5 Xe Gia Đình Cực Đẹp - SX 2016 / 1 Chủ Từ Đầu - Odo Chuẩn 5 Vạn Km / Bảo Dưỡng Full Lịch Sử Hãng - Bản 2.0 Số Tự Động Có Thắng Tay Điện Tử Cam Kết Máy Móc Zin Nguyên Bản - Không Đâm Đụng, Ngập Nước Liên Hệ Ngay Em Tuấn Để Xem Xe Thực Tế🎉",50000,Có,Việt Nam,Đã sử dụng,Bảo hành hãng,2016,2.0 AT,Tự động,Xăng,SUV / Cross over,5,N/A,N/A,N/A,N/A,N/A,N/A,N/A,N/A,> 1 tấn,> 2 tấn,car_p20_s10_1774760522,https://xe.chotot.com/mua-ban-oto-huyen-binh-chanh-tp-ho-chi-minh/130821259.htm
p20_s11_1774760534,Mazda 3 2022 1.5L Luxury 48000000,Mazda 3,5.45,Xe chính chủ cam kết không đâm đụng không ngập nước.Máy số keo chỉ zin,48000,N/A,Nhật Bản,Đã sử dụng,Bảo hành hãng,2022,1.5L Luxury,Tự động,Xăng,Sedan,Khác,N/A,N/A,N/A,N/A,N/A,N/A,N/A,N/A,> 1 tấn,> 2 tấn,car_p20_s11_1774760534,https://xe.chotot.com/mua-ban-oto-huyen-thuy-nguyen-hai-phong/131349663.htm
p20_s12_1774760545,Mazda BT50 2014 4x4MT Trắng,BT-50,255.0,"Gia đình cần bán Mazda BT50 4x4MT 2014 một chủ từ mới. Xe 2 cầu, vừa đăng kiểm xong, xe chủ yếu đi đường thành phố, ít chở nặng, bảo dưỡng đầy đủ, đã lên full phụ kiện, không lỗi lầm gì. Giá loanh quanh 2đ.",90000,Có,Thái Lan,Đã sử dụng,Bảo hành hãng,2014,2.2L 4x4 MT,Số sàn,Dầu,Pick-up (bán tải),Khác,N/A,N/A,N/A,N/A,N/A,N/A,N/A,N/A,> 1 tấn,> 2 tấn,car_p20_s12_1774760545,https://xe.chotot.com/mua-ban-oto-huyen-yen-thanh-nghe-an/131349019.htm
p20_s13_1774760553,Mazda CX 8 2020 Luxury và VF3 đổi Sorento,Mazda Other,690.0,"Hi các b m có cx8 và vf3 muốn đổi ngang sorento  Cx8 ngon chạy 11v zin danh sách đồ đã lên dài như sớ: cam 360 màn android, bọc sàn da, lên xuống kính gập gương tự động, sấy gương, loa sub, 4 loa trên, lắp thêm loa center, ốp full nội thất. Xe chạy ngon lành như cục đất Vf3 thuê pin hơn 3v màu xám tiên phong đã độ 2 loa và lắp thêm sub, dán kính, bọc da nappa nội thất, cam lùi",100000,Có,Việt Nam,Đã sử dụng,Bảo hành hãng,2020,Luxury,Tự động,Xăng,SUV / Cross over,7,N/A,N/A,N/A,N/A,N/A,N/A,N/A,5,> 1 tấn,> 2 tấn,car_p20_s13_1774760553,https://xe.chotot.com/mua-ban-oto-quan-cau-giay-ha-noi/131348647.htm
p20_s14_1774760566,Mazda CX-5 2024 Premium Sport Bạc,CX-5,819.0,"Mazda CX-5 premium sport đời 2024 màu bạc, xe chạy 4947 km.   - Hộp số tự động, 5 chỗ ngồi.   - Thiết kế hiện đại, nội thất tiện nghi.   - Xe vận hành êm ái, tiết kiệm nhiên liệu. - cam kết xe không lỗi nếu sai xin chịu hoàn toàn chi phí",4947,N/A,Đang cập nhật,Đã sử dụng,Bảo hành hãng,2024,N/A,Tự động,Xăng,N/A,5,N/A,N/A,N/A,N/A,N/A,N/A,N/A,N/A,> 1 tấn,> 2 tấn,car_p20_s14_1774760566,https://xe.chotot.com/mua-ban-oto-thanh-pho-thu-duc-tp-ho-chi-minh/131140142.htm
p20_s15_1774760578,Mazda CX-5 2024 Premium Active,CX-5,769.0,"Cx5 2024 bản Premium Active 1 chủ mua mới từ đầu Chạy đúng 20,000  Bảo dưỡng hãng đầy đủ Bao check tại hãng Xe chạy kỷ nên như mới Mình không bán giá cho cò lái nên anh em thông cảm không gọi ép giá Cảm ơn đã xem tin",20000,Có,Đang cập nhật,Đã sử dụng,Bảo hành hãng,2024,N/A,Tự động,Xăng,N/A,N/A,N/A,N/A,N/A,N/A,N/A,N/A,N/A,N/A,> 1 tấn,> 2 tấn,car_p20_s15_1774760578,https://xe.chotot.com/mua-ban-oto-quan-cai-rang-can-tho/131348149.htm
p20_s16_1774760584,Mazda CX-8 2022 Premium xanh Đen,CX-8,865.0,"Xe gia đình đi kỹ cần bán  Mazda CX-8 Premium 2022 màu xanh đen, xe 7 chỗ rộng rãi, phù hợp gia đình.   - ODO 5v km, xe chạy xăng, số tự động.   - Thiết kế sang trọng, nội thất tiện nghi.   - Động cơ mạnh mẽ, vận hành êm ái. Full ls hãng  Xem xe tại hóc môn",50000,Có,Việt Nam,Đã sử dụng,Bảo hành hãng,2022,2.5 Premium,Tự động,Xăng,SUV / Cross over,7,N/A,N/A,N/A,N/A,N/A,N/A,N/A,5,> 1 tấn,> 2 tấn,car_p20_s16_1774760584,https://xe.chotot.com/mua-ban-oto-huyen-hoc-mon-tp-ho-chi-minh/131346779.htm
p20_s17_1774760595,Mazda Mazda2 2019 Trắng 30.000 km,Mazda 2,379.0,"✅️✅️✅️ BỀN BỈ, TIẾT KIỆM, LÁI ÊM.  =========  Động cơ SkyActiv-G 1.5L Công suất 109 mã  Số tự động 6 cấp i-Stop tự động tắt máy khi dừng xe.  Tiêu hao nhiên liệu khoảng 5.5 L / 100 km (đường hỗn hợp). Mâm R16  Màn hình trung tâm 7 inch Hệ thống giải trí Mazda Connect Kết nối Bluetooth / USB / AUX Hệ thống âm thanh 6 loa Điều hòa tự động Chìa khóa thông minh Smart Key Khởi động Start/Stop Vô lăng bọc da tích hợp nút điều khiển Cruise Control. Lẫy chuyển số trên vô lăng   ABS – chống bó cứng phanh DSC – cân bằng điện tử Camera lùi Cảm biến lùi Túi khí an toàn.  ================  MAZDA2 NHẬP THÁI 2019  Odo 30.000 km  Nội Ngoại thất long lanh   Bao kiểm tra hãng, rút hồ sơ gốc.  Thủ tục hồ sơ rõ ràng nhanh gọn  Hỗn hợp trợ bank 50%",30000,N/A,Thái Lan,Đã sử dụng,Bảo hành hãng,2019,N/A,Tự động,Xăng,Sedan,5,N/A,N/A,N/A,N/A,N/A,N/A,N/A,N/A,> 1 tấn,> 2 tấn,car_p20_s17_1774760595,https://xe.chotot.com/mua-ban-oto-thanh-pho-bien-hoa-dong-nai/131346706.htm
p20_s18_1774760606,Mazda BT50 ATH 2018 13van,BT-50,400.0,"BT50 tháng 12/2018 đk lần đầu 2019 Bản full ATH ghế điện số tự động, 1 cầu, màn hình và camera zin theo xe.  Cam kết không đâm đụng- ngập nước- máy móc keo chỉ khung gầm zin 100% . Sai cam kết đền gấp đôi. E bán 400tr tròn Xe ở Đà Nẵng Liên hệ ***",13,Có,Thái Lan,Đã sử dụng,Bảo hành hãng,2018,2.2L 4x2 AT,Tự động,Dầu,Pick-up (bán tải),5,N/A,N/A,N/A,N/A,N/A,N/A,N/A,N/A,> 1 tấn,> 2 tấn,car_p20_s18_1774760606,https://xe.chotot.com/mua-ban-oto-quan-thanh-khe-da-nang/131346476.htm
p20_s19_1774760615,Mazda CX5 2024 Premium Exclusive 12.000 km,CX-5,835.0,"✅️✅️✅️ ĐƠN GIẢN MÀ ĐẲNG CẤP.  ==========  Đèn trước LED tự động cân bằng góc chiếu Đèn hậu LED  Mâm hợp kim 19 inch  Ống xả kép thể thao Cốp sau chỉnh điện  Ghế da cao cấp Ghế lái chỉnh điện 10 hướng, có nhớ vị trí Màn hình trung tâm 8 inch Hỗ trợ Apple CarPlay & Android Auto Âm thanh 10 loa Bose  Điều hòa tự động 2 vùng độc lập Phanh tay điện tử & Auto Hold Chìa khóa thông minh & khởi động nút bấm Cửa sổ trời   Động cơ: Skyactiv-G 2.0L Công suất tối đa: 154 mã  Hộp số: Tự động 6 cấp Tiêu hao nhiên liệu 6,9–7,5 lít/100km hỗn hợp  Trang bị gói an toàn chủ động i-Activsense. 6 túi khí ABS, EBD, BA Cân bằng điện tử (DSC) Kiểm soát lực kéo (TCS) Cảnh báo điểm mù (BSM) Cảnh báo phương tiện cắt ngang  Cảnh báo lệch làn đường (LDWS) Camera lùi & cảm biến... =============  MAZDA CX5 PREMIUM EXCLUSIVE 2.0 AT ĐỜI 2024  Odo 12.000 km  Nội Ngoại thất long lanh   Bao kiểm tra hãng, rút hồ sơ gốc.  Thủ tục hồ sơ rõ ràng nhanh gọn  Hỗ trợ bank 70%",12000,N/A,Việt Nam,Đã sử dụng,Bảo hành hãng,2024,Premium Exclusive 2.0 AT,Tự động,Xăng,SUV / Cross over,5,N/A,N/A,N/A,N/A,N/A,N/A,N/A,N/A,> 1 tấn,> 2 tấn,car_p20_s19_1774760615,https://xe.chotot.com/mua-ban-thanh-pho-bien-hoa-dong-nai/131346463.htm
p21_s0_1774760637,Mazda CX-8 Premium Xanh đậm 29.000 km,CX-8,870.0,"Mazda CX-8 phiên bản Premium màu xanh đậm, xe chạy 29.000 km.  - Thiết kế sang trọng, nội thất rộng rãi.  - Trang bị nhiều tính năng an toàn, tiện nghi.  - Bảo hiểm, đăng kiểm còn dài hạn  Gọi để xem xe trực tiếp!",29000,Có,Việt Nam,Đã sử dụng,Bảo hành hãng,2021,Premium,Tự động,Xăng,SUV / Cross over,7,N/A,N/A,N/A,N/A,N/A,N/A,N/A,N/A,> 1 tấn,> 2 tấn,car_p21_s0_1774760637,https://xe.chotot.com/mua-ban-oto-thi-xa-ben-cat-binh-duong/131343027.htm
p21_s1_1774760647,Mazda 3 1.5AT sx 2016 đã độ full kịch đồ chơi đẹp,Mazda 3,355.0,"🚘 Mazda 3 1.5AT sản xuất 2016 full đồ chơi giá 355tr.  📝 Odo 86km xe cá nhân gia đình dùng, cam kết bằng văn bản chất lượng xe không cấn đụng, không ngập nước, máy móc nguyên bản, keo chỉ nguyên bản.  🎉 Full đồ chơi: Cửa sổ trời, màn android 15inch lớn, đèn pha 4 bi led, đèn daylight led, đèn hậu led, bi gầm led, ca lăng kim cương, ốp heo, ốp lẫy số, full nt da kem, trần da lộn, film cách nhiệt, mâm sơn đen, 2 chìa khóa,...  ☎️ *** - Auto 2K ✅ Xem xe TP. Thủ Đức, HCM.",86,Có,Việt Nam,Đã sử dụng,Bảo hành hãng,2016,1.5 AT Sedan,Tự động,Xăng,Sedan,5,FWD,112 HP @6000 RPM,144 Nm @4000 RPM,1.5,5,2,160,4,> 1 tấn,> 2 tấn,car_p21_s1_1774760647,https://xe.chotot.com/mua-ban-oto-thanh-pho-thu-duc-tp-ho-chi-minh/131342832.htm
p21_s2_1774760658,Mazda 2 2021 Luxury - 70000 km,Mazda 2,399.0,"Hàng mới về bán tết ( Còn đăng chotot là còn xe)  Mazda 2 luxury 2021 - ODO: 70.000km full lịch sử bảo dưỡng hãng, không một ngày bảo dưỡng ngoài  - Phụ kiện: dán phim, lót sàn, bảo hiểm thân vỏ  Địa chỉ : 84 Phạm Hùng, Cẩm Lệ, Đà Nẵng Chính sách bán hàng: ⚙️ Bảo hành động cơ và hộp số trong 1 năm ❌ Cam kết không tai nạn – không ngập nước – không bổ máy Chính sách bảo vệ quyền lợi khách hàng: ✅ Nếu phát hiện xe không đúng cam kết: Chúng tôi nhận lại xe – hoàn tiền 100%. Toàn bộ chi phí phát sinh, kể cả đã sang tên, cửa hàng chịu trách nhiệm và chịu mọi chi phí phát sinh ✅️Dịch vụ check xe giá 1.5 triệu - Cam kết check sai: Mua lại xe cho khách  ✅️Dịch vụ xử lý phạt nguội không giam bằng ✅️Dịch vụ xử rút hồ sơ, ra tên xe tại Đà Nẵng",70000,Có,Việt Nam,Đã sử dụng,Bảo hành hãng,2021,Luxury,Tự động,Xăng,Hatchback,5,N/A,N/A,N/A,N/A,N/A,N/A,N/A,N/A,> 1 tấn,> 2 tấn,car_p21_s2_1774760658,https://xe.chotot.com/mua-ban-oto-quan-cam-le-da-nang/130678231.htm
p21_s3_1774760667,Mazda CX-5 2024 Premium Active 20.000 km Bạc,CX-5,789.0,"Cx5 Premium Active 2024 chạy 20,000  1 chủ mua mới từ đầu Anh em quan tâm vui lòng gọi Mình k bán giá thợ nên anh em thợ thông cảm",20000,N/A,Đang cập nhật,Đã sử dụng,Bảo hành hãng,2024,N/A,Tự động,Xăng,N/A,N/A,N/A,N/A,N/A,N/A,N/A,N/A,N/A,N/A,> 1 tấn,> 2 tấn,car_p21_s3_1774760667,https://xe.chotot.com/mua-ban-oto-quan-cai-rang-can-tho/131340985.htm
p21_s4_1774760672,Mazda 3 2022 Luxury 40000 km Đỏ,Mazda 3,560.0,Mazda 3 luxury 2022 4v km ăn xăng như ngửi Zin all xe đẹp lắm,40000,N/A,Đang cập nhật,Đã sử dụng,Bảo hành hãng,2022,N/A,Tự động,Xăng,Sedan,5,N/A,N/A,N/A,N/A,N/A,N/A,N/A,N/A,> 1 tấn,> 2 tấn,car_p21_s4_1774760672,https://xe.chotot.com/mua-ban-oto-quan-bac-tu-liem-ha-noi/131340236.htm
p21_s5_1774760680,Bán xe gia đình đi Mazda CX8 2023 Premium 29k km,CX-8,930.0,"Bán xe gia đình đi Mazda CX8 Premium màu trắng đời 2023 Biển số HCM Xe gia đình đi cẩn thận bao test, hình đăng là ảnh thật, thông tin xe đầy đủ như đã mô tả. Bảo hiểm 2 chiều Odo: 29k km Cò lái ép giá quá vui lòng ko inbox.",29000,Có,Đang cập nhật,Đã sử dụng,Bảo hành hãng,2023,Premium,Tự động,Xăng,N/A,7,N/A,N/A,N/A,N/A,N/A,N/A,N/A,N/A,> 1 tấn,> 2 tấn,car_p21_s5_1774760680,https://xe.chotot.com/mua-ban-oto-quan-binh-tan-tp-ho-chi-minh/131338288.htm
p21_s6_1774760687,Mazda CX 8 2019 Premium - 100000 km,Mazda Other,652.0,"Mazda CX-8, màu đỏ quyến rũ, sản xuất năm 2019 tại Việt Nam. Xe thuộc dòng SUV/Crossover, số tự động, phù hợp cho gia đình hoặc những ai yêu thích sự rộng rãi và tiện nghi. 🚘🚘 Xe dc bảo dưỡng hãng bao tes odo chuẩn cam kết xe zin nguyên bản ( có sơn dặm nhiều do trầy xước và xe có bảo hiểm thân vỏ) * 🚗 Xe sử dụng nhiên liệu xăng, vận hành êm ái và tiết kiệm. * ⚙️ Hộp số tự động giúp việc lái xe trở nên dễ dàng và thoải mái, đặc biệt trong điều kiện giao thông đô thị. * 🇻🇳 Xe được sản xuất trong nước, đảm bảo chất lượng và độ bền bỉ. * 📅 Đăng ký năm 2019, quãng đường đã đi là 100.000 km. * 👨‍👩‍👧‍👦 Thiết kế 7 chỗ ngồi, không gian nội thất rộng rãi, phù hợp cho những chuyến đi dài ngày cùng gia đình và bạn bè. * 🛡️ Mazda CX-8 là sự lựa chọn đáng cân nhắc trong phân khúc SUV 7 chỗ, mang đến trải nghiệm lái xe tuyệt vời và sự an tâm trên mọi hành trình. * 🎨 Màu đỏ nổi bật, thu hút mọi ánh nhìn, thể hiện cá tính và phong cách của chủ sở hữu. * 👍 Xe được bảo dưỡng định kỳ, đảm bảo hoạt động ổn định và bền bỉ. * 💯 Ngoại thất xe còn rất mới, nội thất được giữ gìn cẩn thận. * ✨ Mazda CX-8 là mẫu xe lý tưởng cho những ai đang tìm kiếm một chiếc SUV 7 chỗ rộng rãi, tiện nghi và đáng tin cậy.",100000,N/A,Việt Nam,Đã sử dụng,Bảo hành hãng,2019,Premium,Tự động,Xăng,SUV / Cross over,7,FWD,188 Hp @ 6000 rpm,252Nm @ 4000 rpm,2.5,6,N/A,200,5,> 1 tấn,> 2 tấn,car_p21_s6_1774760687,https://xe.chotot.com/mua-ban-oto-huyen-nhon-trach-dong-nai/131323540.htm
p21_s7_1774760696,Mazda 3 2023 Luxury Trắng 17000 km,Mazda 3,575.0,"Màu trắng thì không còn gì để chê Mazda 3 Luxury 2023 🎇🎇 Odo 17k, bảo dưỡng đầy đủ tại hãng Hỗ trợ bank, trao đổi xe 💵5xx",17000,N/A,Đang cập nhật,Đã sử dụng,Bảo hành hãng,2023,N/A,Tự động,Xăng,N/A,N/A,N/A,N/A,N/A,N/A,N/A,N/A,N/A,N/A,> 1 tấn,> 2 tấn,car_p21_s7_1774760696,https://xe.chotot.com/mua-ban-oto-quan-binh-tan-tp-ho-chi-minh/131078586.htm
p21_s8_1774760709,"Mazda 2 Premium 2019 Màu Đỏ 44.000km, Xe rất đẹp",Mazda 2,375.0,"💥💥𝐂𝐀̂̀𝐍 𝐁𝐀́𝐍 𝐌𝐀𝐙𝐃𝐀 𝟐 𝐏𝐑𝐄𝐌𝐈𝐔𝐌 𝟐𝟎𝟏𝟗  ✅Odo 44.000km ✅1 chủ từ đầu , Pháp lí rỏ ràng  ✅Bảo dưỡng hãng đầy đủ.  ✅Phụ kiện: phim cách nhiệt,cam hành trình, lót sàn .  Xe đẹp bao check test Giá còn thương lượng cho anh chị thiện chí mua xe nhanh chốt lẹ ạ .  Gọi e Trinh nha",44000,N/A,Đang cập nhật,Đã sử dụng,Bảo hành hãng,2019,N/A,Tự động,Xăng,N/A,5,N/A,N/A,N/A,N/A,N/A,N/A,N/A,N/A,> 1 tấn,> 2 tấn,car_p21_s8_1774760709,https://xe.chotot.com/mua-ban-oto-thanh-pho-thu-duc-tp-ho-chi-minh/131233233.htm
p21_s9_1774760723,Mazda 3 2018 Xanh đen 62.000km,Mazda 3,400.0,"Thông Tin Xe  - Hãng xe: Mazda 3  - Năm sản xuất: 2018  - Số km đã đi: 62.000km - Động cơ vận hành ổn định và vẫn giữ nguyên bản, chưa ghi nhận dấu hiệu can thiệp nào. Khung gầm xe cũng nguyên bản và vững chắc, đảm bảo an toàn khi di chuyển. Hệ thống lốp xe được chăm sóc tốt với 2 lốp trước mới và 2 lốp sau sản xuất năm 2018 còn sử dụng ổn định, mang lại sự yên tâm khi vận hành. Má phanh trước còn trong tình trạng tốt. Đặc biệt, xe chưa ghi nhận bất kỳ dấu hiệu bất thường nào về ngập nước. Với đời xe năm 2018 như này, tổng thể xe vẫn giữ được tình trạng tốt, đáp ứng tốt nhu cầu sử dụng hàng ngày.",62000,Có,Đang cập nhật,Đã sử dụng,Bảo hành hãng,2018,1.5 AT Sedan,Tự động,Xăng,Sedan,5,FWD,112 HP @6000 RPM,144 Nm @4000 RPM,1.5,5,4,160,5,> 1 tấn,> 2 tấn,car_p21_s9_1774760723,https://xe.chotot.com/mua-ban-oto-quan-8-tp-ho-chi-minh/131336766.htm
p21_s10_1774760733,Mazda 3S 2014 Trắng 174005 km,Mazda 3,270.0,"Mazda 3S 2014 xe chạy 174005 km.   - Thiết kế đẹp, nội thất rộng rãi.   - Động cơ bền bỉ, tiết kiệm. -lốp mới ,đăng kiểm dài!",174005,N/A,Đang cập nhật,Đã sử dụng,Bảo hành hãng,2014,N/A,Tự động,Xăng,N/A,N/A,N/A,N/A,N/A,N/A,N/A,N/A,N/A,N/A,> 1 tấn,> 2 tấn,car_p21_s10_1774760733,https://xe.chotot.com/mua-ban-oto-thanh-pho-quang-ngai-quang-ngai/131323669.htm
p21_s11_1774760746,Mazda Mazda3 2018 1.5 Trắng,Mazda 3,405.0,"Em bán Mazda3 1.5 2018   ----🛠️ XE ĐƯỢC CAM KẾT 🛠️---- ✅ Không tai nạn,khung sườn sắt xi nguyên bản ✅ Không ngập nước thuỷ kích  ✅ Động cơ nguyên , hộp số zin  ✅ Hỗ trợ check test bất cứ đâu khách hàng chỉ định",95000,Có,Đang cập nhật,Đã sử dụng,Bảo hành hãng,2018,N/A,Tự động,Xăng,Sedan,5,N/A,N/A,N/A,N/A,N/A,N/A,N/A,N/A,> 1 tấn,> 2 tấn,car_p21_s11_1774760746,https://xe.chotot.com/mua-ban-oto-huyen-dong-anh-ha-noi/131316524.htm
p21_s12_1774760756,Mazda BT50 2.2 AT 4x2 2018 116000 km,BT-50,398.0,"Mazda BT50 2.2 AT 4x2, số tự động 1cầu, sản xuất 2018, odo 116000km. Xe chuẩn không lỗi.",116000,N/A,Thái Lan,Đã sử dụng,Bảo hành hãng,2018,N/A,Tự động,Dầu,Pick-up (bán tải),5,N/A,N/A,N/A,N/A,N/A,N/A,N/A,N/A,> 1 tấn,> 2 tấn,car_p21_s12_1774760756,https://xe.chotot.com/mua-ban-oto-quan-binh-tan-tp-ho-chi-minh/131141841.htm
p21_s13_1774760769,Mazda CX-3 2022 Premium Đỏ,CX-3,535.0,Mazda cx3 2022 pre. Rất mới. Đỏ phê pha. Chị em đi chợ hết nấc.,538266,N/A,Đang cập nhật,Đã sử dụng,Bảo hành hãng,2022,N/A,Tự động,Xăng,N/A,N/A,N/A,N/A,N/A,N/A,N/A,N/A,N/A,N/A,> 1 tấn,> 2 tấn,car_p21_s13_1774760769,https://xe.chotot.com/mua-ban-oto-quan-nam-tu-liem-ha-noi/131333541.htm
p21_s14_1774760780,Mazda 3 1.5 Facelift 2018 1 chủ màu trắng,Mazda 3,420.0,"🚗 BÁN MAZDA 3 1.5 FL 2018 – 1 CHỦ TỪ MỚI – XE CHẤT GIÁ TỐT 🚘  ➡️ Mazda 3 1.5 Facelift 📅 Sản xuất & đăng ký 2018 👤 Tư nhân – 1 chủ từ mới 🎨 Màu trắng ngọc trai – sang trọng, rất giữ giá 🛣 Odo chuẩn – xe đi gia đình, giữ gìn kỹ  ✨ Trang bị nổi bật: • Đèn LED, mâm hợp kim • Màn hình giải trí, camera lùi • Ghế da, vô lăng tích hợp phím điều khiển • Điều hòa tự động • Xe nguyên bản, không đâm đụng, không thủy kích  🧰 Tình trạng: ✔️ Máy số êm ái – gầm bệ chắc chắn ✔️ Nội ngoại thất rất đẹp ✔️ Hồ sơ pháp lý chuẩn – sang tên nhanh gọn  💰 Giá bán thương lượng cho khách thiện chí Odo : 86.000km Giá : 420tr",86000,N/A,Đang cập nhật,Đã sử dụng,Bảo hành hãng,2018,N/A,Tự động,Xăng,N/A,5,N/A,N/A,N/A,N/A,N/A,N/A,N/A,N/A,> 1 tấn,> 2 tấn,car_p21_s14_1774760780,https://xe.chotot.com/mua-ban-oto-quan-thanh-xuan-ha-noi/130014606.htm
p21_s15_1774760791,Mazda CX-5 2018 màu Đỏ,CX-5,570.0,"Mazda CX-5 màu đỏ, xe 5 chỗ, động cơ xăng, hộp số tự động.   - Thiết kế thể thao, nội thất tiện nghi.   - Vận hành êm ái, tiết kiệm nhiên liệu.   - Xe sẵn sàng lăn bánh.",86000,N/A,Đang cập nhật,Đã sử dụng,Bảo hành hãng,2018,N/A,Tự động,Xăng,N/A,5,N/A,N/A,N/A,N/A,N/A,N/A,N/A,N/A,> 1 tấn,> 2 tấn,car_p21_s15_1774760791,https://xe.chotot.com/mua-ban-oto-quan-binh-tan-tp-ho-chi-minh/131330543.htm
p21_s16_1774760803,Mazda 5 chỗ màu Vàng đồng,Mazda Other,25.0,"Đổi xe 7 chỗ, nhượng lại xe này cho ae chở con đi học. Xe hoạt động tốt, đang chở con đi học hằng ngày. Bên ngoài hơi xấu nhưng máy móc hoạt động tốt.",260000,Không,Đang cập nhật,Đã sử dụng,Bảo hành hãng,2000,N/A,Số sàn,Xăng,N/A,5,N/A,N/A,N/A,N/A,N/A,N/A,N/A,N/A,> 1 tấn,> 2 tấn,car_p21_s16_1774760803,https://xe.chotot.com/mua-ban-oto-quan-12-tp-ho-chi-minh/131329273.htm
p21_s17_1774760810,Mazda 3 2022 1.5L Deluxe - xe 1 chủ từ đầu,Mazda 3,525.0,"Mazda đời 2022 , xe 1 chủ từ đầu , xe ko có điểm chê , mua về như mới , odo 35ngàn , bớt ít lộc người thiện chí mua",35000,N/A,Việt Nam,Đã sử dụng,Bảo hành hãng,2022,1.5L Deluxe,Tự động,Xăng,Sedan,5,FWD,110 HP @ 6000 RPM,146 Nm @ 3500 RPM,1.5,7.59,7,N/A,4,> 1 tấn,> 2 tấn,car_p21_s17_1774760810,https://xe.chotot.com/mua-ban-quan-12-tp-ho-chi-minh/131302924.htm
p21_s18_1774760822,"Mazda CX9 AWD 2014 xe nhập Nhật,1 chủ sử dụng kỷ!",Mazda Other,440.0,"Bán xe Mazda CX9 AWD sản xuất 2014,xe nhập Nhật nguyên chiếc,1 chủ mua mới sử dụng,xe cực đẹp,bảo dưỡng kỷ,xe không lỗi,tình trạng hoạt động hoàn chỉnh không có điểm chê…Tiếp khách thiện chí và am hiểu yêu thích dòng xe này!",120000,Có,Nhật Bản,Đã sử dụng,Bảo hành hãng,2014,3.7 AT 4WD,Tự động,Xăng,SUV / Cross over,7,AWD,274 HP @6200 RPM,367 Nm @4200 RPM,3.7,N/A,2,204,5,> 1 tấn,> 2 tấn,car_p21_s18_1774760822,https://xe.chotot.com/mua-ban-quan-6-tp-ho-chi-minh/131328997.htm
p22_s0_1774760844,Mazda BT50 2021 64.000 km - 1 cầu nhập thái,BT-50,475.0,🚘 Mazda BT50 2021 Nhập Thái 📌Sản xuất: 2021 📌Odo: 64.000 km  📌 Xe bán ra tại Phú Lâm Assured đầy đủ giấy tờ cam kết:   ✅ Không đâm đụng  ✅ Không ngập nước  ✅ Không tua đồng hồ odo  ✅Bảo đảm tính pháp lý. Giá: 475 triệu thương lượng Xem xe trực tiếp tại 📞***,64000,Có,Thái Lan,Đã sử dụng,Bảo hành hãng,2021,N/A,Tự động,Dầu,N/A,N/A,N/A,N/A,N/A,N/A,N/A,N/A,N/A,N/A,> 1 tấn,> 2 tấn,car_p22_s0_1774760844,https://xe.chotot.com/mua-ban-oto-quan-tan-binh-tp-ho-chi-minh/131227634.htm
p22_s1_1774760855,💣MAZDA CX-5 GIẢM KHỦNG 43tr💣,CX-5,706.0,"𝗡𝗲𝘄 𝗠𝗮𝘇𝗱𝗮 𝗖𝗫-𝟱 ✅ Mẫu CUV quốc dân top đầu doanh số  ✅ Đa dạng màu sắc, thiết kế sang trọng 🔥 Giảm tiền mặt lên đến 43 𝘁𝗿𝗶𝗲̣̂𝘂 🔥 💰 Cập nhật bảng giá mới nhất tháng 3/2026 • 𝗖𝗫-𝟱 𝗗𝗲𝗹𝘂𝘅𝗲: 706tr • 𝗖𝗫-𝟱 𝗟𝘂𝘅𝘂𝗿𝘆: 751tr • 𝗖𝗫-𝟱 𝗣𝗿𝗲𝗺𝗶𝘂𝗺 𝗔𝗰𝘁𝗶𝘃𝗲: 786tr • 𝗖𝗫-𝟱 𝗣𝗿𝗲𝗺𝗶𝘂𝗺 𝗦𝗽𝗼𝗿𝘁: 811tr • 𝗖𝗫-𝟱 𝗣𝗿𝗲𝗺𝗶𝘂𝗺 𝗘𝘅𝗰𝗹𝘂𝘀𝗶𝘃𝗲: 831tr (Giá xe sau ưu đãi, chưa lăn bánh) Và còn nhiều quà tặng chính hãng khác đi kèm  ❤️‍🔥Hỗ trợ: - Hồ sơ Ngân hàng khó/Không chứng minh thu nhập (chỉ cần không nợ xấu). - Đưa trước chỉ từ 204tr nhận xe CAM KẾT KHÔNG PHÁT SINH - Quà tặng: film cách nhiệt, bộ phụ kiện chính hãng theo xe (áo trùm, bao da tay lái, thảm lót, dù, áo thun, nhiên liệu) - Đặc biệt: 𝐗𝐞 𝐬𝐚̆̃𝐧 𝐤𝐡𝐨 𝐠𝐢𝐚𝐨 𝐧𝐠𝐚𝐲  📍𝐌𝐚𝐳𝐝𝐚 𝐂𝐌𝐓𝟖 (𝐠𝐚̂̀𝐧 𝐜𝐡𝐨̛̣ 𝐀𝐧 𝐓𝐡𝐨̛́𝐢)📍 𝐌𝐚𝐳𝐝𝐚 𝐂𝐚̂̀𝐧 𝐓𝐡𝐨̛ | 𝐓𝐫𝐚𝐧𝐠 𝐱𝐞 𝐌𝐚𝐳𝐝𝐚 𝐓𝐮̛ 𝐯𝐚̂́𝐧 𝐧𝐡𝐢𝐞̣̂𝐭 𝐭𝐢̀𝐧𝐡 - 𝐋𝐚̀𝐦 𝐯𝐢𝐞̣̂𝐜 𝐮𝐲 𝐭𝐢́𝐧",N/A,N/A,Việt Nam,Mới,Bảo hành hãng,2026,N/A,Tự động,Xăng,SUV / Cross over,5,N/A,N/A,N/A,N/A,N/A,N/A,N/A,N/A,N/A,N/A,car_p22_s1_1774760855,https://xe.chotot.com/mua-ban-oto-quan-cai-rang-can-tho/126167231.htm
p22_s2_1774760868,Mazda CX-3 2025 Deluxe 5675 km Trắng,CX-3,565.0,"Bán Mazda CX-3 Deluxe bản nhập THÁI, Đời 2025 màu trắng, xe chạy 5675 km.  - Thiết kế trẻ trung, năng động.  - Nội thất tiện nghi, không gian thoải mái.  - Động cơ vận hành êm ái, tiết kiệm nhiên liệu.",5675,Có,Thái Lan,Đã sử dụng,Bảo hành hãng,2025,Deluxe 1.5 AT,Tự động,Xăng,SUV / Cross over,5,N/A,N/A,N/A,N/A,N/A,N/A,N/A,N/A,> 1 tấn,> 2 tấn,car_p22_s2_1774760868,https://xe.chotot.com/mua-ban-oto-thanh-pho-tam-ky-quang-nam/131326514.htm
p22_s3_1774760876,Mazda CX-5 2024 Premium Exclusive 12000 km,CX-5,835.0,🚘🚘 AUTO BÌNH VĨNH PHÚ 🚘🚘 💥💥 XE MỚI VỀ 💥💥 👉 Mazda CX-5 Premium Exclusive đăng ký tháng 12/2024 một chủ mua mới từ đầu chạy chuẩn 12 ngàn km full lịch sử bao test.  ☎️ *** BÌNH 79/13 KP ĐÔNG P VĨNH PHÚ-THUẬN AN BÌNH DƯƠNG,12000,Có,Việt Nam,Đã sử dụng,Bảo hành hãng,2024,Premium Exclusive 2.0 AT,Tự động,Xăng,SUV / Cross over,Khác,N/A,N/A,N/A,N/A,N/A,N/A,N/A,N/A,> 1 tấn,> 2 tấn,car_p22_s3_1774760876,https://xe.chotot.com/mua-ban-oto-thanh-pho-thu-duc-tp-ho-chi-minh/129915957.htm
p22_s4_1774760889,Mazda CX-3 luxury sx 2022,CX-3,515.0,"Phúc Lâm auto chào bán  🚘 MAZDA CX3 LUXURY, ĐỜI 2022. 💲Giá: 5xx tr 👉Động cơ: 1.5L 👉ODO: 3 Vạn km 👉Số chỗ: 5 chỗ 👉Hộp số: Tự động Tới trực tiếp Showroom của PHÚC LÂM AUTO CS1: KM2 - QL 3, MAI LÂM, ĐÔNG ANH  CS2: 686 NGUYỄN VĂN CỪ, LONG BIÊN",30000,Có,Đang cập nhật,Đã sử dụng,Bảo hành hãng,2022,Luxury 1.5 AT,Tự động,Xăng,SUV / Cross over,Khác,N/A,N/A,N/A,N/A,N/A,N/A,N/A,N/A,> 1 tấn,> 2 tấn,car_p22_s4_1774760889,https://xe.chotot.com/mua-ban-oto-quan-long-bien-ha-noi/130948119.htm
p22_s5_1774760902,Mazda 3 2019 1.5L hatchback Premium - 90000 km,Mazda 3,430.0,"mazda 3 hatchback sport 2019  Xe chủ gốc đăk lăk một chủ Xe rin bao test hãng Cam kết không tua km Ghế chỉnh điện, cửa trời...",90000,N/A,Việt Nam,Đã sử dụng,Bảo hành hãng,2019,1.5L Sport Premium,Tự động,Xăng,Hatchback,Khác,N/A,N/A,N/A,N/A,N/A,N/A,N/A,N/A,> 1 tấn,> 2 tấn,car_p22_s5_1774760902,https://xe.chotot.com/mua-ban-oto-thanh-pho-buon-ma-thuot-dak-lak/130185234.htm
p22_s6_1774760914,Mazda CX5 2023 2.0 Premium,CX-5,725.0,"Ô Tô Hiếu Đắk Lắk đang có bán   🚘 Mazda CX5 2023 Cavansite   👉🏻 Xe Đắk Lắk 1 chủ mua mới . Phiên bản 2.0 Premium   👉🏻 Xe trang bị Hud tốc độ kính lái , radar hổ trợ giữ làn , cảnh báo điểm mù trên gương , 2 ghế chỉnh điện có nhớ ghế 2 vị trí , cốp điện , loa Bose . . .  🏷️ 159 Lê Duẫn , Buôn Ma Thuột",51000,Có,Việt Nam,Đã sử dụng,Bảo hành hãng,2023,Premium 2.0 AT,Tự động,Xăng,SUV / Cross over,5,N/A,N/A,N/A,N/A,N/A,N/A,N/A,N/A,> 1 tấn,> 2 tấn,car_p22_s6_1774760914,https://xe.chotot.com/mua-ban-oto-thanh-pho-buon-ma-thuot-dak-lak/131321553.htm
p22_s7_1774760927,Mazda 3 2015 1.5 AT 12800 km Trắng,Mazda 3,350.0,"Mazda 3 1.5 AT sx 2015 odo 12,8V km, kiểm định đến 03/2027. xe gia đình đi ít, ai thích thì tới tận nhà xem xe chạy thử thoải mái, thương lượng ae thiện chí mua sử dụng. LH *** (Mrs.Liên)",12800,Có,Đang cập nhật,Đã sử dụng,Bảo hành hãng,2015,1.5 AT Sedan,Tự động,Xăng,N/A,N/A,FWD,112 HP @6000 RPM,144 Nm @4000 RPM,1.5,5,2,160,4,> 1 tấn,> 2 tấn,car_p22_s7_1774760927,https://xe.chotot.com/mua-ban-oto-thanh-pho-thu-duc-tp-ho-chi-minh/131318695.htm
p22_s8_1774760935,Mazda 3 Sport Premium 2022,Mazda 3,579.0,"MAZDA 3 SPORT PREMIUM 2022 Hatchback phân khúc C, bản cao cấp nhất:  ODO: 36.000 km (Chuẩn, bảo dưỡng hãng) Tình trạng: Xe gia đình, sơn zin nguyên bản 💰 Giá bán: 579 Triệu (Còn TL )  📍 Xem xe tại: TP. HCM 📞 Liên hệ:",36000,N/A,Đang cập nhật,Đã sử dụng,Bảo hành hãng,2022,1.5L Sport Premium,Tự động,Xăng,Hatchback,5,N/A,N/A,N/A,N/A,N/A,N/A,N/A,N/A,> 1 tấn,> 2 tấn,car_p22_s8_1774760935,https://xe.chotot.com/mua-ban-oto-quan-go-vap-tp-ho-chi-minh/131297922.htm
p22_s9_1774760944,Mazda 3 2017 1.5 Sedan - 58764 km,Mazda 3,363.0,cần bán xe masda3 xe đi giữ gìn cẩn thận sạch sẻ lh sđt. ***,58764,Có,Việt Nam,Đã sử dụng,Bảo hành hãng,2017,1.5 Sedan,Tự động,Xăng,Sedan,5,FWD,112 HP @6000 RPM,144 Nm @4000 RPM,1.5,5,2,160,5,> 1 tấn,> 2 tấn,car_p22_s9_1774760944,https://xe.chotot.com/mua-ban-oto-huyen-hoa-vang-da-nang/131317329.htm
p22_s10_1774760956,Mazda 626 2003 Bản đủ gia đình ít sử dụng,Mazda 6,85.0,"Mazda 626 2003 bản đủ ABS túi khí, larang đúc, vô lăng 4 chấu. Đăng kiểm 05/2026 Chính chủ, đi ít cất nhiều Lốp mới cả dàn Nhượng lại cho ae chăm sóc đam mê Giá mong muốn 85tr, xe ở Việt Trì, Phú Thọ Sdt (zalo) ***",999,Có,Việt Nam,Đã sử dụng,Bảo hành hãng,2003,N/A,Số sàn,Xăng,Sedan,5,N/A,N/A,N/A,N/A,N/A,N/A,N/A,N/A,> 1 tấn,> 2 tấn,car_p22_s10_1774760956,https://xe.chotot.com/mua-ban-oto-thanh-pho-viet-tri-phu-tho/130898679.htm
p22_s11_1774760967,Mazda BT-50 2013 Nâu Số tự động,BT-50,295.0,"Cần tiền bán xe mazda bt50, sx 2013 nhập khẩu thái lan, stđ 2 cầu. Xe vừa sơn quây, máy làm lại ngon. Cột kèo keo zin, có cảm biến áp suất lốp,màn hình androi cam hành trình cam lùi đầy đủ. Giá mong muốn 295tr có thương lượng. Ac có nhu cầu lh:*** Xem xe thủ đức, tphcm.",170000,N/A,Thái Lan,Đã sử dụng,Bảo hành hãng,2013,3.2L 4x4 AT,Tự động,Dầu,Pick-up (bán tải),Khác,N/A,N/A,N/A,N/A,N/A,N/A,N/A,N/A,> 1 tấn,> 2 tấn,car_p22_s11_1774760967,https://xe.chotot.com/mua-ban-oto-thanh-pho-thu-duc-tp-ho-chi-minh/131317179.htm
p22_s12_1774760978,Mazda CX-30 2023 Luxury Xanh 44000 km,CX-30,619.0,"Cx30 Luxury 2023 🎇🎇 Odo 44k, xe đẹp bao test  Hỗ trợ bank, trao đổi xe thoải mái Xem xe tại SG",44000,N/A,Đang cập nhật,Đã sử dụng,Bảo hành hãng,2023,N/A,Tự động,Xăng,N/A,5,N/A,N/A,N/A,N/A,N/A,N/A,N/A,N/A,> 1 tấn,> 2 tấn,car_p22_s12_1774760978,https://xe.chotot.com/mua-ban-oto-thanh-pho-thu-duc-tp-ho-chi-minh/131247019.htm
p22_s13_1774760990,Mazda CX-5 2025 Premium Exclusive 1600 km,CX-5,890.0,Cx5 Premium exclusive 2025 Odo 1600 km Giá bán 890 triệu,1600,Có,Đang cập nhật,Đã sử dụng,Bảo hành hãng,2025,Premium Exclusive 2.0 AT,Tự động,Xăng,SUV / Cross over,5,N/A,N/A,N/A,N/A,N/A,N/A,N/A,N/A,> 1 tấn,> 2 tấn,car_p22_s13_1774760990,https://xe.chotot.com/mua-ban-oto-quan-bac-tu-liem-ha-noi/130910837.htm
p22_s14_1774761003,Mazda 2 2019 Trắng 43000 km 1 chủ,Mazda 2,379.0,"Mazda 2 sx 2019 Xe chạy chuẩn 4,3v km siêu đẹp  1 chủ sử dụng từ mới 🔰 Động cơ, hộp số, khung giằng nguyên bản 💎Cam kết chất lượng xe",43000,N/A,Đang cập nhật,Đã sử dụng,Bảo hành hãng,2019,N/A,Tự động,Xăng,N/A,5,N/A,N/A,N/A,N/A,N/A,N/A,N/A,N/A,> 1 tấn,> 2 tấn,car_p22_s14_1774761003,https://xe.chotot.com/mua-ban-oto-quan-ha-dong-ha-noi/131312200.htm
p22_s15_1774761012,Mazda CX-5 2024 2.5 Signature AWD,CX-5,935.0,"Mazda CX-5 2.5 Signature Exculsive AWD 2024 Odo: 1v1 km  Full chống ồn toàn xe , sơn zin 99%  Xe bên em cam kết bằng văn bản:  1. Xe không tai nạn ảnh hưởng đến khung sườn, sắt xi của xe 2. Xe không ngập nước, thuỷ kích 3. Xe không hạ máy, hạ số  4. Xe pháp lí rõ ràng, không cầm cố, phạt nguội  Có hỗ trợ trả góp và thủ tục sang tên",11000,Có,Đang cập nhật,Đã sử dụng,Bảo hành hãng,2024,Signature Sport 2.5 AT AWD,Tự động,Xăng,SUV / Cross over,Khác,N/A,N/A,N/A,N/A,N/A,N/A,N/A,N/A,> 1 tấn,> 2 tấn,car_p22_s15_1774761012,https://xe.chotot.com/mua-ban-oto-quan-bac-tu-liem-ha-noi/130848434.htm
p22_s16_1774761024,Mazda CX 8 2025 Premium 2.5 AT,Mazda Other,989.0,"* CX-8 Premium mới-  Xe Nhật, 7 chỗ loại lớn, Dài 4m9, động cơ 2.5L mạnh mẽ. Thiết kế mới 2025  full chức năng an toàn mới:  * Bản Luxury:  - Cửa sổ trời, đá cốp, Da Nappa nâu đỏ - 10loa bose, camera lùi, cảm biến trước sau - Cảnh báo điểm mù, phương tiện cắt ngang khi lùi  * Bản Premium 1 cầu:  - camera360  -cảnh báo lane đường, và giữ lane đường - cảnh báo điểm mù trên gương  - tự động phanh trước và sau, nhận diện người đi bộ.  - Rada bám theo đuôi xe trước - màn hình HUD chiếu kính lái -đèn pha thông minh full led tự động, tự động pha, cân bằng góc chiếu tự động CX8 Trang bị cao cấp:  - 10 loa Bose cao cấp - Cửa sổ trời, Ghế da Nappa màu nâu đỏ (mới) cao cấp.  - Ghế chỉnh điện nhớ vị trí ghế lái, gương chiếu hậu tràn viền chống chói - Kết nối apple carplay không dây, sạc không dây.....",N/A,N/A,Việt Nam,Mới,Bảo hành hãng,2026,N/A,Tự động,Xăng,SUV / Cross over,7,N/A,N/A,N/A,N/A,N/A,N/A,N/A,N/A,N/A,N/A,car_p22_s16_1774761024,https://xe.chotot.com/mua-ban-oto-quan-7-tp-ho-chi-minh/130180878.htm
p22_s17_1774761036,Mazda CX 5 2025 Premium Sport 2.0 AT,Mazda Other,806.0,"* NEW CX-5 phiên bản mới 2025 - Xe gầm cao 5 chỗ loại lớn, dài 4m6, gầm cao 20cm, mâm xe 19inch , full chức năng an toàn hiện đại mới nhất.  - Xe Nhật, Động cơ 2.0L skyactive-G mạnh mẽ, tiết kiệm nhiên liệu.  *Deluxe: - Nội thất da, ốp toàn bộ tappi cửa, taplo bằng da, ghế chỉnh điện, đèn full led, auto, cảnh báo điểm mù trên gương, cảm biến trước sau, camera lùi. Cốp mở điện, kết nối carplay, android auto  *Luxury:  - Cảnh báo lane đường, và giữ lane đường. Đá cốp. - tự động phanh trước và sau, nhận diện người đi bộ.  - Rada bám theo đuôi xe trước -đèn pha thông minh full led tự động, tự động pha, cân bằng góc chiếu tự động  *Gói Trang bị cao cấp( Bản Premium) - Camera 360 - màn hình HUD chiếu kính lái, đá mở cốp thông minh. - 10 loa Bose cao cấp - Cửa sổ trời, Ghế da Nappa màu nâu đỏ cao cấp(bản Exclusive), Ghế chỉnh điện nhớ vị trí ghế lái, làm mát ghế, sưởi tay lái, gương chiếu hậu tràn viền chống chói tự động - Kết nối apple carplay không dây, android auto....",N/A,N/A,Việt Nam,Mới,Bảo hành hãng,2025,Premium Sport 2.0 AT,Tự động,Xăng,SUV / Cross over,Khác,N/A,N/A,N/A,N/A,N/A,N/A,N/A,N/A,N/A,N/A,car_p22_s17_1774761036,https://xe.chotot.com/mua-ban-quan-7-tp-ho-chi-minh/130180066.htm
p22_s18_1774761046,Mazda CX-30 2025 Premium 2.0 AT,CX-30,721.0,"Mazda CX30 xe Nhật- nhập Thái nguyên chiếc, chất lượng cao cấp thiết kế sang trọng, xe gầm cao, nội thất da cao cấp.   * Luxury: toàn bộ nội thất, tappi cửa, taplo ốp da cao cấp. - Thắng tay điện tử, auto hold tự động giữ thắng, chế độ lái sport, i-stop. - cruise control, đèn full led tự động, gạt mưa tự động, camera lùi, cảm biến lùi. - Ghế lái chỉnh điện nhớ vị trí - 8 loa, kết nối apple carplay, android.  * PREMIUM CAO CẤP:  - cửa sổ trời.  - cảnh báo điểm mù trên gương, giữ lane đường. - tự động phanh trước và sau, nhận diện người đi bộ.  - Rada bám theo đuôi xe trước - màn hình HUD chiếu kính lái -đèn pha thông minh full led tự động, tự động pha, cân bằng góc chiếu tự động",N/A,N/A,Thái Lan,Mới,Bảo hành hãng,2025,Premium 2.0 AT,Tự động,Xăng,SUV / Cross over,Khác,N/A,N/A,N/A,N/A,N/A,N/A,N/A,N/A,N/A,N/A,car_p22_s18_1774761046,https://xe.chotot.com/mua-ban-quan-7-tp-ho-chi-minh/130179977.htm
p23_s0_1774761067,Mazda 2 2026 - 715 km,Mazda 2,489.0,Cần bán Mazda 2 bạn cao cấp Premium sản xuất và đăng ký 2026 xe mới chạy 715 km tất cả mới và zin tuyệt đối như xe trong hãng,715,Có,Thái Lan,Đã sử dụng,Bảo hành hãng,2026,N/A,Tự động,Xăng,Sedan,5,N/A,N/A,N/A,N/A,N/A,N/A,N/A,N/A,> 1 tấn,> 2 tấn,car_p23_s0_1774761067,https://xe.chotot.com/mua-ban-oto-huyen-duc-trong-lam-dong/131062147.htm
p23_s1_1774761078,Mazda CX8 2024 Premium 1 cầu 3917 km,CX-8,965.0,mazda CX8 2024 bản premium 1 cầu không đâm đụng ngập nước  bao check test thoải mái  có hỗ trợ ngân hàng,26000,N/A,Đang cập nhật,Đã sử dụng,Bảo hành hãng,2024,Premium 2.5 AT,Tự động,Xăng,N/A,7,N/A,N/A,N/A,N/A,N/A,N/A,N/A,N/A,> 1 tấn,> 2 tấn,car_p23_s1_1774761078,https://xe.chotot.com/mua-ban-oto-thanh-pho-di-an-binh-duong/131278923.htm
p23_s2_1774761088,Mazda 3 HB 2015 AT Full Option,Mazda 3,348.0,"✅E bán ✅mazda 3 hb AT full option siêu đẹp , sản xuất 2015 , xe đẹp leng keng , ko lỗi nhỏ , máy số ngon keo chỉ zin , siêu đẹp chủ đi giữ gìn kỹ , êm đầm chắc ✅   - mâm lốp đẹp   - đèn bi led siêu sáng  ✅Giá e bán chỉ 348 tr ( bao ra tên )  _________________________________________ ✅Xem xe tại ô tô hoàng long D/c : 224 Nguyễn Chí Thanh - TPBMT - tỉnh Đăk Lăk  ☘️☘️Bên em có nhận trao đổi tất cả các loại xe ace có xe cần trao đổi alo em ngay nhé ☘️☘️ 🌾🌾 cho ae trả chậm ko lãi từ 10 - 20",125456,N/A,Đang cập nhật,Đã sử dụng,Bảo hành hãng,2015,N/A,Tự động,Xăng,N/A,N/A,N/A,N/A,N/A,N/A,N/A,N/A,N/A,N/A,> 1 tấn,> 2 tấn,car_p23_s2_1774761088,https://xe.chotot.com/mua-ban-oto-thanh-pho-buon-ma-thuot-dak-lak/131307649.htm
p23_s3_1774761100,Mazda BT-50 2014 Đỏ MT 2 cầu,BT-50,325.0,"Ô Tô Hiếu Đắk Lắk đang có bán   🚘 Mazda Bt50 2014   👉🏻 Xe 1 chủ Đắk Lắk . Phiên bản số sàn 2 cầu   👉🏻 Xe trang bị 2 cầu điện , 4 lốp mới , ghế da . Máy móc nguyên zin chất không hơi hám , keo chỉ zin . . .  🏷️ 159 Lê Duẫn , Buôn Ma Thuột",255000,Có,Thái Lan,Đã sử dụng,Bảo hành hãng,2014,2.2L 4x4 MT,Số sàn,Dầu,Pick-up (bán tải),5,N/A,N/A,N/A,N/A,N/A,N/A,N/A,N/A,> 1 tấn,> 2 tấn,car_p23_s3_1774761100,https://xe.chotot.com/mua-ban-oto-thanh-pho-buon-ma-thuot-dak-lak/131307237.htm
p23_s4_1774761112,Mazda 2 2016 ghi xám cá tính,Mazda 2,289.0,"🚘🚘MASDA2 - 2016  👉Nội thất tươi gầm bệ chắc , phụ tùng sẵn dễ thay thế sẵn đồ phổ thông  bên bán cam kết xe không tai nạn, k ngập nước, máy số zin đét ạ 🏠 Địa chỉ 90 Phạm hùng đối diện tòa Keangnam nam Từ liêm Hà Nội￼ ☎️***",95000,N/A,Đang cập nhật,Đã sử dụng,Bảo hành hãng,2016,N/A,Tự động,Xăng,N/A,5,N/A,N/A,N/A,N/A,N/A,N/A,N/A,N/A,> 1 tấn,> 2 tấn,car_p23_s4_1774761112,https://xe.chotot.com/mua-ban-oto-quan-nam-tu-liem-ha-noi/131180665.htm
p23_s5_1774761123,Mazda CX-30 2022 Premium 2.0 AT - SIÊU ĐẸP,CX-30,630.0,"Mới về Mazda CX30 premium sản xuất 2022 nhập khẩu Thái Lan, full lịch sử hãng một chủ từ mới, chạy 7 vạn km hơn đẹp hết nước chấm Chất xe mới tinh nội thất cực mới không 1 lỗi nhỏ, xe mới tinh lăn bánh 850 Triệu",70000,N/A,Thái Lan,Đã sử dụng,Bảo hành hãng,2022,Premium 2.0 AT,Tự động,Xăng,SUV / Cross over,Khác,N/A,N/A,N/A,N/A,N/A,N/A,N/A,N/A,> 1 tấn,> 2 tấn,car_p23_s5_1774761123,https://xe.chotot.com/mua-ban-oto-quan-cau-giay-ha-noi/130741455.htm
p23_s6_1774761134,Mazda 6 2020 2.0 Premium Trắng 40000 km,Mazda 6,565.0,"CHẠY ÍT ĐẸP KHÉT PHÂN KHÚC D: Mazda 6 2.0 2020 premium màu trắng chạy 4 vạn km, xe đẹp xuất sắc nguyên bản, bản Pre la răng R19inch, hub kính, phân khúc D cực kỳ đẹp, xe đẹp xuất sắc!!",40000,N/A,Đang cập nhật,Đã sử dụng,Bảo hành hãng,2020,N/A,Tự động,Xăng,N/A,5,N/A,N/A,N/A,N/A,N/A,N/A,N/A,N/A,> 1 tấn,> 2 tấn,car_p23_s6_1774761134,https://xe.chotot.com/mua-ban-oto-quan-cau-giay-ha-noi/131278026.htm
p23_s7_1774761147,Mazda CX8 2019 Bản cao nhất Đỏ,CX-8,700.0,"Chính chủ bán xe mazda CX8 bản bản cao nhất. Một cầu. 12/2019. Xe gia đình chủ mua mới. Bao đâm đụng, ngập nước. Xe còn rất mới ít đi. LH chính chủ: ***. Giá 700tr",68000,Có,Việt Nam,Đã sử dụng,Bảo hành hãng,2019,Premium,Tự động,Xăng,SUV / Cross over,7,FWD,188 Hp @ 6000 rpm,252Nm @ 4000 rpm,2.5,6,N/A,200,5,> 1 tấn,> 2 tấn,car_p23_s7_1774761147,https://xe.chotot.com/mua-ban-oto-thanh-pho-di-an-binh-duong/131304238.htm
p23_s8_1774761161,Mazda 6 2018 trắng 3vạn5 km,Mazda 6,490.0,"Chính chủ cần bán xe Mazda 6 2.0 Premium đời 2018. Đã đi được 35000km, nội ngoại thất còn rất đẹp. Máy móc nguyên bản không sửa chữa, không đâm đụng, không thuỷ kích, không phạt nguội. Xe mới bảo dưỡng sau Tết, đã đăng kiểm đến 3/2027. Giá 490tr, có ra lộc cho người thiện chí. Miễn trung gian.",35000,Có,Việt Nam,Đã sử dụng,Bảo hành hãng,2018,N/A,Tự động,Xăng,Sedan,N/A,N/A,N/A,N/A,N/A,N/A,N/A,N/A,N/A,> 1 tấn,> 2 tấn,car_p23_s8_1774761161,https://xe.chotot.com/mua-ban-oto-quan-tay-ho-ha-noi/131303687.htm
p23_s9_1774761172,Mazda CX-30 Premium 2025 Giá Sốc - Ưu đãi tiền mặt,CX-30,699.0,🚨 SỐC GIÁ MAZDA CX-30 Premium – XE MỚI VIN 2025 GIÁ TỐT HƠN VIN 2026  🔥 Mazda CX-30 xe mới 100% VIN 2025 đang có mức giá cực tốt trong tháng. 💰 Giá ưu đãi hơn so với xe VIN 2026 – tiết kiệm cho khách hàng vài chục triệu.  ⚡ Xe sẵn kho – giao xe ngay – đủ màu lựa chọn  ✨ Thông tin xe  Dòng xe: Mazda CX-30  Tình trạng: Xe mới 100% – chưa lăn bánh  Năm sản xuất: VIN 2025  Động cơ 2.0L SkyActiv mạnh mẽ – tiết kiệm nhiên liệu  Hộp số tự động 6 cấp  Nội thất ghế da cao cấp – thiết kế sang trọng  ⭐ Trang bị nổi bật ✔ Màn hình giải trí trung tâm ✔ Camera lùi + cảm biến hỗ trợ đỗ xe ✔ Cruise Control ✔ Phanh tay điện tử + Auto Hold ✔ Hệ thống an toàn hiện đại  🏦 Hỗ trợ tài chính ✔ Hỗ trợ trả góp 80–85% giá trị xe ✔ Thủ tục ngân hàng nhanh ✔ Hỗ trợ đăng ký – đăng kiểm  🎁 Ưu đãi thêm khi mua xe ✔ Tặng gói phụ kiện chính hãng giá trị ✔ Hỗ trợ bảo hiểm thân vỏ với mức phí ưu đãi ✔ Báo giá cực tốt khi liên hệ trực tiếp – cam kết giá cạnh tranh thị trường  ⚠ Số lượng xe VIN 2025 còn ít – ưu tiên khách liên hệ sớm để giữ xe.  📞 Liên hệ ngay để nhận báo giá chi tiết và chương trình ưu đãi *** hôm nay.,N/A,N/A,Thái Lan,Mới,Bảo hành hãng,2025,Premium 2.0 AT,Tự động,Xăng,SUV / Cross over,Khác,N/A,N/A,N/A,N/A,N/A,N/A,N/A,N/A,N/A,N/A,car_p23_s9_1774761172,https://xe.chotot.com/mua-ban-oto-thanh-pho-thu-duc-tp-ho-chi-minh/131088062.htm
p23_s10_1774761183,Mazda CX 5 Premium 49000 km,Mazda Other,738.0,Xe 1 chủ mua mới từ đầu full lịch sử bảo dưỡng hãng mua về chỉ việc sử dụng 5 lốp theo xe dự phòng chưa chạm đất mua về chỉ việc sử dụng cửa hàng cam kết xe không đâm đụng ngập nước máy móc nguyên zin chưa mở bao Test hãng toàn quốc giá cả còn thương lượng trước đỉnh ￼￼,49000,N/A,Việt Nam,Đã sử dụng,Bảo hành hãng,2022,2.5 Premium AWD,Tự động,Xăng,SUV / Cross over,7,N/A,N/A,N/A,N/A,N/A,N/A,N/A,5,> 1 tấn,> 2 tấn,car_p23_s10_1774761183,https://xe.chotot.com/mua-ban-oto-huyen-duc-trong-lam-dong/130919534.htm
p23_s11_1774761196,Mazda 6 2021 2.0 Premium Đỏ,Mazda 6,539.0,"Mazda 6 2.0 Premium đời 2021 màu đỏ, xe đẹp, chạy êm.  - Odo 43.000 km.  - Động cơ xăng, hộp số tự động.  - Xe 5 chỗ, nội thất rộng rãi. - Giá bán:",43000,Có,Nước khác,Đã sử dụng,Bảo hành hãng,2021,2.0 Premium,Tự động,Xăng,Sedan,Khác,N/A,N/A,N/A,N/A,N/A,N/A,N/A,N/A,> 1 tấn,> 2 tấn,car_p23_s11_1774761196,https://xe.chotot.com/mua-ban-oto-thanh-pho-di-an-binh-duong/131299880.htm
p23_s12_1774761208,Mazda 3 Sporty 2022 Premium 1 chủ,Mazda 3,578.0,"Mazda 3 Sporty 2022 Premium 1 chủ HCM Odo 36.000km full lịch sử hãng Xe cam kết nguyên zin, không đâm đụng ngập nước Giá 578tr bao công chứng + rút gốc Nhận trao đổi bù trừ lên đời tất cả các dòng Alo em xem xe tại Q.Tân Bình - ***",36000,N/A,Nước khác,Đã sử dụng,Bảo hành hãng,2022,N/A,Tự động,Xăng,N/A,N/A,N/A,N/A,N/A,N/A,N/A,N/A,N/A,N/A,> 1 tấn,> 2 tấn,car_p23_s12_1774761208,https://xe.chotot.com/mua-ban-oto-quan-12-tp-ho-chi-minh/131276399.htm
p23_s13_1774761217,Mazda 2 Luxury Trắng 25000 km,Mazda 2,412.0,"bán xe mazda 2 bản luxury odo chuẩn 25000km 1 chủ sử dụng , mua và bảo dưỡng tại mazda Tân bình , ko đâm đụng bao check  xe có hỗ trợ ngân hàng trả trước 150tr",25000,N/A,Việt Nam,Đã sử dụng,Bảo hành hãng,2021,1.5 Luxury,Tự động,Xăng,N/A,N/A,N/A,N/A,N/A,N/A,N/A,N/A,N/A,N/A,> 1 tấn,> 2 tấn,car_p23_s13_1774761217,https://xe.chotot.com/mua-ban-oto-thanh-pho-di-an-binh-duong/131278844.htm
p23_s14_1774761224,Mazda Cx8 2022 2.5 Premium AWD,CX-8,899.0,"Mazda Cx8 2.5 Premium AWD 6S sản xuất 2022 , màu xám , lăn bánh 3v km zin - full bảo dưỡng hãng…",30000,N/A,Đang cập nhật,Đã sử dụng,Bảo hành hãng,2022,N/A,Tự động,Xăng,N/A,6,N/A,N/A,N/A,N/A,N/A,N/A,N/A,N/A,> 1 tấn,> 2 tấn,car_p23_s14_1774761224,https://xe.chotot.com/mua-ban-oto-quan-cau-giay-ha-noi/131299298.htm
p23_s15_1774761233,Mazda 3 Delux AT Sedan,Mazda 3,525.0,"Nhà có 1 cặp Mazda3 trắng tinh khôi ạ! 👉 M3 Sport Luxury Hatchback 5 cửa sx 2022 đăng ký 2023 odo 3,6 vạn  👉 M3 Delux AT 2022 Sedan lên nhiều đồ chơi",69000,Có,Việt Nam,Đã sử dụng,Bảo hành hãng,2022,Sport 1.6 AT,Tự động,Xăng,Sedan,5,N/A,N/A,N/A,N/A,N/A,N/A,N/A,4,> 1 tấn,> 2 tấn,car_p23_s15_1774761233,https://xe.chotot.com/mua-ban-oto-quan-hoang-mai-ha-noi/128171949.htm
p23_s16_1774761248,"Mazda 3 2016 xe đẹp, 1 chủ từ đầu, biển số 51F",Mazda 3,369.0,"Chưa tới 4 đồng sở hữu ngay Mazda 3 2016. Xe 1 chủ từ đầu, chỉ mới 9 vạn, chủ cũ đi giữ cực kì kĩ, bảo dưỡng Full lịch sử hãng. Cam kết Mazda 3 2016 không đâm đụng, không ngập nước, bao check hãng. Xem xe tại Quận 2.",90000,N/A,Đang cập nhật,Đã sử dụng,Bảo hành hãng,2016,N/A,Tự động,Xăng,N/A,N/A,N/A,N/A,N/A,N/A,N/A,N/A,N/A,N/A,> 1 tấn,> 2 tấn,car_p23_s16_1774761248,https://xe.chotot.com/mua-ban-oto-thanh-pho-thu-duc-tp-ho-chi-minh/131137721.htm
p23_s17_1774761257,CX8 PREMIUM 2022 FORM MỚI CỰC ĐẸP,CX-8,870.0,"CẦN BÁN CX8 PREMIUM 2022 FORM MỚI  Ưu đãi: ✅ Hỗ trợ vay ngân hàng 70% định giá.  ✅ Bao test hãng toàn quốc.  ✅ Bảo hành từ 3 - 6 tháng.  ✅ Tặng spa bảo dưỡng, thay nhớt khi giao xe.  ✅ Nhận trao đổi bù trừ xe khác.  ✅ Giao xe tận nơi toàn quốc.   🚩 Xem xe tại KĐT Vạn Phúc, Thủ Đức, TpHCM.   👉 TƯ VẤN NHIỆT TÌNH - HỖ TRỢ HẾT MÌNH !!!  ☎️ Vui lòng liên hệ số điện thoại bên dưới để được tư vấn chi tiết.",43000,Có,Việt Nam,Đã sử dụng,Bảo hành hãng,2022,2.5 Premium,Tự động,Xăng,SUV / Cross over,7,N/A,N/A,N/A,N/A,N/A,N/A,N/A,5,> 1 tấn,> 2 tấn,car_p23_s17_1774761257,https://xe.chotot.com/mua-ban-oto-thanh-pho-thu-duc-tp-ho-chi-minh/130984561.htm
p23_s18_1774761268,Mazda CX5 2018 2.5 26.000km Đen,CX-5,625.0,CX5 2.5 Sx 2018 Lướt 26.000km. full Lịch sữ Bão Dưỡng Một Chủ Mua Mới Từ Đầu. 5 Vỏ Lốp Rin Theo  Bao Check Test Các Đơn Vị Thứ 3  Giá 625.000.000₫ Bao Hồ Sơ  ☎️ ***. ***.,26000,N/A,Việt Nam,Đã sử dụng,Bảo hành hãng,2018,N/A,Tự động,Xăng,SUV / Cross over,5,N/A,N/A,N/A,N/A,N/A,N/A,N/A,N/A,> 1 tấn,> 2 tấn,car_p23_s18_1774761268,https://xe.chotot.com/mua-ban-oto-quan-12-tp-ho-chi-minh/131205733.htm
p23_s19_1774761280,Mazda CX5 2021 màu Đỏ,CX-5,688.0,e bán cx5 SX 2021 xe bản cao nhất. cam kết kiểm tra hãng thoải mái,60,N/A,Đang cập nhật,Đã sử dụng,Bảo hành hãng,2021,N/A,Tự động,Xăng,N/A,N/A,N/A,N/A,N/A,N/A,N/A,N/A,N/A,N/A,> 1 tấn,> 2 tấn,car_p23_s19_1774761280,https://xe.chotot.com/mua-ban-huyen-long-thanh-dong-nai/131290449.htm
p24_s0_1774761302,Mazda 3 2004 Số tự động Đen 149 tr xe zin số chất,Mazda 3,149.0,Cần bán xe : Mazda 3 số tự sx 2004 máy zin nắp cò chưa ra : xe mới dọn trong tết gần 20 tr : hộp số zin bao mượt : xe mới đi 155 ngàn km : xe chay 100 km hown 4 lit xang bao tess : xe phan khuc C : xe gốc tp gd chia lại cho ng nhà ở Đx : mình bán bao kí bao rút hồ sơ : hổ trợ ra tên : muốn uỷ quyền đi cũng dc : xe mới đk trong tết đk 1 lần là đậu ngay : xem xe chợ bến súc p tây nam tp hcm Bd củ giáp ranh địa đạo củ chi : bao ship có đổi các loại xe,155000,Có,Việt Nam,Đã sử dụng,Bảo hành hãng,2004,1.6 AT,Tự động,Xăng,Sedan,5,N/A,N/A,N/A,N/A,N/A,N/A,N/A,4,> 1 tấn,> 2 tấn,car_p24_s0_1774761302,https://xe.chotot.com/mua-ban-oto-huyen-dau-tieng-binh-duong/131177357.htm
p24_s1_1774761314,Mazda 3 2004 1.6 AT - 100000 km,Mazda 3,130.0,Cần bán gấp xe cop nha ae gia rat hop li cho ae ve chay gia dinh dich vu,100000,N/A,Việt Nam,Đã sử dụng,Bảo hành hãng,2004,1.6 AT,Số sàn,Xăng,Sedan,5,N/A,N/A,N/A,N/A,N/A,N/A,N/A,4,> 1 tấn,> 2 tấn,car_p24_s1_1774761314,https://xe.chotot.com/mua-ban-oto-thi-xa-duc-pho-quang-ngai/131164989.htm
p25_s0_1774763478,Mazda CX 5 2018 2.5 AT 2WD - 74913 km,Mazda Other,540.0,"Lên đèn chính Aozoom Xled pro , 2 cặp bi gầm 3 inch + 2 inch , led gầm 2 chế độ  + Cam hành trình 70 mai A810 + trước và sau + modul 4g + led gầm 2 chế độ + thảm lót sàn nhựa đúc nice car  + Gập gương lên xuống kính tự động khi khóa xe  + ốp nội thất carbon  + Bảo hiểm thân vỏ bảo việt còn 8 tháng",74913,N/A,Việt Nam,Đã sử dụng,Bảo hành hãng,2018,2.5 AT 2WD,Tự động,Xăng,SUV / Cross over,5,2WD,188 HP @5700 RPM,250Nm @3200 RPM,2.5,6.7,N/A,N/A,5,> 1 tấn,> 2 tấn,car_p25_s0_1774763478,https://xe.chotot.com/mua-ban-oto-thanh-pho-rach-gia-kien-giang/131269508.htm
p25_s1_1774763506,Mazda 3 Sport Premium 35.000km,Mazda 3,539.0,"Mazda 3 Sport Premium màu đỏ, thiết kế thể thao, nội thất sang trọng,bản cao cấp Xe bảo dưỡng full hãng bao check toàn quốc giao xe tận nơi có đổi xe hỗ trợ trả góp 70%",35000,Có,Việt Nam,Đã sử dụng,Bảo hành hãng,2022,N/A,Tự động,Xăng,Hatchback,5,N/A,N/A,N/A,N/A,N/A,N/A,N/A,N/A,> 1 tấn,> 2 tấn,car_p25_s1_1774763506,https://xe.chotot.com/mua-ban-oto-quan-binh-tan-tp-ho-chi-minh/131269092.htm
p25_s2_1774763515,Mazda 3 2017 1.5L AT Trắng Chủ Mua Mới,Mazda 3,395.0,"Bán Mazda 3 1.5L AT Số tự động Hackback Xe 5 chỗ Sx 2017 Xe trang bị cửa sổ trời, phanh tay điện tử, đề Starstop, ghế da… Xe zin đẹp toàn bộ  Máy móc, hộp số, cầu láp nguyên zin 100% Anh chị mua xài an tâm",60000,Có,Đang cập nhật,Đã sử dụng,Bảo hành hãng,2017,1.5 AT,Tự động,Xăng,Hatchback,Khác,N/A,N/A,N/A,N/A,N/A,N/A,N/A,N/A,> 1 tấn,> 2 tấn,car_p25_s2_1774763515,https://xe.chotot.com/mua-ban-oto-thanh-pho-thu-duc-tp-ho-chi-minh/131268230.htm
p25_s3_1774763527,Mazda BT-50 Trắng 2017 số tự động một cầu,BT-50,385.0,"Mazda BT-50 màu trắng, xe bán tải 5 chỗ, động cơ dầu, số tự động.   - ODO 102.917 km.   - Xe vận hành bền bỉ, tiết kiệm nhiên liệu.   - Phù hợp cho công việc và gia đình. -có trao đổi mua bán và có bảo hành LH ***",102917,Có,Đang cập nhật,Đã sử dụng,Bảo hành hãng,2017,N/A,Tự động,Dầu,Pick-up (bán tải),5,N/A,N/A,N/A,N/A,N/A,N/A,N/A,N/A,> 1 tấn,> 2 tấn,car_p25_s3_1774763527,https://xe.chotot.com/mua-ban-oto-quan-ha-dong-ha-noi/131266871.htm
p25_s4_1774763540,Mazda 2 1.5 AT (tự động) tặng full quà chính hãng,Mazda 2,399.0,CẦN BÁN MAZDA 2 1.5 AT 🚗 Giá sau ưu đãi chỉ còn 399Tr đồng + nhiều quà tặng... 💰 Chỉ cần 120tr đồng trả trước 📄 Không cần chứng minh thu nhập – duyệt hồ sơ nhanh chóng 👉 Inbox ngay để nhận thêm ưu đãi,N/A,N/A,Thái Lan,Mới,Bảo hành hãng,2026,N/A,Tự động,Xăng,Sedan,Khác,N/A,N/A,N/A,N/A,N/A,N/A,N/A,N/A,N/A,N/A,car_p25_s4_1774763540,https://xe.chotot.com/mua-ban-oto-quan-binh-tan-tp-ho-chi-minh/128370418.htm
p25_s5_1774763548,Mazda 3 2016 1.5L Trắng,Mazda 3,345.0,"Mazda 3 sx 2016 máy 1.5 chất xe đẹp sẵn dùng, đồ chơi kha khá, chạy ngon êm ái Xem xe quận 12 Cảm ơn ae xem tin",81000,Có,Việt Nam,Đã sử dụng,Bảo hành hãng,2016,1.5 AT Sedan,Tự động,Xăng,Sedan,5,FWD,112 HP @6000 RPM,144 Nm @4000 RPM,1.5,5,2,160,4,> 1 tấn,> 2 tấn,car_p25_s5_1774763548,https://xe.chotot.com/mua-ban-oto-quan-12-tp-ho-chi-minh/131266253.htm
p25_s6_1774763558,Mazda 6 2021 Premium Đen,Mazda 6,590.0,Mazda 6 sx 2021 bản premium cao nhất. Chạy cực ngon và đỉnh form dáng thể thao Xem xe quận 12 Cảm ơn ae xem tin,48000,Có,Việt Nam,Đã sử dụng,Bảo hành hãng,2021,2.0 Premium,Tự động,Xăng,Sedan,Khác,N/A,N/A,N/A,N/A,N/A,N/A,N/A,N/A,> 1 tấn,> 2 tấn,car_p25_s6_1774763558,https://xe.chotot.com/mua-ban-oto-quan-12-tp-ho-chi-minh/130588744.htm
p25_s7_1774763570,Mazda CX-5 2022 Deluxe Đỏ,CX-5,660.0,"🚗Em chào bán”𝐌𝐚𝐳𝐝𝐚 𝐂𝐱-𝟓 𝟐𝟎𝟐𝟐 𝐃𝐞𝐥𝐮𝐱𝐞”odo chuẩn:18.000km,full lịch sử bảo dưỡng hãng,nguyên rin-nguyên bản ,sơn zin 95%,4 lốp rin theo xe,sơ cua chưa chạm đất…  🏦Hổ trợ bank 65% giá trị xe,trả trước 215tr nhận xe về ngay ạ 🥰  ✍️Có cam kết văn bản,bảo hành 12 tháng cho khách hàng.  ❌Khách hàng được checktest kiểm tra bên thứ 3 theo yêu cầu trước khi giao dịch.  --------------------------------------------------  𝐓𝐡𝐚̀𝐧𝐡 Đ𝐚̣𝐭 𝐀𝐮𝐭𝐨-𝐂𝐡𝐮𝐲𝐞̂𝐧 𝐌𝐮𝐚 𝐁𝐚́𝐧,𝐓𝐫𝐚𝐨 Đ𝐨̂̉𝐢 𝐎𝐭𝐨 𝐂𝐮̃ 𝐓𝐨𝐚̀𝐧 𝐐𝐮𝐨̂́𝐜 📍Địa chỉ:Lô 04 Lê Đức Thọ,Sơn Trà,Đà Nẵng ⌨️FB:Thành Đạt Auto-Chuyên Mua,Bán Oto Đã Qua Sử Dụng 📱Hotline:*** ( Thành)  *** (A Đạt)",18668,Có,Đang cập nhật,Đã sử dụng,Bảo hành hãng,2022,2.0 Deluxe,Tự động,Xăng,SUV / Cross over,5,FWD,154 HP @ 6000 RPM,200 Nm @ 4000 RPM,2,6.7,6,N/A,5,> 1 tấn,> 2 tấn,car_p25_s7_1774763570,https://xe.chotot.com/mua-ban-oto-quan-son-tra-da-nang/131264159.htm
p25_s8_1774763582,Mazda 3 Luxury 2023 Trắng 40.000 km,Mazda 3,569.0,Bán mazda3 luxury sản xuất 2023  Xe odo 40.000km một chủ mua mới từ đầu Xe cam kết không đâm đụng ngập nước máy số nguyên bản  Xe được bảo dưỡng hãng đầy đủ  Có nhận mua bán trao đổi xe ô tô cũ bù trừ hợp lý Xem xe quận 8 Hồ Chí Minh,40000,Có,Việt Nam,Đã sử dụng,Bảo hành hãng,2023,N/A,Tự động,Xăng,Sedan,5,N/A,N/A,N/A,N/A,N/A,N/A,N/A,N/A,> 1 tấn,> 2 tấn,car_p25_s8_1774763582,https://xe.chotot.com/mua-ban-oto-quan-8-tp-ho-chi-minh/131119974.htm
p25_s9_1774763592,Mazda BT50 2021 Trắng 60000 km,BT-50,470.0,"Chính chủ cần bán Mazda BT50 số sàn 2 cầu, SX 2021 NK Thailand, Odo 6v, tình trạng mới trên 95%. Xe em đi kỹ, bảo dưỡng đầy đủ. Giá bán 470tr thương lượng. Xem Xe Linh Tây, Thủ Đức. ***.",60000,Có,Thái Lan,Đã sử dụng,Bảo hành hãng,2021,N/A,Số sàn,Dầu,Pick-up (bán tải),N/A,N/A,N/A,N/A,N/A,N/A,N/A,N/A,N/A,> 1 tấn,> 2 tấn,car_p25_s9_1774763592,https://xe.chotot.com/mua-ban-oto-thanh-pho-thu-duc-tp-ho-chi-minh/131262234.htm
p25_s10_1774763602,Mazda 6 2019 2.0 Premium Trắng,Mazda 6,558.0,"Mazda 6 2.0 Premium đời 2019 màu trắng, biển số 60A 61825.  - Odo 33.000 km nguyên bản.  - Thiết kế sang trọng, nội thất tiện nghi.  - Động cơ 2.0 mạnh mẽ, vận hành êm ái.  - Giá 558 triệu, bao rút hồ sơ.",33000,Có,Nước khác,Đã sử dụng,Bảo hành hãng,2019,Premium 2.0 AT,Tự động,Xăng,Sedan,Khác,N/A,N/A,N/A,N/A,N/A,N/A,N/A,N/A,> 1 tấn,> 2 tấn,car_p25_s10_1774763602,https://xe.chotot.com/mua-ban-oto-thanh-pho-di-an-binh-duong/131198110.htm
p25_s11_1774763614,Mazda CX-5 2024 Premium Exclusive Đen,CX-5,830.0,"Mazda CX-5 Premium Exclusive 2.0 đời 2024 màu đen.  - Xe đi 12.000 km, còn mới.xe cty  - Thiết kế sang trọng, nội thất tiện nghi.  - Động cơ 2.0 mạnh mẽ, vận hành êm ái.  - Giá bán 830 triệu.",12000,N/A,Việt Nam,Đã sử dụng,Bảo hành hãng,2024,N/A,Tự động,Xăng,N/A,N/A,N/A,N/A,N/A,N/A,N/A,N/A,N/A,N/A,> 1 tấn,> 2 tấn,car_p25_s11_1774763614,https://xe.chotot.com/mua-ban-oto-thanh-pho-thuan-an-binh-duong/131134200.htm
p25_s12_1774763622,Mazda CX-5 2023 2.0 Luxury Đỏ,CX-5,728.0,"Mazda CX-5 2.0 Luxury 2023 - 62A 39194 2. Odo: 30.000 km (Full lịch sử)  3. GNY : 728 tr  Option trang bị thêm: film cách nhiệt, lót sàn, cam hành trình,... - Tình trạng xe : xe đẹp không lỗi, máy số nguyên zin - Bảo hành : Động cơ + hộp số 6tháng hoặc 5.000km",30000,Có,Nước khác,Đã sử dụng,Bảo hành hãng,2023,2.0 Luxury,Tự động,Xăng,SUV / Cross over,Khác,N/A,N/A,N/A,N/A,N/A,N/A,N/A,N/A,> 1 tấn,> 2 tấn,car_p25_s12_1774763622,https://xe.chotot.com/mua-ban-oto-thanh-pho-di-an-binh-duong/131255306.htm
p25_s13_1774763636,Mazda 626 Đen 5 chỗ Cổ điển,Mazda 6,60.0,"Mazda 626 màu đen, xe 5 chỗ, thiết kế cổ điển, động cơ bền bỉ.   - Xe chạy êm, ít hỏng vặt.   - Phù hợp cho người thích xe đời cũ, dễ sửa chữa.",999999,Có,Nhật Bản,Đã sử dụng,Bảo hành hãng,2000,N/A,Số sàn,Xăng,Kiểu dáng khác,5,N/A,N/A,N/A,N/A,N/A,N/A,N/A,N/A,> 1 tấn,> 2 tấn,car_p25_s13_1774763636,https://xe.chotot.com/mua-ban-oto-huyen-viet-yen-bac-giang/131255024.htm
p25_s14_1774763642,Mazda 2 2018 Sedan Trắng 1 chủ,Mazda 2,339.0,xe gia đình 1 chủ mua mới từ 2018  trang bị full sedan - ***,16000,Có,Đang cập nhật,Đã sử dụng,Bảo hành hãng,2018,N/A,Tự động,Xăng,Sedan,N/A,N/A,N/A,N/A,N/A,N/A,N/A,N/A,N/A,> 1 tấn,> 2 tấn,car_p25_s14_1774763642,https://xe.chotot.com/mua-ban-oto-huyen-nghia-hanh-quang-ngai/131252540.htm
p25_s15_1774763648,Mazda CX5 màu Nâu 5 chỗ,CX-5,550.0,"Mazda CX5 màu nâu, xe 5 chỗ, động cơ xăng, hộp số tự động.  - Máy 2.5 đầm chắc - Xe đi được 11 vạn nguyên zin - Không tai nạn, ngập nước thuỷ kích  - Thiết kế hiện đại, nội thất rộng rãi.   - Xe sản xuất tại Việt Nam.   - Vận hành êm ái, tiết kiệm nhiên liệu.",110000,Có,Việt Nam,Đã sử dụng,Bảo hành hãng,2018,N/A,Tự động,Xăng,N/A,5,N/A,N/A,N/A,N/A,N/A,N/A,N/A,N/A,> 1 tấn,> 2 tấn,car_p25_s15_1774763648,https://xe.chotot.com/mua-ban-oto-quan-son-tra-da-nang/131170562.htm
p25_s16_1774763655,maxda 3 luxury sx 2021 lăng bánh bản fun,Mazda 3,485.0,"Mazda 3 Luxury đời 2021 màu đen, xe chạy 81.555 km.   - Thiết kế sang trọng, nội thất tiện nghi.  - Động cơ vận hành êm ái, tiết kiệm nhiên liệu.  - thích hợp vô lăng , ga tự động , sposrt tăng tốc , lẫy vô lăng , đàm thoại 2 chiều ,   - Xe giữ gìn cẩn thận, sẵn sàng sử dụng.  -Rin toàn tập, 2 khoá theo de dc 55 phước lý 9 tp dn",81240,N/A,Việt Nam,Đã sử dụng,Bảo hành hãng,2021,N/A,Tự động,Xăng,Sedan,5,N/A,N/A,N/A,N/A,N/A,N/A,N/A,N/A,> 1 tấn,> 2 tấn,car_p25_s16_1774763655,https://xe.chotot.com/mua-ban-oto-quan-lien-chieu-da-nang/131050089.htm
p25_s17_1774763667,Mazda CX-5 2020 2.5 AWD 70000 km,CX-5,699.0,"Mazda Cx-5 2.5 AWD sản xuất 2020 , màu xanh cavansite / đen , lăn bánh 7v km zin.",70000,N/A,Đang cập nhật,Đã sử dụng,Bảo hành hãng,2020,N/A,Tự động,Xăng,N/A,N/A,N/A,N/A,N/A,N/A,N/A,N/A,N/A,N/A,> 1 tấn,> 2 tấn,car_p25_s17_1774763667,https://xe.chotot.com/mua-ban-quan-cau-giay-ha-noi/131249098.htm
p25_s18_1774763677,Mazda CX-5 2017 2.5 AT 60000 km,CX-5,530.0,"Mazda CX-5 2.5 AT sản xuất 2017 , màu trắng / đen , lăn bánh 6v km zin full bảo dưỡng hãng …",60000,N/A,Đang cập nhật,Đã sử dụng,Bảo hành hãng,2017,N/A,Tự động,Xăng,N/A,N/A,N/A,N/A,N/A,N/A,N/A,N/A,N/A,N/A,> 1 tấn,> 2 tấn,car_p25_s18_1774763677,https://xe.chotot.com/mua-ban-quan-cau-giay-ha-noi/131248930.htm
p26_s0_1774763696,Mazda 3 sx 2017 xanh nhớt tự động,Mazda 3,365.0,"Mazda 3 2017 xe cực đẹp chủ đi giữ gìn, máy số keo chỉ nguyên zin không lỗi lầm.Xem xe ưng ý ngay ạ",69000,N/A,Đang cập nhật,Đã sử dụng,Bảo hành hãng,2017,N/A,Tự động,Xăng,N/A,N/A,N/A,N/A,N/A,N/A,N/A,N/A,N/A,N/A,> 1 tấn,> 2 tấn,car_p26_s0_1774763696,https://xe.chotot.com/mua-ban-oto-thanh-pho-buon-ma-thuot-dak-lak/131247305.htm
p26_s1_1774763708,Mazda 626 2001 - 200000 km,Mazda 6,65.0,Mazda 626 2001 Máy móc êm. Gương kính chỉnh điện đầy đủ. Mới đăng kiểm mức 5.,200000,N/A,Việt Nam,Đã sử dụng,Bảo hành hãng,2001,N/A,Số sàn,Xăng,N/A,N/A,N/A,N/A,N/A,N/A,N/A,N/A,N/A,N/A,> 1 tấn,> 2 tấn,car_p26_s1_1774763708,https://xe.chotot.com/mua-ban-oto-thanh-pho-buon-ma-thuot-dak-lak/131246751.htm
p26_s2_1774763715,Mazda 3 Luxury 2022 Đỏ 50000 km,Mazda 3,526.0,"MAZDA 3 LUXURY 2022 một chủ từ mới đi hơn 4v bảo dưỡng full hãng.  Lốp theo xe cả dàn  Xe cam kết không đâm va ngập nước bao check test theo yêu cầu lỗi tặng xe.  Ace quan tâm lh: *** Xem xe tại 112, đường Bắc Nam, p. Phan Đình Phùng, Thái Nguyên.",50000,Có,Đang cập nhật,Đã sử dụng,Bảo hành hãng,2022,1.5L Luxury,Tự động,Xăng,N/A,N/A,N/A,N/A,N/A,N/A,N/A,N/A,N/A,N/A,> 1 tấn,> 2 tấn,car_p26_s2_1774763715,https://xe.chotot.com/mua-ban-oto-thanh-pho-thai-nguyen-thai-nguyen/131245491.htm
p26_s3_1774763729,Mazda 6 Premium 2024 2.0 AT,Mazda 6,720.0,"Mazda 6 Premium 2.0 AT 2024 odo:16.000km (xe đã vào nhiều đồ chơi)  bi laser kenzo s900pro, led nội thất, loa taplo steg + sub DLS, film kính lái 3m cr60, cam hành trình vietmap, thảm nhựa tpe full xe, tự động gập gương lên kính, cảm biển áp suất lốp, ốp má phanh brembo.... ☎️***  Dá chỉ 7xx triệu ☎️:",16000,N/A,Đang cập nhật,Đã sử dụng,Bảo hành hãng,2024,N/A,Tự động,Xăng,N/A,N/A,N/A,N/A,N/A,N/A,N/A,N/A,N/A,N/A,> 1 tấn,> 2 tấn,car_p26_s3_1774763729,https://xe.chotot.com/mua-ban-oto-quan-binh-tan-tp-ho-chi-minh/131245411.htm
p26_s4_1774763740,Mazda BT50 2022 Đỏ 50.000 km,BT-50,45.0,"Mazda BT50 đăng ký 2022, odo 50.000 km.  - Nắp thùng kép - Xe màu đỏ, ngoại hình đẹp.  - Động cơ mạnh mẽ, vận hành bền bỉ.  - Phù hợp cho công việc và gia đình.",50000,N/A,Đang cập nhật,Đã sử dụng,Bảo hành hãng,2022,N/A,Số sàn,Dầu,Pick-up (bán tải),N/A,N/A,N/A,N/A,N/A,N/A,N/A,N/A,N/A,> 1 tấn,> 2 tấn,car_p26_s4_1774763740,https://xe.chotot.com/mua-ban-oto-quan-go-vap-tp-ho-chi-minh/131244936.htm
p26_s5_1774763752,Mazda 3 2016 Lên Kịch Đồ,Mazda 3,340.0,Máy số rin. Lên nhiều đồ chơi. Nội ngoại thất Đẹp. Sẵn sử dụng. Có thương lượng thiện chí Alo.,79999,N/A,Việt Nam,Đã sử dụng,Bảo hành hãng,2016,1.5 AT Sedan,Tự động,Xăng,Sedan,5,FWD,112 HP @6000 RPM,144 Nm @4000 RPM,1.5,5,2,160,4,> 1 tấn,> 2 tấn,car_p26_s5_1774763752,https://xe.chotot.com/mua-ban-oto-thanh-pho-buon-ma-thuot-dak-lak/131243855.htm
p26_s6_1774763762,Mazda 323 Xanh Số sàn,Mazda 3,85.0,"Mazda 323 màu xanh, số sàn, xe nguyên bản.  - Xe giữ gìn cẩn thận, máy móc ổn định.  - Giá hợp lý.",5,Có,Đang cập nhật,Đã sử dụng,Bảo hành hãng,2003,N/A,Số sàn,Xăng,N/A,N/A,N/A,N/A,N/A,N/A,N/A,N/A,N/A,N/A,> 1 tấn,> 2 tấn,car_p26_s6_1774763762,https://xe.chotot.com/mua-ban-oto-thanh-pho-buon-ma-thuot-dak-lak/131243582.htm
p26_s7_1774763770,Mazda 3 2022 xe zin tuyệt đối giá cực tốt,Mazda 3,505.0,"📣📣 🚘 🚘 MAZDA 3 2022 - Lựa chọn hoàn hảo!  👉 Odo chuẩn: 7vạn 👉 Phiên bản : Deluxe 👉Tình trạng xe hiện tại : Xe zin từ máy móc đến gầm bệ, nội - ngoại thất sạch đẹp.  ✅Trang bị hiện đại: - Start/Stop tiện lợi - Đàm thoại rảnh tay - Gương kính chỉnh điện - Điều hòa auto - Hệ thống an toàn tiêu chuẩn - Vô vàng các option…  💁 Chủ cũ đã trang bị thêm dán film, cam hành trình, camera 360,...vv…  💯 Cam kết uy tín: - Không đâm đụng, không thủy kích - Bảo hành 1 năm bao quay đầu  💰 Giá ưu đãi: Chỉ từ 505tr bao rút hs gốc ( Có hỗ trợ sang tên ) 📲 xem xe trực tiếp liên hệ hotline   🔥 Nhanh tay, xe đẹp không chờ lâu!",70000,Có,Đang cập nhật,Đã sử dụng,Bảo hành hãng,2022,N/A,Tự động,Xăng,Sedan,N/A,N/A,N/A,N/A,N/A,N/A,N/A,N/A,N/A,> 1 tấn,> 2 tấn,car_p26_s7_1774763770,https://xe.chotot.com/mua-ban-oto-huyen-hoc-mon-tp-ho-chi-minh/131020784.htm
p26_s8_1774763783,Mazda BT-50 2017 Số sàn 2 cầu,BT-50,375.0,"Chính chủ cần bán xe BT-50 sx 2017 số sàn 2 cầu, xe đẹp ko lổi, máy zin số zin, kheo chỉ zin xe ko đâm đụng, lên full đồ chơi, máy gầm êm chất ko tí hơi thừa, ae cần xem xe quảng phú daklak Bán bao rút hồ sơ toàn quốc Thank ae đả xem tin",152000,N/A,Việt Nam,Đã sử dụng,Bảo hành hãng,2017,N/A,Số sàn,Dầu,Pick-up (bán tải),5,N/A,N/A,N/A,N/A,N/A,N/A,N/A,N/A,> 1 tấn,> 2 tấn,car_p26_s8_1774763783,https://xe.chotot.com/mua-ban-oto-huyen-cu-m-gar-dak-lak/131242213.htm
p26_s9_1774763794,Mazda 3 Luxury Trắng 65000 km,Mazda 3,520.0,Bán mazda 3 bản luxury 65k km xem xe tại daklak,65000,Có,Nhật Bản,Đã sử dụng,Bảo hành hãng,2021,N/A,Tự động,Xăng,N/A,N/A,N/A,N/A,N/A,N/A,N/A,N/A,N/A,N/A,> 1 tấn,> 2 tấn,car_p26_s9_1774763794,https://xe.chotot.com/mua-ban-oto-huyen-cu-m-gar-dak-lak/131241586.htm
p26_s10_1774763800,Mazda 6 2020 2.5L Signature Premium - 60000 km,Mazda 6,580.0,Xe gđ rất mới muốn đổi 7 chổ  Nay cần bán cho ng thiện chí sử dụng,60000,Có,Việt Nam,Đã sử dụng,Bảo hành hãng,2020,2.5L Signature Premium,Tự động,Xăng,Sedan,5,N/A,N/A,N/A,N/A,N/A,N/A,N/A,4,> 1 tấn,> 2 tấn,car_p26_s10_1774763800,https://xe.chotot.com/mua-ban-oto-thanh-pho-thu-duc-tp-ho-chi-minh/131241078.htm
p26_s11_1774763811,Mazda 6 2019 Premium 77000 km,Mazda 6,515.0,"ngay chủ cần bán gấp mazda 6 , máy 2.0 bản cao cấp prenium, mâm 19 inch , loa bose , vui lòng gọi đt , không dùng tin nhắn. sản xuất 2019, chạy đúng 77ng KM , Xe không đâm đụng , máy chưa mở.",77000,N/A,Đang cập nhật,Đã sử dụng,Bảo hành hãng,2019,N/A,Tự động,Xăng,N/A,5,N/A,N/A,N/A,N/A,N/A,N/A,N/A,N/A,> 1 tấn,> 2 tấn,car_p26_s11_1774763811,https://xe.chotot.com/mua-ban-oto-quan-go-vap-tp-ho-chi-minh/130649724.htm
p26_s12_1774763823,Mazda 3 màu Trắng,Mazda 3,550.0,"Bán Mazda 3 màu trắng, thiết kế sang trọng, không gian rộng rãi, cảm giác lái mượt.  - Ngoại hình đẹp, xe giữ gìn cẩn thận.  - Trang bị đầy đủ tiện nghi.  - Xe sẵn sàng lăn bánh.",43000,Có,Đang cập nhật,Đã sử dụng,Bảo hành hãng,2023,N/A,Tự động,Xăng,N/A,N/A,N/A,N/A,N/A,N/A,N/A,N/A,N/A,N/A,> 1 tấn,> 2 tấn,car_p26_s12_1774763823,https://xe.chotot.com/mua-ban-oto-huyen-sa-thay-kon-tum/131238797.htm
p26_s13_1774763827,"Mazda 3 1.5L Premium 2025 Trắng - Lướt 10,000 Km",Mazda 3,668.0,"ĐỈNH CAO SIÊU LƯỚT ✧ MAZDA 3 1.5L PREMIUM SIÊU LƯỚT ✧ Sản xuất: 2025 ✧ Hộp số: Số tự động ✧ Động cơ: Xăng 1.5L ✧ Số chỗ ngồi: 5 chỗ ✧ Kiểu dáng: Sedan ✧ Xe màu trắng – Nội thất đen ✧ ODO chuẩn: 10,000 Km ✧ Biển số TP HCM, Full lịch sử bảo dưỡng hãng, chất xe đi kỹ mới tinh. ✧ Xe trang bị: Dán Film cách nhiệt, Hud kính lái, Gương chiếu hậu điện tử, Camera hành trình trước sau, Thảm sàn … ✧ TÌNH TRẠNG: Xe không lỗi, tuyệt vời, (Động cơ, Hộp số, Keo chỉ, Khung gầm) zin nguyên bản 100%, bốn vỏ zin theo xe còn dày cui, nội ngoại thất sạch sẽ. ✧ CAM KẾT CHẤT LƯỢNG: Không đâm đụng, Không ngập nước, Không tua Km. ✧ Bao Check hãng thầy thợ thoải mái. ✧ Hỗ trợ rút hồ sơ và sang tên nhanh lẹ, Hỗ trợ Bank, Hỗ trợ giao xe toàn quốc, Bảo hành, Cam kết chất lượng bằng văn bản, Nhận giao lưu trao đổi các dòng xe khác. ✧ Giá bán: 668,000,000 ₫",10000,Có,Việt Nam,Đã sử dụng,Bảo hành hãng,2025,1.5L Premium,Tự động,Xăng,Sedan,5,N/A,N/A,N/A,N/A,N/A,N/A,N/A,N/A,> 1 tấn,> 2 tấn,car_p26_s13_1774763827,https://xe.chotot.com/mua-ban-oto-thanh-pho-thu-duc-tp-ho-chi-minh/131009013.htm
p26_s14_1774763838,Mazda Mazda 3 màu Đỏ,Mazda 3,520.0,"Bán xe Mazda 3, xe đi gia đình chủ yếu đi làm quanh phố, bao đẹp, tiếp người có thiện chí. Liên hệ ***",1000,N/A,Đang cập nhật,Đã sử dụng,Bảo hành hãng,2020,N/A,Tự động,Xăng,N/A,N/A,N/A,N/A,N/A,N/A,N/A,N/A,N/A,N/A,> 1 tấn,> 2 tấn,car_p26_s14_1774763838,https://xe.chotot.com/mua-ban-oto-quan-thanh-khe-da-nang/131237460.htm
p26_s15_1774763844,Mazda CX-8 2021 bản Luxury,CX-8,695.0,"Mazda CX-8 2021 bản Luxury odo chuẩn 80ngàn bao test hãng . Xem xe tại Long Xuyên Quan tâm ae vui lòng alo trực tiếp,cảm ơn.",79000,N/A,Việt Nam,Đã sử dụng,Bảo hành hãng,2021,Luxury,Tự động,Xăng,SUV / Cross over,7,N/A,N/A,N/A,N/A,N/A,N/A,N/A,5,> 1 tấn,> 2 tấn,car_p26_s15_1774763844,https://xe.chotot.com/mua-ban-oto-thanh-pho-long-xuyen-an-giang/127333518.htm
p26_s16_1774763857,"Mazda 3 2005 màu Trắng, mt 1,6 siêu lành, siêu bền",Mazda 3,105.0,"Chính chủ cần bán mazda 3 , 2005.bao kí rut hồ sơ.máy gầm đẹp, máy số bao zin, siêu lành , siêu bền bỉ,ae đúng chân alo: ***.",21000,Có,Đang cập nhật,Đã sử dụng,Bảo hành hãng,2005,1.6 MT,Số sàn,Xăng,N/A,N/A,N/A,N/A,N/A,N/A,N/A,N/A,N/A,N/A,> 1 tấn,> 2 tấn,car_p26_s16_1774763857,https://xe.chotot.com/mua-ban-oto-huyen-hoai-an-binh-dinh/131236480.htm
p26_s17_1774763867,New Mazda CX-5 ✨ Ưu đãi 50% LP trước bạ,CX-5,706.0,"Mẫu xe dẫn đầu phân khúc C-SUV nhiều tháng liền tại Việt Nam  ✅ Động cơ Sky Activ-G khoẻ khoắn, bền bỉ, tiết kiệm nhiên liệu ✅ Khoảng sáng gầm lớn, cho khả năng vận hành tốt trong mọi địa hành ✅ Thiết kế nội thất tinh tế, chỉnh chu và tiện dụng ✅ Cửa sổ trời, phanh tay điện tử, màn hình HUD, gói an toàn chủ động I-Activsense,…  🎁 Trong tháng này, Mazda dành tặng ưu đãi Tiền mặt & phụ kiện tương đương trị giá 50% Lệ phí trước bạ, áp dụng cho tất cả phiên bản của CX-5: 🟢 2.0 Deluxe: 749tr => 706tr 🟢 2.0 Luxury: 789tr => 751tr 🟢 2.0 Premium (Active): 829tr => 786tr 🟢 2.0 Premium (Sport): 849tr => 811tr 🟢 2.0 Premium (Exclusive): 869tr => 831tr  🎁 Tặng kèm film cách nhiệt LLUMAR USA, áo trùm xe, bao tay lái, túi cứu hộ, thảm chân, voucher nhiên liệu,…  👉 Chi tiết xin vui lòng liên hệ với Mazda Auto Cần Thơ theo sdt bên dưới 🤗",N/A,N/A,Việt Nam,Mới,Bảo hành hãng,2025,N/A,Tự động,Xăng,N/A,5,N/A,N/A,N/A,N/A,N/A,N/A,N/A,N/A,N/A,N/A,car_p26_s17_1774763867,https://xe.chotot.com/mua-ban-quan-cai-rang-can-tho/127172577.htm
p26_s18_1774763878,Mazda 3 Premium 1.5 - 2021 | Odo 38.000km,Mazda 3,572.0,"Mới về Mazda 3 Premium 2021   Được anh trai TP. Đà Lạt sử dụng ít, tình trạng còn rất đẹp chia sẻ lại  ✔️ Máy số, keo chỉ zin - không một lỗi nhỏ ✔️ Không đâm đụng – không ngập nước ✔️ Full lịch sử bảo dưỡng tại Mazda Đà Lạt ✔️ 5 lốp zin theo xe, lốp sơ cua chưa hạ ✔️ Nội ngoại thất giữ gìn, sạch sẽ  💰 Giá chào bán: 572 triệu (bao rút hồ sơ) 🏦 Hỗ trợ trả góp – trả trước từ 280 triệu  Xe gia đình chạy kỹ, ai đang tìm Mazda 3 bản Premium đời cao, odo thấp thì rất đáng xem!  ———————————————————————— 🎖️ Đồng Auto Đà Lạt 🏠 ĐC : 336 Hai Bà Trưng Đà Lạt Đăng tin ms Linh nhân viên bán xe và tư vấn góp   Anh chị quan tâm để lại tin nhắn hoặc lh em Linh hay anh Đồng gửi thêm hình ảnh và thông tin chi tiết về xe nha  #muabanoto #Dongautodalat #otoluot #otocu #ototragop",38000,Có,Việt Nam,Đã sử dụng,Bảo hành hãng,2021,N/A,Tự động,Xăng,Sedan,5,N/A,N/A,N/A,N/A,N/A,N/A,N/A,N/A,> 1 tấn,> 2 tấn,car_p26_s18_1774763878,https://xe.chotot.com/mua-ban-thanh-pho-da-lat-lam-dong/131231127.htm
p27_s0_1774763899,Mazda 3 Premium 1.5 - 2021 | Odo 38.000km,Mazda 3,572.0,"Mới về Mazda 3 Premium 2021   Được anh trai TP. Đà Lạt sử dụng ít, tình trạng còn rất đẹp chia sẻ lại  ✔️ Máy số, keo chỉ zin - không một lỗi nhỏ ✔️ Không đâm đụng – không ngập nước ✔️ Full lịch sử bảo dưỡng tại Mazda Đà Lạt ✔️ 5 lốp zin theo xe, lốp sơ cua chưa hạ ✔️ Nội ngoại thất giữ gìn, sạch sẽ  💰 Giá chào bán: 572 triệu (bao rút hồ sơ) 🏦 Hỗ trợ trả góp – trả trước từ 280 triệu  Xe gia đình chạy kỹ, ai đang tìm Mazda 3 bản Premium đời cao, odo thấp thì rất đáng xem!  ———————————————————————— 🎖️ Đồng Auto Đà Lạt 🏠 ĐC : 336 Hai Bà Trưng Đà Lạt Đăng tin ms Linh nhân viên bán xe và tư vấn góp   Anh chị quan tâm để lại tin nhắn hoặc lh em Linh hay anh Đồng gửi thêm hình ảnh và thông tin chi tiết về xe nha  #muabanoto #Dongautodalat #otoluot #otocu #ototragop",38000,Có,Việt Nam,Đã sử dụng,Bảo hành hãng,2021,N/A,Tự động,Xăng,Sedan,5,N/A,N/A,N/A,N/A,N/A,N/A,N/A,N/A,> 1 tấn,> 2 tấn,car_p27_s0_1774763899,https://xe.chotot.com/mua-ban-oto-thanh-pho-da-lat-lam-dong/131231127.htm
p27_s1_1774763909,Mazda 3 2024 1.5 Luxury Trắng,Mazda 3,599.0,"Mazda 3 1.5 Luxury đời 2024, màu trắng, số tự động.   - Odo 13.000 km.   - Biển số 95D 00511.   - Trang bị thêm camera hành trình Vietmap, film cách nhiệt. - Giá bán: 599tr",13000,Có,Nước khác,Đã sử dụng,Bảo hành hãng,2024,1.5L Luxury,Tự động,Xăng,Hatchback,Khác,N/A,N/A,N/A,N/A,N/A,N/A,N/A,N/A,> 1 tấn,> 2 tấn,car_p27_s1_1774763909,https://xe.chotot.com/mua-ban-oto-thanh-pho-di-an-binh-duong/131230213.htm
p27_s2_1774763921,Mazda 2 AT Xám,Mazda 2,419.0,"Mazda 2 AT màu xám, xe 5 chỗ, số tự động, dùng xăng.  - Xe đã bọc ghế da Simily cao cấp, dễ vệ sinh.  - Trang bị màn hình Android 7 inch, camera lùi.  - Xe có sẵn tại showroom, đủ hồ sơ giao ngay.",N/A,N/A,Việt Nam,Mới,Bảo hành hãng,2026,N/A,Tự động,Xăng,Sedan,5,N/A,N/A,N/A,N/A,N/A,N/A,N/A,N/A,N/A,N/A,car_p27_s2_1774763921,https://xe.chotot.com/mua-ban-oto-thanh-pho-thu-duc-tp-ho-chi-minh/131227934.htm
p27_s3_1774763929,Mazda 3 2009 2.0 MT - 186979 km,Mazda 3,195.0,Xe đã sơn đẹp cả xe và dọn nội thất sạch sẽ máy số ngon các bác xem chạy thử e đảm bảo là ưng.  Vời tầm giá 200tr đây là chiếc xe xuất sắc nhất rồi ạ Xe không lỗi có check test mọi đơn vị ạ,186979,N/A,Đài Loan,Đã sử dụng,Bảo hành hãng,2009,2.0 MT,Số sàn,Xăng,Sedan,4,FWD,150 HP @6000 RPM,187 Nm @4500 RPM,2,8.2,1,122,4,> 1 tấn,> 2 tấn,car_p27_s3_1774763929,https://xe.chotot.com/mua-ban-oto-huyen-thanh-oai-ha-noi/131226883.htm
p27_s4_1774763940,Mazda 3 2017 Đỏ,Mazda 3,365.0,"Mazda 3 màu đỏ 2017, xe 5 chỗ, động cơ xăng 2.0, hộp số tự động.   - Thiết kế thể thao, nội thất tiện nghi.   - Vận hành êm ái, tiết kiệm nhiên liệu.   - Xe sẵn sàng lăn bánh.",134000,N/A,Đang cập nhật,Đã sử dụng,Bảo hành hãng,2017,N/A,Tự động,Xăng,N/A,5,N/A,N/A,N/A,N/A,N/A,N/A,N/A,N/A,> 1 tấn,> 2 tấn,car_p27_s4_1774763940,https://xe.chotot.com/mua-ban-oto-huyen-cu-chi-tp-ho-chi-minh/131225457.htm
p27_s5_1774763947,MAZDA 3 CÁ NHÂN 2023,Mazda 3,578.0,"MAZDA 3 CÁ NHÂN 2023 - Sản xuất: 2023 - Màu Đỏ - Odo: 22.700 km - Giá bán: 578tr Lịch sử bảo dưỡng đầy đủ chính hãng Ford. Tại hãng có thu xe qua sử dụng các h��ng khác nhau để đổi lấy xe mới. Liên hệ chi tiết về xe 📞  ✳ Cam kết 3 KHÔNG: KHÔNG ĐÂM ĐỤNG - KHÔNG THUỶ KÍCH - KHÔNG TUA ĐỒNG HỒ ✅ Bảo đảm tính pháp lý. ✅ Bảo hành chính hãng. ✅ Bảo đảm chất lượng xe, ✅ Được kiểm định 167 điểm. ✅ Đầy đủ lịch sử bảo dưỡng. ✅ Cam kết thu lại 90%**  vui lòng liên hệ để biết thêm chi tiết. 🚘 Sài Gòn Ford Assured - Trung Tâm Xe Đã Qua Sử Dụng Chính Hãng 🕹 104 Phổ Quang, Phường 02, Quận Tân Bình. Tp.HCN",22700,Có,Nước khác,Đã sử dụng,Bảo hành hãng,2023,1.5L Luxury,Tự động,Xăng,Hatchback,Khác,N/A,N/A,N/A,N/A,N/A,N/A,N/A,N/A,> 1 tấn,> 2 tấn,car_p27_s5_1774763947,https://xe.chotot.com/mua-ban-oto-quan-tan-binh-tp-ho-chi-minh/130995936.htm
p27_s6_1774763956,Mazda 3 2024 1.5 Luxury Trắng,Mazda 3,612.0,Mazda 3 1.5 Luxury 2024 Odo: 10.600 Km Giá: 612 triệu Màu: Trắng BKS: 83  Liên hệ xem xe trực tiếp tại Cần Thơ,10600,N/A,Đang cập nhật,Đã sử dụng,Bảo hành hãng,2024,N/A,Tự động,Xăng,N/A,N/A,N/A,N/A,N/A,N/A,N/A,N/A,N/A,N/A,> 1 tấn,> 2 tấn,car_p27_s6_1774763956,https://xe.chotot.com/mua-ban-oto-thanh-pho-soc-trang-soc-trang/131223872.htm
p27_s7_1774763963,Mazda CX30 Luxury Trắng,CX-30,674.0,"𝐌𝐚𝐳𝐝𝐚 𝐂𝐗𝟑𝟎 - 𝐂𝐔𝐕 Thế hệ mới nhập 𝐓𝐇𝐀𝐈𝐋𝐀𝐍𝐃  ---------- ➥ Động cơ 2.0L Skyactive-G tiết kiệm nhiên liệu. ➥ Xe nhập khẩu từ ThaiLand 🇹🇭  ➥ Giá đã tốt nay còn tốt hơn!  👉 Gồm 2 phiên bản: - 𝐌𝐚𝐳𝐝𝐚 𝐂𝐗𝟑𝟎 𝐋𝐮𝐱𝐮𝐫𝐲 : 674.000.000 (*) - 𝐌𝐚𝐳𝐝𝐚 𝐂𝐗𝟑𝟎 𝐏𝐫𝐞𝐦𝐢𝐮𝐦 : 724.000.000 (*) ♻️ Giá cực tốt! Ưu đãi 25 Triệu ♻️ Tặng bảo hiểm thân xe  ♻️ Bảo hành 5 năm hoặc 150.000km ♻️ Bộ phụ kiện chính hãng, phim cách nhiệt. ♻️ Hỗ trợ vay tối đa 80% với lãi suất ưu đã ---------o0o-------- 𝐌𝐀𝐙𝐃𝐀 𝐓𝐑ƯỜ𝐍𝐆 𝐂𝐇𝐈𝐍𝐇 - 𝐇â𝐧 𝐡ạ𝐧𝐡 đó𝐧 𝐭𝐢ế𝐩 & 𝐩𝐡ụ𝐜 𝐯ụ 𝐐𝐮ý 𝐤𝐡á𝐜𝐡 ▪️ Hotline: *** - Ngọc Tân ▪️ Địa chỉ: 827A - 829 Trường Chinh, Phường Tây Thạnh, Quận Tân Phú, TP. Hồ Chí Minh",N/A,N/A,Thái Lan,Mới,Bảo hành hãng,2026,N/A,Tự động,Xăng,SUV / Cross over,5,N/A,N/A,N/A,N/A,N/A,N/A,N/A,N/A,N/A,N/A,car_p27_s7_1774763963,https://xe.chotot.com/mua-ban-oto-quan-tan-phu-tp-ho-chi-minh/130249948.htm
p27_s8_1774763971,Mazda 2 2012 Trắng 82155 km,Mazda 2,188.0,"Mazda 2 đời 2012 màu trắng, xe nhỏ gọn, phù hợp đi phố.   - Số sàn, tiết kiệm nhiên liệu.   - ODO 82155 km.   - Xe 5 chỗ, nội thất sạch sẽ.   - Động cơ xăng, vận hành ổn định. - Xe gia đình,không chạy dịch vụ dù chỉ 1h - Cực kì tiết kiệm nhiên liệu,xăng ăn như xe máy,quá phù hợp trong giai đoạn giá xăng đang tăng cao. - Giá bán:188 triệu. -ACE vừa mắt xin gọi trực tiếp mình ạ!",82155,N/A,Đang cập nhật,Đã sử dụng,Bảo hành hãng,2012,N/A,Số sàn,Xăng,N/A,5,N/A,N/A,N/A,N/A,N/A,N/A,N/A,N/A,> 1 tấn,> 2 tấn,car_p27_s8_1774763971,https://xe.chotot.com/mua-ban-oto-quan-cai-rang-can-tho/131221737.htm
p27_s9_1774763982,"MAZDA2 số Tự động, xe Nhật Nhập Thái zá dưới 400",Mazda 2,399.0,"💢Mọi người hay tin gì chưa ah?💢 MAZDA2 số tự động, nhập Thái nguyên chiếc, nay chỉ 399tr (chưa lăn bánh) Đặc biệt: còn vài suất giao sớm tháng 3 đầu tháng 4/2026 (sau lô này phải đợi lâu hơn ah) MẠI DZOOOO: mua ai cũng vậy mua em em cảm ơn =========== - Hỗ trợ Ngân hàng từ 80-85% giá xe, lãi suất liên kết nên rất ưu đãi - Hỗ trợ hồ sơ khó, hồ sơ không chứng minh thu nhập, chỉ cần không NẬU XỚ  📍𝐌𝐚𝐳𝐝𝐚 𝐂𝐌𝐓𝟖 (𝐠𝐚̂̀𝐧 𝐜𝐡𝐨̛̣ 𝐀𝐧 𝐓𝐡𝐨̛́𝐢)📍 𝐌𝐚𝐳𝐝𝐚 𝐂𝐚̂̀𝐧 𝐓𝐡𝐨̛ | 𝐓𝐫𝐚𝐧𝐠 𝐱𝐞 𝐌𝐚𝐳𝐝𝐚 𝐓𝐮̛ 𝐯𝐚̂́𝐧 𝐧𝐡𝐢𝐞̣̂𝐭 𝐭𝐢̀𝐧𝐡 - 𝐋𝐚̀𝐦 𝐯𝐢𝐞̣̂𝐜 𝐮𝐲 𝐭𝐢́𝐧",N/A,N/A,Thái Lan,Mới,Bảo hành hãng,2026,N/A,Tự động,Xăng,Sedan,5,N/A,N/A,N/A,N/A,N/A,N/A,N/A,N/A,N/A,N/A,car_p27_s9_1774763982,https://xe.chotot.com/mua-ban-oto-quan-cai-rang-can-tho/131129577.htm
p27_s10_1774763994,Mazda CX5 2025 Deluxe 10000 km,CX-5,745.0,"Mazda CX5 Deluxe sản xuất 2025 , màu trắng nthat đen , lăn bánh hơn 1v km , sơn zin cả xe…",10000,N/A,Đang cập nhật,Đã sử dụng,Bảo hành hãng,2025,N/A,Tự động,Xăng,N/A,N/A,N/A,N/A,N/A,N/A,N/A,N/A,N/A,N/A,> 1 tấn,> 2 tấn,car_p27_s10_1774763994,https://xe.chotot.com/mua-ban-oto-quan-cau-giay-ha-noi/131216747.htm
p27_s11_1774764004,Mazda Mazda3 2011 Trắng,Mazda 3,195.0,Mình cần nhượng lại xe mazda3 2011 nhập khẩu Nhật. Liên hệ chính chủ ***,130000,Có,Nhật Bản,Đã sử dụng,Bảo hành hãng,2011,1.6 MT Sedan,Số sàn,Xăng,Sedan,5,FWD,103 HP @6000 RPM,147 Nm @4000 RPM,1.6,6.3,1,160,4,> 1 tấn,> 2 tấn,car_p27_s11_1774764004,https://xe.chotot.com/mua-ban-oto-quan-thanh-khe-da-nang/131216526.htm
p27_s12_1774764008,Mazda 2 Sport 2023 1.5L Luxury,Mazda 2,448.0,"Mazda 2 sport 1.5L Luxury 2023 Odo: 43.000km Giá bán: 448 triệu Màu: xám Bks: 68A-xem xe cần Thơ liên hệ trực tiếp, có cho trả góp",43000,N/A,Nước khác,Đã sử dụng,Bảo hành hãng,2023,N/A,Tự động,Xăng,N/A,N/A,N/A,N/A,N/A,N/A,N/A,N/A,N/A,N/A,> 1 tấn,> 2 tấn,car_p27_s12_1774764008,https://xe.chotot.com/mua-ban-oto-quan-cai-rang-can-tho/131216231.htm
p27_s13_1774764016,Mazda 3 2017 1.5 AT Facelift,Mazda 3,375.0,"𝐌𝐚𝐳𝐝𝐚 𝟑 𝟏.𝟓 𝐀𝐓 𝟐𝟎𝟏𝟕 𝐅𝐚𝐜𝐞𝐥𝐢𝐟𝐭 💎 Thông tin nổi bật: ✨ 1 chủ mua từ mới gốc Gia Lai, xe đẹp không lỗi, bản phanh tay điện tử,...  ✨ Ưu điểm nổi bật: ✔️ Thiết kế KODO Facelift hiện đại, dáng xe thể thao và sang trọng ✔️ Động cơ 1.5L Skyactiv bền bỉ, vận hành êm ái, tiết kiệm nhiên liệu ✔️ Hộp số tự động 6 cấp chuyển số mượt, lái rất thích ✔️ Nội thất đẹp, màn hình trung tâm, điều hòa tự động tiện nghi ✔️ Khung gầm chắc chắn, cảm giác lái đầm và ổn định ✔️ Trang bị an toàn đầy đủ: ABS, cân bằng điện tử, hỗ trợ phanh khẩn cấp  💰 Giá: 375 triệu  🎁 Bao test – hỗ trợ sang tên nhanh chóng _________________________________________ 𝐂𝐎𝐍𝐍𝐄𝐂𝐓 𝐀𝐔𝐓O 🏦 Địa chỉ: 65 Phạm Văn Đồng, TP. Pleiku, T. Gia Lai.",140000,Có,Việt Nam,Đã sử dụng,Bảo hành hãng,2017,1.5 AT Sedan,Tự động,Xăng,Sedan,5,FWD,112 HP @6000 RPM,144 Nm @4000 RPM,1.5,5,2,160,4,> 1 tấn,> 2 tấn,car_p27_s13_1774764016,https://xe.chotot.com/mua-ban-oto-thanh-pho-pleiku-gia-lai/131193804.htm
p27_s14_1774764027,Mazda 3 2016 1.5 AT - 44000 km,Mazda 3,415.0,"- xe chính chủ, ít đi, nên bán lại. - đời 2016 - cam kết không va chạm, ngập nước, chết máy. - liên hệ chính chủ xem xe và thương lượng ạ, - Mình đi làm giờ hành chính nên xem xe giúp buổi tối các ngày trong tuần từ 20 giờ trở đi hoặc cả ngày thứ 7, chủ nhật ạ. - Trường hợp gọi điện mình không liên lạc được thì để lại lời nhắn mình gọi lại nhé.",44000,Có,Nhật Bản,Đã sử dụng,Bảo hành hãng,2016,1.5 AT,Tự động,Xăng,Sedan,5,N/A,N/A,N/A,N/A,N/A,N/A,N/A,N/A,> 1 tấn,> 2 tấn,car_p27_s14_1774764027,https://xe.chotot.com/mua-ban-quan-tan-phu-tp-ho-chi-minh/131208094.htm
p27_s15_1774764036,𝐌𝐚𝐳𝐝𝐚 𝐂𝐗-𝟖 𝟐.𝟓𝐀𝐓 𝐌𝐨𝐝𝐞𝐥 𝟐𝟎𝟐𝟏 𝐒𝐢𝐞̂𝐮 Đ𝐞̣𝐩,Mazda Other,719.0,"🌸 𝐌𝐚𝐳𝐝𝐚 𝐂𝐗-𝟖 𝟐.𝟓𝐀𝐓 𝐌𝐨𝐝𝐞𝐥 𝟐𝟎𝟐𝟏 𝐒𝐢𝐞̂𝐮 Đ𝐞̣𝐩 🌸  🫐 Xe màu Đen / Nội thất Đen 🗓️ Sản xuất :2020 ⏱️ ODO: 6v km Full Ls Hãng  ⚙️ Xe trang bị: Động cơ Skyactiv-G 2.5L, Hộp số tự động 6 cấp, Hệ thống đèn full LED, Mâm hợp kim 19 inch, Ghế chỉnh điện bọc da cao cấp, Điều hoà 3 vùng độc lập, Màn hình 7 inch kết nối Apple Carplay và Android Auto, 6 Loa, Cốp điện, 6 túi khí, Camera sau,….  ⚙️ Trang bị thêm: Film cách nhiệt, thảm lót sàn,…   𝐂𝐀𝐌 𝐊𝐄̂́𝐓:  🧑‍🔧 Không đâm đụng 💧 Không ngập nước  ⏱️ Không tua Km",62000,Có,Việt Nam,Đã sử dụng,Bảo hành hãng,2020,Deluxe,Tự động,Xăng,SUV / Cross over,7,N/A,N/A,N/A,N/A,N/A,N/A,N/A,5,> 1 tấn,> 2 tấn,car_p27_s15_1774764036,https://xe.chotot.com/mua-ban-thanh-pho-thu-duc-tp-ho-chi-minh/130875414.htm
p28_s0_1774764058,Mazda CX-5 2019 Premium Đỏ,CX-5,589.0,"Mazda CX-5 màu đỏ, bản cao cấp Premium xe 5 chỗ, nội thất bọc da sang trọng. Xe sản xuất 2019, đăng ký lần đầu 2019, một đời chủ cho tới nay, ký trực tiếp chính chủ, chưa qua cửa hàng.  - Cam kết chưa bao giờ đâm đụng, bao test hãng.  - Trang bị Full đồ chơi, độ loa Sub cao cấp, nghe nhạc cực hay. - Xe không vay Bank, công chứng trong ngày.",60000,Có,Đang cập nhật,Đã sử dụng,Bảo hành hãng,2019,N/A,Tự động,Xăng,N/A,5,N/A,N/A,N/A,N/A,N/A,N/A,N/A,N/A,> 1 tấn,> 2 tấn,car_p28_s0_1774764058,https://xe.chotot.com/mua-ban-oto-quan-tan-binh-tp-ho-chi-minh/130980331.htm
p28_s1_1774764067,Mazda 3 2024 1.5L Luxury - 22000 km,Mazda 3,610.0,"Xe gia đình đang sử dụng, bảo dưỡng full hãng, xe ko đâm đụng ngập nước, cần bán cho ng dùng, ae showroom bỏ qua giúp nhé",22000,N/A,Việt Nam,Đã sử dụng,Bảo hành hãng,2024,1.5L Luxury,Tự động,Xăng,Hatchback,Khác,N/A,N/A,N/A,N/A,N/A,N/A,N/A,N/A,> 1 tấn,> 2 tấn,car_p28_s1_1774764067,https://xe.chotot.com/mua-ban-oto-quan-nam-tu-liem-ha-noi/131205195.htm
p28_s2_1774764077,Mazda 2 S sports số tự động còn mới 90%,Mazda 2,245.0,Mazda 2 S sports xe nhập khẩu  Xe nhà trùm mền it sử dụng 1.5 số tự động.  Ghế da xịn theo xe . Tất cả còn original 90% Rất êm và rất tiết kiệm nguyên liệu  Xe cá nhân. Dư dùng bán. Bảo đảm cam kết xe  Original tất cả,50000,Có,Thái Lan,Đã sử dụng,Bảo hành hãng,2013,N/A,Tự động,Xăng,Hatchback,5,N/A,N/A,N/A,N/A,N/A,N/A,N/A,N/A,> 1 tấn,> 2 tấn,car_p28_s2_1774764077,https://xe.chotot.com/mua-ban-oto-huyen-nha-be-tp-ho-chi-minh/131203386.htm
p28_s3_1774764083,Mazda CX-5 màu Đỏ,CX-5,635.0,"ít sử dụng nên bán, xe có phanh điện tử, đề nổ, cửa trời, xe còn zin mới, đi kỹ giữ gìn cẩn thận, bác nào cần thì gọi cho e nhé",80000,N/A,Đang cập nhật,Đã sử dụng,Bảo hành hãng,2021,N/A,Tự động,Xăng,N/A,N/A,N/A,N/A,N/A,N/A,N/A,N/A,N/A,N/A,> 1 tấn,> 2 tấn,car_p28_s3_1774764083,https://xe.chotot.com/mua-ban-oto-thanh-pho-vung-tau-ba-ria-vung-tau/130865401.htm
p28_s4_1774764093,Mazda BT50 2014 Đỏ,BT-50,295.0,Em cần bán Mazda BT50 động cơ 3.2 full 2 cầu 2014 Máy móc nguyên zil - xe hình thức đẹp ngon  Mua về chỉ việc đi,110000,Có,Thái Lan,Đã sử dụng,Bảo hành hãng,2014,N/A,Tự động,Dầu,Pick-up (bán tải),5,N/A,N/A,N/A,N/A,N/A,N/A,N/A,N/A,> 1 tấn,> 2 tấn,car_p28_s4_1774764093,https://xe.chotot.com/mua-ban-oto-huyen-an-duong-hai-phong/131201350.htm
p28_s5_1774764099,Mazda CX5 sx 2025 2.0 AT 16000 km siêu siêu mới,CX-5,735.0,"Em có nhu cầu cần bán: Mazda CX5 2.0 AT sx 2025 mới khét. -Xe màu trắng trẻ trung, biển thủ đô Hà Nội. -Xe mới lăn bánh 16000km ( #sai_tặng_xe )  -Xe cá nhân chính chủ từ mới, cực giữ gìn, Full lịch sử hãng, không 1 lỗi nhỏ, nhìn là mê. -Xe nguyên zin tuyệt đối từ A-Z, zin từ Km. -𝐂𝐚𝐦 𝐤𝐞̂́𝐭: Xe động cơ hộp số, khung gầm nguyên bản. Xe không tai nạn, không ngập nước, không tranh chấp, an ninh pháp lý rõ ràng sang tên đơn giản. Bao check test trên toàn quốc.  -Giá: 735 triệu. -Hỗ trợ bank 70% tổng giá trị xe cho QKH. Các bác quan tâm xe thì nhấc máy alo cho em Mr Trung để mua với giá *** ah!",16000,Có,Việt Nam,Đã sử dụng,Bảo hành hãng,2025,Deluxe 2.0 AT,Tự động,Xăng,SUV / Cross over,5,N/A,N/A,N/A,N/A,N/A,N/A,N/A,N/A,> 1 tấn,> 2 tấn,car_p28_s5_1774764099,https://xe.chotot.com/mua-ban-oto-quan-cau-giay-ha-noi/129999202.htm
p28_s6_1774764111,Mazda 6 2015 2.0 Đen 110.000 km,Mazda 6,360.0,"Mazda 6 bản 2.0 đời 2015 màu đen, sedan hạng D.  - Xe chạy 110.000 km, keo chỉ zin, máy móc nguyên bản.  - Đã lên dàn lốp Michelin mới, màn hình Android.  - Xe 5 chỗ, giá hơn 300 triệu. LH em để xem xe: ***",110000,N/A,Đang cập nhật,Đã sử dụng,Bảo hành hãng,2015,N/A,Tự động,Xăng,Sedan,5,N/A,N/A,N/A,N/A,N/A,N/A,N/A,N/A,> 1 tấn,> 2 tấn,car_p28_s6_1774764111,https://xe.chotot.com/mua-ban-oto-huyen-me-linh-ha-noi/131199371.htm
p28_s7_1774764123,"Mazda CX-5 2.0L AWD sx 2015 Đen , xe đi kĩ bd full",CX-5,439.0,"Mazda CX-5 màu đen nội thất đen, xe 5 chỗ, rỗng rãi , đầm chắc, động cơ 2.0 mạnh mẽ bao mượt mà, anh chị lấy về đi gia đình cực kì thích hợp",86000,Có,Nhật Bản,Đã sử dụng,Bảo hành hãng,2015,N/A,Tự động,Xăng,N/A,5,N/A,N/A,N/A,N/A,N/A,N/A,N/A,N/A,> 1 tấn,> 2 tấn,car_p28_s7_1774764123,https://xe.chotot.com/mua-ban-oto-thanh-pho-thu-duc-tp-ho-chi-minh/131198046.htm
p28_s8_1774764134,Mazda CX-5 Premium Sport 2026 Màu Trắng - Xe Sẵn 🎁,CX-5,810.0,"NEW MAZDA CX5 PREMIUM SPORT 2026 MÀU TRẮNG - XE SẴN GIAO NGAY KÈM NHIỀU QUÀ TẶNG GIÁ HẤP DẪN CHỈ 810tr - TẶNG BẢO HIỂM THÂN VỎ (1 năm) * HỖ TRỢ XEM XE VÀ LÁI THỬ TẠI NHÀ 🎁ƯU ĐÃI CÓ HẠN LIÊN HỆ NGAY  Từ nền tảng chất lượng toàn cầu và những giá trị cốt lõi làm nên tên tuổi Mazda trên bản đồ ô tô thế giới, CX-5 mẫu SUV mang đậm tinh thần chế tác Nhật Bản, phản ánh phong cách sống và gu thẩm mỹ tinh tế.  Với hơn 17.200 xe bán ra trong năm 2025, riêng tháng 12 vượt 2.596 xe, CX-5 tiếp tục dẫn đầu phân khúc tại Việt Nam, minh chứng cho sự tin yêu và lựa chọn của đông đảo khách hàng.  🚗 Khởi động năm mới 2026, CX-5 ưu đãi lên đến 40 triệu đồng, giá bán từ 709 triệu đồng, cùng nhiều quà tặng hấp dẫn đang chờ bạn tại hệ thống showroom và đại lý Mazda trên toàn quốc.  #Mazda #NewYear2026 #MazdaCX5 #Sangtrongvadangcap #madeinjapan  --",N/A,N/A,Nhật Bản,Mới,Bảo hành hãng,2026,N/A,Tự động,Xăng,SUV / Cross over,5,N/A,N/A,N/A,N/A,N/A,N/A,N/A,N/A,N/A,N/A,car_p28_s8_1774764134,https://xe.chotot.com/mua-ban-oto-thanh-pho-thu-duc-tp-ho-chi-minh/130947936.htm
p28_s9_1774764144,Mazda CX-5 2023 2.0 Premium một chủ từ mới,CX-5,739.0,"🚗 Mazda CX-5 2.0 Premium 2023 – Bản full cao cấp, xe đẹp  • 1 chủ từ mới, chuẩn 80.000km • Còn bảo hành chính hãng • Xe đẹp, không lỗi – kiểm tra thoải mái • Võ còn theo xe, tặng kèm 03 võ mới mua chưa sử dụng  ⭐ Trang bị nổi bật  Mazda CX-5 2023 2.0 Premium nổi bật với gói an toàn cao cấp i-Activsense, màn hình HUD, âm thanh 10 loa Bose, camera 360 và nội thất da Nappa cao cấp.  🔒 An toàn i-Activsense: • Cảnh báo điểm mù • Cảnh báo phương tiện cắt ngang khi lùi • Cảnh báo & hỗ trợ giữ làn • Phanh tự động giảm thiểu va chạm • Cruise Control thích ứng  🛋 Nội thất & tiện nghi: • Ghế da Nappa cao cấp • Ghế lái chỉnh điện + nhớ vị trí • HUD kính lái • Màn hình 8” Apple CarPlay/Android Auto • 10 loa Bose cao cấp • Điều hòa 2 vùng độc lập • Sạc không dây, cửa sổ trời, đá cốp  ✨ Ngoại thất: • Đèn LED thích ứng AFS • Mâm 19 inch thể thao • Gương chống chói, kính 2 lớp chống ồn  ⚙️ Vận hành: • Động cơ SkyActiv-G 2.0L (~154hp) • Hộp số tự động 6 cấp • Auto Hold, chế độ lái Sport  Xe bản Premium cao cấp, trang bị đầy đủ – mua về chỉ việc chạy. ✅ Tân Thành Auto cam kết: ✔ Xe chuẩn – kiểm tra kỹ trước khi giao ✔ Hỗ trợ sang tên nhanh gọn ✔ Thu mua – trao đổi xe cũ giá tốt  📍 Xem xe trực tiếp tại: Tân Thành Auto 📍 Xem xe tại: 39–41–43 Đường số 7, KDC CONIC, P. Bình Hưng, TP.HCM",80000,Có,Đang cập nhật,Đã sử dụng,Bảo hành hãng,2023,Premium Exclusive 2.0 AT,Tự động,Xăng,SUV / Cross over,Khác,N/A,N/A,N/A,N/A,N/A,N/A,N/A,N/A,> 1 tấn,> 2 tấn,car_p28_s9_1774764144,https://xe.chotot.com/mua-ban-oto-huyen-binh-chanh-tp-ho-chi-minh/130801818.htm
p28_s10_1774764156,Mazda 3 2023 Premium Đỏ 46.000 km một chủ,Mazda 3,609.0,"🔥 MAZDA 3 PREMIUM 2023 – XE ĐẸP HIẾM TRONG TẦM GIÁ 🔥 🚗 Odo: 46.000 km – xe chạy chuẩn, không tua ✨ Phiên bản Premium cao cấp – full option 🧼 Xe vừa spa + vệ sinh chi tiết, nhìn là thích  ✔️ Xe gia đình sử dụng, giữ kỹ ✔️ Nội ngoại thất còn rất mới ✔️ Máy móc êm ái, vận hành ổn định  📞 Xem xe trực tiếp – giá thương lượng cho khách thiện chí 👉 Xe đẹp, ai xem trước là có lợi",46000,Có,Việt Nam,Đã sử dụng,Bảo hành hãng,2023,1.5L Premium,Tự động,Xăng,Sedan,Khác,N/A,N/A,N/A,N/A,N/A,N/A,N/A,N/A,> 1 tấn,> 2 tấn,car_p28_s10_1774764156,https://xe.chotot.com/mua-ban-oto-thanh-pho-thu-duc-tp-ho-chi-minh/129922359.htm
p28_s11_1774764168,Mazda CX5 2019 2.5 full Đen,CX-5,550.0,madaz cx5 đời 2019 bản 2.5 full xe đi đc 20 vạn. chính chủ.,200000,Có,Đang cập nhật,Đã sử dụng,Bảo hành hãng,2019,N/A,Tự động,Xăng,N/A,N/A,N/A,N/A,N/A,N/A,N/A,N/A,N/A,N/A,> 1 tấn,> 2 tấn,car_p28_s11_1774764168,https://xe.chotot.com/mua-ban-oto-quan-bac-tu-liem-ha-noi/131193303.htm
p28_s12_1774764174,Mazda CX-5 2023 Luxury Đen,CX-5,745.0,"Mazda CX-5 Luxury 2023 màu đen, xe 5 chỗ gầm cao, thiết kế hiện đại.  - Sản xuất 2023, đăng ký lần đầu tháng 1/2024.  - ODO 9.800 Km, xe cá nhân đi gia đình.  - Nội thất đen sang trọng, tiện nghi.",9800,N/A,Đang cập nhật,Đã sử dụng,Bảo hành hãng,2023,N/A,Tự động,Xăng,N/A,5,N/A,N/A,N/A,N/A,N/A,N/A,N/A,N/A,> 1 tấn,> 2 tấn,car_p28_s12_1774764174,https://xe.chotot.com/mua-ban-oto-quan-tan-phu-tp-ho-chi-minh/131191304.htm
p28_s13_1774764187,Bán Mazda BT50 sx 2017 2.2AT hóa đơn xuất 110tr,BT-50,400.0,"Chiếc xe bán tải Mazda BT-50, số chỗ ngồi 5, sản xuất năm 2017, phiên bản 2.2 AT 2WD đang tìm kiếm chủ nhân mới. Xe phù hợp cho những ai cần một phương tiện vận chuyển hàng hóa mạnh mẽ và bền bỉ. * 💪 Mazda BT-50 nổi tiếng với khả năng vận hành mạnh mẽ và độ tin cậy cao, Động cơ và khung gần sử dụng chung với Ford Ranger nên rất êm ái và tiết kiệm. * ⚙️ Động cơ 2.2AT 2WD mạnh mẽ, tiết kiệm nhiên liệu, phù hợp cho cả đường trường và địa hình khó khăn. * ✔️ Ngoại thất xe được giữ gìn cẩn thận, ít trầy xước, thể hiện sự mạnh mẽ và cá tính. * 💺 Nội thất xe rộng rãi, thoải mái, tập trung vào sự tiện dụng cho người lái và hành khách. * 📻 Hệ thống giải trí cơ bản đáp ứng nhu cầu giải trí trên đường đi, giúp những chuyến đi trở nên thú vị hơn. * 🛣️ Thích hợp cho việc chở hàng, đi công trình, đi phượt hoặc sử dụng cho mục đích cá nhân. * 💯 Xe được bảo dưỡng định kỳ, đảm bảo hoạt động tốt, không gặp vấn đề gì lớn. * ✨ Thiết kế mạnh mẽ, nam tính, thể hiện phong cách riêng của chủ sở hữu, thu hút mọi ánh nhìn. * 🛠️ Khung gầm chắc chắn, chịu tải tốt, phù hợp với nhiều loại hàng hóa, từ vật liệu xây dựng đến đồ dùng cá nhân. * 🧰 Khoang chở hàng rộng rãi, đáp ứng nhu cầu vận chuyển hàng hóa lớn, giúp bạn dễ dàng vận chuyển đồ đạc. * 💯 Xe không bị tai nạn, không ngập nước, đảm bảo chất lượng, mang lại sự an tâm cho người mua. * ⚙️ Hệ thống treo hoạt động tốt, mang lại cảm giác lái êm ái, thoải mái trên mọi địa hình.",130000,Có,Thái Lan,Đã sử dụng,Bảo hành hãng,2017,2.2 AT 2WD,Tự động,Dầu,Pick-up (bán tải),5,2WD,148 HP @3700 RPM,375 Nm @1500 RPM,2.2,8,2,237,4,> 1 tấn,> 2 tấn,car_p28_s13_1774764187,https://xe.chotot.com/mua-ban-oto-quan-ha-dong-ha-noi/129688115.htm
p28_s14_1774764199,Mazda CX5 2017 2.0 62352 km Nâu,CX-5,5.0,"Mazda cx5 2017 2.0 odo 6v2. Cam kết không đâm đụng ngập nước, bao tranh chấp, bao pháp lý, bao phạt nguội  Giá alo ***",62352,Có,Đang cập nhật,Đã sử dụng,Bảo hành hãng,2017,N/A,Tự động,Xăng,N/A,5,N/A,N/A,N/A,N/A,N/A,N/A,N/A,N/A,> 1 tấn,> 2 tấn,car_p28_s14_1774764199,https://xe.chotot.com/mua-ban-oto-thanh-pho-buon-ma-thuot-dak-lak/131191955.htm
p28_s15_1774764208,Mazda 3 Luxury 2023 Trắng,Mazda 3,590.0,"Mazda 3 Luxury 2023 màu trắng, dòng sedan phân khúc C, thiết kế đẹp.  - Xe cá nhân đi gia đình, odo 27.000 Km.  - Bảo dưỡng hãng định kỳ, xe giữ gìn cẩn thận.  - Hỗ trợ trả góp, duyệt vay nhanh.",27000,N/A,Đang cập nhật,Đã sử dụng,Bảo hành hãng,2023,N/A,Tự động,Xăng,Sedan,5,N/A,N/A,N/A,N/A,N/A,N/A,N/A,N/A,> 1 tấn,> 2 tấn,car_p28_s15_1774764208,https://xe.chotot.com/mua-ban-oto-quan-tan-phu-tp-ho-chi-minh/131190347.htm
p28_s16_1774764219,"RẤT MỚI MAZDA CX5 sx 2015 CHUẨN 9V8 KM, LOA BOSE",CX-5,425.0,"🚗 𝗠𝗔𝗭𝗗𝗔 𝗖𝗫-𝟱 𝟮.𝟬𝗔𝗧 𝗦𝗫 𝟮𝟬𝟭𝟱  💰 𝘾𝙖𝙢 𝙠ế𝙩 𝙜𝙞𝙖́ 𝙩ố𝙩 - 𝙝ỗ 𝙩𝙧ợ 𝙩𝙧ả 𝙜𝙤́𝙥. ● Chỉ hơn 4 đồng, xem xe còn ra lộc.😍  📌 Tʜᴏ̂ɴɢ ᴛɪɴ ᴄʜɪ ᴛɪᴇ̂́ᴛ:  • Xuất xứ: Việt Nam • Dòng xe: CUV 5 chỗ ngồi • Thông số vận hành: Số tự động, máy xăng. • Màu: Xám ghi / Nội thất: Da đen • Odo: 98.000km ✅️ Mô tả thêm: Xe đi ít tính ra mỗi năm chưa tới 10.000km, sơm zin còn nhiều, nội thất zin còn rất mới so vố tuổi xe, 4 vỏ michealin mới thay, sơ cua chưa hạ, hỗ trợ rút hồ sơ gốc.  🏷 𝐓r𝐚n𝐠 𝐛ị f𝐮l𝐥 𝐨p𝐭i𝐨n: ✅️ Đèn bi chiếu sáng tự động, đèn led định vị, đèn hậu led tích hợp halogen, cảm biến lùi đỗ xe. ✅️ Chìa khóa thông minh, tay năm mở cửa thông minh, đề nổ start/stop. ✅️ Nội thất da cao cấp theo xe, ghế tài chỉnh điện, cửa sổ trời, vô lăng tích hợp nút điều khiển, ga tự động. ✅️ Màn hình zin theo xe, kết nối bluetooth, camera lùi đỗ xe, hệ thống giải trí loa Bose cực hay... ✅️ 6 túi khí, cảnh báo áp suất lốp, cân bằng điện tử, phanh abs,...  📞 Lh: *** em Hưng ✨️ Siêu thị ô tô Hà Nội, 389 Quốc Lộ 13 Hiệp Bình Phước, Thủ Đức, TP.HCM -------------****------------- 👌 Cam kết không đâm đụng, tai nạn, ngập nước. 👍 Bao test hãng, test thợ hoặc gara chỉ định, bảo hành 3-6 tháng hoặc 5.000- 10.000km động cơ và hộp số. 🤝 Pháp lý sang tên rõ ràng, bao rút hồ sơ gốc.  #mazdacx5 #mazda #cx5 #mazdacx52015 #Sieuthiotohanoi389 #Sieuthiotothuduc #Sieuthiotohanoi #banxecugiare #banxeototragop #muabanxeotosaigon",98000,N/A,Việt Nam,Đã sử dụng,Bảo hành hãng,2015,2.0 AT 2WD,Tự động,Xăng,SUV / Cross over,5,FWD,153 HP @6000 RPM,199 Nm @4000 RPM,2,N/A,2,215,5,> 1 tấn,> 2 tấn,car_p28_s16_1774764219,https://xe.chotot.com/mua-ban-oto-thanh-pho-thu-duc-tp-ho-chi-minh/126634250.htm
p28_s17_1774764232,Mazda CX 5 2017 - 53000 km,Mazda Other,485.0,"Mazda CX5 sản xuất 2017, 1 chủ sử dụng từ đầu,dòng  odo hơn 53.000 km zin, full lịch sử bảo dưỡng hãng đúng định kỳ Xe chủ cũ cực giữ gìn, nội thất rất mới Cam kết xe không đâm đụng ngập nước, máy hộp số nguyên bản Bao check hãng hoặc gara bất kỳ theo yêu cầu Vui lòng liên hệ để biết thêm chi tiết",53000,N/A,Việt Nam,Đã sử dụng,Bảo hành hãng,2017,N/A,Tự động,Xăng,SUV / Cross over,5,N/A,N/A,N/A,N/A,N/A,N/A,N/A,N/A,> 1 tấn,> 2 tấn,car_p28_s17_1774764232,https://xe.chotot.com/mua-ban-quan-cai-rang-can-tho/131187453.htm
p28_s18_1774764245,Mazda BT-50 2016 Xám,BT-50,435.0,"Mazda BT-50 2 cầu số tự động màu xám, sản xuất 2016.  - Xe một chủ từ đầu, giữ gìn cẩn thận.  - Động cơ diesel mạnh mẽ, hộp số tự động mượt mà.  - Xe 5 chỗ, rộng rãi, phù hợp gia đình hoặc công việc.",169000,N/A,Đang cập nhật,Đã sử dụng,Bảo hành hãng,2016,N/A,Tự động,Dầu,N/A,5,N/A,N/A,N/A,N/A,N/A,N/A,N/A,N/A,> 1 tấn,> 2 tấn,car_p28_s18_1774764245,https://xe.chotot.com/mua-ban-huyen-dak-mil-dak-nong/131182088.htm
p29_s0_1774764260,Mazda 3 2017 Đỏ,Mazda 3,430.0,"Cần bán Mazda 3 sản xuất & đăng ký 2017 lên form 2018 hiện đại, dáng thể thao trẻ trung, cực kỳ hợp anh em thích xe đẹp – lái sướng – tiết kiệm nhiên liệu.  🔹 Màu đỏ nổi bật, nước sơn căng bóng 🔹 Xe đi ít, chủ sử dụng giữ gìn cẩn thận 🔹 Nội thất sạch sẽ, Vô lăng , Sàn trần đẹp zin 🔹 Động cơ hộp số chưa bổ, vận hành êm ái 🔹 Cam kết không đâm đụng, không ngập nước  Mazda 3 nổi tiếng: ✔️ Lái đầm chắc, chi phí thấp trong phân khúc ✔️ Thiết kế KODO thể thao, không lỗi mốt ✔️ Chi phí sử dụng hợp lý, tiết kiệm nhiên liệu  Anh em đang tìm một chiếc sedan hạng C đẹp – chất – giá hợp lý thì đây là lựa chọn rất đáng cân nhắc.  📞 Liên hệ ngay để xem xe trực tiếp và thương lượng giá tốt. Xe đẹp chỉ dành cho người quyết nhanh! 🚘🔥 liên hệ: ***",120000,N/A,Đang cập nhật,Đã sử dụng,Bảo hành hãng,2017,N/A,Tự động,Xăng,Sedan,N/A,N/A,N/A,N/A,N/A,N/A,N/A,N/A,N/A,> 1 tấn,> 2 tấn,car_p29_s0_1774764260,https://xe.chotot.com/mua-ban-oto-quan-nam-tu-liem-ha-noi/131180621.htm
p29_s1_1774764266,Mazda CX-5 Signature AWD Đỏ,CX-5,725.0,"Mazda CX-5 Signature AWD màu đỏ, thiết kế thể thao, nội thất sang trọng. Model 2023  - Động cơ mạnh mẽ, vận hành êm ái.   - Trang bị nhiều tính năng an toàn, tiện nghi.   - Xe sẵn sàng lăn bánh.",30000,N/A,Đang cập nhật,Đã sử dụng,Bảo hành hãng,2022,N/A,Tự động,Xăng,N/A,5,N/A,N/A,N/A,N/A,N/A,N/A,N/A,N/A,> 1 tấn,> 2 tấn,car_p29_s1_1774764266,https://xe.chotot.com/mua-ban-oto-quan-12-tp-ho-chi-minh/131180128.htm
p29_s2_1774764272,Mazda BT 50 2016 2.2L 4x2 AT - 125000 km,Mazda Other,340.0,Xe nhà chính chủ không dùng cần bán tình trạng xe còn mới đẹp chưa va chạm ngập nước,125000,N/A,Thái Lan,Đã sử dụng,Bảo hành hãng,2016,2.2L 4x2 AT,Tự động,Dầu,N/A,N/A,N/A,N/A,N/A,N/A,N/A,N/A,N/A,N/A,> 1 tấn,> 2 tấn,car_p29_s2_1774764272,https://xe.chotot.com/mua-ban-oto-quan-go-vap-tp-ho-chi-minh/130183439.htm
p29_s3_1774764284,Mazda 3 2023 1.5 Luxury Trắng,Mazda 3,589.0,"🚗Mazda 3 1.5 Luxury -Đời 2023 -Màu trắng -Odo : 27.000 km Giá chào bán : 589 triệu 💵Giảm tiền mặt trực tiếp 🎁 🎁Hỗ trợ trả góp 70% với lãi xuất cực kì ưu đãi 👉Carpla cam kết chuẩn odo 👉Máy móc nguyên zin 👉Không đâm đụng , không thuỷ kích ✅Khuyến khích khách hàng mang check hãng ✅Bảo hành 12 tháng hoặc 20.000km 📱: *** (Minh Tân ) 🎯Địa chỉ: Automall Carpla Tân Phú - 314 Lũy Bán Bích, P. Hòa Thạnh, Q. Tân Phú, TPHCM",27000,N/A,Đang cập nhật,Đã sử dụng,Bảo hành hãng,2023,N/A,Tự động,Xăng,N/A,N/A,N/A,N/A,N/A,N/A,N/A,N/A,N/A,N/A,> 1 tấn,> 2 tấn,car_p29_s3_1774764284,https://xe.chotot.com/mua-ban-oto-quan-tan-phu-tp-ho-chi-minh/131175093.htm
p29_s4_1774764295,"Mazda 3 2.0 PremiumSport 2020 để Mộc, quá cá tính",Mazda 3,564.0,"MAZDA 3 SPORT 2.0 PREMIUM 2021 - Rửa sơ là chạy.  Bản cao cấp nhất, ngập tràn công nghệ an toàn I-Activsense.  Động cơ 2.0 đạp ga là dính ghế, cảm giác lái cực sướng.  Odo 5.5 vạn km, lốp dày, gầm bệ chắc nịch.  Cam kết không lỗi , bao test hãng theo yêu cầu.",55000,Có,Nước khác,Đã sử dụng,Bảo hành hãng,2021,1.5L Sport Premium,Tự động,Xăng,Hatchback,Khác,N/A,N/A,N/A,N/A,N/A,N/A,N/A,N/A,> 1 tấn,> 2 tấn,car_p29_s4_1774764295,https://xe.chotot.com/mua-ban-oto-quan-dong-da-ha-noi/131174061.htm
p29_s5_1774764308,🚗 MAZDA 2 2016 – SỐ TỰ ĐỘNG - Odo 80.000 km,Mazda 2,325.0,"🚗 MAZDA 2 2016 – SỐ TỰ ĐỘNG 🔹 Màu xám sang trọng 🔹 Odo: 80.000 km 💰 Giá bán: 325 triệu ✨ TÌNH TRẠNG XE: ✅ Xe gia đình sử dụng kỹ – giữ gìn cẩn thận ✅ Nội – ngoại thất còn đẹp, sạch sẽ ✅ Máy móc zin nguyên bản – vận hành êm ái ✅ Không đâm đụng – Không ngập nước – Bao test hãng 🛠️ TRANG BỊ NỔI BẬT: Động cơ 1.5L SkyActiv tiết kiệm nhiên liệu Hộp số tự động vận hành mượt mà Hệ thống giải trí màn hình trung tâm Điều hòa mát sâu Gương kính chỉnh điện tiện lợi Hệ thống an toàn ABS – EBD – túi khí 🌟 ƯU ĐIỂM: ✔ Sedan nhỏ gọn – dễ lái – tiết kiệm xăng ✔ Phù hợp đi gia đình hoặc chạy dịch vụ ✔ Thương hiệu Mazda bền bỉ – chi phí sử dụng thấp 🎯 Giá cực tốt: 325 triệu 📌 Thu xe cũ – đổi xe bù trừ giá tốt 📌 Hỗ trợ sang tên – rút hồ sơ toàn quốc 📌 Bao test hãng hoặc gara 🏢 Chợ Xe Ô TÔ 362 📍 362 Thống Nhất, P.16, Gò Vấp, TP.HCM",80000,Có,Đang cập nhật,Đã sử dụng,Bảo hành hãng,2016,N/A,Tự động,Xăng,Sedan,5,N/A,N/A,N/A,N/A,N/A,N/A,N/A,N/A,> 1 tấn,> 2 tấn,car_p29_s5_1774764308,https://xe.chotot.com/mua-ban-oto-quan-go-vap-tp-ho-chi-minh/131173432.htm
p29_s6_1774764320,Mazda BT-50 2021 2.2 4x2 AT 53.000 km,BT-50,478.0,"Mazda BT-50 2.2 4x2 AT đời 2021, số tự động, xe bán tải mạnh mẽ.  - Odo 53.000 km, xe giữ gìn cẩn thận.  - Thiết kế nam tính, nội thất rộng rãi.  - Giá 478 triệu.",53000,Có,Nước khác,Đã sử dụng,Bảo hành hãng,2021,AT 4x2,Tự động,Dầu,SUV / Cross over,5,N/A,N/A,N/A,N/A,N/A,N/A,N/A,4,> 1 tấn,> 2 tấn,car_p29_s6_1774764320,https://xe.chotot.com/mua-ban-oto-thanh-pho-di-an-binh-duong/131172003.htm
p29_s7_1774764333,𝐍𝐄𝐖 𝐌𝐀𝐙𝐃𝐀 𝐂𝐗-𝟖 𝟐.𝟓 (𝐄𝟓) 𝐋𝐮𝐱𝐮𝐫𝐲 🇯🇵 2026 Sẵn giao,Mazda Other,939.0,🔥Cập nhật giá bán 𝐍𝐞𝐰 𝐌𝐚𝐳𝐝𝐚 𝐂𝐗𝟖 𝐄𝟓 tháng 03/2026: 🔥Sở hữu New Mazda CX8 E5 với ưu đãi cực kỳ hấp dẫn! 🔹 Tặng gói phụ kiện cao cấp & và nhiều ưu đãi khác khi sở hữu xe trong tháng  🔹 Bảo hành 5 năm hoặc 150.000km. 🔹 Hỗ trợ tài chính lên đến 80% giá trị xe  ‐------'------ Chi tiết báo giá liên hệ để em được phục vụ,N/A,N/A,Việt Nam,Mới,Bảo hành hãng,2026,N/A,Tự động,Xăng,SUV / Cross over,7,N/A,N/A,N/A,N/A,N/A,N/A,N/A,N/A,N/A,N/A,car_p29_s7_1774764333,https://xe.chotot.com/mua-ban-oto-thanh-pho-dong-xoai-binh-phuoc/130874331.htm
p29_s8_1774764343,Mazda 3 2022 Luxury Trắng,Mazda 3,550.0,"Mazda 3 luxury sản xuất 2022 30.000.000km, bao check-test  Giá 550.000.000",30000,N/A,Đang cập nhật,Đã sử dụng,Bảo hành hãng,2022,N/A,Tự động,Xăng,N/A,N/A,N/A,N/A,N/A,N/A,N/A,N/A,N/A,N/A,> 1 tấn,> 2 tấn,car_p29_s8_1774764343,https://xe.chotot.com/mua-ban-oto-quan-cam-le-da-nang/131110503.htm
p29_s9_1774764352,Mazda 2 Sport 1.5L Luxury 2023,Mazda 2,448.0,"Mazda 2 sport 1.5L Luxury 2023 Odo: 43.000km Giá bán: 448 triệu - Xe lên màn Androi, camera 360, áp suất lốp, full phim cách nhiệt 3M, dán cách âm full xe.  ❌❌CAM KẾT: 𝐎𝐃𝐎 𝐂𝐡𝐮𝐚̂̉𝐧 - 𝐊𝐡𝐨̂𝐧𝐠 Đ𝐚̂𝐦 Đ𝐮̣𝐧𝐠 𝐍𝐠𝐚̣̂𝐩 𝐍𝐮̛𝐨̛́𝐜 🚘Xem xe Cần Thơ  📞Liên hệ ***",43000,N/A,Thái Lan,Đã sử dụng,Bảo hành hãng,2023,N/A,Tự động,Xăng,Hatchback,5,N/A,N/A,N/A,N/A,N/A,N/A,N/A,N/A,> 1 tấn,> 2 tấn,car_p29_s9_1774764352,https://xe.chotot.com/mua-ban-oto-quan-thot-not-can-tho/131167475.htm
p29_s10_1774764365,Mazda 323 1999 Trắng,Mazda 3,58.5,mazda 323 1999 ❤️ máy bao êm ru nha  máy số ngon lành xe sạch sẽ như hình nha  bs bình dương chính chủ ký giấy  bao ký nha anh em  giá 58tr5  có xe che nắng che mưa nha  bên e nhận giao lưu bù trừ giá hợp lý nha  alo ***  để biết thêm chi tiết,200000,N/A,Nước khác,Đã sử dụng,Bảo hành hãng,1999,N/A,Số sàn,Xăng,Sedan,5,N/A,N/A,N/A,N/A,N/A,N/A,N/A,N/A,> 1 tấn,> 2 tấn,car_p29_s10_1774764365,https://xe.chotot.com/mua-ban-oto-huyen-cu-chi-tp-ho-chi-minh/131167258.htm
p29_s11_1774764375,Mazda 2 AT vin 2026 – chỉ 399 triệu,Mazda 2,399.0,"Mazda 2 AT – chỉ 399 triệu  Mazda 2 AT thiết kế trẻ trung, nội thất hiện đại, động cơ tiết kiệm nhiên liệu và vận hành êm ái. Trang bị an toàn đầy đủ, phù hợp di chuyển đô thị. Sở hữu xe Nhật chất lượng với giá chỉ từ 399 triệu – lựa chọn lý tưởng cho người mua xe lần đầu.  🎁 Hiện xe đang có chính sách ưu đãi tốt trong tháng 📩 Anh/Chị quan tâm inbox em để được tư vấn chi tiết và nhận giá ***.  Minh Thanh Mazda Gò Vấp",N/A,N/A,Đang cập nhật,Mới,Bảo hành hãng,2025,1.5 AT,Tự động,Xăng,Hatchback,Khác,N/A,N/A,N/A,N/A,N/A,N/A,N/A,N/A,N/A,N/A,car_p29_s11_1774764375,https://xe.chotot.com/mua-ban-oto-quan-go-vap-tp-ho-chi-minh/131124538.htm
p29_s12_1774764388,Mazda CX30 Luxury 2024 siêu lướt 13.000 km,CX-30,640.0,"Mazda CX30 Luxury 2024 siêu lướt chạy đúng 13.000 km Xe đẹp không lỗi, sơn zin nguyên chiếc, máy số zin... bao check test.  Giá có bớt lộc thêm ạ !",13000,Có,Thái Lan,Đã sử dụng,Bảo hành hãng,2024,Luxury 2.0 AT,Tự động,Xăng,SUV / Cross over,Khác,N/A,N/A,N/A,N/A,N/A,N/A,N/A,N/A,> 1 tấn,> 2 tấn,car_p29_s12_1774764388,https://xe.chotot.com/mua-ban-oto-thanh-pho-thu-duc-tp-ho-chi-minh/131082257.htm
p30_s0_1774764624,Mazda CX-5 Premium Trắng 11516 km,CX-5,815.0,"Mazda CX-5 Premium màu trắng, xe chạy 11516 km.   - Thiết kế hiện đại, nội thất tiện nghi.   - Động cơ mạnh mẽ, vận hành êm ái.   - Xe giữ gìn cẩn thận, sẵn sàng sử dụng.",11516,Có,Đang cập nhật,Đã sử dụng,Bảo hành hãng,2025,Premium Sport 2.0 AT,Tự động,Xăng,N/A,5,N/A,N/A,N/A,N/A,N/A,N/A,N/A,N/A,> 1 tấn,> 2 tấn,car_p30_s0_1774764624,https://xe.chotot.com/mua-ban-oto-huyen-bac-tan-uyen-binh-duong/131159375.htm
p30_s1_1774764636,CẬP NHẬT GIÁ XE MAZDA CX8,CX-8,929.0,"𝐓Ư 𝐕Ấ𝐍 𝐁Á𝐎 𝐆𝐈Á 𝐍𝐄𝐖 𝐌𝐀𝐙𝐃𝐀 𝐂𝐗𝟖🔥  💥Cập nhật giá xe ưu đãi mới nhất:  - 𝐍𝐄𝐖 𝐌𝐀𝐙𝐃𝐀 𝐂𝐗𝟖 𝐋𝐔𝐗𝐔𝐑𝐘: 929 𝑻𝒓𝒊𝒆̣̂𝒖 - 𝐍𝐄𝐖 𝐌𝐀𝐙𝐃𝐀 𝐂𝐗𝟖 𝐏𝐑𝐄𝐌𝐈𝐔𝐌: 𝟗89 𝑻𝒓𝒊𝒆̣̂𝒖 - 𝐍𝐄𝐖 𝐌𝐀𝐙𝐃𝐀 𝐂𝐗𝟖 𝐒𝐈𝐆𝐍𝐀𝐓𝐔𝐑𝐄: 𝟏.𝟎𝟗𝟗 𝑻𝒓𝒊𝒆̣̂𝒖 ✅ Đăng kí lái thử xem xe tận nhà 🎁 Bộ quà tặng chính hãng 𝐌𝐀𝐙𝐃𝐀  🎁 Bảo hành chính hãng 5 năm hoặc 150.000km 🎁 Hỗ trợ ngân hàng lên đến 80%, thủ tục nhanh, lãi suất ưu đãi ✅ Liên hệ để được tư vấn báo giá *** và quà tặng đi kèm  ➖➖➖➖➖➖➖➖➖ 📞 𝐇𝐨𝐭𝐥𝐢𝐧𝐞/𝐙𝐚𝐥𝐨: *** 📌𝐒𝐇𝐎𝐖𝐑𝐎𝐎𝐌 𝐊𝐈𝐀 𝐌𝐀𝐙𝐃𝐀 𝐁𝐈̀𝐍𝐇 𝐓𝐑𝐈𝐄̣̂𝐔 ➡️𝟏𝟐𝟕 & 𝟏𝟓𝟑 𝐐𝐮𝐨̂́𝐜 𝐋𝐨̣̂ 𝟏𝟑, 𝐊𝐏𝟏, 𝐏.𝐇𝐢𝐞̣̂𝐩 𝐁𝐢̀𝐧𝐡, 𝐓𝐏. 𝐇𝐂𝐌",N/A,N/A,Việt Nam,Mới,Bảo hành hãng,2026,N/A,Tự động,Xăng,SUV / Cross over,7,N/A,N/A,N/A,N/A,N/A,N/A,N/A,N/A,N/A,N/A,car_p30_s1_1774764636,https://xe.chotot.com/mua-ban-oto-thanh-pho-thu-duc-tp-ho-chi-minh/129640766.htm
p30_s2_1774764650,Mazda CX5 2025 Premium Sport Đen,CX-5,814.0,"Mazda CX5 Premium Sport 2025 màu đen, dòng SUV 5 chỗ rộng rãi, phù hợp gia đình.   - Thiết kế hiện đại, nội thất tiện nghi.   - Vận hành êm ái, tiết kiệm nhiên liệu.   - Xe giữ gìn cẩn thận, sẵn sàng sử dụng. ✅ Đăng kí lái thử xem xe tận nhà 🎁 Bộ quà tặng chính hãng 𝐌𝐀𝐙𝐃𝐀  🎁 Bảo hành chính hãng 5 năm hoặc 150.000km 🎁 Hỗ trợ ngân hàng lên đến 80%, thủ tục nhanh, lãi suất ưu đãi ✅ Liên hệ để được tư vấn báo giá *** và quà tặng đi kèm  ➖➖➖➖➖➖➖➖➖ 📞 𝐇𝐨𝐭𝐥𝐢𝐧𝐞/𝐙𝐚𝐥𝐨: *** 📌𝐒𝐇𝐎𝐖𝐑𝐎𝐎𝐌 𝐌𝐀𝐙𝐃𝐀 𝐁𝐈̀𝐍𝐇 𝐓𝐑𝐈𝐄̣̂𝐔 ➡️𝟏𝟐𝟕 & 𝟏𝟓𝟑 𝐐𝐮𝐨̂́𝐜 𝐋𝐨̣̂ 𝟏𝟑, 𝐊𝐏𝟏, 𝐏.𝐇𝐢𝐞̣̂𝐩 𝐁𝐢̀𝐧𝐡, 𝐓𝐏. 𝐇𝐂𝐌",N/A,N/A,Việt Nam,Mới,Bảo hành hãng,2025,Premium Sport 2.0 AT,Tự động,Xăng,SUV / Cross over,Khác,N/A,N/A,N/A,N/A,N/A,N/A,N/A,N/A,N/A,N/A,car_p30_s2_1774764650,https://xe.chotot.com/mua-ban-oto-thanh-pho-thu-duc-tp-ho-chi-minh/130867765.htm
p30_s3_1774764661,Mazda 626 1992 Đen,Mazda 6,40.0,mazda 626.đời 1992. mạnh.lạnh.tốt. nội thất đẹp. giá cao nhé. bốn..chục triệu. vì xe rất chuẩn...,250000,N/A,Đang cập nhật,Đã sử dụng,Bảo hành hãng,1992,N/A,Số sàn,Xăng,N/A,5,N/A,N/A,N/A,N/A,N/A,N/A,N/A,N/A,> 1 tấn,> 2 tấn,car_p30_s3_1774764661,https://xe.chotot.com/mua-ban-oto-huyen-krong-a-na-dak-lak/131148983.htm
p30_s4_1774764666,Chính Chủ - Mazda 3 2018 Luxury Trắng,Mazda 3,420.0,"HỒ CHÍ MINH - Chính chủ mình cần bán chiếc Mazda 3 - 2018 Luxury - 1.5 AT, số tự động , cửa sổ trời.Odo: 65.000 km ( đi rất ít ) Xe nguyên bản , đi lại ít từ công ty về nhà. Chỉ lên lazang, lốp Michelin và Camera hành trình. Bao kiểm tra đâm đụng , thuỷ kích. A/c nào thiện chí liên hệ mình xem xe trực tiếp tại nhà .  Xin Cảm Ơn !",65000,N/A,Đang cập nhật,Đã sử dụng,Bảo hành hãng,2018,1.5 AT Sedan,Tự động,Xăng,Hatchback,5,FWD,112 HP @6000 RPM,144 Nm @4000 RPM,1.5,5,4,160,5,> 1 tấn,> 2 tấn,car_p30_s4_1774764666,https://xe.chotot.com/mua-ban-oto-quan-tan-phu-tp-ho-chi-minh/130550114.htm
p30_s5_1774764677,Mazda Cx30 Vin25 Ưu đãi Sốc,CX-30,679.0,"🚘 MAZDA CX-30 - SẴN XE GIAO NGAY 🚘 🔥 ƯU ĐÃI CỰC MẠNH TRONG THÁNG 3 📦 GIÁ BÁN CHỈ TỪ: 679 TRIỆU ✅ Giảm giá tiền mặt khủng, giá bán thấp nhất phân khúc ✅ Quà tặng phụ kiện chính hãng ✅ Lái thử xe tại nhà ✅ Giao xe nhanh – thủ tục linh hoạt ✅ Hỗ trợ thủ tục đăng ký đăng kiểm ✅ Bảo hành 5 năm hoặc 150.000 km",N/A,N/A,Thái Lan,Mới,Bảo hành hãng,2025,N/A,Tự động,Xăng,SUV / Cross over,5,N/A,N/A,N/A,N/A,N/A,N/A,N/A,N/A,N/A,N/A,car_p30_s5_1774764677,https://xe.chotot.com/mua-ban-oto-thanh-pho-thu-duc-tp-ho-chi-minh/131125222.htm
p30_s6_1774764686,Mazda 3 2020 1.5L Luxury - 99999 km,Mazda 3,485.0,"✨Thông tin chi tiết:  * Loại xe: Sedan, phù hợp cho cả gia đình nhỏ và cá nhân. * Năm sản xuất: 2020. * Màu sắc: Trắng, sang trọng và dễ dàng bảo quản. * Số chỗ ngồi: 5 chỗ. * Nhiên liệu: Xăng, tiết kiệm nhiên liệu và dễ dàng tìm kiếm. * Hộp số: Tự động, mang lại trải nghiệm lái xe thoải mái và dễ dàng. * Số km đã đi: 99999 km.",99999,Có,Việt Nam,Đã sử dụng,Bảo hành hãng,2020,1.5L Luxury,Tự động,Xăng,Sedan,5,N/A,N/A,N/A,N/A,N/A,N/A,N/A,4,> 1 tấn,> 2 tấn,car_p30_s6_1774764686,https://xe.chotot.com/mua-ban-oto-thanh-pho-hue-thua-thien-hue/131144453.htm
p30_s7_1774764693,"Mazda CX3 2024 1.5AT,màu đỏ,23.000 km",CX-3,529.0,"Mazda CX3 2024 1.5L, 5 chỗ gầm cao,màu đỏ còn rất mới đẹp. - Odo 23.000 km, biển số 60 Đồng Nai. - Đăng kiểm đến 1/2028 * Giá bán 529 triệu còn bớt lộc. * Bao rút hồ sơ gốc. * Hỗ trợ sang tên các tỉnh. * Hỗ trợ hồ sơ trả góp ngân hàng. * Hỗ trợ giao xe tận nơi. * Thu đổi xe tận nơi giá cao.  *** Cam kết chất lượng xe bán ra : + Không tai nạn, không cháy nổ  + Không ngập nước, thủy kích. + Động cơ,hộp số, khung gầm nguyên bản. + Bảo hành 6 tháng/5000km cho động cơ, hộp số.",23000,Có,Việt Nam,Đã sử dụng,Bảo hành hãng,2024,Deluxe 1.5 AT,Tự động,Xăng,SUV / Cross over,5,N/A,N/A,N/A,N/A,N/A,N/A,N/A,N/A,> 1 tấn,> 2 tấn,car_p30_s7_1774764693,https://xe.chotot.com/mua-ban-oto-quan-binh-tan-tp-ho-chi-minh/131144243.htm
p30_s8_1774764705,Mazda CX3 2024 Đỏ 23.000 km,CX-3,529.0,"Mazda CX3 2024 Odo: 23.000 ĐKLD T1/2025 Cam kết: Odo chuẩn, k đâm đụng, k ngập nước, k đại tu động cơ hộp số, odo chuẩn Giá: 529tr ☎️*** Thy",23000,N/A,Đang cập nhật,Đã sử dụng,Bảo hành hãng,2024,N/A,Tự động,Xăng,N/A,N/A,N/A,N/A,N/A,N/A,N/A,N/A,N/A,N/A,> 1 tấn,> 2 tấn,car_p30_s8_1774764705,https://xe.chotot.com/mua-ban-oto-thanh-pho-thu-duc-tp-ho-chi-minh/131143411.htm
p30_s9_1774764717,Mazda 6 2019 mới đi 46k km,Mazda 6,515.0,"BÁN MAZDA 6 CHO ACE ĐI TẾT  Xe em đăng ký lần đầu 2019, chạy được 46k km (cam kết đúng km, bao check hãng).   Xe này Ba em chạy được 5 năm rồi, do ít đi quá nên toàn nằm trong sân. Màu trắng rất đẹp có trầy xước nhẹ chút bên ngoài ko đáng kể.  Em đã thay nhớt, bảo dưỡng đầy đủ, nên các anh chị em yên tâm chạy tết. Xe em bao đi xa bắc nam, có đảm bảo cho anh chị yên tâm, ko lỗi hay hư hỏng gì cả. Em cam kết máy móc chưa đụng hay tháo, ko tai nạn, ko ngập nước.  Các anh chị cứ trả giá thoải mái, được em bán, ko được thì vui vẻ. Em cám ơn",46000,N/A,Việt Nam,Đã sử dụng,Bảo hành hãng,2018,2.0L Premium,Tự động,Xăng,Sedan,5,FWD,153 HP @6000 RPM,200 Nm @4000 RPM,2,6,6,165,4,> 1 tấn,> 2 tấn,car_p30_s9_1774764717,https://xe.chotot.com/mua-ban-oto-thanh-pho-thu-duc-tp-ho-chi-minh/130699852.htm
p30_s10_1774764730,Mazda CX3 2022 Premium Xám 26.000km,CX-3,570.0,"Em có con mazda CX3 bản premium mua cuối năm 2022 còn rất mới - ô tô sạch sẽ đẹp chưa sửa chữa, ổn định Tình trạng: đi được 26.000km nữ đi ít chỉ chở con quanh thành phố ❗️ Nguyên zin, không ngập nước, không tai nạn, không lỗi 💵 5XX triệu Quan tâm ib hoặc alo em ***",26000,Có,Đang cập nhật,Đã sử dụng,Bảo hành hãng,2022,N/A,Tự động,Xăng,N/A,N/A,N/A,N/A,N/A,N/A,N/A,N/A,N/A,N/A,> 1 tấn,> 2 tấn,car_p30_s10_1774764730,https://xe.chotot.com/mua-ban-oto-quan-hai-chau-da-nang/131140496.htm
p30_s11_1774764737,Mazda CX-30 2024 Luxury Đỏ,CX-30,635.0,"Mazda CX-30 2024 Luxury màu đỏ, xe 5 chỗ, động cơ xăng, hộp số tự động.   - Thiết kế hiện đại, nội thất sang trọng.   - Vận hành êm ái, tiết kiệm nhiên liệu.   Rat mơi đẹp. Kg Lổi nhỏ . Son zin nguyen chiec .",13000,N/A,Việt Nam,Đã sử dụng,Bảo hành hãng,2024,N/A,Tự động,Xăng,N/A,5,N/A,N/A,N/A,N/A,N/A,N/A,N/A,N/A,> 1 tấn,> 2 tấn,car_p30_s11_1774764737,https://xe.chotot.com/mua-ban-oto-thanh-pho-thu-duc-tp-ho-chi-minh/131066897.htm
p30_s12_1774764750,mazda3 2019 Sprot lăn bánh 2020,Mazda 3,485.0,"Xe Du Xuân Cho Các Bác Đây 😍😍😍 Mazda 2019 2.0 Sport đăng kí lần đầu tháng 11/2020 Chất xe đẹp kiểu dáng thể thao,Tiết Kiệm Nhiên Liệu - Loa hay như vũ trường -Trang bị nhiều option: 2 Khoá theo xe, đèn pha xoay theo vô lăng,ga tự động,cửa sổ trời,ghế điện,cam hành trình trước sau,mâm Lốp 18ing Cam kết máy số zin,xe không tai nạn,Ngập Nước Giá 4xy Hỗ trợ trả góp 70% giá trị xe  LH:***",62000,Có,Việt Nam,Đã sử dụng,Bảo hành hãng,2019,2.0L Premium,Tự động,Xăng,Hatchback,Khác,N/A,N/A,N/A,N/A,N/A,N/A,N/A,N/A,> 1 tấn,> 2 tấn,car_p30_s12_1774764750,https://xe.chotot.com/mua-ban-oto-quan-hoang-mai-ha-noi/130836028.htm
p30_s13_1774764763,Mazda BT-50 Bạc 170000 km Tự động,BT-50,320.0,Xe nhà đang sử dụng - máy móc nguyên zin Odo 17 vạn Xe đi lại ít - không còn nhu cầu sử dụng Xem xe tại nhà 147 vạn phúc hà đông,170000,N/A,Đang cập nhật,Đã sử dụng,Bảo hành hãng,2015,N/A,Tự động,Dầu,Pick-up (bán tải),5,N/A,N/A,N/A,N/A,N/A,N/A,N/A,N/A,> 1 tấn,> 2 tấn,car_p30_s13_1774764763,https://xe.chotot.com/mua-ban-oto-quan-ha-dong-ha-noi/131133038.htm
p30_s14_1774764774,Mazda CX5 2022 Signature Premium 2.5 AWD,CX-5,750.0,"Mazda Cx5 Signature Premium 2.5 AWD sx 2022 bản đắt nhất màu xám. Xe 1 chủ từ mới lăn bánh T4/22. Odo 2,4 vạn km zin, full lịch sử bảo dưỡng hãng. Xe đẹp xuất sắc.",24000,N/A,Đang cập nhật,Đã sử dụng,Bảo hành hãng,2022,N/A,Bán tự động,Xăng,N/A,5,N/A,N/A,N/A,N/A,N/A,N/A,N/A,N/A,> 1 tấn,> 2 tấn,car_p30_s14_1774764774,https://xe.chotot.com/mua-ban-oto-quan-cau-giay-ha-noi/131131739.htm
p30_s15_1774764784,Mazda CX8 2025 2.5 AWD Trắng,CX-8,1150.0,"CX8 2.5 AWD PREMIUM SIGNATURE sxuat 2025 ( đăng ký 2026 ) , xe 1 chủ Hà Nội phố cổ đi 3.000km ( Ba Nghìn Cây ) , sơn zin cả xe , nội thất da còn thơm nguyên mùi mới , bản cao cấp nhất full option..",3000,N/A,Đang cập nhật,Đã sử dụng,Bảo hành hãng,2025,N/A,Bán tự động,Xăng,N/A,7,N/A,N/A,N/A,N/A,N/A,N/A,N/A,N/A,> 1 tấn,> 2 tấn,car_p30_s15_1774764784,https://xe.chotot.com/mua-ban-oto-quan-cau-giay-ha-noi/131131625.htm
p30_s16_1774764794,"Mazda CX8 Deluxe 2021 Đen - 60,000 KM",CX-8,679.0,"✧ Bán xe Mazda CX8 Deluxe 2021, số tự động, máy xăng 2.5L, một cầu, màu đen, nội thất đen. ✧ ODO chuẩn: 60,000 KM. Full lịch sử hãng, chất xe chủ đi giữ kỹ rất mới. ✧ Xe trang bị: 7 chỗ, hệ thống đèn Full Led, ghế da chỉnh điện, màn hình giải trí, camera lùi, dán Film cách nhiệt, thảm lót sàn … ✧ TÌNH TRẠNG XE: Xe không lỗi, tuyệt vời, (động cơ, hộp số, keo chỉ, khung gầm) zin nguyên bản, nội ngoại thất sạch sẽ. ✧ XE ĐƯỢC CAM KẾT: Không tai nạn đâm đụng, không ngập nước, không tua KM, không phạt nguội. ✧ Xem xe bao thầy thợ kiểm tra và test hãng toàn quốc, bao Check theo yêu cầu người mua. ✧ Hỗ trợ vay ngân hàng. ✧ Hỗ trợ sang tên. ✧ Hỗ trợ giao xe toàn quốc. ✧ Bảo hành khi mua. ✧ Cam kết chất lượng bằng văn bản.  ✧ Có nhận giao lưu, trao đổi các dòng xe khác. ✧ Giá bán: 679,000,000 đ (còn thương lượng).",60000,Có,Việt Nam,Đã sử dụng,Bảo hành hãng,2021,Deluxe,Tự động,Xăng,SUV / Cross over,7,N/A,N/A,N/A,N/A,N/A,N/A,N/A,5,> 1 tấn,> 2 tấn,car_p30_s16_1774764794,https://xe.chotot.com/mua-ban-oto-thanh-pho-thu-duc-tp-ho-chi-minh/130851409.htm
p30_s17_1774764806,Mazda CX-3 2025 1.5 Deluxe Trắng,CX-3,548.0,"Mazda CX-3 1.5 Deluxe đời 2025 màu trắng, xe mới mua, chạy 6.000 km.   - Xe còn mới, nguyên bản.   - Thiết kế trẻ trung, vận hành linh hoạt.   - Giá 548 triệu.",6000,Có,Nước khác,Đã sử dụng,Bảo hành hãng,2025,Deluxe 1.5 AT,Tự động,Xăng,SUV / Cross over,Khác,N/A,N/A,N/A,N/A,N/A,N/A,N/A,N/A,> 1 tấn,> 2 tấn,car_p30_s17_1774764806,https://xe.chotot.com/mua-ban-oto-thanh-pho-di-an-binh-duong/131130228.htm
p30_s18_1774764818,Mazda 3 2023 1.5L Luxury - 16000 km - Hà Nội,Mazda 3,570.0,"Chính chủ mình bán  Mazda3 1.5 luxurry năm sx,đk 11/2023  xe 1 chủ hà nội từ mới. xe chạy đúng 1v6 km zin,(full lịch sử bảo duởng hãng) chủ đi rất giữ gìn,nội ngoại thất còn đẹp như mới,lốp theo xe cả dàn dày bịch,sơ cua chưa hạ. Em cam kết xe nguyên bản ko 1 lỗi j.ae lấy người nhà yên tâm tuyệt đối. Ae quan tâm xin lh :***",16000,N/A,Việt Nam,Đã sử dụng,Bảo hành hãng,2023,1.5L Luxury,Tự động,Xăng,Sedan,Khác,N/A,N/A,N/A,N/A,N/A,N/A,N/A,N/A,> 1 tấn,> 2 tấn,car_p30_s18_1774764818,https://xe.chotot.com/mua-ban-oto-huyen-dan-phuong-ha-noi/131130147.htm
p30_s19_1774764826,mazda 3 1.5L Luxury - 2025 lướt 7 ngìn,Mazda 3,599.0,"Mazda 3 1.5L Luxury màu đỏ, đăng ký lần đầu 2025.  - Xe lướt 7.000 km, tình trạng như mới.  - Không lỗi nhỏ, bảo dưỡng đầy đủ tại hãng, sơn zin cả xe.  - Thiết kế sang trọng, vận hành êm ái. Ae thiện chí alo e co giá êm ạ - thanks",7000,Có,Đang cập nhật,Đã sử dụng,Bảo hành hãng,2025,N/A,Tự động,Xăng,N/A,N/A,N/A,N/A,N/A,N/A,N/A,N/A,N/A,N/A,> 1 tấn,> 2 tấn,car_p30_s19_1774764826,https://xe.chotot.com/mua-ban-quan-12-tp-ho-chi-minh/131128560.htm
p31_s0_1774764847,mazda 3 1.5L Luxury - 2025 lướt 7 ngìn,Mazda 3,599.0,"Mazda 3 1.5L Luxury màu đỏ, đăng ký lần đầu 2025.  - Xe lướt 7.000 km, tình trạng như mới.  - Không lỗi nhỏ, bảo dưỡng đầy đủ tại hãng, sơn zin cả xe.  - Thiết kế sang trọng, vận hành êm ái. Ae thiện chí alo e co giá êm ạ - thanks",7000,Có,Đang cập nhật,Đã sử dụng,Bảo hành hãng,2025,N/A,Tự động,Xăng,N/A,N/A,N/A,N/A,N/A,N/A,N/A,N/A,N/A,N/A,> 1 tấn,> 2 tấn,car_p31_s0_1774764847,https://xe.chotot.com/mua-ban-oto-quan-12-tp-ho-chi-minh/131128560.htm
p31_s1_1774764859,Mazda 2 2018 màu Đỏ,Mazda 2,315.0,"Mazda 2 màu đỏ, xe Nhật Bản bền bỉ, thiết kế trẻ trung, năng động.  - Xe 5 chỗ, hộp số tự động, dùng nhiên liệu xăng.  - Ngoại hình đẹp, nội thất tiện nghi.  - Xe sẵn sàng lăn bánh.",66000,Có,Nhật Bản,Đã sử dụng,Bảo hành hãng,2018,N/A,Tự động,Xăng,Sedan,5,N/A,N/A,N/A,N/A,N/A,N/A,N/A,N/A,> 1 tấn,> 2 tấn,car_p31_s1_1774764859,https://xe.chotot.com/mua-ban-oto-thanh-pho-long-khanh-dong-nai/131048442.htm
p31_s2_1774764870,Mazda 3 2018 Hatchback Xanh,Mazda 3,413.0,"Cần bán Mazda 3 hatchback xanh cavansite 2018.Xe gia đình nói không với dịch vụ,xe đẹp khung gầm chắc chắn, có xước dăm.Đăng kiểm còn dài.pháp lý rõ ràng chính chủ Check test thoải mái.Ae thiện chí liên hệ *** tên Nam",70000,N/A,Đang cập nhật,Đã sử dụng,Bảo hành hãng,2018,1.5 AT,Tự động,Xăng,Hatchback,5,N/A,N/A,N/A,N/A,N/A,N/A,N/A,N/A,> 1 tấn,> 2 tấn,car_p31_s2_1774764870,https://xe.chotot.com/mua-ban-oto-huyen-gia-lam-ha-noi/131128043.htm
p31_s3_1774764880,Mazda BT-50 Xám xanh,BT-50,390.0,"Mazda BT-50 màu xám xanh, xe bán tải 5 chỗ, động cơ dầu tiết kiệm nhiên liệu.   - Hộp số sàn, vận hành mạnh mẽ.   - Phù hợp đi công trường, chở hàng hoặc đi gia đình.",140000,N/A,Đang cập nhật,Đã sử dụng,Bảo hành hãng,2017,N/A,Số sàn,Dầu,Pick-up (bán tải),5,N/A,N/A,N/A,N/A,N/A,N/A,N/A,N/A,> 1 tấn,> 2 tấn,car_p31_s3_1774764880,https://xe.chotot.com/mua-ban-oto-quan-binh-tan-tp-ho-chi-minh/131126773.htm
p31_s4_1774764891,Mazda BT-50 2.2 AT chính chủ cần bán,BT-50,285.0,Đổi nhu cầu ra đi em BT50 2.2 AT đk 2014 nhập Thái Máy số bao zin ko lỗi Em chính chủ bán giá tốt cho người sử dụng,213000,Có,Đang cập nhật,Đã sử dụng,Bảo hành hãng,2014,2.2L 4x2 AT,Tự động,Dầu,Pick-up (bán tải),Khác,N/A,N/A,N/A,N/A,N/A,N/A,N/A,N/A,> 1 tấn,> 2 tấn,car_p31_s4_1774764891,https://xe.chotot.com/mua-ban-oto-thanh-pho-thuan-an-binh-duong/130810718.htm
p31_s5_1774764901,Mazda Mazda3 2015 1.5AT Trắng,Mazda 3,355.0,"- Bán xe Mazda3 1.5AT màu trắng, sản xuất 2015 tên cá nhân biển hà nội, chạy 11v km bảo dưỡng đầy đủ lên xe còn cực mới và đẹp, gầm bệ êm ái chắc lịch, máy số ngọt ngào, cam kết xe zin, ko đâm đụng va quyệt, keo chỉ cột kèo đinh tán zin, máy số động cơ nguyên bản, ko ra máy ko thuỷ kích ko ngập nước, check tes thoả mái... - Xe trang bị : Ghế da xịn theo xe, màn hình cam lùi, đề nổ cửa nóc, điều hoà auto, tích hợp vô lămg, ga tự động, gập gương, và nhiều tính năng khác theo xe ...!",110000,N/A,Đang cập nhật,Đã sử dụng,Bảo hành hãng,2015,N/A,Tự động,Xăng,Sedan,5,N/A,N/A,N/A,N/A,N/A,N/A,N/A,N/A,> 1 tấn,> 2 tấn,car_p31_s5_1774764901,https://xe.chotot.com/mua-ban-oto-quan-nam-tu-liem-ha-noi/131124548.htm
p31_s6_1774764912,"Mazda Cx5 2.0AT 2017 61,000 km full lịch sử",CX-5,485.0,"- Cần bán Mazda Cx5 2.0AT 2017 cam kết odo chuẩn 62,000 km. Full lịch sử hãng. Sơn zin còn nhiều. Tình trạng gần như mới - Bánh sơ cua chưa hạ. 4 vỏ mới thay  - Trang bị full option: ghế điện, cửa sổ trời, đề Star/stop, phanh tay điện tử, đầu DVD, camera de, HUD kính hiển thị tốc độ, camera Hành Trình VietMap cảnh báo giao thông.  - Cam kết đúng km. Không đâm đụng, ngập nước, máy số zin - Bán bao rút hồ sơ gốc, bao pháp lý, phạt nguội - Thiện chí xem xe giá cả còn thương lượng",61000,Có,Việt Nam,Đã sử dụng,Bảo hành hãng,2017,2.0L FWD,Tự động,Xăng,SUV / Cross over,5,N/A,153 Hp @6000 RPM,200 Nm @4000 RPM,2,N/A,6,200,5,> 1 tấn,> 2 tấn,car_p31_s6_1774764912,https://xe.chotot.com/mua-ban-oto-quan-binh-tan-tp-ho-chi-minh/131124212.htm
p31_s7_1774764922,MAZDA 3 - ƯU ĐÃI TIỀN MẶT - QUÀ TẶNG BH THÂN VỎ XE,Mazda 3,569.0,"𝐍𝐄𝐖 𝐌𝐀𝐙𝐃𝐀 3 giảm giá mạnh nay chỉ từ 569 TRIỆU với các hỗ trợ:  ✅ Ưu đãi giảm giá + Quà tặng phụ kiện + BHVC XE ✅ Hỗ trợ trả trước chỉ từ 205TR nhận xe ✅ Hỗ trợ ngân hàng lãi suất thấp 6.5% - duyệt hồ sơ nhanh chóng ✅ Bảo hành 5 năm hoặc 150 000km ✅ Hỗ trợ lái thử miễn phí, tận nhà 🎁 Tặng Film cách nhiệt của Mỹ, thảm lót sàn, lót cốp, ốp pô sau, cánh hướng gió, xăng nhiên liệu, miễn phí công bảo dưỡng, dù cầm tay Mazda, túi cứu hộ 4 món tiêu chuẩn… và nhiều quà tặng giá trị cao khi liên hệ xem xe trực tiếp tại Showroom ——————————————— 📲Liên hệ: *** - em Thành Mazda để nhận ưu đãi và hỗ trợ ngay",N/A,N/A,Việt Nam,Mới,Bảo hành hãng,2026,N/A,Tự động,Xăng,Sedan,5,N/A,N/A,N/A,N/A,N/A,N/A,N/A,N/A,N/A,N/A,car_p31_s7_1774764922,https://xe.chotot.com/mua-ban-oto-quan-tan-phu-tp-ho-chi-minh/124920633.htm
p31_s8_1774764932,MAZDA 3 LUXURY 2024 – XE LƯỚT ĐẸP NHƯ MỚI,Mazda 3,609.0,"🚗 MAZDA 3 LUXURY 2024 – XE LƯỚT ĐẸP NHƯ MỚI 🚗  ✨ Cập bến Mazda 3 Luxury 2024 – form mới, thiết kế KODO sang trọng, nhìn là mê ✨ Odo: 7.000km – xe lướt cực ít, gần như mới tinh ✨ Trang bị đầy đủ: màn hình lớn, Apple CarPlay, ghế da, cruise control, phanh tay điện tử…  💰 Giá: 6xx triệu 📞 Liên hệ ngay: ***  ✨ Cam kết: ✨ Xe không đâm đụng – không ngập nước ✨ Máy số zin 100% – odo chuẩn ✨ Pháp lý rõ ràng – hỗ trợ bank 70% ✨ Hỗ trợ sang tên – thu xe cũ giá cao  #Mazda3Luxury2024 #Mazda3Cu #SedanHangC #XeLuot #OtoCuTPHCM #XeDepGiaTot",7800,Có,Việt Nam,Đã sử dụng,Bảo hành hãng,2024,N/A,Tự động,Xăng,Sedan,5,N/A,N/A,N/A,N/A,N/A,N/A,N/A,N/A,> 1 tấn,> 2 tấn,car_p31_s8_1774764932,https://xe.chotot.com/mua-ban-oto-thanh-pho-thu-duc-tp-ho-chi-minh/131031805.htm
p31_s9_1774764943,Mazda 3 2024 1.5 Luxury 10.600 Km,Mazda 3,612.0,"Mazda 3 1.5 Luxury đời 2024 màu trắng, xe đẹp, chạy êm.  - Odo: 10.600 Km.  - Thiết kế sang trọng, nội thất tiện nghi.  - Giá: 612 triệu.",10600,Có,Đang cập nhật,Đã sử dụng,Bảo hành hãng,2024,N/A,Tự động,Xăng,Sedan,5,N/A,N/A,N/A,N/A,N/A,N/A,N/A,N/A,> 1 tấn,> 2 tấn,car_p31_s9_1774764943,https://xe.chotot.com/mua-ban-oto-quan-cai-rang-can-tho/131120581.htm
p31_s10_1774764955,Mazda BT-50 2017 MT 2 cầu,BT-50,360.0,"Mazda BT-50 2017 số sàn hai cầu màu xám xanh, dòng bán tải mạnh mẽ, bền bỉ.   - Động cơ dầu, hộp số sàn.   - Xe 5 chỗ, nội thất rộng rãi.   - Phù hợp đi công trường, chở hàng hoặc gia đình. - Bên e vừa mua vừa bán LH ***",150000,Có,Đang cập nhật,Đã sử dụng,Bảo hành hãng,2017,N/A,Số sàn,Dầu,N/A,5,N/A,N/A,N/A,N/A,N/A,N/A,N/A,N/A,> 1 tấn,> 2 tấn,car_p31_s10_1774764955,https://xe.chotot.com/mua-ban-oto-quan-ha-dong-ha-noi/131120343.htm
p31_s11_1774764967,🪭 MAZDA 2 SEDAN AT MODEL 2025 ♦️💎,Mazda 2,375.0,"🔰 MAZDA 2 SEDAN BẢN AT 🔰  ▪️Sx : 2024 ▪️ Lăn bánh : 7v km ▪️Đã trang bị thêm màn hình androi ▪️Giá nay chỉ : 375tr  🚘🚘🚘 THANH HUY AUTO 🚘🚘🚘   📣 Cam kết không tai nạn , Không ngập nước, không phạt nguội, Pháp lý rõ ràng.  📣 Thu mua ô tô giá cao ‼️ Hỗ trợ vay ngân hàng lãi suất tốt  ✅ 392-394 Phan Châu Trinh.Đà Nẵng 🍀🍀 Hotline : 🍀🍀 💐Hân hạnh được phục vụ ❤️ 💐Xin chân thành cám ơn ❤️",70000,N/A,Đang cập nhật,Đã sử dụng,Bảo hành hãng,2024,N/A,Tự động,Xăng,Sedan,N/A,N/A,N/A,N/A,N/A,N/A,N/A,N/A,N/A,> 1 tấn,> 2 tấn,car_p31_s11_1774764967,https://xe.chotot.com/mua-ban-oto-quan-hai-chau-da-nang/131119794.htm
p31_s12_1774764980,Mazda CX8 2024 Premium Trắng 2 vạn km,CX-8,970.0,"CX8 2024 Premium trắng tinh khôi  phom dáng mới nhất, chạy 2 vạn km Chất lượng tuyệt đối, bao check thoải mái   Chỉ 9xx triệu  Có hỗ trợ ngân hàng   Xem xe tại hà nội   Nhận trao đổi hoặc thu mua xe #mazdacx8",20000,N/A,Đang cập nhật,Đã sử dụng,Bảo hành hãng,2024,N/A,Tự động,Xăng,N/A,N/A,N/A,N/A,N/A,N/A,N/A,N/A,N/A,N/A,> 1 tấn,> 2 tấn,car_p31_s12_1774764980,https://xe.chotot.com/mua-ban-oto-quan-cau-giay-ha-noi/131017010.htm
p31_s13_1774764993,Mazda 3 Luxury Sport 2023 36000 km,Mazda 3,535.0,"Mazda 3 Luxury Sport đăng ký 2023 odo zin 3,6 vạn, xe như mới",36000,N/A,Đang cập nhật,Đã sử dụng,Bảo hành hãng,2023,N/A,Tự động,Xăng,N/A,N/A,N/A,N/A,N/A,N/A,N/A,N/A,N/A,N/A,> 1 tấn,> 2 tấn,car_p31_s13_1774764993,https://xe.chotot.com/mua-ban-oto-quan-hoang-mai-ha-noi/130735291.htm
p31_s14_1774765006,Mazda 3 2018 Trắng 100000 km,Mazda 3,429.0,"MAZDA 3 2018 – XE HẠNG C *** , GIÁ CHỈ HƠN 400 TRIỆU Nếu anh em đang tìm một chiếc xe vừa đi làm sang, vừa đi chơi lịch lãm thì không thể bỏ qua em Mazda 3 này: Đời xe: Sản xuất 2018, form dáng Kodo trẻ trung, vượt thời gian. Option nổi bật: Đã có phanh tay điện tử, chế độ lái Sport, cửa sổ trời, màn hình Mazda Connect...  Nguồn gốc: Biển Hà Nội Tình trạng: Odo 10v km (Xe chạy giữ gìn, bảo dưỡng đều, máy móc êm). Cam kết: Bao check test toàn quốc theo yêu cầu. Xe sẵn sử dụng, không cần tốn thêm chi phí bảo dưỡng.  Giá chào bán: 429 Triệu (Có thương lượng sâu cho anh em thiện chí).",100000,Có,Nước khác,Đã sử dụng,Bảo hành hãng,2018,1.5 AT,Tự động,Xăng,Sedan,Khác,N/A,N/A,N/A,N/A,N/A,N/A,N/A,N/A,> 1 tấn,> 2 tấn,car_p31_s14_1774765006,https://xe.chotot.com/mua-ban-oto-quan-long-bien-ha-noi/131113551.htm
p31_s15_1774765019,Mazda CX5 2023- Odo: 40K- 1 chủ,CX-5,759.0,"🚘 Mazda CX5 2023 2.0 Premium  - Odo: 40.000km- 1 chủ - Trang bị: Ghế điện, ghế da, cửa sổ trời, cảm biến trước sau, cốp điện, cửa sổ trời, auto hold, phanh tay điện tử, đèn led, crusie control,cam 360, màn hình, cảm biến áp suất lốp, dán phim, lót sàn, lót cốp... - Giá: 759tr- bớt lộc, hỗ trợ bank ☎️ *** Thy",40000,N/A,Đang cập nhật,Đã sử dụng,Bảo hành hãng,2023,N/A,Tự động,Xăng,N/A,N/A,N/A,N/A,N/A,N/A,N/A,N/A,N/A,N/A,> 1 tấn,> 2 tấn,car_p31_s15_1774765019,https://xe.chotot.com/mua-ban-oto-thanh-pho-thu-duc-tp-ho-chi-minh/131112389.htm
p31_s16_1774765031,"Mazda CX5 2023 Premium 2.0L, màu đen,đi 40.000 km",CX-5,759.0,"Mazda CX5 2023 Premium 2.0L, 5 chỗ,màu đen còn rất mới đẹp. - Odo 40.000 km, biển số HCM,1 chủ. - Đăng kiểm đến 10/2026. - Trang bị camera 360, 2 ghế chỉnh điện, cốp điện,phanh tay điện tử,cửa sổ trời,... * Giá bán 759 triệu còn bớt lộc. * Bao rút hồ sơ gốc. * Hỗ trợ sang tên các tỉnh. * Hỗ trợ hồ sơ trả góp ngân hàng. * Hỗ trợ giao xe tận nơi. * Thu đổi xe tận nơi giá cao.  *** Cam kết chất lượng xe bán ra : + Không tai nạn, không cháy nổ  + Không ngập nước, thủy kích. + Động cơ,hộp số, khung gầm nguyên bản. + Bảo hành 6 tháng/5000km cho động cơ, hộp số.",40000,Có,Việt Nam,Đã sử dụng,Bảo hành hãng,2023,Premium 2.0 AT,Tự động,Xăng,SUV / Cross over,5,N/A,N/A,N/A,N/A,N/A,N/A,N/A,N/A,> 1 tấn,> 2 tấn,car_p31_s16_1774765031,https://xe.chotot.com/mua-ban-oto-quan-binh-tan-tp-ho-chi-minh/131112240.htm
p31_s17_1774765043,MAZDA CX8 2022 2.5 AT LUXURY - 39000 km,CX-8,788.0,"MAZDA CX8 2022 2.5 AT LUXURY 62A 41909 Odo: 39.000 km (nguyên bản)  Giá bán 788 triệu ( bao rút hồ sơ )  Xe có lên màn hình android + camera 360 , film cách nhiệt 3M, sàn da 5D 360",38997,Có,Nước khác,Đã sử dụng,Bảo hành hãng,2022,2.5 Luxury,Tự động,Xăng,SUV / Cross over,7,N/A,N/A,N/A,N/A,N/A,N/A,N/A,5,> 1 tấn,> 2 tấn,car_p31_s17_1774765043,https://xe.chotot.com/mua-ban-thanh-pho-di-an-binh-duong/130952684.htm
p31_s18_1774765055,Mazda 3 Sport Premium Đỏ,Mazda 3,600.0,"Mazda 3 Sport Premium sản xuất và lăn bánh tháng 9/2023, 01 đời chủ mua từ mới, đây là bản cao cấp nhất trong phân khúc, đã lên camera 360, chống ồn toàn xe, cam kết ko đâm đụng, ko ngập nước( xe ở trong thành phố nên ko bị ngập nước, ngoài TP phường tây NT mới ngập), bao check toàn quốc",59299,Có,Việt Nam,Đã sử dụng,Bảo hành hãng,2023,N/A,Tự động,Xăng,Hatchback,5,N/A,N/A,N/A,N/A,N/A,N/A,N/A,N/A,> 1 tấn,> 2 tấn,car_p31_s18_1774765055,https://xe.chotot.com/mua-ban-thanh-pho-nha-trang-khanh-hoa/131110178.htm
p32_s0_1774765074,cx5 2025 cao nhất,CX-5,866.0,Cx5 2025 bản cao cấp nhất Đi mới 736 km siêu lướt Rẻ hơn xe mới 100 củ hơn Xe như mới,738,Có,Đang cập nhật,Đã sử dụng,Bảo hành hãng,2025,N/A,Tự động,Xăng,SUV / Cross over,5,N/A,N/A,N/A,N/A,N/A,N/A,N/A,N/A,> 1 tấn,> 2 tấn,car_p32_s0_1774765074,https://xe.chotot.com/mua-ban-oto-quan-binh-tan-tp-ho-chi-minh/131026177.htm
p32_s1_1774765085,Mazda CX-8 2019 2.5 Premium Đỏ,CX-8,745.0,"Mazda CX-8 2.5 Premium 2019 (1 cầu) màu đỏ, thiết kế sang trọng, không gian rộng rãi.  - Odo: 49.000 km, xe giữ gìn cẩn thận.  - Trang bị đầy đủ tiện nghi.  - Giá 745 triệu.",49000,Có,Đang cập nhật,Đã sử dụng,Bảo hành hãng,2019,Premium,Tự động,Xăng,SUV / Cross over,5,FWD,188 Hp @ 6000 rpm,252Nm @ 4000 rpm,2.5,6,N/A,200,5,> 1 tấn,> 2 tấn,car_p32_s1_1774765085,https://xe.chotot.com/mua-ban-oto-thanh-pho-di-an-binh-duong/131109942.htm
p32_s2_1774765097,Mazda 3 2005 Bạc,Mazda 3,115.0,mazda3 2005 xe chính chủ xe đẹp  rin từ trong ra ngoài  giá bán 115tr ***,183393,Có,Việt Nam,Đã sử dụng,Bảo hành hãng,2005,N/A,Số sàn,Xăng,N/A,4,N/A,N/A,N/A,N/A,N/A,N/A,N/A,N/A,> 1 tấn,> 2 tấn,car_p32_s2_1774765097,https://xe.chotot.com/mua-ban-oto-huyen-phu-cat-binh-dinh/131109198.htm
p32_s3_1774765106,New Mazda 3 Full màu ưu đãi giảm 35 Triệu,Mazda 3,579.0,"MAZDA3 | ƯU ĐÃI ĐẶC BIỆT LÊN ĐẾN 35 TRIỆU ĐỒNG*  Xuân mới là thời điểm lý tưởng để khởi đầu những hành trình mới. Mazda3 đồng hành cùng bạn với thiết kế hiện đại, cảm giác lái mượt mà và không gian nội thất tinh tế – lựa chọn phù hợp cho người trẻ thành đạt và gia đình nhỏ yêu phong cách sống chất lượng. 🎉 Ưu đãi đón Tết dành cho Mazda3: 🎁 Ưu đãi giá lên đến 35 triệu đồng (*) 🎁Quà tặng 01 năm bảo hiểm vật chất (*) 🎁 Lì xì Voucher dịch vụ lên đến 5 triệu đồng (*) (tuỳ phiên bản áp dụng.) 🎁 Trả trước chỉ từ 115 triệu đồng  📩 Inbox ngay để được tư vấn chi tiết phiên bản – màu sắc – chương trình ưu đãi 📞 Đăng ký lái thử Mazda3 và sẵn sàng cho một khởi đầu mới đầy cảm hứng.  #Mazda #ThacoAutoTPHCM #MazdaHoChiMinh #Mazda3 --------------------------- THACO AUTO BÌNH TRIỆU 📍 Địa chỉ: 127 Quốc Lộ 13 , Hiệp Bình , Thủ Đức",N/A,N/A,Việt Nam,Mới,Bảo hành hãng,2026,N/A,Tự động,Xăng,Sedan,5,N/A,N/A,N/A,N/A,N/A,N/A,N/A,N/A,N/A,N/A,car_p32_s3_1774765106,https://xe.chotot.com/mua-ban-oto-thanh-pho-thu-duc-tp-ho-chi-minh/131107699.htm
p32_s4_1774765114,Mazda 3 2020 Premium 60000 km Xanh,Mazda 3,530.0,"Xe all new mazda 3 premium 2020 60000km Xe gia đình 1 chủ, đi kỹ Trang bị sẵn camera hành trình cảnh báo giao thông bằng giọng nói Vietmap, đèn led viền 4 cửa, cảm biến áp suất lốp, bảo dưỡng định kỳ đầy đủ. Nay kẹt vốn nên muốn sang nhượng lại giá 530tr. KHÔNG TRẢ GIÁ, MIỄN TIẾP CÒ LÁI VÀ MUA BÁN LẠI",60000,N/A,Đang cập nhật,Đã sử dụng,Bảo hành hãng,2020,N/A,Tự động,Xăng,N/A,N/A,N/A,N/A,N/A,N/A,N/A,N/A,N/A,N/A,> 1 tấn,> 2 tấn,car_p32_s4_1774765114,https://xe.chotot.com/mua-ban-oto-huyen-cu-chi-tp-ho-chi-minh/131105125.htm
p32_s5_1774765120,Mazda 3 Sport - 2024 1.5 Premium lướt 2van,Mazda 3,649.0,"👉 🚘 Mazda 3 Sport 1.5 Premium Fulloption.  - Sx 2024. (Lướt 28 ngìn - Đẹp ken ) - Ko lõi nhỏ , bảo dưỡng full hãng . 🌾 - AE xem xe có bớt ạ 🥰 AE-Quý Khách quan tâm lh e nha- cảm ơn.",28000,Có,Việt Nam,Đã sử dụng,Bảo hành hãng,2024,N/A,Tự động,Xăng,Hatchback,5,N/A,N/A,N/A,N/A,N/A,N/A,N/A,N/A,> 1 tấn,> 2 tấn,car_p32_s5_1774765120,https://xe.chotot.com/mua-ban-oto-quan-12-tp-ho-chi-minh/131103673.htm
p32_s6_1774765133,MAZDA CX8 – 2022,CX-8,789.0,"🔥 MAZDA CX8 – 2022 | ĐẲNG CẤP VÀ SANG TRỌNG 🔥  • Động cơ SKYACTIV-G 2.5L • Lịch sử bảo dưỡng hãng sạch sẽ, không lỗi, không va chạm. • Xe vận hành êm ái, phù hợp đi phố lẫn đường dài.  🚘 Ngoại thất cực chất:  • Bộ mâm hợp kim 19 inch  • Lốp Yokoham chính hãng – êm ái, bám đường hoàn hảo   * Trang Bị:  • Cụm đèn trước: LED chiếu xa/gần, đèn LED chạy ban ngày  • Cụm đèn sau: Dạng LED • Gương chỉnh điện và gập điện  • Xe vận hành êm ái, phù hợp đi phố lẫn đường dài.  🛋️ Nội thất xa xỉ:  • Toàn bộ nội thất bọc da cao cấp  • Ghế Nappa, hàng ghế trước và sau gập điện tiện dụng  • Vô lăng bọc da tích hợp nút điều khiển và tính năng sưởi   • Màn hình 8”, 10 loa Bose  ❄️ Công nghệ & tiện nghi:  • Hệ thống lạnh 3 vùng độc lập – làm mát nhanh & sâu  • Hỗ trợ lái trong sương mù  📌 Thông số xe:  • Odo: 22.387 km  • Sản xuất: 2022  • Phiên bản: Deluxe  💰 Giá cực tốt – còn thương lượng cho khách mến iu ❤️  📍Xem xe tại TP.HCM. Hỗ trợ thủ tục sang tên nhanh gọn, minh bạch.  📞 Liên hệ ngay: *** (Gọi trực tiếp để xem xe)",22387,Có,Đang cập nhật,Đã sử dụng,Bảo hành hãng,2022,Deluxe,Tự động,Xăng,SUV / Cross over,7,N/A,N/A,N/A,N/A,N/A,N/A,N/A,N/A,> 1 tấn,> 2 tấn,car_p32_s6_1774765133,https://xe.chotot.com/mua-ban-oto-huyen-hoc-mon-tp-ho-chi-minh/131048618.htm
p32_s7_1774765147,Mazda CX-5 2023 Exclusive - XE DEMO CÔNG TY,CX-5,780.0,"*** Một Chiếc CX-5 Exclusive 2023 - XE DEMO LÁI THỬ CÔNG TY + Odo: 31k km + Không Đâm Đụng, Không Thủy Kích, bao check tại Hãng.  + Giá Hấp dẫn 780.000.000đ. Liên hệ sdt em ngay để hỗ trợ nhé  + Xem xe trực tiếp tại hãng, liên hệ em ngay nhé.",31024,N/A,Nhật Bản,Đã sử dụng,Bảo hành hãng,2023,2.0 Premium Exclusive,Tự động,Xăng,SUV / Cross over,Khác,N/A,N/A,N/A,N/A,N/A,N/A,N/A,N/A,> 1 tấn,> 2 tấn,car_p32_s7_1774765147,https://xe.chotot.com/mua-ban-oto-quan-6-tp-ho-chi-minh/129874346.htm
p32_s8_1774765158,Mazda CX9 2012 3.7AT AWD,Mazda Other,333.0,"CX9 3.7AT AWD sx 2012 nhập khẩu, tên cá nhân, ghế da bò, chìa smarkey, cửa sổ trời, điều hoà auto 3 vùng độc lập, tích hợp volang, ga tự động, vân gỗ cacbon, loa bose, ghế điện nhớ 3 vị trị, bầu trời công nghệ, lốp mới, đăng kiểm vừa khám.   “Chẳng có gì là tự nhiên rẻ. Đã rẻ thì không có xe đẹp, đã đẹp thì không có rẻ” ⭐️5 TIÊU CHÍ VÀNG Tại VĨNH CƯỜNG AUTO 1.Xe không bị tai nạn. 2.Xe không đại tu động cơ và hộp số. 3.Xe không bị thuỷ kích. 4.Xe không bị phạt nguội. 5.Giấy tờ theo xe hợp lệ,đủ điều kiện mua, bán, sang tên. ⭐️HOÀN TIỀN NẾU SAI 5 TIÊU CHÍ VÀNG 👉Hỗ trợ Bank lên tới 75%. 👉Rút hồ sơ miễn phí.",100000,Có,Nước khác,Đã sử dụng,Bảo hành hãng,2012,3.7 AT 4WD,Tự động,Xăng,SUV / Cross over,7,AWD,274 HP @6200 RPM,367 Nm @4200 RPM,3.7,N/A,2,204,5,> 1 tấn,> 2 tấn,car_p32_s8_1774765158,https://xe.chotot.com/mua-ban-oto-huyen-soc-son-ha-noi/129898188.htm
p32_s9_1774765171,Mazda 3 2024 - 17000 km,Mazda 3,600.0,"🚘 Mazda3 1.5L Sport Luxury 2024 - Odo 1v7 km 👉  - 1 chủ đăng ký từ mới  - Full lịch sử bảo dưỡng hãng, xe zin không lỗi nhỏ  - Xe về sẵn đi  - Có hỗ trợ ngân hàng",17000,N/A,Đang cập nhật,Đã sử dụng,Bảo hành hãng,2024,N/A,Tự động,Xăng,N/A,N/A,N/A,N/A,N/A,N/A,N/A,N/A,N/A,N/A,> 1 tấn,> 2 tấn,car_p32_s9_1774765171,https://xe.chotot.com/mua-ban-oto-huyen-van-giang-hung-yen/131098633.htm
p32_s10_1774765183,"Chính chủ bán xe Mazda 3 luxury 2021, Odo 28000km",Mazda 3,530.0,"Chính chủ bán xe Mazda 3 bản Luxury đời 2021 màu đỏ, nữ dùng, đi ít (28000km). Cam kết xe không đâm đụng ngập nước, còn hạn đăng kiểm, BH thân vỏ tới T10/26. Lịch sử bảo dưỡng chính hãng. Miễn trung gian.",28000,Có,Việt Nam,Đã sử dụng,Bảo hành hãng,2021,1.5L Luxury,Tự động,Xăng,Sedan,4,N/A,N/A,N/A,N/A,N/A,N/A,N/A,N/A,> 1 tấn,> 2 tấn,car_p32_s10_1774765183,https://xe.chotot.com/mua-ban-oto-quan-bac-tu-liem-ha-noi/130961919.htm
p32_s11_1774765191,Mazda CX8 2021 Luxury Trắng 73.000 Km,CX-8,745.0,"Mazda CX8 bản Luxury sản xuất 2021, xe 7 chỗ rộng rãi.  - Odo 73.000km, xe còn mới.  - Màu trắng sang trọng.  - Động cơ mạnh mẽ, vận hành êm ái.",73000,Có,Đang cập nhật,Đã sử dụng,Bảo hành hãng,2021,N/A,Tự động,Xăng,SUV / Cross over,7,N/A,N/A,N/A,N/A,N/A,N/A,N/A,N/A,> 1 tấn,> 2 tấn,car_p32_s11_1774765191,https://xe.chotot.com/mua-ban-oto-thanh-pho-thu-duc-tp-ho-chi-minh/131020136.htm
p32_s12_1774765203,Mazda CX5 2023 Premium 30.000 Km,CX-5,770.0,"Mazda CX5 Premium màu xanh đậm, sản xuất 2023, biển số Sài Gòn.  - Động cơ 2.0L, dẫn động 2WD.  - Odo 30.000km.  - Hộp số tự động, dùng nhiên liệu xăng.  - Giá 770 triệu.",30000,Có,Việt Nam,Đã sử dụng,Bảo hành hãng,2023,N/A,Tự động,Xăng,SUV / Cross over,5,N/A,N/A,N/A,N/A,N/A,N/A,N/A,N/A,> 1 tấn,> 2 tấn,car_p32_s12_1774765203,https://xe.chotot.com/mua-ban-oto-thanh-pho-thu-duc-tp-ho-chi-minh/131095040.htm
p32_s13_1774765215,"Mazda 3 SX 2018 48,000 KM",Mazda 3,470.0,"Mazda 3 bản 2.0L sản xuất 2018, xe đẹp, đầy đủ tiện nghi.  - Odo 49.000km, bao test.  - Màu xanh đậm sang trọng.  - Giá 470 triệu, có thương lượng.",49000,Có,Đang cập nhật,Đã sử dụng,Bảo hành hãng,2018,N/A,Tự động,Xăng,Sedan,5,N/A,N/A,N/A,N/A,N/A,N/A,N/A,N/A,> 1 tấn,> 2 tấn,car_p32_s13_1774765215,https://xe.chotot.com/mua-ban-oto-thanh-pho-thu-duc-tp-ho-chi-minh/131020208.htm
p32_s14_1774765227,Mazda CX5 Premium 2023 lướt – biển SG – giá tốt,CX-5,770.0,"Mazda CX5 Premium 2.0L – 2023  • Động cơ: 2.0L – dẫn động 2WD  • Odo: 30.000 km  • Sản xuất: 2023  • Biển số: Sài Gòn  • Xe gia đình sử dụng kỹ, ngoại hình và nội thất còn rất đẹp  ✔ Trang bị bản Premium nhiều option cao cấp ✔ Xe zin, không đâm đụng – không ngập nước ✔ Phù hợp gia đình cần xe rộng rãi, tiết kiệm nhiên liệu  💰 Giá chào bán: 770 triệu (có thương lượng nhẹ)  📞 Liên hệ xem xe trực tiếp – hỗ trợ sang tên nhanh gọn.",30000,N/A,Việt Nam,Đã sử dụng,Bảo hành hãng,2023,N/A,Tự động,Xăng,SUV / Cross over,5,N/A,N/A,N/A,N/A,N/A,N/A,N/A,N/A,> 1 tấn,> 2 tấn,car_p32_s14_1774765227,https://xe.chotot.com/mua-ban-oto-thanh-pho-thu-duc-tp-ho-chi-minh/131093406.htm
p32_s15_1774765240,Mazda CX8 2020 2.5L Premium Đỏ 82000 km,CX-8,695.0,BÁN XE MAZDA CX8 2.5L PRENIUM SX2020 xe đẹp Odo 82 ngàn km xe không cấn đụng xe không ngập nước keo chỉ số máy nguyên zin nguyên bản gầm bệ máy êm nội ngoại thất rất mới xe đã Qua kiểm tra chất lượng giá hợp ly 695tr xe đang bán tại sàn oto thiên Hải bình dương,82000,N/A,Đang cập nhật,Đã sử dụng,Bảo hành hãng,2020,N/A,Tự động,Xăng,N/A,N/A,N/A,N/A,N/A,N/A,N/A,N/A,N/A,N/A,> 1 tấn,> 2 tấn,car_p32_s15_1774765240,https://xe.chotot.com/mua-ban-thanh-pho-thu-dau-mot-binh-duong/131091404.htm
p32_s16_1774765253,Mazda 2 AT 2026,Mazda 2,399.0,"Mazda 2 AT 2026 Nhập Thái Lan Ưu đãi 50% lệ phí trước bạ Mazda 2 với nhiều lựa chọn màu sắc: đỏ, trắng, xám.   - Thiết kế nhỏ gọn, linh hoạt di chuyển trong phố.   - Nội thất 5 chỗ ngồi thoải mái.   - Động cơ bền bỉ, tiết kiệm nhiên liệu.",N/A,N/A,Thái Lan,Mới,Bảo hành hãng,2026,N/A,Tự động,Xăng,N/A,5,N/A,N/A,N/A,N/A,N/A,N/A,N/A,N/A,N/A,N/A,car_p32_s16_1774765253,https://xe.chotot.com/mua-ban-quan-tan-phu-tp-ho-chi-minh/131087913.htm
p32_s17_1774765263,Mazda 3 2024 - 40000 km luxury,Mazda 3,600.0,Kẹt tiền cần bán xe 1 chủ mua mới cam kết không đâm đụng ngập nước chỉ bàn về giá,40000,N/A,Việt Nam,Đã sử dụng,Bảo hành hãng,2024,N/A,Tự động,Xăng,N/A,N/A,N/A,N/A,N/A,N/A,N/A,N/A,N/A,N/A,> 1 tấn,> 2 tấn,car_p32_s17_1774765263,https://xe.chotot.com/mua-ban-quan-hai-chau-da-nang/131067347.htm
p33_s0_1774765283,Mazda 3 2019 Xám đen 100.000 km,Mazda 3,420.0,Mazda 3 - 2019 Đi 100.000km check thoải mái không đâm đụng thuỷ kích. Liên hệ trực tiếp giá mong muốn 420tr(có thương lượng),100000,Có,Đang cập nhật,Đã sử dụng,Bảo hành hãng,2019,N/A,Tự động,Xăng,N/A,N/A,N/A,N/A,N/A,N/A,N/A,N/A,N/A,N/A,> 1 tấn,> 2 tấn,car_p33_s0_1774765283,https://xe.chotot.com/mua-ban-oto-quan-long-bien-ha-noi/131084828.htm
p33_s1_1774765291,MAZDA CX5 - ƯU ĐÃI GIẢM GIÁ - QUÀ TẶNG BHVC XE,CX-5,694.0,"𝐍𝐄𝐖 𝐌𝐀𝐙𝐃𝐀 𝐂𝐗-𝟓 giảm giá chỉ từ 694 TRIỆU với các hỗ trợ :   ✅ Ưu đãi giảm tiền mặt lên đến 50tr - Tặng phụ kiện có giá trị (Tùy phiên bản) ✅ Hỗ trợ trả trước chỉ từ 235TR nhận xe ✅ Hỗ trợ ngân hàng tới 85% - Lãi suất ưu đãi 6.5%  ✅ Bảo hành 5 năm hoặc 150 000km ✅ Hỗ trợ lái thử miễn phí, tận nhà  🎁 Phim cách nhiệt Llumar của Mỹ, thảm lót chân, lót cốp, baga mui, ốp cảng sau, xăng nhiên liệu, miễn phí công bảo dưỡng, dù cầm tay Mazda, ty thuỷ lực nắp capo,… và nhiều quà tặng giá trị cao khi liên hệ xem xe trực tiếp tại Showroom ———————————— 📲Liên hệ: *** - em Thành Mazda để nhận ưu đãi và được hỗ trợ ngay.",N/A,N/A,Việt Nam,Mới,Bảo hành hãng,2025,N/A,Tự động,Xăng,SUV / Cross over,5,N/A,N/A,N/A,N/A,N/A,N/A,N/A,N/A,N/A,N/A,car_p33_s1_1774765291,https://xe.chotot.com/mua-ban-oto-quan-tan-phu-tp-ho-chi-minh/120561822.htm
p33_s2_1774765301,Mazda Mazda3 2023 Luxury Đỏ,Mazda 3,555.0,Chính chủ bán  Mazda3 2023 Luxury Xe đi giữ gìn chạy chuẩn 4v Km Cam kết máy số keo chỉ zin Bao check test bên thứ 3 Hỗ trợ bank 70% giá trị xe,40000,Có,Việt Nam,Đã sử dụng,Bảo hành hãng,2023,N/A,Tự động,Xăng,Sedan,5,N/A,N/A,N/A,N/A,N/A,N/A,N/A,N/A,> 1 tấn,> 2 tấn,car_p33_s2_1774765301,https://xe.chotot.com/mua-ban-oto-quan-hoang-mai-ha-noi/131081471.htm
p33_s3_1774765312,Mazda CX5 2016 Trắng,CX-5,445.0,"Mada cx5 sx 2016 filip đông cơ 2.0 siêu tiết kiệm ,chính chủ hải phòng . Mẫu mới phanh tay điện tử mâm thể thao đa trấu kép . Xe nguyên bản ko đâm va ngập nước . Lh xem xe hai phòng",120000,N/A,Nước khác,Đã sử dụng,Bảo hành hãng,2016,N/A,Tự động,Xăng,N/A,5,N/A,N/A,N/A,N/A,N/A,N/A,N/A,N/A,> 1 tấn,> 2 tấn,car_p33_s3_1774765312,https://xe.chotot.com/mua-ban-oto-quan-kien-an-hai-phong/131081035.htm
p33_s4_1774765326,Mazda CX5 2018 2.5 AT Trắng lăn bánh 9v5 km thôi,CX-5,579.0,"Lướt đến đây quý anh chị nghỉ tay xem ngay bài này đã nhé! Biết đâu tìm từ lâu giờ mới thấy ưng ý •E có Mazda CX5 bản full 2.5 AT sx 2018 fom mới odo hơn 9v km - Chủ xe rất giữ gìn và bảo dưỡng đầy nên xe siêu mới, nội thất da căng mịn, máy số khô sạch sáng nổ êm ru, gầm bệ chắc nịch - chạy thử 1 vòng chắc chắn hài lòng - đã lên màn hình cảm ứng cỡ lớn có cam 360, Đèn viền nội thất.... Ảnh chụp mộc chưa Spa nhé •Cam kết động cơ nguyên bản, k tai nạn,k ngập nước, bao test hãng hoặc mọi gara •Giá rất hợp lý và có thương lượng sâu cho ace thiện chí •Quý anh chị hợp nhu cầu alo hoăc zalo e nhé •Cảm ơn đã xem bài",90000,Có,Việt Nam,Đã sử dụng,Bảo hành hãng,2018,N/A,Tự động,Xăng,SUV / Cross over,5,N/A,N/A,N/A,N/A,N/A,N/A,N/A,N/A,> 1 tấn,> 2 tấn,car_p33_s4_1774765326,https://xe.chotot.com/mua-ban-oto-quan-bac-tu-liem-ha-noi/131080071.htm
p33_s5_1774765339,Mazda Mazda6 2015 2.5At Trắng,Mazda 6,415.0,"🚘Mazda6 2015 2.5At ✅Odo 10 vạn chuẩn ✅Bảo dưỡng Full hãng ✅Đèn bi led ✅Cam360, cảm biến trước sau ✅4 vỏ mới  Giá 415 triệu 📲*** em Nhường",100000,Có,Đang cập nhật,Đã sử dụng,Bảo hành hãng,2015,N/A,Tự động,Xăng,N/A,N/A,N/A,N/A,N/A,N/A,N/A,N/A,N/A,N/A,> 1 tấn,> 2 tấn,car_p33_s5_1774765339,https://xe.chotot.com/mua-ban-oto-thanh-pho-thu-duc-tp-ho-chi-minh/131079317.htm
p33_s6_1774765351,"Mazda CX-30 Premium 2023 – Đẹp chuẩn, chạy sướng",CX-30,675.0,"🚗 Mazda CX-30 Premium 2023 – Đẹp chuẩn, chạy cực sướng  • Odo: 17.000 km – xe đi ít, giữ gìn kỹ • Phiên bản Premium – full option cần có • Vận hành êm ái, cách âm tốt, gầm cao đi phố hay đường dài đều ổn • Ngoại hình trẻ trung, nội thất sang – phù hợp đi gia đình lẫn cá nhân  💰 Giá: 6xx triệu  ✅ Cam kết: ✔️ Xe không đâm đụng – không ngập nước ✔️ Máy số zin 100% - odo chuẩn ✔️ Pháp lý rõ ràng - Hỗ trợ bank 70% ✔️ Hỗ trợ sang tên – thu xe cũ giá cao  #MazdaCX30 #CX30Premium #CX30Luxury #XeLuot #OtoCuHCM #XeDepGiaTot #MuaXeDauNam #BanXeUyTin #MazdaCX30 #CX30Premium #MazdaCu #XeDepGiaTot",18000,Có,Thái Lan,Đã sử dụng,Bảo hành hãng,2023,N/A,Tự động,Xăng,Hatchback,5,N/A,N/A,N/A,N/A,N/A,N/A,N/A,N/A,> 1 tấn,> 2 tấn,car_p33_s6_1774765351,https://xe.chotot.com/mua-ban-oto-quan-binh-tan-tp-ho-chi-minh/130974154.htm
p33_s7_1774765359,Mazda CX-5 2023 Premium Active - 25.000KM xe hãng,CX-5,750.0,"🚗 𝐍𝐄𝐖 𝐌𝐀𝐙𝐃𝐀 𝐂𝐗-𝟓 𝐏𝐑𝐄𝐌𝐈𝐔𝐌 𝐀𝐂𝐓𝐈𝐕𝐄 – XE ĐẸP NHƯ MỚI | CHỈ 𝟐𝟓.𝟎𝟎𝟎 𝐊𝐌 | MÀU VÀNG ÁNH KIM  ✨ Thông tin xe: Dòng xe: Mazda CX-5 Premium Active Sản xuất: 2023 Tình trạng: Xe lướt, sử dụng cực ít, THU CŨ TRONG HÃNG - AN TÂM VỀ CHẤT XE Số km: Chỉ 25.000 km Màu sắc: Vàng 47S Ngoại thất: Sơn zin đẹp, nước sơn bóng bẩy Nội thất: Giữ gìn kỹ, sạch sẽ như xe mới Gía bán: 750 TRIỆU - CAM KẾT UY TÍN CỦA HÃNG KIỂM TRA 200 HẠNG MỤC, XE KHÔNG LỖI, KHÔNGTUA ODO  - Còn bảo hành tới tháng 8/2028. Xe như xe mới giúp khách hàng tiếp kiệm hơn 100tr chi phí mua xe",25000,Có,Việt Nam,Đã sử dụng,Bảo hành hãng,2023,2.0 Premium,Tự động,Xăng,SUV / Cross over,Khác,N/A,N/A,N/A,N/A,N/A,N/A,N/A,N/A,> 1 tấn,> 2 tấn,car_p33_s7_1774765359,https://xe.chotot.com/mua-ban-oto-quan-binh-tan-tp-ho-chi-minh/131024668.htm
p33_s8_1774765369,Mazda 3 2020 Deluxe Trắng,Mazda 3,485.0,madaz3 dluxe sản xuất 2020 xem xe eakenh krong păk daklak,90000,N/A,Việt Nam,Đã sử dụng,Bảo hành hãng,2020,N/A,Tự động,Xăng,N/A,N/A,N/A,N/A,N/A,N/A,N/A,N/A,N/A,N/A,> 1 tấn,> 2 tấn,car_p33_s8_1774765369,https://xe.chotot.com/mua-ban-oto-thanh-pho-buon-ma-thuot-dak-lak/131077520.htm
p33_s9_1774765380,MAZDA CX5 premium- 30000 km,CX-5,770.0,"🚘MAZDA CX5 PREMIUM  🍀 Sản xuất: 2023  🍀 ODO: 30.000km  🍀 Màu: Xanh 🍀 Động cơ: Xăng 🍀 Xuất xứ: VN 🍀 Biển số: HCM ⚡️ Xe trang bị thêm: Dán phim cách nhiệt, sàn,….  ⚡️ Xe cam kết chất lượng: không đâm đụng, không ngập nước, odo chuẩn, pháp lý chuẩn",30000,N/A,Việt Nam,Đã sử dụng,Bảo hành hãng,2023,Premium 2.0 AT,Tự động,Xăng,SUV / Cross over,Khác,N/A,N/A,N/A,N/A,N/A,N/A,N/A,N/A,> 1 tấn,> 2 tấn,car_p33_s9_1774765380,https://xe.chotot.com/mua-ban-oto-thanh-pho-thu-duc-tp-ho-chi-minh/131074961.htm
p33_s10_1774765391,Mazda 6 2003 Sedan hạng D,Mazda 6,110.0,"Mazda 6 2003 màu đen, xe 5 chỗ, dùng nhiên liệu xăng.   - Thiết kế sang trọng, nội thất rộng rãi.   - Vận hành êm ái.  - Xe giữ gìn cẩn thận, sẵn sàng sử dụng. - Cam lùi, màn apple carplay, gương kính chỉnh điện",232552,Có,Việt Nam,Đã sử dụng,Bảo hành hãng,2003,N/A,Số sàn,Xăng,Sedan,5,N/A,N/A,N/A,N/A,N/A,N/A,N/A,N/A,> 1 tấn,> 2 tấn,car_p33_s10_1774765391,https://xe.chotot.com/mua-ban-oto-thi-xa-hoai-nhon-binh-dinh/131074271.htm
p33_s11_1774765402,Mazda CX5 2020 Luxury Đỏ,CX-5,639.0,Mada Cx5 sản xuất 2020 luxurry sơn zin 90% . Lên full cam 360 màn zentech áp xuất lốp theo màn. Lốp mới thay dàn mới . Tai chính hơp lý cam kết xe zin bản ko đâm va ngập nước . Lh,69000,N/A,Đang cập nhật,Đã sử dụng,Bảo hành hãng,2020,N/A,Tự động,Xăng,N/A,5,N/A,N/A,N/A,N/A,N/A,N/A,N/A,N/A,> 1 tấn,> 2 tấn,car_p33_s11_1774765402,https://xe.chotot.com/mua-ban-oto-quan-kien-an-hai-phong/131073355.htm
p33_s12_1774765413,Mazda 2 2019 Trắng 42110 km,Mazda 2,375.0,"Mazda 2 sx2019 1 chủ từ mới, k lỗi nhỏ Cam kết gì cũng dc, cọc bnhiu online e cũng ok, mazda 2 chạy rất hay, hơn vios city về cảm giác lái, chia sẻ từ ng buôn nhiều xe và lái quá nhiều sedan hạng B Xe đi chuẩn 4v kilomet lốp theo xe",42110,Có,Việt Nam,Đã sử dụng,Bảo hành hãng,2019,Premium Sedan,Tự động,Xăng,Sedan,5,FWD,109 HP @6000 RPM,141Nm @ 4000 rpm,1.5,5.7,N/A,143,4,> 1 tấn,> 2 tấn,car_p33_s12_1774765413,https://xe.chotot.com/mua-ban-oto-quan-bac-tu-liem-ha-noi/130868981.htm
p33_s13_1774765423,Mazda6 Premium GTCCC Chính Chủ,Mazda 6,650.0,"Tôi Chính Chủ bán lại Mazda 6 màu trắng, bản cao cấp nhất xe 5 chỗ, động cơ xăng, số tự động.  Chỉ làm Hãng Mazda   - Thiết kế sang trọng, nội thất rộng rãi.   - Vận hành êm ái, tiết kiệm nhiên liệu.",42000,Có,Thái Lan,Đã sử dụng,Bảo hành hãng,2020,N/A,Tự động,Xăng,Sedan,5,N/A,N/A,N/A,N/A,N/A,N/A,N/A,N/A,> 1 tấn,> 2 tấn,car_p33_s13_1774765423,https://xe.chotot.com/mua-ban-quan-binh-tan-tp-ho-chi-minh/131063724.htm
p33_s14_1774765432,Mazda 3 2010 Xanh đậm,Mazda 3,238.0,Madaz3 2010 số tự động  Đổi hoặc bán  Xe ko đâm va ngập nước máy số zin  Bao ship tận nhà,150000,N/A,Đang cập nhật,Đã sử dụng,Bảo hành hãng,2010,N/A,Tự động,Xăng,N/A,5,N/A,N/A,N/A,N/A,N/A,N/A,N/A,N/A,> 1 tấn,> 2 tấn,car_p33_s14_1774765432,https://xe.chotot.com/mua-ban-huyen-soc-son-ha-noi/131063350.htm
p33_s15_1774765443,Mazda CX 5 2020 2.0L Premium - 70000 km,Mazda Other,10000.0,"Nhập Team Nguyên Xe Mộc Mazda Cx5 2.5 AWD Sản xuất 2020 1 chủ từ đầu xe chạy 7vạnkm zin ,bốn lốp theo xe Cam kết xe Zin không lỗi.Xe đẹp xuất sắc. Giá liên hệ em : ***",70000,N/A,Việt Nam,Đã sử dụng,Bảo hành hãng,2020,2.0L Premium,Tự động,Xăng,SUV / Cross over,5,N/A,N/A,N/A,N/A,N/A,N/A,N/A,5,> 1 tấn,> 2 tấn,car_p33_s15_1774765443,https://xe.chotot.com/mua-ban-quan-ba-dinh-ha-noi/131060492.htm
p33_s16_1774765450,Mazda 3 1.5 Luxury đời 2024 màu trắng,Mazda 3,599.0,"Mazda 3 1.5 Luxury đời 2024 màu trắng, xe đẹp, chạy êm.  - Odo 11.000 km, xe giữ gìn cẩn thận.  - Thiết kế sang trọng, nội thất tiện nghi.  - Giá 599 triệu.",11000,Có,Nước khác,Đã sử dụng,Bảo hành hãng,2024,1.5L Luxury,Tự động,Xăng,Hatchback,Khác,N/A,N/A,N/A,N/A,N/A,N/A,N/A,N/A,> 1 tấn,> 2 tấn,car_p33_s16_1774765450,https://xe.chotot.com/mua-ban-thanh-pho-di-an-binh-duong/131059426.htm
p34_s0_1774765473,Mazda 2 2024 Xám Titan lướt 4.000km,Mazda 2,398.0,Mazda 2 2024 màu xám Titan nhập Thái Lan Đăng ký lần đầu 2025 Odo 4.00km ful lịch sử hãng Như xe mới chưa 1 vết xước 398 bao rút gốc Nhận trao đổi lên đời tất cả các dòng xe Alo em - ***,3400,N/A,Thái Lan,Đã sử dụng,Bảo hành hãng,2024,N/A,Tự động,Xăng,N/A,N/A,N/A,N/A,N/A,N/A,N/A,N/A,N/A,N/A,> 1 tấn,> 2 tấn,car_p34_s0_1774765473,https://xe.chotot.com/mua-ban-oto-quan-12-tp-ho-chi-minh/130747096.htm
p34_s1_1774765484,Mazda 3 Sport Premium 2022 Xanh,Mazda 3,580.0,"Mazda 3 Sport Premium 2022 màu xanh đậm, xe đi 50.000km.   - Xe giữ gìn cẩn thận, không lỗi, không đâm đụng, không thủy kích.   - Thiết kế thể thao, nội thất tiện nghi.   - Giá 580 triệu.   - Xe đang ở Hà Nội.",50000,Có,Việt Nam,Đã sử dụng,Bảo hành hãng,2022,1.5L Sport Premium,Tự động,Xăng,Hatchback,5,N/A,N/A,N/A,N/A,N/A,N/A,N/A,N/A,> 1 tấn,> 2 tấn,car_p34_s1_1774765484,https://xe.chotot.com/mua-ban-oto-quan-ba-dinh-ha-noi/131053354.htm
p34_s2_1774765492,mazda 3 2016 hackback,Mazda 3,362.0,"Quá mới cho 1 siêu phẩm odo 8,3 vạn  Mazda 3 2016 siêu cọp zin từng con ốc  Giá 300 mấy chục triệu  Xem xe châu Đức brvt ☎️ ***",83000,N/A,Đang cập nhật,Đã sử dụng,Bảo hành hãng,2016,N/A,Tự động,Xăng,N/A,N/A,N/A,N/A,N/A,N/A,N/A,N/A,N/A,N/A,> 1 tấn,> 2 tấn,car_p34_s2_1774765492,https://xe.chotot.com/mua-ban-oto-huyen-chau-duc-ba-ria-vung-tau/131052453.htm
p34_s3_1774765505,Mazda 6 2020 Premium 2.0 AT - 69000 km,Mazda 6,535.0,"Gđ cần bán Madda 6 bản premium 2020 đk 2021  1 chủ từ đầu,không thuỷ kích,keo chỉ,máy móc nguyên rin xem xe ở huế",69000,N/A,Việt Nam,Đã sử dụng,Bảo hành hãng,2020,Premium 2.0 AT,Tự động,Xăng,Sedan,Khác,N/A,N/A,N/A,N/A,N/A,N/A,N/A,N/A,> 1 tấn,> 2 tấn,car_p34_s3_1774765505,https://xe.chotot.com/mua-ban-oto-thanh-pho-hue-thua-thien-hue/131052018.htm
p34_s4_1774765514,Mazda CX3 2023 Trắng 18000 km,CX-3,490.0,"Bán Mazda CX3 mua tháng 11/2023, đi được 18k KM xe gia đình đi.",18000,Có,Thái Lan,Đã sử dụng,Bảo hành hãng,2023,1.5 Deluxe,Tự động,Xăng,SUV / Cross over,5,FWD,110 HP @ 6000,144 Nm @ 4000,1.496,6.1,6,155,5,> 1 tấn,> 2 tấn,car_p34_s4_1774765514,https://xe.chotot.com/mua-ban-oto-huyen-nhon-trach-dong-nai/131049175.htm
p34_s5_1774765523,CX5 2.0 2019 AT - Đỏ Pha lê,CX-5,580.0,"CX5-2.0-2019 AT Màu đỏ Pha Lê Xe đi 5,5v , chính chủ , biển Hải Phòng Giá mong muốn 5xx",55000,N/A,Đang cập nhật,Đã sử dụng,Bảo hành hãng,2019,2.0 AT,Tự động,Xăng,SUV / Cross over,Khác,N/A,N/A,N/A,N/A,N/A,N/A,N/A,N/A,> 1 tấn,> 2 tấn,car_p34_s5_1774765523,https://xe.chotot.com/mua-ban-oto-quan-le-chan-hai-phong/131048662.htm
p34_s6_1774765533,🔥MAZDA CX-5 PRE SPORT - VIN 25 GIẢM 40 TRIỆU + BH,CX-5,814.0,"🔥NEW MAZDA CX-5 PREMIUM SPORT - ĐEN - VIN 25 ✅ GIÁ CHỈ 814 Triệu 📞 Liên hệ ngay để nhận ưu đãi   🏦Hỗ trợ vay 80% - Lãi suất ưu đãi - Duyệt hồ sơ nhanh  💵 Chỉ cần trả trước từ 263 triệu lấy xe ngay  🔥Xe sẵn giao ngay 🔥Lái thử tận nhà - Giao xe tận nhà  —————————————————— 🎁Tặng phim cách nhiệt, thảm sàn cao cấp, dù Mazda cao cấp, túi cứu hộ, nhiên liệu…  🎉Bảo hành 5 năm/150.000km. Miễn phí công bảo dưỡng  ✨ ƯU ĐIỂM NỔI BẬT: ✅ Thiết kế đẹp, sang – “ăn điểm” ngay từ cái nhìn đầu ✅ Nội thất cao cấp trong phân khúc ✅ An toàn vượt trội – i-ACTIVSENSE ✅ Cảm giác lái tốt – đầm chắc ✅ Giá bán cạnh tranh – “ngon” nhất phân khúc ✅ Chi phí sử dụng hợp lý, phù hợp với nhiều nhóm khách  🏠 Showroom: THACO AUTO BÌNH TRIỆU  📌 Địa chỉ: 127 Quốc lộ 13, phường Hiệp Bình, Thành phố Hồ Chí Minh  📞 Liên hệ ngay để được báo giá chi tiết",N/A,N/A,Việt Nam,Mới,Bảo hành hãng,2025,Premium Sport 2.0 AT,Tự động,Xăng,SUV / Cross over,Khác,N/A,N/A,N/A,N/A,N/A,N/A,N/A,N/A,N/A,N/A,car_p34_s6_1774765533,https://xe.chotot.com/mua-ban-oto-thanh-pho-thu-duc-tp-ho-chi-minh/130988281.htm
p34_s7_1774765544,Mazda 3 2018 Đỏ 120.000 km,Mazda 3,399.0,"Mazda 3 đời 2018 màu đỏ, nội thất đen, xe chính chủ.  - Xe đi 120.000 km, giữ gìn cẩn thận.  - Không đâm đụng, không ngập nước.  Giá 399 triệu có thương lượng",120000,N/A,Đang cập nhật,Đã sử dụng,Bảo hành hãng,2018,N/A,Tự động,Xăng,Hatchback,5,N/A,N/A,N/A,N/A,N/A,N/A,N/A,N/A,> 1 tấn,> 2 tấn,car_p34_s7_1774765544,https://xe.chotot.com/mua-ban-oto-huyen-thuong-tin-ha-noi/131047410.htm
p34_s8_1774765555,Mazda CX-5 2021 Premium Đen 40000 km,CX-5,699.0,"🇯🇵Mazda CX-5 2021 Premium ✔️ Odo: 4 vạn km – chạy chuẩn, còn rất mới ✔️ Bản Premium – full option:  • Ghế da chỉnh điện + nhớ ghế  • Cửa sổ trời  • Màn hình HUD hiển thị kính lái  • Cảnh báo điểm mù  • Cảnh báo lệch làn   Giá 699 triệu  🧰Có hỗ trợ vay ngân hàng 70% 🧰Có cam kết bằng văn bản 🧰Hỗ trợ lái thử kiểm tra hãng 📲 *** em Nhường #Cx5",40000,Có,Đang cập nhật,Đã sử dụng,Bảo hành hãng,2021,N/A,Tự động,Xăng,N/A,N/A,N/A,N/A,N/A,N/A,N/A,N/A,N/A,N/A,> 1 tấn,> 2 tấn,car_p34_s8_1774765555,https://xe.chotot.com/mua-ban-oto-thanh-pho-thu-duc-tp-ho-chi-minh/131047140.htm
p34_s9_1774765567,MAZDA 3 1.5 PREMIUM 2021 XE GIA ĐÌNH LƯỚT VAY 70%,Mazda 3,567.0,">> MAZDA 3 1.5 PREMIUM 2021 << 🚗 Năm sản xuất: 2021 - Màu: ĐỎ - Biển: TỈNH 🚗 ODO: 27.000 Km (ODO chuẩn không tua) 💰 𝗚𝗶𝗮́ 𝗖𝗼̂𝗻𝗴 𝗞𝗵𝗮𝗶 : 567 🌾 Hỗ trợ trả góp 70% - Thanh toán trước 190TR nhận xe (Thương lượng cho anh/em thiện chí luôn có giá 𝐔̛𝐮 Đ𝐚̃𝐢) ---------------------------------- 🏁 𝑯𝒐̂̃ 𝑻𝒓𝒐̛̣ 𝑳𝒂́𝒊 𝑻𝒉𝒖̛̉ 𝑻𝒂̣𝒊 𝑵𝒉𝒂̀ 𝑪𝒂̉𝒎 𝑵𝒉𝒂̣̂𝒏 𝑪𝒉𝒂̂́𝒕 𝑿𝒆 📲 𝐋𝐢𝐞̂𝐧 𝐡𝐞̣̂: (𝐌𝐫.𝐍𝐚𝐦)(𝐙𝐀𝐋𝐎) ---------------------------------- - Xe biển trắng GIA ĐÌNH - Nội thất xe còn mới - Chất xe đẹp - 4 Lốp zin theo xe, sơ cua chưa hạ  🎁 𝐏𝐡𝐮̣ 𝐊𝐢𝐞̣̂𝐧 𝐓𝐡𝐞𝐨 𝐗𝐞 - Phim cách nhiệt - Lót sàn, lót cốp, bọc vô lăng - Camera hành trình  📋 𝑪𝒂𝒎 𝑲𝒆̂́𝒕 𝑪𝒉𝒂̂́𝒕 𝑿𝒆 𝑩𝒂̆̀𝒏𝒈 𝑽𝒂̆𝒏 𝑩𝒂̉𝒏 🏅 THÔNG TIN XE MINH BẠCH 🏅 BẢO HÀNH LÊN ĐẾN 6 THÁNG HOẶC 10.000 KM 🏅 CAM KẾT XE KHÔNG ĐÂM ĐỤNG NGẬP NƯỚC 🏅 5 NGÀY LÁI THẬT CAM KẾT HOÀN TIỀN",27000,Có,Việt Nam,Đã sử dụng,Bảo hành hãng,2021,1.5 Premium,Tự động,Xăng,Sedan,5,N/A,N/A,N/A,N/A,N/A,N/A,N/A,N/A,> 1 tấn,> 2 tấn,car_p34_s9_1774765567,https://xe.chotot.com/mua-ban-oto-quan-6-tp-ho-chi-minh/129952519.htm
p34_s10_1774765582,Mazda 2 Sport 2025 Luxury Đỏ 7000 km,Mazda 2,530.0,Matda 2 bản sport 2025 đi hơn 7000 km xe còn nguyen zin ko va chạm đâm đụng Cân mua lh ***,7000,Có,Thái Lan,Đã sử dụng,Bảo hành hãng,2025,N/A,Tự động,Xăng,Hatchback,5,N/A,N/A,N/A,N/A,N/A,N/A,N/A,N/A,> 1 tấn,> 2 tấn,car_p34_s10_1774765582,https://xe.chotot.com/mua-ban-oto-huyen-tien-du-bac-ninh/131042000.htm
p34_s11_1774765587,Học băng lái xe,Mazda Other,10.0,"Tôi đang muốn học bằng lái xe hạng b tự động tại Hà Nội, đang phân vân chọn trung tâm nào. Trung tâm sát hạch lái xe Hung Vương này ***",35000,N/A,Đang cập nhật,Đã sử dụng,Bảo hành hãng,2019,N/A,Tự động,Xăng,N/A,N/A,N/A,N/A,N/A,N/A,N/A,N/A,N/A,N/A,> 1 tấn,> 2 tấn,car_p34_s11_1774765587,https://xe.chotot.com/mua-ban-oto-huyen-thach-that-ha-noi/131034555.htm
p34_s12_1774765591,Mazda 3 2022 1.5L Deluxe - 70000 km,Mazda 3,505.0,"Xe như mới Có cam360 Địa chỉ 98 song hành, tân hiệp, hóc môn",70000,Có,Việt Nam,Đã sử dụng,Bảo hành hãng,2022,1.5L Deluxe,Tự động,Xăng,Sedan,5,FWD,110 HP @ 6000 RPM,146 Nm @ 3500 RPM,1.5,7.59,7,N/A,4,> 1 tấn,> 2 tấn,car_p34_s12_1774765591,https://xe.chotot.com/mua-ban-oto-huyen-hoc-mon-tp-ho-chi-minh/131034192.htm
p34_s13_1774765603,Mazda CX5 2018 2.5 Trắng,CX-5,590.0,Bán xe. Mazzda cx5. Đời 2018. 2 cầu. 2.5. Chính chủ *** linh. Gia: 590tr.,96262,N/A,Nhật Bản,Đã sử dụng,Bảo hành hãng,2018,N/A,Tự động,Xăng,N/A,5,N/A,N/A,N/A,N/A,N/A,N/A,N/A,N/A,> 1 tấn,> 2 tấn,car_p34_s13_1774765603,https://xe.chotot.com/mua-ban-oto-quan-binh-tan-tp-ho-chi-minh/131033475.htm
p34_s14_1774765607,"Mazda Mazda3 Sport 1.5 Premium, 6 v chuẩn, cá tính",Mazda 3,543.0,"Mazda3 Sport 1.5 Premium – Biển Hà Nội – Zin nguyên bản – 6 vạn km  Biển Hà Nội, tiết kiệm chi phí sang tên cho khách cùng khu vực Xe zin 100%, máy móc – khung gầm – hộp số nguyên bản Odo chuẩn 6 vạn km, không tua Bản Premium nhiều option cao cấp Thiết kế Sport Hatchback trẻ trung, giữ giá tốt Bao check hãng hoặc mọi gara theo yêu cầu Không đâm đụng, không ngập nước Nội thất và ngoại thất đẹp, giữ gìn Tiết kiệm nhiên liệu, chi phí sử dụng thấp Màu sắc và form dáng thịnh hành, dễ thanh khoản  Giá bán: 545 triệu",60000,Có,Nước khác,Đã sử dụng,Bảo hành hãng,2020,1.5L Sport Premium,Tự động,Xăng,Hatchback,Khác,N/A,N/A,N/A,N/A,N/A,N/A,N/A,N/A,> 1 tấn,> 2 tấn,car_p34_s14_1774765607,https://xe.chotot.com/mua-ban-oto-quan-long-bien-ha-noi/130686936.htm
p34_s15_1774765620,Mazda CX8 2023 Premium 55.000km,CX-8,899.0,"Mazda CX8 Premium 2023 Odo: 55.000km Giá: 899tr Cam kết: odo chuẩn, k đâm đụng, k ngập nước, k đại tu động cơ hộp số LH: *** Thy",55000,N/A,Đang cập nhật,Đã sử dụng,Bảo hành hãng,2023,N/A,Tự động,Xăng,N/A,7,N/A,N/A,N/A,N/A,N/A,N/A,N/A,N/A,> 1 tấn,> 2 tấn,car_p34_s15_1774765620,https://xe.chotot.com/mua-ban-oto-thanh-pho-thu-duc-tp-ho-chi-minh/131028665.htm
p34_s16_1774765631,Mazda 323 Bạc số sàn,Mazda 3,39.0,xe sạch đẹp kiểm mới nội thất tươi xanh máy mới làm bao chạy đường dài cho ae yên tâm  bao hành máy móc 3 tháng cho ae sử dụng zalo em xem xe bình dương,350000,N/A,Nhật Bản,Đã sử dụng,Bảo hành hãng,2001,N/A,Số sàn,Xăng,N/A,5,N/A,N/A,N/A,N/A,N/A,N/A,N/A,N/A,> 1 tấn,> 2 tấn,car_p34_s16_1774765631,https://xe.chotot.com/mua-ban-oto-thi-xa-ben-cat-binh-duong/131028376.htm
p34_s17_1774765637,Mazda 3 2018 Xanh 49.000 km,Mazda 3,470.0,"🚘 MAZDA 3  ✅Odo: 49,000 -2018- màu xanh ✅Option: Dán kính, trải sàn, camera lùi, ghế da, màn hình android,…  ✅Bảo hành chính hãng ✅Giấy tờ rõ ràng minh bạch đủ điều kiện sang tên ✅Giấy chứng nhận kiểm tra 176 hạng mục ✅ Bảo hành riêng biệt đối với từng dòng xe ✅ Hỗ trợ kỹ thuật 24/7  🏦️ CAM KẾT 3 KHÔNG:  ❌ Không đâm đụng - Không ngập nước. ❌ Không tháo rã động cơ - Không tua km. ❌ Không phạt nguội - Không tranh chấp.",49000,Có,Đang cập nhật,Đã sử dụng,Bảo hành hãng,2018,N/A,Tự động,Xăng,N/A,N/A,N/A,N/A,N/A,N/A,N/A,N/A,N/A,N/A,> 1 tấn,> 2 tấn,car_p34_s17_1774765637,https://xe.chotot.com/mua-ban-quan-binh-thanh-tp-ho-chi-minh/131024960.htm
p34_s18_1774765650,Mazda CX-5 2016,CX-5,469.0,"Mazda CX-5 đời 2016 2.5 màu đỏ, nhập khẩu Nhật Bản.   - Xe chạy xăng, số tự động.   - Thiết kế thể thao, nội thất tiện nghi.   - Động cơ bền bỉ, vận hành êm ái.",93000,N/A,Nhật Bản,Đã sử dụng,Bảo hành hãng,2016,N/A,Tự động,Xăng,N/A,N/A,N/A,N/A,N/A,N/A,N/A,N/A,N/A,N/A,> 1 tấn,> 2 tấn,car_p34_s18_1774765650,https://xe.chotot.com/mua-ban-thanh-pho-thuan-an-binh-duong/130652032.htm
p35_s0_1774765672,Mazda 626 màu Xám,Mazda 6,42.0,bán xe mada626 xe đep bao chay bắc nam lạnh lẻo màn hình adroi a e nào mua vê tập lái alo nhé,198000,N/A,Đang cập nhật,Đã sử dụng,Bảo hành hãng,2001,N/A,Số sàn,Xăng,Sedan,5,N/A,N/A,N/A,N/A,N/A,N/A,N/A,N/A,> 1 tấn,> 2 tấn,car_p35_s0_1774765672,https://xe.chotot.com/mua-ban-oto-thanh-pho-buon-ma-thuot-dak-lak/131021252.htm
p35_s1_1774765682,Mazda 3 2015 HB Trắng 80000 km,Mazda 3,345.0,"Mazda 3 2015 xe cực đẹp chạy 8v Vừa đăng kiểm xong, 4 lốp vừa thay Ai mua liên hệ trực tiếp Xin cảm ơn",80000,Có,Đang cập nhật,Đã sử dụng,Bảo hành hãng,2015,N/A,Tự động,Xăng,N/A,N/A,N/A,N/A,N/A,N/A,N/A,N/A,N/A,N/A,> 1 tấn,> 2 tấn,car_p35_s1_1774765682,https://xe.chotot.com/mua-ban-oto-quan-hoang-mai-ha-noi/130967642.htm
p35_s2_1774765693,Mazda 2 2018 - 60000 km,Mazda 2,320.0,"Lên đời cần bán , xe chạy ổn định bảo dưỡng hãng định kỳ . Mua chỉ chạy không cần lo gì . Tks",60000,N/A,Nước khác,Đã sử dụng,Bảo hành hãng,2018,N/A,Tự động,Xăng,Sedan,5,N/A,N/A,N/A,N/A,N/A,N/A,N/A,N/A,> 1 tấn,> 2 tấn,car_p35_s2_1774765693,https://xe.chotot.com/mua-ban-oto-thanh-pho-buon-ma-thuot-dak-lak/131019411.htm
p35_s3_1774765699,Mazda BT-50 2016 Bạc,BT-50,345.0,Mazda bt50 2016 số tự động 1 cầu Xe k đâm đụng náy móc nguyên bản Xe mình chính chủ đứng bán k qua ai mình đứng tên xe Nếu k lấy mâm độ bớt 10tr,118000,N/A,Thái Lan,Đã sử dụng,Bảo hành hãng,2016,N/A,Tự động,Dầu,Pick-up (bán tải),5,N/A,N/A,N/A,N/A,N/A,N/A,N/A,N/A,> 1 tấn,> 2 tấn,car_p35_s3_1774765699,https://xe.chotot.com/mua-ban-oto-thanh-pho-bao-loc-lam-dong/131018595.htm
p35_s4_1774765712,Mazda 3 2024 1.5 Premium 2024 Siêu Lướt,Mazda 3,666.0,"✨ Mazda 3 1.5 Premium 2024 Siêu Lướt  Trả trước : 240 triệu ( vay Ngân hàng 70% )  🔷️Sản xuất: 2024 🔷️ Số Tự Động 🔷️Máy Xăng 🔷ODO: 10.000km 🔷Màu: Trắng 🔷Biển: TP.HCM 🔷️ Xe trang bị: Dán Film cách nhiệt, Hud kính lái, Gương chiếu hậu điện tử, Camera hành trình trước sau, Thảm sàn, ....   ✅ Giá chào : 666.000.000 VND  ❇️ Cam kết không đâm đụng, không ngập nước,... ❇️ Hổ trợ rút hồ sơ và sang tên trong ngày ❇️ Hỗ trợ giao xe tại nhà, test hãng toàn quốc  ❇️ Hỗ trợ thu mua xe cũ, trao đổi giá tốt thị trường.   ————————— Anh Chị vui lòng liên hệ em Ngân để thương lượng giá nhé ạ !",10000,Có,Nước khác,Đã sử dụng,Bảo hành hãng,2024,1.5L Premium,Tự động,Xăng,Hatchback,Khác,N/A,N/A,N/A,N/A,N/A,N/A,N/A,N/A,> 1 tấn,> 2 tấn,car_p35_s4_1774765712,https://xe.chotot.com/mua-ban-oto-thanh-pho-thu-duc-tp-ho-chi-minh/131018376.htm
p35_s5_1774765724,Mazda 3 2023 Luxury Trắng 40.000 km,Mazda 3,550.0,Mazda 3 Luxury 2023 Odo 40.000km Xem xe Tiền Giang  Giá 550 còn bớt  Lh,40000,N/A,Việt Nam,Đã sử dụng,Bảo hành hãng,2023,N/A,Tự động,Xăng,N/A,N/A,N/A,N/A,N/A,N/A,N/A,N/A,N/A,N/A,> 1 tấn,> 2 tấn,car_p35_s5_1774765724,https://xe.chotot.com/mua-ban-oto-quan-go-vap-tp-ho-chi-minh/131004869.htm
p35_s6_1774765731,Mazda 3 Trắng 5 chỗ,Mazda 3,355.0,"Mazda 3 màu trắng, xe 5 chỗ, động cơ xăng, hộp số tự động.   - Thiết kế hiện đại, nội thất tiện nghi.   - xe nguyên bản",90183,N/A,Đang cập nhật,Đã sử dụng,Bảo hành hãng,2016,N/A,Tự động,Xăng,N/A,N/A,N/A,N/A,N/A,N/A,N/A,N/A,N/A,N/A,> 1 tấn,> 2 tấn,car_p35_s6_1774765731,https://xe.chotot.com/mua-ban-oto-quan-bac-tu-liem-ha-noi/130895231.htm
p35_s7_1774765743,Mazda 2 AT 2025 màu Trắng nhập Thái,Mazda 2,403.0,🔥🔥🔥 1 chiếc sẵn sớm - xe NHẬP THÁI. MAZDA 2 AT - TRẮNG SẴN XE GIAO NGAY  📞 Inbox/Call em Thanh để báo giá lăn bánh & ưu đãi chi tiết  Minh Thanh - Mazda Gò Vấp - 189 Nguyễn Oanh,N/A,N/A,Thái Lan,Mới,Bảo hành hãng,2025,N/A,Tự động,Xăng,SUV / Cross over,Khác,N/A,N/A,N/A,N/A,N/A,N/A,N/A,N/A,N/A,N/A,car_p35_s7_1774765743,https://xe.chotot.com/mua-ban-oto-quan-go-vap-tp-ho-chi-minh/131012641.htm
p35_s8_1774765753,Mazda CX 3 2026 1.5 AT,Mazda 3,524.0,"🚗 MAZDA CX3 LẮP RÁP 💰 Nhận xe chỉ từ 190Tr 🔥 Xe sẵn giao – Quà tặng chính hãng hấp dẫn: Phim cách nhiệt, thảm sàn, Camera hành trình, bọc vô lăng, áo trùm xe, nước hoa treo xe, ví da hồ sơ, giao xe lộng lẫy bong bóng trang trí...  📍 MAZDA TRƯỜNG CHINH  ☎️ *** 🏠 827-829A Trường Chinh - Phường Tây Thạnh - Quận Tân Phú - Tp.HCM",N/A,N/A,Việt Nam,Mới,Bảo hành hãng,2026,N/A,Tự động,Xăng,SUV / Cross over,5,N/A,N/A,N/A,N/A,N/A,N/A,N/A,N/A,N/A,N/A,car_p35_s8_1774765753,https://xe.chotot.com/mua-ban-oto-quan-tan-phu-tp-ho-chi-minh/128128373.htm
p35_s9_1774765763,Mazda CX-8 Luxury,CX-8,944.0,"🚗 Mazda CX-8 Luxury – SUV 7 chỗ rộng rãi, sang trọng 💰 Giá chỉ: 944 triệu  ✔️ Thiết kế lịch lãm, đậm chất SUV cao cấp ✔️ Động cơ 2.5L mạnh mẽ – vận hành êm ái ✔️ Nội thất rộng rãi 7 chỗ, phù hợp gia đình ✔️ An toàn đầy đủ, cách âm tốt, đi đường dài cực sướng  🎁 Ưu đãi kèm theo:  • Quà tặng chính hãng Mazda  • Hỗ trợ bảo hiểm vật chất (BHVC)  • Thủ tục nhanh gọn, hỗ trợ vay ngân hàng lãi suất tốt  📍 Nhận xe ngay – số lượng ưu đãi có hạn 📞 Inbox/Call em Thanh để báo giá lăn bánh & ưu đãi chi tiết Minh Thanh - Mazda Gò Vấp - 189 Nguyễn Oanh",N/A,N/A,Việt Nam,Mới,Bảo hành hãng,2025,N/A,Tự động,Xăng,N/A,7,N/A,N/A,N/A,N/A,N/A,N/A,N/A,N/A,N/A,N/A,car_p35_s9_1774765763,https://xe.chotot.com/mua-ban-oto-quan-go-vap-tp-ho-chi-minh/131012500.htm
p35_s10_1774765775,"Mazda 3 Luxury 2023 siêu lướt 1,6V giá 5xx",Mazda 3,585.0,"Xe gia đình cần bán Mazda 3 Luxury 2023 – Sedan quốc dân, form mới cực đẹp ✨ Xe cực mới, phù hợp anh em cần xe đi gia đình hoặc chạy dịch vụ cao cấp. 🔹 Mazda 3 Luxury 2023 Odo: 16.000km siêu lướt siêu mới.  ✅ Cam kết: ✔️ Xe không đâm đụng – không ngập nước ✔️ Máy số zin 100% – odo chuẩn ✔️ Pháp lý rõ ràng – hỗ trợ bank 70% ✔️ Hỗ trợ sang tên – thu xe cũ giá cao 🔹 Giá: 5xx triệu",16000,Có,Đang cập nhật,Đã sử dụng,Bảo hành hãng,2023,N/A,Tự động,Xăng,Hatchback,Khác,N/A,N/A,N/A,N/A,N/A,N/A,N/A,N/A,> 1 tấn,> 2 tấn,car_p35_s10_1774765775,https://xe.chotot.com/mua-ban-oto-quan-7-tp-ho-chi-minh/131012291.htm
p35_s11_1774765787,Mazda 3 2024 1.5 Premium 10.000km Trắng,Mazda 3,668.0,"✨ Mazda 3 1.5 Premium 2024 Siêu Lướt 🔷️Sản xuất: 2024 🔷️ Số Tự Động 🔷️Máy Xăng 🔷ODO: 10.000km 🔷Màu: Trắng 🔷Biển: TP.HCM 🔷️ Xe trang bị: Dán Film cách nhiệt, Hud kính lái, Gương chiếu hậu điện tử, Camera hành trình trước sau, Thảm sàn, ....   ❇️ Cam kết không đâm đụng, không ngập nước,... ❇️ Hổ trợ rút hồ sơ và sang tên trong ngày ❇️ Hỗ trợ giao xe tại nhà, test hãng toàn quốc  ❇️ Hỗ trợ thu mua xe cũ, trao đổi giá tốt thị trường. ————————— 𝗰𝗮̂̀𝗻 𝗺𝘂𝗮 𝗻𝗵𝗶𝗲̂̀𝘂 𝘅𝗲 đ𝗲̣𝗽, 𝘂𝘆 𝘁𝗶́𝗻 𝗻𝗵𝗮𝗻𝗵 𝗴𝗼̣𝗻, 𝗰𝗼́ 🌹 𝗰𝗵𝗼 🏃🏻‍♂️🏃‍♀️ 𝗚𝗧. ————————————",10000,N/A,Nước khác,Đã sử dụng,Bảo hành hãng,2024,1.5L Premium,Tự động,Xăng,Hatchback,Khác,N/A,N/A,N/A,N/A,N/A,N/A,N/A,N/A,> 1 tấn,> 2 tấn,car_p35_s11_1774765787,https://xe.chotot.com/mua-ban-oto-thanh-pho-thu-duc-tp-ho-chi-minh/131009176.htm
p35_s12_1774765798,Mazda 6 2018 2.0 Full Option,Mazda 6,520.0,"Mazda 6 bản 2.0 Full Option đời 2018 màu trắng, xe gia đình.  - ODO 110.000 km.  - Xe chính chủ, đảm bảo không ngập lụt, tai nạn.  - Giá 520 triệu.",110000,Có,Đang cập nhật,Đã sử dụng,Bảo hành hãng,2018,N/A,Tự động,Xăng,N/A,5,N/A,N/A,N/A,N/A,N/A,N/A,N/A,N/A,> 1 tấn,> 2 tấn,car_p35_s12_1774765798,https://xe.chotot.com/mua-ban-oto-quan-cam-le-da-nang/131007313.htm
p35_s13_1774765806,Mazda 3 Deluxe Ưu đãi 30TR Tặng 1 Năm BHVC,Mazda 3,569.0,"🔥 THANH LÝ GIÁ TỐT – SỞ HỮU Mazda3 Deluxe VIN 2025 NGAY HÔM NAY 🔥  Anh/chị đang tìm một mẫu sedan trẻ trung, thiết kế sang trọng, vận hành êm ái và tiết kiệm? Mazda 3 Deluxe là lựa chọn cực kỳ hợp lý trong tầm giá!  🚗 Phiên bản: Mazda 3 Deluxe 📅 VIN: 2025 – Xe mới 100% 💰 Ưu đãi thanh lý – Giảm trực tiếp 30 TRIỆU tiền mặt  🎁 TẶNG FULL QUÀ CHÍNH HÃNG (5 món): ✔️ Phim cách nhiệt LLumar cao cấp ✔️ Thảm lót sàn full xe ✔️ Dù che mưa chính hãng ✔️ Túi cứu hộ ô tô ✔️ Phiếu nhiên liệu  🎉 ĐẶC BIỆT TẶNG KÈM: ✅ 01 năm bảo hiểm thân vỏ ✅ Bảo hành chính hãng 5 năm hoặc 150.000 km ✅ Miễn công bảo dưỡng các mốc định kỳ theo tiêu chuẩn hãng  ✨ Ưu điểm nổi bật: – Thiết kế KODO sang trọng, đậm chất châu Âu – Nội thất tinh tế, trang bị đầy đủ tiện nghi – Vận hành êm ái, tiết kiệm nhiên liệu – Phù hợp đi gia đình hoặc cá nhân trẻ năng động  📞 Liên hệ ngay để nhận báo giá lăn bánh chi tiết & hỗ trợ trả góp nhanh chóng. Thủ tục đơn giản – Giao xe sớm – Hỗ trợ toàn quốc 🚘",N/A,N/A,Việt Nam,Mới,Bảo hành hãng,2025,1.5L Deluxe,Tự động,Xăng,Sedan,Khác,N/A,N/A,N/A,N/A,N/A,N/A,N/A,N/A,N/A,N/A,car_p35_s13_1774765806,https://xe.chotot.com/mua-ban-oto-quan-binh-tan-tp-ho-chi-minh/131007277.htm
p35_s14_1774765817,Cần tìm mua ô tô cũ - hoa Hồng cho ng giới thiệu,Mazda Other,400.0,"ĐỨC TRƯỞNG AUTO ĐÀ NẴNG THU MUA XE - Cửa hàng: ĐỨC TRƯỞNG AUTO ĐÀ NẴNG  - Chuyên thu mua ô tô cũ với các dòng sau: VIOS, veloz, fortuner, accent, creta, tucson, santafe, mazda 2, mazda 3, mazda cx5, kia Soluto, Cerato, Attrage, Xpander, VF3 , vf5 , XL7 ... - Giá từ : 100 triệu đến 1 tỷ  - Dịch vụ đặt biệt: Thu mua xe tại nhà, thanh toán trong ngày  code: #18001942_7",1256,N/A,Đang cập nhật,Đã sử dụng,Bảo hành hãng,2020,2.0L Signature Luxury,Tự động,Xăng,Sedan,5,N/A,N/A,N/A,N/A,N/A,N/A,N/A,4,> 1 tấn,> 2 tấn,car_p35_s14_1774765817,https://xe.chotot.com/mua-ban-oto-huyen-phu-vang-thua-thien-hue/115108379.htm
p35_s15_1774765825,Mazda CX-5 2023 2.0 Premium Active chạy 39.000km,CX-5,745.0,"Mazda CX-5 2.0 Premium Active sx 2023 Odo chuẩn : 39.000km Giá bán : 745 triệu   Hỗ trợ vay 70% giá trị xe . Thủ tục Vay nhanh gọn . không cần chứng minh thu nhập  >> Cam kết xe bằng Văn Bản - không đâm đụng , tai nạn - không Thuỷ kích - động cơ và hộp số nguyên bản - Hồ sơ giấy tờ xe đủ điều kiện sang tên  Khách hàng Thoải mái Check Test Hãng , sai cam kết hoàn tiền 100%  Quà Tặng ✓ Bảo hành xe 12 tháng hoặc 20.000km ✓ Kiểm định 230 hạng mục xe trước khi giao ✓ Tặng 1 lần thay nhớt và lọc nhớt , spa xe trước khi bàn giao ✓ Bao rút hồ sơ gốc  🌟Nhận trao đổi xe - Thu Mua xe Xăng , Điện đã qua sử dụng tại nhà , Hoa Hồng Cao cho người giới thiệu",39000,Có,Việt Nam,Đã sử dụng,Bảo hành hãng,2023,Premium 2.0 AT,Tự động,Xăng,SUV / Cross over,Khác,N/A,N/A,N/A,N/A,N/A,N/A,N/A,N/A,> 1 tấn,> 2 tấn,car_p35_s15_1774765825,https://xe.chotot.com/mua-ban-oto-thanh-pho-thu-duc-tp-ho-chi-minh/131005474.htm
p35_s16_1774765836,Mazda 3 2024 - 39000 km,Mazda 3,579.0,"Chiếc Mazda 3 màu đỏ sản xuất năm 2024, xuất xứ từ Việt Nam, là một lựa chọn tuyệt vời cho những ai đang tìm kiếm một chiếc xe sedan phong cách, hiện đại và đầy đủ tiện nghi. Xe phù hợp cho việc di chuyển trong thành phố, đi làm hàng ngày hoặc những chuyến đi ngắn ngày cùng bạn bè và người thân.  👉 Thông tin chi tiết về xe:  * 🚗 Thương hiệu: Mazda, một thương hiệu ô tô nổi tiếng với thiết kế KODO độc đáo và công nghệ tiên tiến. * 🎨 Màu sắc: Đỏ, tạo nên vẻ ngoài năng động, trẻ trung và thu hút mọi ánh nhìn. * 🚘 Model: 3, dòng xe sedan/hatchback được ưa chuộng nhờ thiết kế đẹp mắt, khả năng vận hành linh hoạt và trang bị hiện đại. * ⛽ Nhiên liệu: Xăng, giúp xe vận hành êm ái và tiết kiệm nhiên liệu, phù hợp với điều kiện giao thông đô thị. * 🕹️ Hộp số: Tự động, mang lại sự thoải mái và tiện lợi khi lái xe, đặc biệt trong điều kiện giao thông đông đúc. * 📅 Năm sản xuất: 2024, xe còn rất mới và đảm bảo khả năng vận hành tốt, ít hỏng hóc. * 🔢 Odometer: 39000 km, cho thấy xe còn rất mới và ít sử dụng, đảm bảo chất lượng. * 🌍 Xuất xứ: Việt Nam, được sản xuất theo tiêu chuẩn chất lượng cao của Mazda. * ⚙️ Hộp số: Tự động giúp việc lái xe trở nên dễ dàng hơn bao giờ hết.  Chiếc xe này là một lựa chọn lý tưởng cho những ai đang tìm kiếm một chiếc xe sedan/hatchback phong cách, tiện nghi và đáng tin cậy. Với thiết kế ngoại thất bắt mắt và nội thất hiện đại, Mazda 3 2024 hứa hẹn sẽ mang lại trải nghiệm lái xe tuyệt vời và đáp ứng mọi nhu cầu sử dụng hàng ngày. Xe được trang bị các tính năng an toàn và tiện nghi hàng đầu, đảm bảo sự an toàn và thoải mái cho người lái và",39000,N/A,Việt Nam,Đã sử dụng,Bảo hành hãng,2024,N/A,Tự động,Xăng,N/A,N/A,N/A,N/A,N/A,N/A,N/A,N/A,N/A,N/A,> 1 tấn,> 2 tấn,car_p35_s16_1774765836,https://xe.chotot.com/mua-ban-oto-thanh-pho-buon-ma-thuot-dak-lak/131005044.htm
p35_s17_1774765848,Mazda CX5 2016 2.0 FL odo 80339 km,CX-5,460.0,"🚙🚙🚙 MAZDA CX5 2.0, Sản xuất 2016 FL .Odo : 80.339km. Nội thất dzin theo xe rất mới. ✔️ Option : Ghế da chỉnh điện, hệ thống loa Bose, lạnh auto 2 vùng độc lập, tích hợp vô lăng, ga tự động, báo áp suất lốp, động cơ i-stop dừng 3s tắt máy, phanh tay điện tử, chế độ chạy sport, đèn pha & gạt mưa auto. Khoá thông minh khởi động bằng nút. Cửa sổ trời, màn hình Dvd tích hợp cam lùi. ✔️ Xe đã qua kiểm tra chất lượng, không lỗi.",80339,N/A,Việt Nam,Đã sử dụng,Bảo hành hãng,2016,2.0 AT,Tự động,Xăng,SUV / Cross over,5,N/A,N/A,N/A,N/A,N/A,N/A,N/A,N/A,> 1 tấn,> 2 tấn,car_p35_s17_1774765848,https://xe.chotot.com/mua-ban-thanh-pho-nha-trang-khanh-hoa/131004576.htm
p35_s18_1774765861,Mazda Mazda2 2018 1.5AT 59.000 km,Mazda 2,325.0,"⚜️ MAZDA2 1.5AT 2018 – FORM ĐẸP, XE GIỮ KỸ 🚦 Odo: 59.000 km – Đi ít, còn rất mới ✅ Đề nổ Start/Stop tiện lợi ✅ Vô lăng tích hợp phím – gương kính chỉnh điện ✅ Màn hình giải trí + camera lùi + camera hành trình ✅ Nội thất da nỉ nguyên zin – sạch đẹp ✅ 4 lốp MIC còn mới – thảm lót sàn đầy đủ 🔥 Sedan hạng B – nhỏ gọn, tiết kiệm xăng, cực hợp đi phố 🔥 Xe giữ kỹ – máy số êm – gầm chắc",59000,Có,Đang cập nhật,Đã sử dụng,Bảo hành hãng,2018,N/A,Tự động,Xăng,N/A,5,N/A,N/A,N/A,N/A,N/A,N/A,N/A,N/A,> 1 tấn,> 2 tấn,car_p35_s18_1774765861,https://xe.chotot.com/mua-ban-thanh-pho-thu-dau-mot-binh-duong/130944328.htm
p36_s0_1774765878,Mazda 3 2019 Sport 1.5L Luxury - 50000 km,Mazda 3,475.0,"Cần bán mazda3 sport đời 2019  odo 5v , máy số nguyên zin , không đâm đụng ngập nc bao check test Giá : 475tr xem xe tại gò vấp : ***",50000,Có,Việt Nam,Đã sử dụng,Bảo hành hãng,2019,Sport 1.5L Luxury,Tự động,Xăng,Hatchback,5,N/A,N/A,N/A,N/A,N/A,N/A,N/A,5,> 1 tấn,> 2 tấn,car_p36_s0_1774765878,https://xe.chotot.com/mua-ban-oto-quan-go-vap-tp-ho-chi-minh/130997128.htm
p36_s1_1774765885,Mazda cx5 premium sports 2024,CX-5,830.0,"CX5 2024 Premium Sport  mới toanh tên tư nhân 1 chủ Chạy 2 vạn zin, full lịch sử hãng. Trang bị thì đỉnh khỏi bàn, từ ghế mát sưởi đến Camera 360, loa Bose.   Chỉ 8xx triệu  Có hỗ trợ Bank   Xem xe tại hà nội",20000,N/A,Đang cập nhật,Đã sử dụng,Bảo hành hãng,2024,N/A,Tự động,Xăng,N/A,N/A,N/A,N/A,N/A,N/A,N/A,N/A,N/A,N/A,> 1 tấn,> 2 tấn,car_p36_s1_1774765885,https://xe.chotot.com/mua-ban-oto-quan-cau-giay-ha-noi/130996699.htm
p36_s2_1774765898,Mazda CX 5 2026 - 10 km,Mazda Other,786.0,Mazda Yên Nghĩa. 🔥 NEW CX5 Premium active TRẮNG VIN 2026 – GIÁ TỐT SẴN XE GIAO NGAY 🔥  ✅ New cx5 premium active trắng: 786 triệu  🎁 ƯU ĐÃI QUÀ TẶNG CHÍNH HÃNG MAZDA: 👉 Inbox Gọi ngay sdt *** để nhận ưu đãi lớn,10,N/A,Việt Nam,Đã sử dụng,Bảo hành hãng,2026,N/A,Tự động,Xăng,SUV / Cross over,5,N/A,N/A,N/A,N/A,N/A,N/A,N/A,N/A,> 1 tấn,> 2 tấn,car_p36_s2_1774765898,https://xe.chotot.com/mua-ban-oto-quan-ha-dong-ha-noi/130996372.htm
p36_s3_1774765904,Mazda 2 2023 1.5AT 2000 km,Mazda 2,395.0,"Mazda 2 1.5AT 2023  💫Zin : 2 vann km  💫Tư nhân 1 chủ từ mới  💫Full lịch sử bảo dưỡng hãng  💫Trang bị : đèn full led tự động cân bằng góc chiếu, khởi động nút bấm Start Stop, gương chỉnh điện, tựa đầu 3 điểm, cân bằng điện tử, khởi hành ngang dốc, tự động khóa cửa khi vận hành, cảnh báo chống trộm,... Phanh tay điện tử   395",2000,N/A,Đang cập nhật,Đã sử dụng,Bảo hành hãng,2023,N/A,Tự động,Xăng,N/A,5,N/A,N/A,N/A,N/A,N/A,N/A,N/A,N/A,> 1 tấn,> 2 tấn,car_p36_s3_1774765904,https://xe.chotot.com/mua-ban-oto-quan-cau-giay-ha-noi/130995052.htm
p36_s4_1774765914,Mazda BT50 2021 4x2 33.000km Trắng,BT-50,539.0,Xe nhà ít đi nên bán  Mazda BT50 2021 4x2 số tự động  Xe đã chạy 33.000km còn mới keng   💎 Xe đã lên 300tr tiền đồ chơi 1. Mâm Black Rhino 18in 2. Vỏ Gai Bfgood rich 18in 3. Phuộc BP-51  4. Giáp gầm ARB  5. Đèn Laser Kenzo S900  6. Nắp thùng cuộn cơ  7. Phủ gầm GB  8. Fim cách nhiệt 3M Crystarlline  9. Ghế trượt điện hàng 2  10. Màn hình androi Zestech liền cam 360 phiên bản giới hạn cao cấp  11. Cảm biến áp suất lốp  12. Camera hành trình  13. Loa sub  14. Cách âm full xe  15. Trần da lộn Alcantara  16. Thảm sàn khuôn đúc  17. Cục xúc tác nhiên liệu BROQUET IN-LINE TOP FUELLER  18. Race chip công suất  19. Race chip chân ga    Xe không 1 lỗi nhỏ ( xem xe là ưng liền )  👉 Giá bán 569tr  Liên hệ xem xe trực tiếp tại số 8 đường 1A khu dân cư trung sơn xã bình hưng ( Quận 7 ) *** Đại em,33000,Có,Thái Lan,Đã sử dụng,Bảo hành hãng,2021,N/A,Tự động,Dầu,Pick-up (bán tải),5,N/A,N/A,N/A,N/A,N/A,N/A,N/A,N/A,> 1 tấn,> 2 tấn,car_p36_s4_1774765914,https://xe.chotot.com/mua-ban-oto-huyen-binh-chanh-tp-ho-chi-minh/130671651.htm
p36_s5_1774765927,Mazda Mazda3 2016 1.5At sedan,Mazda 3,369.0,Hàng hót mới về tới 🚘Mazda3 2016 1.5At sedan ✅Odo 9 vạn chuẩn full hãng ✅Một chủ biển 51F ✅Đã lên Bi Led  ✅Bốn vỏ mới thay ✅Nội thất rất đẹp ✅Keo chỉ máy móc nguyên Zin  Giá 369 triệu 📲*** em Nhường,90000,Có,Đang cập nhật,Đã sử dụng,Bảo hành hãng,2016,N/A,Tự động,Xăng,Sedan,N/A,N/A,N/A,N/A,N/A,N/A,N/A,N/A,N/A,> 1 tấn,> 2 tấn,car_p36_s5_1774765927,https://xe.chotot.com/mua-ban-oto-thanh-pho-thu-duc-tp-ho-chi-minh/130992234.htm
p36_s6_1774765939,Mazda BT-50 2015 1 cầu 2.2 xanh đen,BT-50,339.0,Bt50 sản suất 2015 bản 1 cầu 2.2  Xe đã chạy được 17 vạn  Giá bán 339 triệu  LH ***,170000,Có,Thái Lan,Đã sử dụng,Bảo hành hãng,2015,N/A,Tự động,Dầu,N/A,N/A,N/A,N/A,N/A,N/A,N/A,N/A,N/A,N/A,> 1 tấn,> 2 tấn,car_p36_s6_1774765939,https://xe.chotot.com/mua-ban-oto-thanh-pho-thu-duc-tp-ho-chi-minh/130991396.htm
p36_s7_1774765949,Mazda 6 2022 2.5 Sig Đen,Mazda 6,695.0,"Mazda 6 đời 2022, phiên bản 2.5 Sig cao cấp, màu đen sang trọng. - Xe gia đình sử dụng, đi 89.000 km. - Nội thất 5 chỗ rộng rãi, động cơ xăng. - Xe sản xuất tại Việt Nam, giá 695 triệu. Xem xe báo trước ạ",89000,N/A,Việt Nam,Đã sử dụng,Bảo hành hãng,2022,N/A,Tự động,Xăng,N/A,5,N/A,N/A,N/A,N/A,N/A,N/A,N/A,N/A,> 1 tấn,> 2 tấn,car_p36_s7_1774765949,https://xe.chotot.com/mua-ban-oto-huyen-binh-chanh-tp-ho-chi-minh/130990846.htm
p36_s8_1774765956,Mazda 3 màu Trắng,Mazda 3,110.0,"Cần bán xe mazda như hình, máy móc em ru, không lỗi lầm. Xe gia đình chạy kĩ, ngoại hình đẹp. Xe chính chủ sang tên nhanh chóng",123,N/A,Đang cập nhật,Đã sử dụng,Bảo hành hãng,2004,N/A,Số sàn,Xăng,N/A,N/A,N/A,N/A,N/A,N/A,N/A,N/A,N/A,N/A,> 1 tấn,> 2 tấn,car_p36_s8_1774765956,https://xe.chotot.com/mua-ban-oto-huyen-tuy-phuoc-binh-dinh/130987190.htm
p36_s9_1774765964,Mazda 2 2016 1.5 AT Sedan - 61000 km,Mazda 2,299.0,"Mazda 2 2016 xe zin Bao check test  Cam kêt ko đâm đụng ,ngập nước ,ko thủy kích",61000,N/A,Việt Nam,Đã sử dụng,Bảo hành hãng,2016,1.5 AT Sedan,Tự động,Xăng,Sedan,5,FWD,102 HP @6000 RPM,135 Nm @4000 RPM,1.5,5,2,143,5,> 1 tấn,> 2 tấn,car_p36_s9_1774765964,https://xe.chotot.com/mua-ban-oto-quan-go-vap-tp-ho-chi-minh/130986384.htm
p36_s10_1774765971,Mazda CX30 2022 Luxury 77000 km,CX-30,608.0,"Mazda CX30 Luxury sản xuất 2022  Xe một chủ mua từ mới đã đi được 7v7 kilomet bảo dưỡng đầy đủ tại hãng Cam kết: Không tai nạn Không ngập nước Động cơ, hộp số nguyên bản Pháp lý rõ ràng Bao kiểm tra xe toàn quốc",77000,N/A,Việt Nam,Đã sử dụng,Bảo hành hãng,2022,Luxury 2.0 AT,Tự động,Xăng,SUV / Cross over,Khác,N/A,N/A,N/A,N/A,N/A,N/A,N/A,N/A,> 1 tấn,> 2 tấn,car_p36_s10_1774765971,https://xe.chotot.com/mua-ban-oto-quan-long-bien-ha-noi/130981399.htm
p36_s11_1774765985,Mazda 3 2017 FL,Mazda 3,380.0,Mazda3 2017 phom 2018 phanh tay điện tử! Xe nguyên bảng ko đâm va ngập lội cam kết Máy số nguyên zin bao check các kiểu Giá còn thương lượng cho AE thiện chí!,92000,N/A,Đang cập nhật,Đã sử dụng,Bảo hành hãng,2017,N/A,Bán tự động,Xăng,N/A,5,N/A,N/A,N/A,N/A,N/A,N/A,N/A,N/A,> 1 tấn,> 2 tấn,car_p36_s11_1774765985,https://xe.chotot.com/mua-ban-oto-thanh-pho-qui-nhon-binh-dinh/130979173.htm
p36_s12_1774765995,Mazda 3 Sport Vin25 - ƯU ĐÃI KHỦNG - GIÁ TỪ 704TR,Mazda 3,704.0,🚗 MAZDA 3 SPORT – THANH LÝ VIN 2025 – GIÁ ƯU ĐÃI CỰC SỐC 🚗  Cần bán nhanh Mazda3 Sport – Xe VIN 2025 – Ưu đãi thanh lý  🔥 Giảm giá khủng – Tặng ngay BHVC 1 năm 🔥 Hỗ trợ vay ngân hàng lãi suất tốt 🔥 Giao xe nhanh – đủ màu  ✨ Thông tin xe:  Dòng xe: Mazda 3 Sport (Hatchback)  Tình trạng: Xe mới 100%  VIN: 2025  Động cơ: 1.5L SkyActiv tiết kiệm nhiên liệu  Trang bị: ✔️ Màn hình trung tâm thông minh kết nối Apple Carplay Không dây ✔️ Camera lùi ✔️ Cảm biến trước sau ✔️ Ghế da cao cấp ✔️ Điều hòa tự động ✔️ Hệ thống an toàn thông minh cao cấp I-Activsens  🎁 Ưu đãi đặc biệt cho khách hàng đặt cọc:  ✅ TẶNG BẢO HIỂM VẬT CHẤT 1 NĂM ✅ Hỗ trợ vay ngân hàng tối đa 85% lãi suất ưu đãi ✅ Quà tặng phụ kiện chính hãng  📍 Giao xe toàn quốc – hỗ trợ thủ tục nhanh gọn  Anh chị quan tâm dòng xe hatchback trẻ trung – thể thao – tiết kiệm nhiên liệu thì Mazda 3 Sport là lựa chọn cực kỳ hợp lý trong tầm giá.  📞 Liên hệ ngay để xem xe & nhận ưu đãi *** hôm nay!,N/A,N/A,Việt Nam,Mới,Bảo hành hãng,2025,1.5L Sport Premium,Tự động,Xăng,Hatchback,5,N/A,N/A,N/A,N/A,N/A,N/A,N/A,N/A,N/A,N/A,car_p36_s12_1774765995,https://xe.chotot.com/mua-ban-oto-quan-binh-tan-tp-ho-chi-minh/130977588.htm
p36_s13_1774766007,Mazda 2 2019 luxury sedan chính hãng xe đẹp,Mazda 2,365.0,"🔰 MAZDA 2 LUXURY 2019🔰 - - - - - - - - - - - - - - - - - - - - -  ✅ Odo: 73.000Km ✅ Trang bị sẵn phụ kiện: Film cách nhiệt, ghế da, màn hình..... - - - - - - - - - - - - - - - - - - - - - - Giá chào bán: 365 - Liên hệ: *** xem xe Cần Thơ ➖➖➖➖➖➖ ✅ Bảo Hành Chính Hãng 10.000Km/6 Tháng ✅ Bảo Đảm: xe đã được kiễm tra 167 hạng mục theo tiêu chuẩn Ford Assured ✅ Bảo Tín: Cam kết thu lại với giá cao nhất thị trường.  - - - - - - - - - - - - - - - - - - - - - 🏠: Lô 11C, Võ Nguyên Giáp, P.Hưng Phú, Thành Phố Cần Thơ.",73000,Có,Thái Lan,Đã sử dụng,Bảo hành hãng,2019,N/A,Tự động,Xăng,Sedan,5,N/A,N/A,N/A,N/A,N/A,N/A,N/A,N/A,> 1 tấn,> 2 tấn,car_p36_s13_1774766007,https://xe.chotot.com/mua-ban-quan-cai-rang-can-tho/130969208.htm
p36_s14_1774766021,MAZDA 3 2022 1.5L Premium - ODO 29579 km BAO CHECK,Mazda 3,579.0,"🚘🚘🚘 MAZDA 3 sedan 1.5 premium. Sản xuất 2022. Cực mới, 1 chủ đập thùng. Odo 29.579km ☑️ Option : Ghế da chỉnh điện có nhớ vị trí ghế. Cảm biến trước sau. Cảnh báo điểm mù. Đèn auto & hệ thống lái thông minh ( tự lái tự phanh). Ga tự động. Phanh tay nút. Cửa sổ trời. Khoá thông minh đề startop. Chế độ chạy sport. Đầu Dvd theo xe. Và còn rất nhiều tính năng hiện đại khác. ☑️ Xe cực mới. Đã qua kiểm tra chất lượng. Cam kết không lỗi nhỏ. ☑️ Hỗ trợ ngân hàng nhanh chóng.",29579,N/A,Việt Nam,Đã sử dụng,Bảo hành hãng,2022,1.5L Premium,Tự động,Xăng,Hatchback,Khác,N/A,N/A,N/A,N/A,N/A,N/A,N/A,N/A,> 1 tấn,> 2 tấn,car_p36_s14_1774766021,https://xe.chotot.com/mua-ban-thanh-pho-nha-trang-khanh-hoa/128393780.htm
p36_s15_1774766033,Mazda 2 2017 1.5 AT Sedan - 74000 km,Mazda 2,319.0,xe gia đình cần mua bán - tiếp người mua thiện chí,74000,N/A,Việt Nam,Đã sử dụng,Bảo hành hãng,2017,1.5 AT Sedan,Tự động,Xăng,Hatchback,5,FWD,102 HP @6000 RPM,135 Nm @4000 RPM,1.5,5,1,155,5,> 1 tấn,> 2 tấn,car_p36_s15_1774766033,https://xe.chotot.com/mua-ban-thanh-pho-my-tho-tien-giang/130963208.htm
p37_s0_1774766052,Mazda CX5 2024 Premium Active 6000 km,CX-5,810.0,"MAZDA CX5 2024 PREMIUM ACTIVE chạy 6000 km, màu xanh cavasine, model mới nhất cửa nóc... full lich sử bảo dưỡng hãng lốp theo xe cả dàn sơ cua chưa hạ, phiên bản Premium với gói an toàn Sky của Mazda như cảnh báo va chạm, …. Chìa khoá thông minh, cốp điện, điểm mù. Thiếu cái hộp là thành xe mới. Còn nguyên bảo hành hãng.",6000,N/A,Đang cập nhật,Đã sử dụng,Bảo hành hãng,2024,N/A,Tự động,Xăng,N/A,5,N/A,N/A,N/A,N/A,N/A,N/A,N/A,N/A,> 1 tấn,> 2 tấn,car_p37_s0_1774766052,https://xe.chotot.com/mua-ban-oto-quan-cau-giay-ha-noi/130672939.htm
p37_s1_1774766061,Mazda CX5 2020 2.0 Premium Xanh,CX-5,680.0,"Mazda CX5 2.0 Premium màu xanh Canvansite, xe chính chủ, đời 2020.  - Đã đi hơn 6 vạn, bảo dưỡng hãng đầy đủ.  - Loa Bose - cửa sổ trời, cốp điện tử, bản full !.  - Giá 680 triệu, có bớt lộc.",60000,N/A,Đang cập nhật,Đã sử dụng,Bảo hành hãng,2020,N/A,Tự động,Xăng,N/A,N/A,N/A,N/A,N/A,N/A,N/A,N/A,N/A,N/A,> 1 tấn,> 2 tấn,car_p37_s1_1774766061,https://xe.chotot.com/mua-ban-oto-thanh-pho-thu-duc-tp-ho-chi-minh/130961335.htm
p37_s2_1774766069,Mazda CX-8 2019 Premium AWA 63.000 km Xám,CX-8,699.0,Mazda Premium AWA 2019 Odo 63.000 km Giá 699 triệu,63000,N/A,Đang cập nhật,Đã sử dụng,Bảo hành hãng,2019,N/A,Tự động,Xăng,N/A,N/A,N/A,N/A,N/A,N/A,N/A,N/A,N/A,N/A,> 1 tấn,> 2 tấn,car_p37_s2_1774766069,https://xe.chotot.com/mua-ban-oto-quan-cai-rang-can-tho/130959256.htm
p37_s3_1774766077,Mazda CX 5 bản Delux sx 2023 - 13000 km,Mazda Other,695.0,"🔥 MAZDA CX-5 2023 MODEL 2024 – SIÊU LƯỚT 13.000KM 🔥 Dòng xe ""cháy hàng"" nhất nhà em Quyền lại về! • Tình trạng: Xe như mới, sơn zin, nội thất thơm mùi xưởng. • Cam kết: Không đâm đụng, không ngập nước, máy móc & keo chỉ zin 100%. • Giá chốt: 695 Triệu (Bao hồ sơ cầm tay). 📞 Liên hệ e Quyền: *** - ***",13000,Có,Việt Nam,Đã sử dụng,Bảo hành hãng,2023,N/A,Tự động,Xăng,SUV / Cross over,5,N/A,N/A,N/A,N/A,N/A,N/A,N/A,N/A,> 1 tấn,> 2 tấn,car_p37_s3_1774766077,https://xe.chotot.com/mua-ban-oto-quan-kien-an-hai-phong/130955436.htm
p37_s4_1774766087,Mazda 626 1995 Xám,Mazda 6,29.99,"Mazda 626 đời 1995 màu xám, xe cổ điển, bền bỉ.  - Động cơ vận hành ổn định.  - Phù hợp cho người thích sưu tầm xe.",266666,Có,Việt Nam,Đã sử dụng,Bảo hành hãng,1995,N/A,Số sàn,Xăng,Sedan,N/A,N/A,N/A,N/A,N/A,N/A,N/A,N/A,N/A,> 1 tấn,> 2 tấn,car_p37_s4_1774766087,https://xe.chotot.com/mua-ban-oto-huyen-tu-ky-hai-duong/130954514.htm
p37_s5_1774766096,Mazda 3 2022 Luxury Trắng 32.000km,Mazda 3,545.0,"Mình chính chủ do không còn nhu cầu cần bán lại cho anh chị em có thiện chí  Mazda 3 luxury đk 2022 chạy 32.000km Full lịch sử bảo dưỡng hãng mazda Phú Mỹ Hưng ,Quận 7. Xe rất mới, xem là thích  Giá 545tr",32000,N/A,Đang cập nhật,Đã sử dụng,Bảo hành hãng,2022,N/A,Tự động,Xăng,N/A,N/A,N/A,N/A,N/A,N/A,N/A,N/A,N/A,N/A,> 1 tấn,> 2 tấn,car_p37_s5_1774766096,https://xe.chotot.com/mua-ban-oto-quan-7-tp-ho-chi-minh/130954440.htm
p37_s6_1774766107,Mazda Mazda3 2020 1.5L Đỏ 41000 km,Mazda 3,490.0,"Cần bán Mazda3 1.5L sản xuất 2020, biển số TP.HCM. Xe gia đình sử dụng kỹ, đi đúng ~41.000 km, cam kết km chuẩn.  🔹 Tình trạng xe:  Máy móc nguyên zin, vận hành êm ái  Không tai nạn, không ngập nước  Bảo dưỡng định kỳ đầy đủ tại hãng  Nội thất sạch đẹp, ghế da còn mới  Sơn zin theo xe (có thể kiểm tra thoải mái)  🔹 Trang bị nổi bật:  Đèn LED full  Màn hình giải trí trung tâm  Camera lùi, cảm biến  Cruise Control  Điều hòa tự động  Chìa khóa thông minh Start/Stop  🔹 Xe sử dụng kỹ, không kinh doanh dịch vụ. 🔹 Giấy tờ đầy đủ, sang tên nhanh gọn.  💰 Giá mong muốn: 490 triệu (có thương lượng nhẹ cho khách thiện chí)  📞 Liên hệ trực tiếp: [***] Xem xe tại TP.HCM.",41000,Có,Việt Nam,Đã sử dụng,Bảo hành hãng,2020,N/A,Tự động,Xăng,N/A,5,N/A,N/A,N/A,N/A,N/A,N/A,N/A,N/A,> 1 tấn,> 2 tấn,car_p37_s6_1774766107,https://xe.chotot.com/mua-ban-oto-quan-binh-tan-tp-ho-chi-minh/130950736.htm
p37_s7_1774766115,Mazda 3 2018 2.0 Đỏ 80000 km,Mazda 3,435.0,"✅ ACE nào tài chính hơn bốn trăm em vẫn còn Mazda 3 2018 bản 2.0 cao cấp  📌odo 8 vạn km  4 vỏ vừa thay gai gió dày cui , trang bị mâm 18 in , chỉnh điện ghế lái , hud kính lái , màn hình hỗ trợ appel carplay , androi auto .....  📌 Giá hơn bốn trăm - *** Mr Trí Chợ nổi Cái Răng, An Bình, TP Cần Thơ",80000,Có,Đang cập nhật,Đã sử dụng,Bảo hành hãng,2018,2.0L,Tự động,Xăng,N/A,5,FWD,155 HP @6000 RPM,200 Nm @4000 RPM,2,N/A,6,160,4,> 1 tấn,> 2 tấn,car_p37_s7_1774766115,https://xe.chotot.com/mua-ban-oto-quan-ninh-kieu-can-tho/130950453.htm
p37_s8_1774766126,MAZDA 3 DELUXE - GIẢM TIỀN MẶT + 🎁 - XE MỚI 100%,Mazda 3,569.0,NEW MAZDA 3 DELUXE GIÁ 569tr CÒN THƯƠNG LƯỢNG KÈM NHIỀU QUÀ TẶNG  XE SẴN GIAO NGAY  FULL QUÀ TẶNG THEO XE HỖ TRỢ XEM XE VÀ MÁI THỬ TẠI NHÀ 🚘SHOWROOM MAZDA BÌNH TRIỆU FLAPSHIP 127 QL13 HIỆP BÌNH TP. HCM,N/A,N/A,Việt Nam,Mới,Bảo hành hãng,2026,N/A,Tự động,Xăng,Sedan,5,N/A,N/A,N/A,N/A,N/A,N/A,N/A,N/A,N/A,N/A,car_p37_s8_1774766126,https://xe.chotot.com/mua-ban-oto-thanh-pho-thu-duc-tp-ho-chi-minh/130949979.htm
p37_s9_1774766139,Mazda 3 luxury 2023,Mazda 3,56.9,"Mazda 3 Luxury 2023  Odo đi 40.000km. Xe keo chỉ zin không lỗi, kiểu dáng trẻ trung nam nữ đi đều đẹp, anh em đến trực tiếp xem xe tại Bình tân  Giá bán 569tr Liên hệ: *** gặp mr Phước",40000,N/A,Việt Nam,Đã sử dụng,Bảo hành hãng,2023,N/A,Tự động,Xăng,N/A,N/A,N/A,N/A,N/A,N/A,N/A,N/A,N/A,N/A,> 1 tấn,> 2 tấn,car_p37_s9_1774766139,https://xe.chotot.com/mua-ban-oto-quan-binh-tan-tp-ho-chi-minh/130949858.htm
p37_s10_1774766149,Mazda CX-5 2026 Đỏ,CX-5,709.0,"MAZDA CX-5 2026 – KHẲNG ĐỊNH VỊ THẾ, ƯU ĐÃI DẪN ĐẦU ✨  Trải nghiệm dòng SUV cao cấp với mức giá không thể tốt hơn: 🔹 Giá chỉ từ: 709.000.000 VNĐ. 🔹 Tài chính linh hoạt: Trả trước 200 triệu nhận xe ngay. 🔹 Kho xe sẵn sàng: Đủ màu, đủ phiên bản, hỗ trợ lái thử tận nhà.  📩 Nhắn tin hoặc gọi ngay để Công Kiểm tư vấn tận tâm nhất!",N/A,N/A,Việt Nam,Mới,Bảo hành hãng,2026,N/A,Tự động,Xăng,SUV / Cross over,5,N/A,N/A,N/A,N/A,N/A,N/A,N/A,N/A,N/A,N/A,car_p37_s10_1774766149,https://xe.chotot.com/mua-ban-oto-quan-tan-phu-tp-ho-chi-minh/130949336.htm
p37_s11_1774766158,New Mazda2 Nhập Thái số tự động✨Trả trước từ 110tr,Mazda 2,399.0,"✨ New Mazda 2 AT (Số tự động) ✅ Nhập khẩu nguyên chiếc từ Thái Lan 👉 Động cơ 1.5L, số tự động 6 cấp 👉 Đi kèm chế độ lái thể thao 👉 Bán kính quay đầu cực nhỏ: 4,7m 👉 Siêu tiết kiệm xăng: chỉ ~ 5L/100km  ✅ Quà tặng: phim cách nhiệt Llumar (áp dụng với tất cả phiên bản 😍) Cùng nhiều quà tặng chính hãng theo xe.  ✅ Hỗ trợ vay 85% giá trị xe, duyệt hồ sơ nhanh trong ngày",N/A,N/A,Thái Lan,Mới,Bảo hành hãng,2025,N/A,Tự động,Xăng,N/A,5,N/A,N/A,N/A,N/A,N/A,N/A,N/A,N/A,N/A,N/A,car_p37_s11_1774766158,https://xe.chotot.com/mua-ban-oto-quan-cai-rang-can-tho/122652196.htm
p37_s12_1774766171,Mazda 3 2.0G AT SD BP 2019 Đỏ,Mazda 3,550.0,"Chính chủ cần bán xe mazda 2.0 sản xuất 2019; lăn bánh 2020. Đã đi được 52.000km. Xe đã được trang bị phim cách nhiệt 3M, làm sàn, bọc lại vô lăng, trang trí đèn led bên trong xe. Xe vợ đi nên giữ gìn rất kỹ. Anh/Chị nào có nhu cầu lh e (sđt trê) để xem xe.",52000,Có,Việt Nam,Đã sử dụng,Bảo hành hãng,2019,2.0L Signature Premium,Tự động,Xăng,Sedan,5,N/A,N/A,N/A,N/A,N/A,N/A,N/A,N/A,> 1 tấn,> 2 tấn,car_p37_s12_1774766171,https://xe.chotot.com/mua-ban-oto-thanh-pho-thu-duc-tp-ho-chi-minh/130944657.htm
p37_s13_1774766180,Mazda 3 2018 1.5 AT Sedan - 126624 km,Mazda 3,410.0,"✨ Mazda 3, kiểu dáng Sedan thanh lịch, sản xuất năm 2018. ✨ Màu sơn trắng tinh tế, phù hợp với nhiều phong cách. ✨ Xuất xứ: Việt Nam. ✨ Số chỗ ngồi: 2. ✨ Sử dụng nhiên liệu: Xăng. ✨ Hộp số: Tự động, mang lại trải nghiệm lái xe mượt mà và thoải mái. ✨ Số Odo: 126.624 km. ✨ Phiên bản: 5491. ✨ Dòng xe Sedan phù hợp cho cả gia đình và công việc. ✨ Mazda 3 nổi tiếng với thiết kế KODO hiện đại và khả năng vận hành ổn định. ✨ Nội thất rộng rãi, tiện nghi, mang đến sự thoải mái cho người sử dụng. ✨ Hệ thống giải trí đa phương tiện, kết nối thông minh. ✨ Trang bị an toàn đầy đủ, đảm bảo an tâm trên mọi hành trình. ✨ Động cơ mạnh mẽ, tiết kiệm nhiên liệu. ✨ Khung gầm chắc chắn, mang lại cảm giác lái đầm chắc. ✨ Hệ thống phanh ABS, EBD hỗ trợ tối đa. ✨ Xe được bảo dưỡng định kỳ, tình trạng hoạt động tốt. ✨ Thích hợp cho những ai tìm kiếm một chiếc xe Sedan chất lượng, bền bỉ và tiết kiệm. ✨ Mazda 3 là sự lựa chọn lý tưởng cho những ai yêu thích sự trẻ trung, năng động và tiện nghi. ✨ Xe có ngoại hình bắt mắt, thu hút mọi ánh nhìn. ✨ Không gian nội thất được thiết kế tỉ mỉ, sang trọng. ✨ Vô lăng tích hợp các nút điều khiển, giúp người lái dễ dàng thao tác. ✨ Điều hòa hoạt động tốt, làm mát nhanh chóng. ✨ Hệ thống âm thanh chất lượng cao, mang đến trải nghiệm giải trí tuyệt vời. ✨ Xe được trang bị đầy đủ các tính năng an toàn, giúp bạn yên tâm trên mọi nẻo đường. ✨ Mazda 3 là một trong những mẫu xe Sedan bán chạy nhất tại thị trường Việt Nam. ✨ Xe có khả năng vận hành linh hoạt trong đô thị và trên đường trường. ✨ Gầm xe cao ráo",126624,Có,Việt Nam,Đã sử dụng,Bảo hành hãng,2018,1.5 AT Sedan,Tự động,Xăng,Hatchback,5,FWD,112 HP @6000 RPM,144 Nm @4000 RPM,1.5,5,4,160,5,> 1 tấn,> 2 tấn,car_p37_s13_1774766180,https://xe.chotot.com/mua-ban-oto-thi-xa-quang-yen-quang-ninh/130942534.htm
p37_s14_1774766185,Mazda CX5 2014 2.0 AT Xanh,CX-5,410.0,"Mazda CX5 2.0 AT 2014, màu xanh, xe cá nhân sử dụng, còn mới, vỏ nguyên, bao kiểm xe test hãng Xe trang bị: Ghế da chỉnh điện, màn hình kết nối apple carplay, cửa sổ trời, cảm biến trước sau, gương chỉnh điện, ga tự động cruise control .. Cam kết xe không thủy kích, đụng, phạt nguội. Vui lòng liên hệ sđt *** để xem xe. Cảm ơn!",110000,N/A,Đang cập nhật,Đã sử dụng,Bảo hành hãng,2014,N/A,Tự động,Xăng,N/A,5,N/A,N/A,N/A,N/A,N/A,N/A,N/A,N/A,> 1 tấn,> 2 tấn,car_p37_s14_1774766185,https://xe.chotot.com/mua-ban-oto-quan-ha-dong-ha-noi/130941495.htm
p37_s15_1774766194,Mazda 323 2003 Đen 5 chỗ,Mazda 3,60.0,"Cần tiền bán gấp Mazda 323 đời 2003,mọi chức năng hoạt động ok, đi xa tốt..xe vừa hết đk..,xe e bán giấy tay bao tranh chấp nên ngày nghỉ anh chị đến mua bán vẫn được nhé..., máy chạy khỏe nên a chị lấy về đi gia đình hay tập chạy tập lái là quá OK..,xem xe ở Củ Chi, TP HCM... Anh chị em nào cần thì liên hệ với e qua sđt: ***  Em cảm ơn",200000,Không,Nhật Bản,Đã sử dụng,Bảo hành hãng,2003,N/A,Số sàn,Xăng,Sedan,5,N/A,N/A,N/A,N/A,N/A,N/A,N/A,N/A,> 1 tấn,> 2 tấn,car_p37_s15_1774766194,https://xe.chotot.com/mua-ban-oto-huyen-cu-chi-tp-ho-chi-minh/130937636.htm
p37_s16_1774766206,Mazda 3 Hatchback 2016 Đỏ,Mazda 3,370.0,"Nay e có 𝐌𝐚𝐳𝐝𝐚 𝟑 fom 𝐇𝐚𝐭𝐜𝐡𝐛𝐚𝐜𝐤 𝐬𝐱𝟐𝟎𝟏𝟔. Mẫu xe 5 chổ phân khúc C rất rộng và giữ dáng. Động cơ 1.5AT tiết kiệm. Đã dán fiml, lót sàn. A/c quan tâm alo e nhé🥰   💰3xx  ☘️☘️☘️ 𝑻𝒉𝒂̀𝒏𝒉 𝑵𝒂𝒎 𝑨𝒖𝒕𝒐 𝑫𝒂̆𝒌𝑳𝒂̆𝒌 ☘️☘️☘️ - Chuyên Mua, Bán Xe Ôtô Đã Qua Sử Dụng.  - Chuyên Nghiệp - Lịch Sự - Tận Tâm   📞: *** & ***  📌𝐔𝐲 𝐓𝐢́𝐧-𝐂𝐡𝐚̂́𝐭 𝐋𝐮̛𝐨̛̣𝐧𝐠 Đ𝐚̣̆𝐭 𝐋𝐞̂𝐧 𝐇𝐚̀𝐧𝐠 Đ𝐚̂̀𝐮 📍𝟔𝟕𝟔-𝟔𝟕𝟖 𝐕𝐨̃ 𝐕𝐚̆𝐧 𝐊𝐢𝐞̣̂𝐭, 𝐏.𝐓𝐡𝐚̀𝐧𝐡 𝐍𝐡𝐚̂́𝐭 𝐃𝐚̆𝐤𝐋𝐚̆𝐤.",97000,N/A,Đang cập nhật,Đã sử dụng,Bảo hành hãng,2016,N/A,Tự động,Xăng,N/A,5,N/A,N/A,N/A,N/A,N/A,N/A,N/A,N/A,> 1 tấn,> 2 tấn,car_p37_s16_1774766206,https://xe.chotot.com/mua-ban-oto-thanh-pho-buon-ma-thuot-dak-lak/130937055.htm
p37_s17_1774766217,Mazda 3 2022 13.000 km,Mazda 3,505.0,"Đầu năm e lên sóng 𝐌𝐚𝐳𝐝𝐚 𝟑 𝟐𝟎𝟐𝟐. 𝐎𝐝𝐨 𝟏𝟑.𝟎𝟎𝟎𝐤𝐦 rất mới. Mẫu xe Sedan phân khúc C được rất nhiều người lựa chọn. Giá hợp lí đầu xuân. Anh chị quan tâm alo em nhé🥰  - 𝐂𝐚𝐦 𝐊𝐞̂́𝐭 : Xe đẹp, Không Cấn Đụng Ngập Nước  ☘️☘️☘️ 𝑻𝒉𝒂̀𝒏𝒉 𝑵𝒂𝒎 𝑨𝒖𝒕𝒐 𝑫𝒂̆𝒌𝑳𝒂̆𝒌 ☘️☘️☘️ - Chuyên Mua, Bán Xe Ôtô Đã Qua Sử Dụng.  - Chuyên Nghiệp - Lịch Sự - Tận Tâm   📞: *** & ***  📌𝐔𝐲 𝐓𝐢́𝐧-𝐂𝐡𝐚̂́𝐭 𝐋𝐮̛𝐨̛̣𝐧𝐠 Đ𝐚̣̆𝐭 𝐋𝐞̂𝐧 𝐇𝐚̀𝐧𝐠 Đ𝐚̂̀𝐮 📍𝟔𝟕𝟔-𝟔𝟕𝟖 𝐕𝐨̃ 𝐕𝐚̆𝐧 𝐊𝐢𝐞̣̂𝐭, 𝐏.𝐓𝐡𝐚̀𝐧𝐡 𝐍𝐡𝐚̂́𝐭 𝐃𝐚̆𝐤𝐋𝐚̆𝐤.",13000,N/A,Đang cập nhật,Đã sử dụng,Bảo hành hãng,2022,N/A,Tự động,Xăng,N/A,5,N/A,N/A,N/A,N/A,N/A,N/A,N/A,N/A,> 1 tấn,> 2 tấn,car_p37_s17_1774766217,https://xe.chotot.com/mua-ban-oto-thanh-pho-buon-ma-thuot-dak-lak/130936279.htm
p37_s18_1774766229,Mazda 3 1.5 Luxury 2024 lướt 10.600km,Mazda 3,612.0,"Mazda 3 Luxury 2024 lướt 10.600km Odo: 10.600km Giá bán: 612 triệu Lên màn androi, cam360, phim cách nhiệt, áp suất lốp, led nội thất,.... ❌❌CAM KẾT: 𝐎𝐃𝐎 𝐂𝐡𝐮𝐚̂̉𝐧 - 𝐊𝐡𝐨̂𝐧𝐠 Đ𝐚̂𝐦 Đ𝐮̣𝐧𝐠 𝐍𝐠𝐚̣̂𝐩 𝐍𝐮̛𝐨̛́𝐜 🚘Xem xe Cần Thơ  📞Lh ***",10600,N/A,Việt Nam,Đã sử dụng,Bảo hành hãng,2024,1.5L Luxury,Tự động,Xăng,Sedan,5,N/A,N/A,N/A,N/A,N/A,N/A,N/A,N/A,> 1 tấn,> 2 tấn,car_p37_s18_1774766229,https://xe.chotot.com/mua-ban-quan-ninh-kieu-can-tho/130916210.htm
p38_s0_1774766251,Mazda 2s 2013 44k km,Mazda 2,245.0,Mazda 2s -2013 -1 chủ từ dau  odo 44k km xe đẹp nhỏ gọn de thương cho quý cô dì di chợ dua đón học sinh  giá 245tr,44000,N/A,Đang cập nhật,Đã sử dụng,Bảo hành hãng,2013,N/A,Tự động,Xăng,N/A,N/A,N/A,N/A,N/A,N/A,N/A,N/A,N/A,N/A,> 1 tấn,> 2 tấn,car_p38_s0_1774766251,https://xe.chotot.com/mua-ban-oto-quan-binh-tan-tp-ho-chi-minh/130933182.htm
p38_s1_1774766262,Mazda CX-8 2.5AT Đeluxe 2020,CX-8,679.0,"🌸 𝐌𝐚𝐳𝐝𝐚 𝐂𝐗-𝟖 𝟐.𝟓𝐀𝐓 𝐌𝐨𝐝𝐞𝐥 𝟐𝟎𝟐𝟏 𝐒𝐢𝐞̂𝐮 Đ𝐞̣𝐩 🌸  🫐 Xe màu Đen / Nội thất Đen 🗓️ Sản xuất :2020 ⏱️ ODO: 6v km Full Ls Hãng  ⚙️ Xe trang bị: Động cơ Skyactiv-G 2.5L, Hộp số tự động 6 cấp, Hệ thống đèn full LED, Mâm hợp kim 19 inch, Ghế chỉnh điện bọc da cao cấp, Điều hoà 3 vùng độc lập, Màn hình 7 inch kết nối Apple Carplay và Android Auto, 6 Loa, Cốp điện, 6 túi khí, Camera sau,….  ⚙️ Trang bị thêm: Film cách nhiệt, thảm lót sàn,…   𝐂𝐀𝐌 𝐊𝐄̂́𝐓:  🧑‍🔧 Không đâm đụng 💧 Không ngập nước  ⏱️ Không tua Km",60000,Có,Việt Nam,Đã sử dụng,Bảo hành hãng,2020,N/A,Tự động,Xăng,SUV / Cross over,7,N/A,N/A,N/A,N/A,N/A,N/A,N/A,N/A,> 1 tấn,> 2 tấn,car_p38_s1_1774766262,https://xe.chotot.com/mua-ban-oto-quan-binh-thanh-tp-ho-chi-minh/130933091.htm
p38_s2_1774766273,Mazda 3 2018 1.5 AT Sedan - 75000 km,Mazda 3,408.0,"Em bán mazda3 2018FL 1.5AT  - Lăn bánh 75.000 km chuẩn , xe tư nhân sử dụng  - Xe lên hơn 60tr tiền đồ chơi : mâm độ , dàn lốp michelin 2025 , ốp phanh brembo , đèn pha led , đèn hậu led , màn hình , camera 360 , loa trung tâm , led nội thất , lót sàn nhựa , firm cách nhiệt đầy đủ  - Đăng kiểm dài , khoá 2 chìa đầy đủ - Bao an ninh pháp lí , bao phạt nguội  - check test theo yêu cầu   Anh chị quan tâm nhấc máy alo em  Xem xe Mỹ Đình , HN",75000,Có,Việt Nam,Đã sử dụng,Bảo hành hãng,2018,1.5 AT Sedan,Tự động,Xăng,Hatchback,5,FWD,112 HP @6000 RPM,144 Nm @4000 RPM,1.5,5,4,160,5,> 1 tấn,> 2 tấn,car_p38_s2_1774766273,https://xe.chotot.com/mua-ban-oto-quan-nam-tu-liem-ha-noi/130910892.htm
p38_s3_1774766283,cx5 Premium Exclusive đi mới 12 ngàn km,CX-5,835.0,"Cx5 Bản Full Premium Exclusive đăng ký tháng 12/2024 một chủ đi lướt mới 12 ngàn km chỉ bảo dưỡng hãng  xe chủ đi kĩ, lấy về chỉ việc sử dụng cam kết không đâm đụng ngập nước tua km giá bán xem xe còn thương lượng",12000,N/A,Đang cập nhật,Đã sử dụng,Bảo hành hãng,2024,N/A,Tự động,Xăng,N/A,N/A,N/A,N/A,N/A,N/A,N/A,N/A,N/A,N/A,> 1 tấn,> 2 tấn,car_p38_s3_1774766283,https://xe.chotot.com/mua-ban-oto-thanh-pho-thu-dau-mot-binh-duong/130921610.htm
p38_s4_1774766294,Mazda 2 2022 Luxury 31225 km Đỏ,Mazda 2,428.0,Mazda 2 luxury sx2022 1 chủ màu đỏ Xe zin k một con ốc nào vặn tháo Xe chỉ mới chạy hơn 3v giá bán còn TL Rất tiết kiệm nhiên liệu  Xe lái đầm chắc cách âm tốt Xem xe auto em Hướng 269pvd,31225,Có,Thái Lan,Đã sử dụng,Bảo hành hãng,2022,1.5L AT Standard,Tự động,Xăng,Sedan,5,FWD,110 HP @ 6000 RPM,144 Nm @ 4000 RPM,1.5,4.73,2,N/A,4,> 1 tấn,> 2 tấn,car_p38_s4_1774766294,https://xe.chotot.com/mua-ban-oto-quan-bac-tu-liem-ha-noi/130917670.htm
p38_s5_1774766303,Mazda 323 màu Đen,Mazda 3,40.0,"cần bán 323,xe máy móc gầm bệ chất, k mục,sơn mới cả xe,ae mua về dùng yên tâm, bao chạy bao quây đầu",12345,N/A,Đang cập nhật,Đã sử dụng,Bảo hành hãng,1995,N/A,Số sàn,Xăng,N/A,5,N/A,N/A,N/A,N/A,N/A,N/A,N/A,N/A,> 1 tấn,> 2 tấn,car_p38_s5_1774766303,https://xe.chotot.com/mua-ban-oto-quan-cam-le-da-nang/130606540.htm
p38_s6_1774766311,Mazda 3 HB FL 2017 47.000km,Mazda 3,405.0,"✅Loại xe: MAZDA 3 HB FL ✅Hộp số: Số tự động ✅Năm sản xuất: 2017 (1 chủ) ✅Màu: Trắng ✅Nội thất : Đen (ghế da zin theo xe) ✅Biển số: 51G-418.47 ✅Số km: 47.000km (full lịch sử hãng) ✅Phụ kiện lắp thêm: Dán phim, thảm lót sàn, 4 lốp michelin, camera hành trình, cảm biến áp suất lốp. ✅Pháp lý xe: Cá nhân. ✅Tình trạng xe: Nội ngoại thất hoàn hảo, sạch sẽ. ✅Cam kết: Không cấn đụng, không ngập nước, không tua odo, không phạt nguội hay tranh chấp. ✅Đăng kiểm: 05/2026 ✅Giá bán : 405 triệu.",47000,Có,Việt Nam,Đã sử dụng,Bảo hành hãng,2017,2.5 Luxury,Tự động,Xăng,Hatchback,5,N/A,N/A,N/A,N/A,N/A,N/A,N/A,5,> 1 tấn,> 2 tấn,car_p38_s6_1774766311,https://xe.chotot.com/mua-ban-oto-quan-go-vap-tp-ho-chi-minh/130912259.htm
p38_s7_1774766324,Mazda 3 Deluxe màu Đỏ ưu đãi khủng,Mazda 3,569.0,𝐌𝐚𝐳𝐝𝐚 𝟑 Deluxe 💞💞 - Tặng Bảo hiểm vật chất - Hỗ trợ khách hàng vay 80% - Bảo hành 5 năm hoặc 150.000km  - Tặng bộ thảm lót sàn  - Tặng flim cách nhiệt của Mỹ  - Tặng phụ kiện cứu hộ  - Tặng nhiên liệu giao xe - Tặng coupon dịch vụ - nhiều quà tặng hấp dẫn,N/A,N/A,Việt Nam,Mới,Bảo hành hãng,2025,1.5L Deluxe,Tự động,Xăng,Sedan,5,N/A,N/A,N/A,N/A,N/A,N/A,N/A,N/A,N/A,N/A,car_p38_s7_1774766324,https://xe.chotot.com/mua-ban-oto-thanh-pho-thu-duc-tp-ho-chi-minh/130911350.htm
p38_s8_1774766332,Mazda 3 2023 Luxury Đỏ 14000 km,Mazda 3,579.0,"🔥Mazda 3 Luxury 2023 Siêu lướt🔥  ❇️ Sx và ĐKý T9/2023  ❇️ Odo : 14000 km  ✳️ Xe Cá nhân 1 chủ full lịch sử bảo dưỡng  ✳️ Bảo hành Tại AGF 12tháng hoặc 12000km  Xe trang bị : phim cách nhiệt , trải sàn,   ✅ Cam kết xe không đâm đụng , không thuỷ kích , không tua km.  ✅ Xe đã được kiểm tra 167 bước theo tiêu chuẩn Ford Việt Nam  ✅ Hỗ trợ vay ngân hàng 70% với lãi suất ưu đãi nhất. 💰 Giá bán : 5xx.000.0000  ---------------------------  ☎️ Ms Lê Tuyền",14000,Có,Đang cập nhật,Đã sử dụng,Bảo hành hãng,2023,1.5L Luxury,Tự động,Xăng,Sedan,5,N/A,N/A,N/A,N/A,N/A,N/A,N/A,N/A,> 1 tấn,> 2 tấn,car_p38_s8_1774766332,https://xe.chotot.com/mua-ban-oto-thanh-pho-rach-gia-kien-giang/130910162.htm
p38_s9_1774766344,Mazda CX5 2013 2.0L,CX-5,420.0,"✅️✅️✅️ MAZDA CX5 - ĐẲNG CẤP TỪ THIẾT KẾ ĐẾN VẬN HÀNH.  ============  Động cơ Skyactiv-G 2.0L  Công suất tối đa 155 mã  Hộp số tự động 6 cấp   Điều hòa tự động Màn hình giải trí kết nối Bluetooth  Chống bó cứng phanh  Túi khí Camera lùi... =============  MAZDA CX5 2.0 ĐỜI 2013  Odo 65.000 km  Nội Ngoại thất long lanh   Bao kiểm tra hãng, rút hồ sơ gốc.  Thủ tục hồ sơ rõ ràng nhanh gọn",65000,N/A,Việt Nam,Đã sử dụng,Bảo hành hãng,2013,2.0 AT,Tự động,Xăng,SUV / Cross over,5,N/A,N/A,N/A,N/A,N/A,N/A,N/A,N/A,> 1 tấn,> 2 tấn,car_p38_s9_1774766344,https://xe.chotot.com/mua-ban-oto-thanh-pho-bien-hoa-dong-nai/130905566.htm
p38_s10_1774766357,Cx5 2020 luxury cực mới,CX-5,635.0,Cx5 2020 2.0 luxury đẹp căng nét. odo 79 ngàn cây  Ace quan tâm thì alo cho em ạ,79000,N/A,Đang cập nhật,Đã sử dụng,Bảo hành hãng,2020,2.0L Luxury,Tự động,Xăng,SUV / Cross over,5,N/A,N/A,N/A,N/A,N/A,N/A,N/A,5,> 1 tấn,> 2 tấn,car_p38_s10_1774766357,https://xe.chotot.com/mua-ban-oto-huyen-krong-pac-dak-lak/130897156.htm
p38_s11_1774766369,Mazda Mazda3 Sport 2025 Premium Trắng,Mazda 3,704.0,"Mazda3 Sport Premium 2025  1 xe màu trắng có sẵn, giao xe ngay. Ưu đãi hấp dẫn - giảm tiền mặt - kèm theo quà tặng trị giá 20 triệu - Hỗ trợ vay lãi suất hấp dẫn - Giao xe tận nhà",N/A,N/A,Việt Nam,Mới,Bảo hành hãng,2025,N/A,Tự động,Xăng,Hatchback,5,N/A,N/A,N/A,N/A,N/A,N/A,N/A,N/A,N/A,N/A,car_p38_s11_1774766369,https://xe.chotot.com/mua-ban-oto-quan-binh-tan-tp-ho-chi-minh/130896484.htm
p38_s12_1774766379,Mazda BT-50 2019 Trắng,BT-50,419.0,💫💫 cần bán xe Như hình giá 419tr . Đời cuối 2019 .  💫💫 Xe ở ngã 3tri an gần kCN sông may . Đồng nai . LH xem xe ***,100373,N/A,Đang cập nhật,Đã sử dụng,Bảo hành hãng,2019,N/A,Số sàn,Dầu,N/A,N/A,N/A,N/A,N/A,N/A,N/A,N/A,N/A,N/A,> 1 tấn,> 2 tấn,car_p38_s12_1774766379,https://xe.chotot.com/mua-ban-oto-huyen-trang-bom-dong-nai/130889517.htm
p38_s13_1774766386,Mazda 3 màu Đỏ Số tự động,Mazda 3,320.0,"Mazda 3 2016 màu đỏ, xe số tự động,  - Thiết kế trẻ trung, thể thao.   - Nội thất tiện nghi, hiện đại.   - Vận hành êm ái, tiết kiệm nhiên liệu. - Keo chỉ zin , máy số êm . giá trên em bao ký giấy tờ mua bán",100000,Có,Đang cập nhật,Đã sử dụng,Bảo hành hãng,2016,1.5 AT Sedan,Tự động,Xăng,Sedan,5,FWD,112 HP @6000 RPM,144 Nm @4000 RPM,1.5,5,2,160,4,> 1 tấn,> 2 tấn,car_p38_s13_1774766386,https://xe.chotot.com/mua-ban-oto-thanh-pho-buon-ma-thuot-dak-lak/130887910.htm
p38_s14_1774766399,"Gia đình bán Mazda CX30 Premium 2023 zin 1,7 vạn",CX-30,686.0,"Xe gia đình cần bán Mazda CX30 - 2.0 Premium bản cao cấp nhất  Sx 2023 - Xe gầm cao cá nhân 1 chủ full bảo dưỡng còn bảo hành hãng.  ✅𝐌𝐚̀𝐮 𝐱𝐞: Xanh Cavansite - nội thất nâu siêu lướt 17.000 km như xe mới. 👉Trang bị: Xe gầm cao Động cơ 2.0L - 153Hp , Hộp số tự động 6 cấp, cửa sổ trời, hub kính lái, vô lăng bọc da 3 chấu tích hợp lẩy chuyển số, điều hòa tự động có cửa gió hàng ghế sau,… ✅️Đảm bảo ko đâm đụng, ngập nước. Bao test hãng toàn quốc ✅️Bao bank, duyệt hồ sơ trong ngày 💨 💰 Giá chỉ : 6xxtr VND Ngân hàng hỗ trợ 70%",17000,Có,Đang cập nhật,Đã sử dụng,Bảo hành hãng,2023,Premium 2.0 AT,Tự động,Xăng,SUV / Cross over,Khác,N/A,N/A,N/A,N/A,N/A,N/A,N/A,N/A,> 1 tấn,> 2 tấn,car_p38_s14_1774766399,https://xe.chotot.com/mua-ban-oto-quan-7-tp-ho-chi-minh/130675899.htm
p38_s15_1774766412,Mazda 3 2010 1.6 AT - 132000 km,Mazda 3,235.0,Đổi xe mới cần bán xe madaz 3 máy móc zin xe zin ko lổi ae mua về đi gd yên tâm,132000,N/A,Đài Loan,Đã sử dụng,Bảo hành hãng,2010,1.6 AT,Tự động,Xăng,Sedan,5,N/A,N/A,N/A,N/A,N/A,N/A,N/A,N/A,> 1 tấn,> 2 tấn,car_p38_s15_1774766412,https://xe.chotot.com/mua-ban-huyen-thong-nhat-dong-nai/130883896.htm
p38_s16_1774766426,Mazda 2 2025 7.000 km Xám,Mazda 2,415.0,Em bán mazda 2 sx 2025 odo 7.000 xem xe biên hoà đồng nai.,7000,N/A,Thái Lan,Đã sử dụng,Bảo hành hãng,2025,N/A,Tự động,Xăng,N/A,N/A,N/A,N/A,N/A,N/A,N/A,N/A,N/A,N/A,> 1 tấn,> 2 tấn,car_p38_s16_1774766426,https://xe.chotot.com/mua-ban-thanh-pho-bien-hoa-dong-nai/130881154.htm
p38_s17_1774766465,"MAZDA 3 LUXURY 2023, 1 CHỦ MUA MỚI, FULL LS HÃNG",Mazda 3,579.0,"Mazda 3 Luxury màu đỏ, xe đẹp, chạy êm.  - Odo: 14.000km xe trùm mền full lịch sử hãng - Bao check test toàn quốc - Hỗ trợ NH 70% lãi suất ưu đãi. - Hỗ trợ rút hồ sơ gốc, sang tên toàn quốc Xem xe thương lượng giá trực tiếp tại Long Xuyên, An Giang",14000,Có,Việt Nam,Đã sử dụng,Bảo hành hãng,2023,1.5L Luxury,Tự động,Xăng,Sedan,5,N/A,N/A,N/A,N/A,N/A,N/A,N/A,N/A,> 1 tấn,> 2 tấn,car_p38_s17_1774766465,https://xe.chotot.com/mua-ban-thanh-pho-long-xuyen-an-giang/130881098.htm
p39_s0_1774766500,Mazda CX5 2024 2.0 Premium Active 15000 km,CX-5,815.0,"NGÀY VÍA THẦN TÀI – RƯỚC LỘC VỀ NHÀ  Đỏ Ruby – Mazda CX-5 2.0 Premium Active 2024 cực đẹp Lướt siêu mới 1 vạn 5 km – 1 chủ từ đầu  Màu Đỏ Ruby phong thủy, nổi bật và may mắn dịp vía Thần Tài Form dáng sang trọng, thể thao, mẫu SUV được ưa chuộng Phiên bản Premium Active trang bị đầy đủ tiện nghi: Ghế da cao cấp chỉnh điện Màn hình giải trí trung tâm Camera 360, cảm biến an toàn đầy đủ Điều hòa tự động 2 vùng độc lập Chìa khóa thông minh, đề nổ Start/Stop Xe lướt cực đẹp, nội ngoại thất zin Máy móc nguyên bản, vận hành êm ái, tiết kiệm nhiên liệu Cam kết không đâm đụng, không ngập nước, bao check hãng  Giá bán: 815 triệu (thương lượng cho khách thiện chí)",15000,Có,Nước khác,Đã sử dụng,Bảo hành hãng,2024,Premium 2.0 AT,Tự động,Xăng,SUV / Cross over,Khác,N/A,N/A,N/A,N/A,N/A,N/A,N/A,N/A,> 1 tấn,> 2 tấn,car_p39_s0_1774766500,https://xe.chotot.com/mua-ban-oto-quan-long-bien-ha-noi/130878776.htm
p39_s1_1774766511,Mazda 3 2024 1.5 Luxury Đỏ,Mazda 3,575.0,"Mazda 3 1.5 bản Luxury lăn bánh được 27.000 kilomet , sản xuất năm 2024.  Xe cá nhân, 1 chủ mua mới từ đầu. Bảo dưỡng đầy đủ, nội thất bên trong còn mới, thơm mùi da. Mazda 3 cho cảm giác lái linh hoạt, động cơ 1.5 rất tiết kiệm xăng.  Giá bán mong muốn và còn thương lượng thêm Sản phẩm có bảo hành. - -  Anh/Chị quan tâm 📞 Nguyên hoặc SMS Địa chỉ : 1076 Tạ Quang Bửu, Phường Bình Đông, Quận 8, TP Hồ Chí Minh",27000,Có,Việt Nam,Đã sử dụng,Bảo hành hãng,2024,1.5L Luxury,Tự động,Xăng,Sedan,Khác,N/A,N/A,N/A,N/A,N/A,N/A,N/A,N/A,> 1 tấn,> 2 tấn,car_p39_s1_1774766511,https://xe.chotot.com/mua-ban-oto-quan-8-tp-ho-chi-minh/130874356.htm
p39_s2_1774766523,Mazda CX-5 2024 Premium Exclusive,CX-5,865.0,"Mazda CX-5 Premium Exclusive sản xuất 2024, màu trắng, lăn bánh 20.000 km, một chủ từ mới....  - Cam kết không đâm đụng , không ngập nước , hồ sơ pháp lý minh bạch . - Hỗ trợ check test theo yêu cầu. - Hỗ trợ trả góp ngân hàng lên tới 70-75%. - Hỗ trợ mua - bán , sang tên biển định danh. - Hỗ trợ giao xe toàn quốc.",20000,N/A,Đang cập nhật,Đã sử dụng,Bảo hành hãng,2024,N/A,Tự động,Xăng,N/A,N/A,N/A,N/A,N/A,N/A,N/A,N/A,N/A,N/A,> 1 tấn,> 2 tấn,car_p39_s2_1774766523,https://xe.chotot.com/mua-ban-oto-quan-cau-giay-ha-noi/130870699.htm
p39_s3_1774766533,Mazda BT 50 2019 Luxury 2.2L 4x2 AT - 32000 km,Mazda Other,468.0,Xe 1 chủ mua mới từ đầu xe còn rất đẹp cửa hàng cam kết xe không đâm đụng ngập nước máy móc nguyên zin chưa mở 5 lop theo xe xe cua chưa chạm đất đã lên màn hình loa súp mua về chỉ việc sử dụng giá cả còn thương lượng chút đỉnh xe mới chạy 32.000 cây như mới,32000,N/A,Thái Lan,Đã sử dụng,Bảo hành hãng,2019,Luxury 2.2L 4x2 AT,Tự động,Dầu,Pick-up (bán tải),Khác,N/A,N/A,N/A,N/A,N/A,N/A,N/A,N/A,> 1 tấn,> 2 tấn,car_p39_s3_1774766533,https://xe.chotot.com/mua-ban-oto-huyen-duc-trong-lam-dong/130870127.htm
p39_s4_1774766546,Mazda 3 Luxury 2025 Luxury - 7000 km,Mazda 3,615.0,"Odo 7.000 kilomet. 💵 Giá em bán 615 triệu Bao rút gốc. (Lì xì 10 triệu lấy Lộc đầu năm). ☘️ XE RẤT MỚI ( Ni long còn nhiều chỗ chưa Bóc). Đã Phủ Gầm, Bọc sàn Da, Cam Hành trình, Phim cách Nhiệt)  🚙 Trang bị Lẫy số vô lăng, Đèn pha tự động + gạt mưa tự động, cruise control, cam lùi + cảm biến lùi, ghế điện + nhớ ghế 2 vị trí, Gương tự Cụp khi vào số Lùi VÀ RẤT nhiều tính năng khác v.v…. Xem xe Phước An - Đắk Lắk",7000,Có,Việt Nam,Đã sử dụng,Bảo hành hãng,2025,1.5L Luxury,Tự động,Xăng,Sedan,5,N/A,N/A,N/A,N/A,N/A,N/A,N/A,N/A,> 1 tấn,> 2 tấn,car_p39_s4_1774766546,https://xe.chotot.com/mua-ban-oto-huyen-krong-pac-dak-lak/130868751.htm
p39_s5_1774766559,Mazda 3 Sport Đỏ 2025 - sẵn xe giá tốt,Mazda 3,704.0,"🚗 Mazda 3 Sport 2025 – Xe Mới 100% – Giao Ngay – Giá Tốt Tháng 2/2026 📍 Thông tin xe • Dòng xe: Mazda 3 Sport • Năm sản xuất: 2025 – xe mới 100%, chưa đăng ký • Phiên bản: Luxury / Premium (có sẵn xe) • Màu xe: Trắng – Đen – Xám – Đỏ (chọn màu theo xe có sẵn) • Tình trạng: Xe mới nguyên seal, đủ hóa đơn VAT, bảo hành hãng ⚙️ Trang bị nổi bật ✔ Động cơ SKYACTIV 1.5L tiết kiệm nhiên liệu ✔ Hộp số tự động 6 cấp ✔ Màn hình trung tâm + Apple CarPlay / Android Auto ✔ Camera lùi  ✔ Cruise Control, cân bằng điện tử ✔ Đèn LED full, mâm hợp kim thể thao ✔ 6 túi khí an toàn 💰 Giá bán ưu đãi từ: 6xx triệu 👉 Giảm tiền mặt + quà phụ kiện chính hãng 👉 Hỗ trợ trả góp 80% – duyệt hồ sơ nhanh 🎁 Khuyến mãi • Tặng phim cách nhiệt + thảm sàn + camera hành trình • Hỗ trợ đăng ký – đăng kiểm – giao xe tận nhà • Thu xe cũ đổi xe mới giá tốt 📍 Liên hệ xem xe 📞 *** – Minh Phụng 📍 Xem xe tại TP.HCM – giao xe toàn quốc",N/A,N/A,Việt Nam,Mới,Bảo hành hãng,2025,N/A,Tự động,Xăng,N/A,5,N/A,N/A,N/A,N/A,N/A,N/A,N/A,N/A,N/A,N/A,car_p39_s5_1774766559,https://xe.chotot.com/mua-ban-oto-quan-go-vap-tp-ho-chi-minh/130867818.htm
p39_s6_1774766569,Mazda BT 50 2018 2.2L 4x2 AT - 180000 km,Mazda Other,390.0,"Cam kết xe zin đét. K tai nạn, ngập nước. Lh ***",180000,N/A,Đang cập nhật,Đã sử dụng,Bảo hành hãng,2018,2.2L 4x2 AT,Tự động,Dầu,Pick-up (bán tải),Khác,N/A,N/A,N/A,N/A,N/A,N/A,N/A,N/A,> 1 tấn,> 2 tấn,car_p39_s6_1774766569,https://xe.chotot.com/mua-ban-oto-huyen-nong-cong-thanh-hoa/130867569.htm
p39_s7_1774766574,*** xe Mazda 3 PREMIUM SPORT nsx2025 mới 100%,Mazda 3,704.0,*** 1 xe Mazda 3 PREMIUM SPORT ĐỎ năm sản xuất 2025 mới 100%,N/A,N/A,Nhật Bản,Mới,Bảo hành hãng,2025,1.5L Premium,Tự động,Xăng,Hatchback,Khác,N/A,N/A,N/A,N/A,N/A,N/A,N/A,N/A,N/A,N/A,car_p39_s7_1774766574,https://xe.chotot.com/mua-ban-oto-quan-go-vap-tp-ho-chi-minh/130867490.htm
p39_s8_1774766584,Mazda CX5 2025 Premium Sport Đen,CX-5,814.0,NEW MAZDA CX5 PREMIUM SPORT VIN 25  Một xe *** giá ưu đãi kèm quà tặng hấp dẫn LH: ***,N/A,N/A,Nhật Bản,Mới,Bảo hành hãng,2025,N/A,Tự động,Xăng,SUV / Cross over,5,N/A,N/A,N/A,N/A,N/A,N/A,N/A,N/A,N/A,N/A,car_p39_s8_1774766584,https://xe.chotot.com/mua-ban-oto-thanh-pho-thu-duc-tp-ho-chi-minh/130864124.htm
p39_s9_1774766592,Mazda 3 2019 Xanh,Mazda 3,420.0,"Mazda 3 sx 2019 bản full, cửa nóc ghế chỉnh điện Một chủ mua mới sử dụng từ đầu Chìa khoá đủ 2 chìa theo xe Ko lỗi máy số rin",80000,N/A,Đang cập nhật,Đã sử dụng,Bảo hành hãng,2019,N/A,Tự động,Xăng,N/A,5,N/A,N/A,N/A,N/A,N/A,N/A,N/A,N/A,> 1 tấn,> 2 tấn,car_p39_s9_1774766592,https://xe.chotot.com/mua-ban-oto-thanh-pho-phan-rang-thap-cham-ninh-thuan/130860281.htm
p39_s10_1774766602,Mazda 3 2019 Sport 1.5L - 68000 km,Mazda 3,445.0,- cần bán matda3 đời 2019 bản 1.5 cực mới   - chất xe thật đẹp 1 chủ ko lỗi nhỏ   - giá thơm ae qua. Tâm lh,68000,N/A,Việt Nam,Đã sử dụng,Bảo hành hãng,2019,Sport 1.5L Deluxe,Tự động,Xăng,Hatchback,5,N/A,N/A,N/A,N/A,N/A,N/A,N/A,5,> 1 tấn,> 2 tấn,car_p39_s10_1774766602,https://xe.chotot.com/mua-ban-oto-quan-hoang-mai-ha-noi/130684938.htm
p39_s11_1774766613,MAZDA 3 DELUXE (E5) TRĂNG | 173tr TRẢ TRƯỚC NHẬNXE,Mazda 3,569.0,"MAZDA3 DELUXE (E5) | 569,000,000 VND 👉 173,000,000 vnđ trả trước 👉 Hỗ trợ lên đến 85% giá xe Tặng: - Ưu đãi giảm giá + quà tặng hấp dẫn - Flim cách nhiệt Mỹ (Llumar) bảo hành 5 năm - Bọc vô lăng, ví da - Cổng bong bóng, Hoa giao xe - Thảm sàn, lót cốp sau - Dù, túi cứu hộ (Phản quang, găng tay, dây kích bình, đèn pin) - Nhiên liệu giao xe - Miễn phí công bảo dưỡng 1.000km, 50.000km, 100.000km - Bảo hành 5 năm hoặc 150.000km. Liên hệ ngay để được nhận báo giá chi tiết kèm ưu đãi hấp dẫn.",N/A,N/A,Việt Nam,Mới,Bảo hành hãng,2025,N/A,Tự động,Xăng,N/A,5,N/A,N/A,N/A,N/A,N/A,N/A,N/A,N/A,N/A,N/A,car_p39_s11_1774766613,https://xe.chotot.com/mua-ban-oto-quan-binh-tan-tp-ho-chi-minh/129850943.htm
p39_s12_1774766622,Mazda BT-50 2020 Nâu 170000 km,BT-50,430.0,"BÁN GẤP ‼️    💫 Mazda BT-50 số sàn 2 cầu màu nâu cà phê cực chất, sản xuất 2020, đã chạy 17v. Xe máy dầu bền bỉ, cài cầu điện hoạt động tốt, leo đèo – đi công trình vô tư. Trang bị điều hòa mát sâu, kính chỉnh điện, màn hình giải trí, ghế nỉ rộng rãi. Khung gầm chắc chắn, vận hành ổn định, tiết kiệm nhiên liệu. Phù hợp đi làm, chở hàng hoặc off-road cuối tuần. Giá tốt cho anh em thiện chí! XE ĐẸP CĂNG - AE TỰ TIN NHẬN CỌC",170000,N/A,Đang cập nhật,Đã sử dụng,Bảo hành hãng,2020,N/A,Số sàn,Dầu,Pick-up (bán tải),N/A,N/A,N/A,N/A,N/A,N/A,N/A,N/A,N/A,> 1 tấn,> 2 tấn,car_p39_s12_1774766622,https://xe.chotot.com/mua-ban-oto-quan-cau-giay-ha-noi/130850403.htm
p39_s13_1774766633,🔴 Mazda CX 5 2013 2.0 AT 2WD - 65000 km xe cọp,Mazda Other,420.0,"✨ MAZDA CX-5 2.0 AT 2013 - HÀNG SIÊU CỌP, ĐẸP HIẾM CÓ ✨ Cần nhượng lại mẫu CUV đô thị cực chất, xe gia đình sử dụng kỹ, tình trạng hoàn hảo: ✅ Sản xuất: 2013 ✅ Odo: 65.000 km (Xe cực cọp so với đời) ✅ Phiên bản: 2.0 AT (Số tự động 6 cấp mượt mà) ✅ Trang bị nổi bật: • Mâm 19 inch thể thao. • Ghế lái chỉnh điện, tích hợp sấy ghế. • Cửa sổ trời thoáng đãng. • Smart Cruise Control. • Đặc biệt: Lốp dự phòng chưa hạ. ✅ Tình trạng: Nội ngoại thất nguyên bản, máy móc êm ru, bảo dưỡng đầy đủ. 💰 Giá chào: 4xx min triệu (thương lượng cho anh em nhanh gọn) 📍 Xem xe: QL13, đối diện BV Hạnh Phúc. 📞 Liên hệ Tuấn: zalo/tele/wechat",65000,Có,Việt Nam,Đã sử dụng,Bảo hành hãng,2015,2.0 AT 2WD,Tự động,Xăng,SUV / Cross over,5,FWD,153 HP @6000 RPM,199 Nm @4000 RPM,2,N/A,2,215,5,> 1 tấn,> 2 tấn,car_p39_s13_1774766633,https://xe.chotot.com/mua-ban-oto-thanh-pho-thu-duc-tp-ho-chi-minh/130849594.htm
p39_s14_1774766646,Mazda CX-5 2023 2.0 Premium 80.000km,CX-5,739.0,"🚗 Mazda CX-5 2.0 Premium 2023 – Bản full cao cấp, được trang bị đầy đủ tính năng an toàn i-Active • 1 chủ từ mới, chuẩn 80.000km, bảo dưỡng rất kỹ • Còn bảo hành chính hãng • Xe đẹp, không lỗi – bao test dưới mọi hình thức • Võ còn theo xe, tặng kèm 03 võ mới mua chưa sử dụng  ⭐ Trang bị nổi bật   Mazda CX-5 2023 2.0 Premium nổi bật với gói an toàn cao cấp i-Activsense, màn hình HUD, âm thanh 10 loa Bose, camera 360 và nội thất da Nappa cao cấp.  🔒 An toàn i-Activsense: • Cảnh báo điểm mù • Cảnh báo phương tiện cắt ngang khi lùi • Cảnh báo & hỗ trợ giữ làn • Phanh tự động giảm thiểu va chạm • Cruise Control thích ứng  🛋 Nội thất & tiện nghi: • Ghế da Nappa cao cấp • Ghế lái chỉnh điện + nhớ vị trí • HUD kính lái • Màn hình 8” Apple CarPlay/Android Auto • 10 loa Bose cao cấp • Điều hòa 2 vùng độc lập • Sạc không dây, cửa sổ trời, đá cốp  ✨ Ngoại thất: • Đèn LED thích ứng AFS • Mâm 19 inch thể thao • Gương chống chói, kính 2 lớp chống ồn  ⚙️ Vận hành: • Động cơ SkyActiv-G 2.0L (~154hp) • Hộp số tự động 6 cấp • Auto Hold, chế độ lái Sport  Xe bản Premium cao cấp, trang bị đầy đủ – mua về chỉ việc chạy. ✅ Tân Thành Auto cam kết: ✔ Xe chuẩn – đã kiểm tra đầy đủ các hạng mục quan trọng, bao check test toàn quốc cho quý khách hàng ✔ Hỗ trợ sang tên nhanh gọn ✔ Thu mua – trao đổi xe cũ giá tốt  📍 Xem xe trực tiếp tại: Tân Thành Auto 146K Trần Văn Hoài, P. Ninh Kiều, TP. Cần Thơ  📞 Liên hệ:",80000,N/A,Đang cập nhật,Đã sử dụng,Bảo hành hãng,2023,2.0 Premium,Tự động,Xăng,SUV / Cross over,Khác,N/A,N/A,N/A,N/A,N/A,N/A,N/A,N/A,> 1 tấn,> 2 tấn,car_p39_s14_1774766646,https://xe.chotot.com/mua-ban-oto-quan-ninh-kieu-can-tho/130849536.htm
p39_s15_1774766659,Mazda 3 2016 Limited Đỏ,Mazda 3,355.0,bán xe m3 xe đẹp ko lỗi cả nhà ơi chơ tốt ơi. năm sản xuất 2016 bản cao cấp. ai có nhu cầu liên hệ đt ***,900000,N/A,Đang cập nhật,Đã sử dụng,Bảo hành hãng,2016,N/A,Tự động,Xăng,N/A,N/A,N/A,N/A,N/A,N/A,N/A,N/A,N/A,N/A,> 1 tấn,> 2 tấn,car_p39_s15_1774766659,https://xe.chotot.com/mua-ban-thanh-pho-vinh-nghe-an/130849041.htm
p39_s16_1774766664,MAZDA CX8 - ƯU ĐÃI GIẢM TIỀN MẶT - HỖ TRỢ BHVC XE,CX-8,929.0,"𝐍𝐄𝐖 𝐌𝐀𝐙𝐃𝐀 CX-8 giảm giá chỉ từ 929 TRIỆU với các hỗ trợ :   ✅ Ưu đãi giảm tiền mặt lên đến 40TR - Tặng phụ kiện có giá trị (Tùy phiên bản) ✅ Hỗ trợ trả trước chỉ từ 300TR nhận xe ✅ Hỗ trợ ngân hàng tới 85% - Lãi suất ưu đãi 6.5%  ✅ Bảo hành 5 năm hoặc 150 000km ✅ Hỗ trợ lái thử miễn phí, tận nhà  🎁 Phim cách nhiệt Llumar của Mỹ, thảm lót chân, lót cốp, baga mui, ốp cảng sau, xăng nhiên liệu, miễn phí công bảo dưỡng, dù cầm tay Mazda, ty thuỷ lực nắp capo, bệ bước chân,… và nhiều quà tặng giá trị cao khi liên hệ xem xe trực tiếp tại Showroom ———————————— 📲Liên hệ: *** - em Thành Mazda để nhận ưu đãi và được hỗ trợ ngay^^",N/A,N/A,Việt Nam,Mới,Bảo hành hãng,2025,N/A,Tự động,Xăng,SUV / Cross over,7,N/A,N/A,N/A,N/A,N/A,N/A,N/A,N/A,N/A,N/A,car_p39_s16_1774766664,https://xe.chotot.com/mua-ban-quan-tan-phu-tp-ho-chi-minh/125114456.htm
p39_s17_1774766674,Mazda CX5 2016 Đỏ,CX-5,488.0,"#🚘MAZDA CX5 2016 5 chổ gầm cao rất đep - Chất xe gia đình sử dụng rất đẹp, rin không lỗi, máy rin nguyên bản,,🌹👍, Nội thất ngoại thất còn rất mới,,đăng kiểm dài, đèn bi led, dàn lốp mới, màn hình androi, ,cam hành trình, cam cặp lề,  🏡 xem xe 503 Nguyễn Văn Cừ, Tp BMT, DakLak",98000,N/A,Đang cập nhật,Đã sử dụng,Bảo hành hãng,2016,N/A,Tự động,Xăng,N/A,5,N/A,N/A,N/A,N/A,N/A,N/A,N/A,N/A,> 1 tấn,> 2 tấn,car_p39_s17_1774766674,https://xe.chotot.com/mua-ban-thanh-pho-buon-ma-thuot-dak-lak/130839396.htm
p40_s0_1774766696,Mazda 6 2017 - 96000 km,Mazda 6,486.0,"Xe chính chủ trùng tên trên đăng ký xe, xem xe tại nhà riêng sản xuất 2017, đăng ký 2018, ít sử dụng, nguyên bản, chưa tai nạn, ngập nước, máy móc ngon, full lịch sử hãng !",96000,Có,Việt Nam,Đã sử dụng,Bảo hành hãng,2017,N/A,Tự động,Xăng,Sedan,5,N/A,N/A,N/A,N/A,N/A,N/A,N/A,N/A,> 1 tấn,> 2 tấn,car_p40_s0_1774766696,https://xe.chotot.com/mua-ban-oto-huyen-thach-that-ha-noi/130837678.htm
p40_s1_1774766706,Mazda 6 2015 2.5 AT - 150000 km,Mazda 6,380.0,"Xe full oftion chính chủ, độ đồ chơi rất nhiều . Giá đăng cho người thực sự muốn mua nha",150000,N/A,Đang cập nhật,Đã sử dụng,Bảo hành hãng,2015,2.5 AT,Tự động,Xăng,Sedan,5,FWD,185 HP @5700 RPM,250 Nm @3200 RPM,2.5,6.3,2,165,4,> 1 tấn,> 2 tấn,car_p40_s1_1774766706,https://xe.chotot.com/mua-ban-oto-quan-tay-ho-ha-noi/130831610.htm
p40_s2_1774766711,Mazda 3 2019 Xanh Tự động,Mazda 3,425.0,Sx2019 một chủ sd từ đầu. Chìa khoá đủ 2 chìa. Sdt***,80000,N/A,Việt Nam,Đã sử dụng,Bảo hành hãng,2019,N/A,Tự động,Xăng,N/A,5,N/A,N/A,N/A,N/A,N/A,N/A,N/A,N/A,> 1 tấn,> 2 tấn,car_p40_s2_1774766711,https://xe.chotot.com/mua-ban-oto-thanh-pho-cam-ranh-khanh-hoa/130829806.htm
p40_s3_1774766722,Mazda 2 2023 1.5L Luxury,Mazda 2,445.0,Mazda 2 1.5L luxury 2023 Odo: 22.200km Giá bán: 445Triệu Màu trắng ✅ Hỗ Trợ vay 65%  ❗️CAM KẾT: 𝐎𝐃𝐎 𝐂𝐡𝐮𝐚̂̉𝐧 - 𝐊𝐡𝐨̂𝐧𝐠 Đ𝐚̂𝐦 Đ𝐮̣𝐧𝐠 𝐍𝐠𝐚̣̂𝐩 𝐍𝐮̛𝐨̛́𝐜  🚘 Xem Xe Cần Thơ- ***,22200,Có,Đang cập nhật,Đã sử dụng,Bảo hành hãng,2023,1.5 Luxury,Tự động,Xăng,Sedan,Khác,N/A,N/A,N/A,N/A,N/A,N/A,N/A,N/A,> 1 tấn,> 2 tấn,car_p40_s3_1774766722,https://xe.chotot.com/mua-ban-oto-quan-cai-rang-can-tho/130816752.htm
p40_s4_1774766735,Mazda CX 5 2017 2.5 AT AWD - 58000 km,Mazda Other,495.0,Cx5 full trắng full uy tín ai chốt thì inbox em nhoa,58000,N/A,Việt Nam,Đã sử dụng,Bảo hành hãng,2017,2.5 AT AWD,Tự động,Xăng,SUV / Cross over,5,AWD,188 HP @5700 RPM,250Nm @3200 RPM,2.5,6.8,2,N/A,5,> 1 tấn,> 2 tấn,car_p40_s4_1774766735,https://xe.chotot.com/mua-ban-oto-quan-binh-tan-tp-ho-chi-minh/130817658.htm
p40_s5_1774766744,Mazda 3 2019 Sport 1.5L Luxury - 76000 km,Mazda 3,429.0,Xe chính chủ  Mua mới từ đầu Xe máy móc keo chỉ zin Mua về chỉ sử dụng không cần làm thêm bất cứ gì  Có hổ trợ ngân hàng,76000,N/A,Việt Nam,Đã sử dụng,Bảo hành hãng,2019,Sport 1.5L Luxury,Tự động,Xăng,Hatchback,5,N/A,N/A,N/A,N/A,N/A,N/A,N/A,5,> 1 tấn,> 2 tấn,car_p40_s5_1774766744,https://xe.chotot.com/mua-ban-oto-quan-go-vap-tp-ho-chi-minh/130777030.htm
p40_s6_1774766757,Mazda 6 Signature Premium 2.5 AT 2022 (TCCC),Mazda 6,685.0,"📣 Mazda 6 Signature Premium 2.5 AT 2022 • Màu đỏ • Odo 4 vạn km zin • Xe đẹp xuất sắc • Full lịch sử bảo dưỡng hãng • Cam kết:  – Không tai nạn  – Máy móc nguyên bản  – Không thủy kích, ngập nước • Hỗ trợ ngân hàng: 50–70% giá trị xe • Hồ sơ gốc cầm tay, sang tên trong ngày  ✅ Xem xe tại: Cầu Giấy, Hà Nội  👉 Liên hệ ngay để được trải nghiệm xe và nhận báo giá tốt!",40000,N/A,Việt Nam,Đã sử dụng,Bảo hành hãng,2022,Signature Premium 2.5 AT,Tự động,Xăng,Sedan,Khác,N/A,N/A,N/A,N/A,N/A,N/A,N/A,N/A,> 1 tấn,> 2 tấn,car_p40_s6_1774766757,https://xe.chotot.com/mua-ban-oto-quan-cau-giay-ha-noi/129825941.htm
p40_s7_1774766769,Mazda 626 1996 Đen,Mazda 6,55.0,"đổi xe nên nhượng lai em mazda 626 sx 1996, đăng ký lần đầu 1999. máy 2.0. máy móc êm ru, máy lạnh teo, cam lùi, cam hành trình, màn hình an roi đầy đủ, chỉ việc đổ xăng là đi. giá mong muốn 55 tr . mua bán trực tiếp, miễn cò mồi. hỗ trợ ký giấy ủy quyền, sang tên. lh ***, ***, xem xe tại biên hòa, đối diện bv đakhoa đn.",270000,Có,Nhật Bản,Đã sử dụng,Bảo hành hãng,1996,N/A,Số sàn,Xăng,Sedan,4,N/A,N/A,N/A,N/A,N/A,N/A,N/A,N/A,> 1 tấn,> 2 tấn,car_p40_s7_1774766769,https://xe.chotot.com/mua-ban-oto-thanh-pho-bien-hoa-dong-nai/130802155.htm
p40_s8_1774766776,Mazda 3 2024 1.5L Luxury - 9779 km XE NHƯ MỚI,Mazda 3,590.0,MAZDA3 2024 luxury 1.5  tự động lăn bánh 9779 km XE NHƯ MỚI  bao check tét hãng và thợ xe toàn quốc  Chỉ 590 triệu  ☎️tiztoz: HOÀNG TÀU Ô TÔ HUẾ,9779,Có,Việt Nam,Đã sử dụng,Bảo hành hãng,2024,1.5L Luxury,Tự động,Xăng,Sedan,Khác,N/A,N/A,N/A,N/A,N/A,N/A,N/A,N/A,> 1 tấn,> 2 tấn,car_p40_s8_1774766776,https://xe.chotot.com/mua-ban-oto-thanh-pho-hue-thua-thien-hue/130773559.htm
p40_s9_1774766789,Mazda CX-5 Signature Premium 2.5 AWD 2022,CX-5,755.0,"🚘 Mazda CX-5 Signature Premium 2.5 AWD 2022 – Bản Full Cao Cấp Nhất - Màu xám sang trọng • Xe 1 chủ từ mới, lăn bánh T4/2022 • Odo: 24.000 km chuẩn zin • Full lịch sử bảo dưỡng hãng ✔ Cam kết không tai nạn ✔ Máy móc nguyên bản ✔ Không ngập nước / thủy kích ✔ Xe đẹp xuất sắc – xem là thích  🏦 Hỗ trợ vay ngân hàng 50–70% giá trị xe  📄 Hồ sơ gốc cầm tay – sang tên trong ngày  📍 Xem xe tại: Cầu Giấy – Hà Nội  👉 Liên hệ để xem xe trực tiếp và nhận báo giá!",20000,N/A,Việt Nam,Đã sử dụng,Bảo hành hãng,2022,Luxury 1.5 AT,Tự động,Xăng,SUV / Cross over,5,N/A,N/A,N/A,N/A,N/A,N/A,N/A,N/A,> 1 tấn,> 2 tấn,car_p40_s9_1774766789,https://xe.chotot.com/mua-ban-oto-quan-cau-giay-ha-noi/129726499.htm
p40_s10_1774766802,Mazda CX-8 2.5 Premium AWD 6S 2022 model 2023,CX-8,899.0,"🚘 Mazda CX-8 2.5 Premium AWD 6S 2022 – Màu Vàng Ánh Kim - (Bản 2 cầu 6 ghế form mới, có cửa nóc)   • Odo: 3,2 vạn km – cực đẹp, chuẩn zin  • Sơn zin toàn bộ xe  • Nội thất giữ gìn kỹ, còn rất mới  • Full lịch sử bảo dưỡng hãng  🔥 Trang bị thêm: - Màn hình Android tiện ích  - Cảm biến áp suất lốp  - Cam kết không tai nạn  - Không ngập nước / thuỷ kích  🏦 Hỗ trợ ngân hàng 50–70% giá trị xe  📄 Hồ sơ gốc đầy đủ – sang tên trong ngày  📍 Xem xe trực tiếp tại: Cầu Giấy – Hà Nội  👉 Liên hệ ngay để xem xe và nhận giá *** trong ngày!",30000,N/A,Việt Nam,Đã sử dụng,Bảo hành hãng,2022,Premium AWD - 6 ghế,Tự động,Xăng,SUV / Cross over,5,N/A,N/A,N/A,N/A,N/A,N/A,N/A,5,> 1 tấn,> 2 tấn,car_p40_s10_1774766802,https://xe.chotot.com/mua-ban-oto-quan-cau-giay-ha-noi/129700510.htm
p40_s11_1774766814,Mazda 3 2022 1.5L Luxury - 55000 km 535 triệu,Mazda 3,535.0,"Hàng về phục vụ bà con cho kịp đi Tết  MAZDA3 2022 luxury 1.5 lăn bánh 56.000km  4 lốp mới thay ,  chủ xe nói xe không đâm đụng ngập nước  Full lịch sử hãng giá chỉ hơn 5 trăm xíu xíu  Hú em tiztoz: HOÀNG TÀU Ô TÔ HUẾ",55000,Có,Việt Nam,Đã sử dụng,Bảo hành hãng,2022,1.5L Luxury,Tự động,Xăng,Hatchback,Khác,N/A,N/A,N/A,N/A,N/A,N/A,N/A,N/A,> 1 tấn,> 2 tấn,car_p40_s11_1774766814,https://xe.chotot.com/mua-ban-oto-thanh-pho-hue-thua-thien-hue/130782743.htm
p40_s12_1774766825,Bán xe Mazda 3 màu Bạc,Mazda 3,180.0,"Nhu cầu nâng đời xe nên mình bán xe Mazda 3 nhập khẩu nguyên chiếc Đài Loan. Xe không lỗi lầm, chưa từng va quệt hay ngập nước. Bao check. Máy, vỏ nguyên zin giá 180 triệu có ra lộc. Xem xe tại Hạ Long",70000,N/A,Đài Loan,Đã sử dụng,Bảo hành hãng,2009,N/A,Tự động,Xăng,N/A,N/A,N/A,N/A,N/A,N/A,N/A,N/A,N/A,N/A,> 1 tấn,> 2 tấn,car_p40_s12_1774766825,https://xe.chotot.com/mua-ban-oto-thanh-pho-ha-long-quang-ninh/130780872.htm
p40_s13_1774766832,Mazda 3 2022 1.5L Luxury - 4v km gốc daklak,Mazda 3,535.0,"🚘 Mazda 3 Luxury 2022 đẹp long lanh. 👉 odo 4v chuẩn, gốc Daklak, full lịch sử hãng.  👉 Cam kết ko đâm đụng ngập nước, bao check hãng hoặc bên thứ 3 bất kỳ 💵 Hỗ trợ bank 70% giá trị xe ☎ xem xe Buôn Ma Thuột, Daklak.",40000,N/A,Việt Nam,Đã sử dụng,Bảo hành hãng,2022,1.5L Luxury,Tự động,Xăng,Sedan,Khác,N/A,N/A,N/A,N/A,N/A,N/A,N/A,N/A,> 1 tấn,> 2 tấn,car_p40_s13_1774766832,https://xe.chotot.com/mua-ban-thanh-pho-buon-ma-thuot-dak-lak/130780734.htm
p40_s14_1774766844,Mazda 2 1.5L Luxury 2023,Mazda 2,445.0,"Mazda 2 1.5L luxury 2023 Odo: 22.200km Giá bán: 445 triệu - 4 vỏ theo xe, sơ cua chưa hạ  - Xe đã trang bị camera 360 độ, camera hành trình ❌❌CAM KẾT: 𝐎𝐃𝐎 𝐂𝐡𝐮𝐚̂̉𝐧 - 𝐊𝐡𝐨̂𝐧𝐠 Đ𝐚̂𝐦 Đ𝐮̣𝐧𝐠 𝐍𝐠𝐚̣̂𝐩 𝐍𝐮̛𝐨̛́𝐜 🚗Xem xe Cần Thơ  📲 Hotline ***",22200,N/A,Thái Lan,Đã sử dụng,Bảo hành hãng,2023,1.5 Luxury,Tự động,Xăng,Sedan,Khác,N/A,N/A,N/A,N/A,N/A,N/A,N/A,N/A,> 1 tấn,> 2 tấn,car_p40_s14_1774766844,https://xe.chotot.com/mua-ban-quan-ninh-kieu-can-tho/130777755.htm
p40_s15_1774766857,"Bán Mazda 3 Premium 2.0 - SX 2021 mới đi 3,8 Vạn",Mazda 3,579.0,Đổi mẹc GLC bán lại cho anh chị em chiếc mazda 3 bản Premium 2.0 sx 2021 rất hiếm. Xe nhà đi ít giữ gìn chỉ 37.000km. Chăm sóc bảo dưỡng định kỳ hãng.  Cam kết xe nguyên zin không đâm đụng ko ngập nước. Giá bán 5xx triệu. Ngân hàng hỗ trợ 70%. Xem xe thương lượng mua nhanh có giá ***.,37000,Có,Đang cập nhật,Đã sử dụng,Bảo hành hãng,2021,N/A,Tự động,Xăng,Sedan,5,N/A,N/A,N/A,N/A,N/A,N/A,N/A,N/A,> 1 tấn,> 2 tấn,car_p40_s15_1774766857,https://xe.chotot.com/mua-ban-quan-7-tp-ho-chi-minh/130777154.htm
p40_s16_1774766871,Mazda CX5 2024 2.0 Premium 5000 km Đen,CX-5,810.0,"Cần bán xe Mazda CX5 2.0 premium sản xuất 2024 Mới đi được 5.000 km  Sơn zin 100%, chưa sơn dặm  Xe được dán PPF cả xe hết gần 40tr, có nước hoa khuyết tán,camera hành trình, bảo hiểm thân vỏ …. Mình bán với giá: 810tr",5000,N/A,Đang cập nhật,Đã sử dụng,Bảo hành hãng,2024,N/A,Tự động,Xăng,N/A,N/A,N/A,N/A,N/A,N/A,N/A,N/A,N/A,N/A,> 1 tấn,> 2 tấn,car_p40_s16_1774766871,https://xe.chotot.com/mua-ban-quan-go-vap-tp-ho-chi-minh/130760759.htm
p41_s0_1774766893,Mazda 6 2015 2.5 AT - 180000 km,Mazda 6,370.0,"Mazda 6 2.5L- màu trắng sx2015 . Mới về Odo: 18v km, xe chuẩn như quảng cáo Không đâm đụng Tình trạng: Xe đẹp, máy móc vận hành êm, nội ngoại thất sáng bóng",180000,N/A,Việt Nam,Đã sử dụng,Bảo hành hãng,2015,2.5 AT,Tự động,Xăng,Sedan,5,FWD,185 HP @5700 RPM,250 Nm @3200 RPM,2.5,6.3,2,165,4,> 1 tấn,> 2 tấn,car_p41_s0_1774766893,https://xe.chotot.com/mua-ban-oto-huyen-quang-xuong-thanh-hoa/130757644.htm
p41_s1_1774766906,Mazda 3 2022 1.5L Luxury chính chủ từ mới,Mazda 3,550.0,"🔥🔥Mazda3 1.5Luxury 2022 siêu đẹp zin🔥 - Xe một chủ từ mới Odo: 5 vạn Km, mới zin nguyên bản miễn bàn chất xe. - Cam kết: Máy số zin nguyên bản từng con ốc, xe ko ngập nước, ko đâm tai nạn thân vỏ zin nguyên bản.. - Option miên man: Màn hình cam 360, cảm biến va chạm, Istop, ghế điện + nhớ ghế, Auto Hold, phanh điện tử, cân bằng điện tử, túi khí 7cái..vv - 💰Giá: 5xxtr.  - A/c có nhu cầu liên hệ trực tiếp:  ☎️Mr Huy ***.  🏡Xem xe: Nguyễn chánh - Yên Hoà - Hà Nội.",48000,N/A,Việt Nam,Đã sử dụng,Bảo hành hãng,2022,1.5L Luxury,Tự động,Xăng,Sedan,Khác,N/A,N/A,N/A,N/A,N/A,N/A,N/A,N/A,> 1 tấn,> 2 tấn,car_p41_s1_1774766906,https://xe.chotot.com/mua-ban-oto-quan-cau-giay-ha-noi/130749203.htm
p41_s2_1774766919,Mazda 2 đời 2017 Trắng ngọc trai lướt 33.270km,Mazda 2,310.0,"Mazda 2 đời 2017 màu trắng, xe nhỏ gọn, phù hợp đi phố.   - ODO 33270 km, xe còn mới.   - Động cơ xăng, hộp số tự động.   - Tiết kiệm nhiên liệu, dễ lái.",33270,N/A,Đang cập nhật,Đã sử dụng,Bảo hành hãng,2017,N/A,Tự động,Xăng,N/A,N/A,N/A,N/A,N/A,N/A,N/A,N/A,N/A,N/A,> 1 tấn,> 2 tấn,car_p41_s2_1774766919,https://xe.chotot.com/mua-ban-oto-quan-binh-tan-tp-ho-chi-minh/130748940.htm
p41_s3_1774766928,Mazda 3 2022 1.5 Premium Đỏ 54000 km,Mazda 3,578.0,"Tên xe : Mazda 3 1.5 Premium 2022 Biển số : 76A 16870 Odo: 5v4 Km Phiên bản : 1.5 Premium Option trang bị thêm: Film cách nhiệt - Tình trạng xe : xe đẹp không lỗi, máy số nguyên zin. - Bảo hành : Động cơ + hộp số 3 tháng hoặc 3.000 km  💥Giá niêm yết : 578 Triệu đã bao gồm phí rút hồ sơ.",54000,Có,Nước khác,Đã sử dụng,Bảo hành hãng,2022,1.5L Premium,Tự động,Xăng,Hatchback,Khác,N/A,N/A,N/A,N/A,N/A,N/A,N/A,N/A,> 1 tấn,> 2 tấn,car_p41_s3_1774766928,https://xe.chotot.com/mua-ban-oto-thanh-pho-di-an-binh-duong/130746986.htm
p41_s4_1774766941,Mazda CX-5 2022 2.0 Premium 30000 km,CX-5,735.0,"MAZDA CX-5 2.0 PREMIUM 2022  Màu xanh 42M Odo 3 vạn km, xe giữ gìn Nguyên dàn lốp theo xe  ốp dự phòng chưa hạ Trang bị nhiều option hiện đại Cam kết chất lượng bản văn bản Check test mọi nơi Hỗ trợ vay ngân hàng lãi suất ưu đãi",30000,N/A,Việt Nam,Đã sử dụng,Bảo hành hãng,2022,Premium 2.0 AT,Tự động,Xăng,SUV / Cross over,5,N/A,N/A,N/A,N/A,N/A,N/A,N/A,N/A,> 1 tấn,> 2 tấn,car_p41_s4_1774766941,https://xe.chotot.com/mua-ban-oto-quan-long-bien-ha-noi/129551353.htm
p41_s5_1774766952,Mazda 626 2001 Xám,Mazda 6,70.0,"mazda 626 2001 mới đăng kiểm,máy,điều hòa bao êm,giá 70tr cho ae về đi tết",200000,N/A,Đang cập nhật,Đã sử dụng,Bảo hành hãng,2001,N/A,Số sàn,Xăng,N/A,5,N/A,N/A,N/A,N/A,N/A,N/A,N/A,N/A,> 1 tấn,> 2 tấn,car_p41_s5_1774766952,https://xe.chotot.com/mua-ban-oto-huyen-dong-hung-thai-binh/130742217.htm
p41_s6_1774766961,Mazda 3 AT Hatchback Facelift 2017,Mazda 3,389.0,Mazda 3 AT Hatchback Facelift 2017  Odo: 106.700km Giá bán: 389 triệu  ❌❌CAM KẾT: 𝐎𝐃𝐎 𝐂𝐡𝐮𝐚̂̉𝐧 - 𝐊𝐡𝐨̂𝐧𝐠 Đ𝐚̂𝐦 Đ𝐮̣𝐧𝐠 𝐍𝐠𝐚̣̂𝐩 𝐍𝐮̛𝐨̛́𝐜 🚘Xem xe tại Cần Thơ  📞Lh zalo ***,106700,N/A,Việt Nam,Đã sử dụng,Bảo hành hãng,2017,1.5 AT,Tự động,Xăng,Hatchback,Khác,N/A,N/A,N/A,N/A,N/A,N/A,N/A,N/A,> 1 tấn,> 2 tấn,car_p41_s6_1774766961,https://xe.chotot.com/mua-ban-oto-quan-ninh-kieu-can-tho/130723639.htm
p41_s7_1774766973,Mazda BT50 2017 AT 1 cầu,BT-50,390.0,"Ô Tô Hiếu Đắk Lắk đang có bán   🚘 Mazda BT50 2017   👉🏻 Phiên bản số tự động 1 cầu máy dầu . Xe nhập Thái  👉🏻 Xe trang bị ghế da , điều hoà Auto 2 vùng độc lập , 4 lốp mới , đã nâng cấp màn hình cam hành trình . . .   🏷️ 159 Lê Duẫn , Buôn Ma Thuột",163000,Có,Thái Lan,Đã sử dụng,Bảo hành hãng,2017,2.2L 4x2 AT,Tự động,Dầu,Pick-up (bán tải),5,N/A,N/A,N/A,N/A,N/A,N/A,N/A,N/A,> 1 tấn,> 2 tấn,car_p41_s7_1774766973,https://xe.chotot.com/mua-ban-oto-thanh-pho-buon-ma-thuot-dak-lak/130712195.htm
p41_s8_1774766985,Mazda Mazda3 Luxury 2022 Đỏ,Mazda 3,530.0,Lên đời cần bán Mazda3 Luxury 2022 Odo 40.000km Cam kết không đâm đụng ngập nước  Bánh sờ cua chưa hạ,40000,Có,Đang cập nhật,Đã sử dụng,Bảo hành hãng,2022,N/A,Tự động,Xăng,N/A,N/A,N/A,N/A,N/A,N/A,N/A,N/A,N/A,N/A,> 1 tấn,> 2 tấn,car_p41_s8_1774766985,https://xe.chotot.com/mua-ban-oto-thi-xa-buon-ho-dak-lak/130710555.htm
p41_s9_1774766997,MAZDA CX 8 SẴN XE ĐỦ MÀU - 260T TRẢ TRƯỚC,Mazda Other,934.0,"MAZDA CX-8 2025 CẬP NHẬT GIÁ CÁC PHIÊN BẢN: - 2.5 LUXURY: 944tr Tặng 01 năm Bảo hiểm Thân vỏ - 2.5 PREMIUM: 999tr + Tặng 01 năm Bảo hiểm Thân vỏ - 2.5 PREMIUM AWD: 1.099tr  Tặng: - Ưu đãi giảm giá + quà tặng hấp dẫn - Flim cách nhiệt Mỹ (Llumar) bảo hành 5 năm - Bọc vô lăng, ví da - Cổng bong bóng, Hoa giao xe - Thảm sàn, lót cốp sau - Dù, túi cứu hộ (Phản quang, găng tay, dây kích bình, đèn pin) - Nhiên liệu giao xe - Miễn phí công bảo dưỡng 1.000km, 50.000km, 100.000km - Bảo hành 5 năm hoặc 150.000km. Liên hệ ngay để được nhận báo giá chi tiết kèm ưu đãi hấp dẫn...",N/A,N/A,Việt Nam,Mới,Bảo hành hãng,2025,N/A,Tự động,Xăng,SUV / Cross over,7,N/A,N/A,N/A,N/A,N/A,N/A,N/A,N/A,N/A,N/A,car_p41_s9_1774766997,https://xe.chotot.com/mua-ban-oto-quan-binh-tan-tp-ho-chi-minh/129446623.htm
p41_s10_1774767007,MAZDA 2 NHẬP THÁI LAN + 125TR TRẢ TRƯỚC NHẬN XE,Mazda 2,398.0,"✔️MAZDA2 AT 403,000,000 + TẶNG BHVC 5,000,000 ✔️MAZDA2 AT (NÂNG CẤP) 419,000,000 + TẶNG BHVC 5,000,000 ✔️MAZDA2 DELUXE 443,000,000  ✔️MAZDA2 LUXURY 475,000,000 ———————- Quà tặng:  - Ưu đãi giảm giá + quà tặng hấp dẫn - Flim cách nhiệt Mỹ (Llumar) bảo hành 5 năm - Bọc vô lăng, ví da - Cổng bong bóng, Hoa giao xe - Thảm sàn,  - Lót cốp sau chống thấm nước - Dù - Nhiên liệu giao xe - Miễn phí công bảo dưỡng 1.000km, 50.000km, 100.000km - Bảo hành 5 năm hoặc 150.000km. Liên hệ ngay để được nhận báo giá chi tiết kèm ưu đãi hấp dẫn...",N/A,N/A,Thái Lan,Mới,Bảo hành hãng,2025,N/A,Tự động,Xăng,Sedan,5,N/A,N/A,N/A,N/A,N/A,N/A,N/A,N/A,N/A,N/A,car_p41_s10_1774767007,https://xe.chotot.com/mua-ban-oto-quan-binh-tan-tp-ho-chi-minh/129447330.htm
p41_s11_1774767017,Mazda CX 5 Xanh 12/2021 Premium 2.0 AT - 38500 km,Mazda Other,695.0,"🚘 Lên sóng #MAZDA_CX5 AT 2.0 Bản Premium máy xăng Date 12/2021 TP.HCM màu xanh Coban, 4 lớp thay mới, có dáng chống nhiệt 3M. bảo hiểm full xe 2 chiều còn hạn.  Odo 38.000 km đúng chuẩn full lịch sử hãng, còn 3.500 km nữa mới bảo dưỡng tiếp, Biển số TP.HCM  ✨ Máy móc bao Zin bao check hãng, Cam kết không cấn đụng , Không ngập nước Xe không lỗi lầm AE lấy về đi thôi  ✅ Option đồ chơi gồm:  👉 Camera hành trình quanh xe  👉 Màn hình  👉 Dàn đèn led  👉 Dàn thảm chân  👉 Màn hình vietmap  ✅ Giấy tờ hợp pháp, hỗ trợ sang tên toàn quốc ( thuế 2% ).   💵 Giá bán: 6xx triệu ( Sáu trăm mấy chục triệu XX lớn, Luôn hết đồ chơi )  👉 rút hồ sơ nhanh chóng và ship xe mọi miền tổ quốc  ☎️ 📞 Hotline: *** / *** (A. Phát)  📍 Xe đang nằm tại: 86 Đường 17A Bình Trị Đông B Quận Bình Tân TP.HCM   🔄 Nhận giao lưu, mua bán, trao đổi xe, hỗ trợ trả góp qua ngân hàng hoặc quẹt thẻ tín dụng.  🤝 Bao quay đầu tử 10% - 15% trong thời gian nhất định  💸 Hoa hồng hấp dẫn cho người giới thiệu",38500,Có,Việt Nam,Đã sử dụng,Bảo hành hãng,2021,Premium 2.0 AT,Tự động,Xăng,SUV / Cross over,5,N/A,N/A,N/A,N/A,N/A,N/A,N/A,N/A,> 1 tấn,> 2 tấn,car_p41_s11_1774767017,https://xe.chotot.com/mua-ban-oto-quan-binh-tan-tp-ho-chi-minh/130688493.htm
p41_s12_1774767029,MAZDA CX-5 PREMIUM ACTIVE ƯU ĐÃI 50 TRIỆU + QUÀ 🎁,CX-5,789.0,"🔥NEW MAZDA CX-5 PREMIUM ACTIVE - XANH ĐEN - VIN 25 ✅ GIÁ CHỈ 789 Triệu 📞 Liên hệ ngay để nhận ưu đãi   🏦Hỗ trợ vay 80% - Lãi suất ưu đãi - Duyệt hồ sơ nhanh  💵 Chỉ cần trả trước từ 225 triệu lấy xe ngay  🔥Xe sẵn giao ngay 🔥Lái thử tận nhà - Giao xe tận nhà  —————————————————— 🎁Tặng phim cách nhiệt, thảm sàn cao cấp, dù Mazda cao cấp, túi cứu hộ, nhiên liệu…  🎉Bảo hành 5 năm/150.000km. Miễn phí công bảo dưỡng  ✨ ƯU ĐIỂM NỔI BẬT: ✅ Thiết kế đẹp, sang – “ăn điểm” ngay từ cái nhìn đầu ✅ Nội thất cao cấp trong phân khúc ✅ An toàn vượt trội – i-ACTIVSENSE ✅ Cảm giác lái tốt – đầm chắc ✅ Giá bán cạnh tranh – “ngon” nhất phân khúc ✅ Chi phí sử dụng hợp lý, phù hợp với nhiều nhóm khách  🏠 Showroom: THACO AUTO BÌNH TRIỆU  📌 Địa chỉ: 127-153 Quốc lộ 13, phường Hiệp Bình, Thành phố Hồ Chí Minh  📞 Liên hệ ngay để được báo giá chi tiết",N/A,N/A,Việt Nam,Mới,Bảo hành hãng,2025,Premium 2.0 AT,Tự động,Xăng,SUV / Cross over,5,N/A,N/A,N/A,N/A,N/A,N/A,N/A,N/A,N/A,N/A,car_p41_s12_1774767029,https://xe.chotot.com/mua-ban-oto-thanh-pho-thu-duc-tp-ho-chi-minh/130651410.htm
p41_s13_1774767039,Mazda3 S 1.6 AT 2014,Mazda 3,300.0,"Nam Dương Auto vừa xe Mazda3 S 2014 Xe nguyên bản, nội ngoại thất đẹp, đầy đủ phụ kiện theo. Xe cam kết tuyệt đối không đâm đụng va chạm ảnh hưởng đến kết cấu, khung gầm. Không thuỷ kích, ngập nước, động cơ hộp số nguyên zin, bảo dưỡng định kỳ. Khi mua sắm tại Công Ty CP Ô tô Nam Dương, Quý Khách sẽ được những quyền lợi đặc biệt sau: - Thông báo trung thực, chi tiết tình trạng, chất lượng của xe. Quý khách được ký hợp đồng với công ty để việc cam kết đúng quy định và được pháp luật bảo vệ quyền lợi. - Không cần đặt cọc, quý khách được mang xe đi check/ test bất kỳ đâu nếu ưng mới thanh toán, ký hợp đồng. - Ký hợp đồng bảo hành xe tuỳ từng xe từ 06-36 tháng. - Tặng gói bảo dưỡng xe nên quý khách sẽ không tốn thêm chi phí nào khác khi mua sắm tại Nam Dương Auto. - Kiểm tra định kỳ miễn phí và thay dầu miễn phí 1 năm. - Hỗ trợ trả góp với lãi suất thấp, nhanh gọn - Check xe và định giá miễn miễn phí cho khách hàng có nhu cầu bán hoặc đổi xe - Nhận xử lý phạt nguội, sang tên, thay thế phụ tùng Và rất nhiều chính sách hậu mãi cực kỳ tuyệt vời khác. Quý Khách vui lòng gọi điện tới Hotline hoặc qua showroom để nghe tư vấn miễn phí.",121838,N/A,Đang cập nhật,Đã sử dụng,Bảo hành hãng,2014,S 1.6 AT,Tự động,Xăng,Hatchback,Khác,N/A,N/A,N/A,N/A,N/A,N/A,N/A,N/A,> 1 tấn,> 2 tấn,car_p41_s13_1774767039,https://xe.chotot.com/mua-ban-oto-quan-bac-tu-liem-ha-noi/130637492.htm
p41_s14_1774767051,Mazda CX5 2024 Premium Exclusive Đỏ,CX-5,795.0,"MADZA CX5 BẢN PREMIUM EXCLUSIVE (BẢN CAO CẤP NHẤT- FULL OPTION) EM KHẲNG ĐỊNH : KHÔNG THỂ TÌM XE EM XE LƯỚT NÀO NGON HƠN XE NÀY!  Xe em mua 31/12/2023 nhưng hết hàng nên 01/2024 mới nhận xe (sx2023 n 2024 mới nhận và đăng kiểm). Xe siêu lướt mới đi hơn 7100km.   Vì mua cho gia đình sử dụng nên em đã làm rất nhiều đồ tầm 60tr - 70tr và đều chọn đồ ***: PFF (hãng *** của mỹ), Film cách nhiệt 3M, Android box Zestech, thảm lót sàn, bọc vô lăng, phủ gầm gốc dầu và mạ bộ chống rỉ.   Định mua chở con đi học nhưng con học gần nên 2 năm nay xe gần như chỉ để trong hầm, k có chạy . Năm ngoái đi vũng tàu mấy lần mới có chút km.   Em muốn tìm người dùng để bán , gỡ lại chút lỗ. Bán salon trả em tiếc lắm ạ vì xe không khác gì xe mới cả. Em đăng đúng giá bán, không có thương lượng cũng k bán bằng giá salon trả cho xe cũ nên các bác salon đừng trả giá giúp em nha. Vì xe mới em cũng tiếc.  Em ở SG k có chuyện ngập nước. Hồi miền trung lụt cũng mua bạt đề phòng 1tr4 mà chưa khui luôn, bác nào mua thì em tặng luôn nha!",7166,Có,Việt Nam,Đã sử dụng,Bảo hành hãng,2023,2.0 Premium Exclusive,Tự động,Xăng,SUV / Cross over,Khác,N/A,N/A,N/A,N/A,N/A,N/A,N/A,N/A,> 1 tấn,> 2 tấn,car_p41_s14_1774767051,https://xe.chotot.com/mua-ban-oto-thanh-pho-thu-duc-tp-ho-chi-minh/130691248.htm
p41_s15_1774767059,Mazda Mazda6 2023 2.0L Premium,Mazda 6,719.0,"Xe mới về Diamondcars💎 🇯🇵Mazda6 2023 2.0L Premium TCCC ⛳️Odo 25.000km Ngoại thất - Đèn pha: LED, tự động bật/tắt, tự động cân bằng góc chiếu, tích hợp công nghệ đèn thích ứng thông minh. (ALH) - Đèn LED chạy ban ngày: Có - Gương chiếu hậu ngoài: Chỉnh điện, gập điện, tích hợp đèn báo rẽ - Cửa sổ trời: Chỉnh điện - Ốp cản sau thể thao: Có  Nội thất & Tiện nghi - Ghế ngồi: Bọc da  - Ghế lái: Chỉnh điện 8 hướng, tích hợp chức năng nhớ vị trí  • Ghế hành khách trước: Chỉnh điện 6 hướng  • Hàng ghế sau: Gập tỉ lệ 60:40, tích hợp tựa tay với ngăn để ly và cổng sạc USB  • Hệ thống điều hòa: Tự động 2 vùng độc lập, có cửa gió cho hàng ghế sau  • Hệ thống giải trí: Màn hình cảm ứng 8 inch, hỗ trợ kết nối AUX/USB/Bluetooth, đầu DVD, hệ thống âm thanh 10 loa Bose  • Vô lăng: Bọc da, tích hợp các nút chức năng, có lẫy chuyển số  • Màn hình hiển thị thông tin trên kính lái (HUD): Có  • Rèm che nắng kính sau chỉnh điện: Có  Giá 739 triệu  🧰Có hỗ trợ vay ngân hàng 70% 🧰Có cam kết bằng văn bản 🧰Hỗ trợ lái thử kiểm tra hãng 🧰Có bảo hành và bao quay đầu  Liên hệ: *** em Nhường",24000,Có,Đang cập nhật,Đã sử dụng,Bảo hành hãng,2023,Premium 2.0 AT,Tự động,Xăng,Sedan,Khác,N/A,N/A,N/A,N/A,N/A,N/A,N/A,N/A,> 1 tấn,> 2 tấn,car_p41_s15_1774767059,https://xe.chotot.com/mua-ban-oto-thanh-pho-thu-duc-tp-ho-chi-minh/130685161.htm
p41_s16_1774767074,Mazda 3 Premium,Mazda 3,580.0,"Mazda 3 Premium năm 2022, xe nữ lái kỹ chính chủ, chạy được 43.000 km, còn bảo hiểm đầy đủ",43000,Có,Đang cập nhật,Đã sử dụng,Bảo hành hãng,2022,1.5L Premium,Tự động,Xăng,Hatchback,Khác,N/A,N/A,N/A,N/A,N/A,N/A,N/A,N/A,> 1 tấn,> 2 tấn,car_p41_s16_1774767074,https://xe.chotot.com/mua-ban-oto-quan-binh-tan-tp-ho-chi-minh/130680952.htm
p41_s17_1774767082,Bán Mazda CX30 Luxury Sx 2023 còn bảo hành,CX-30,624.0,"Gia đình cần bán Mazda CX30 - 2.0 Luxury Sx 2023 - 1 chủ từ đầu còn bảo hành hãng ✅𝐌𝐚̀𝐮 𝐱𝐞: Xanh Cavansite - nội thất nâu  👉Trang bị: Xe gầm cao Động cơ 2.0L - 153Hp , Hộp số tự động 6 cấp, vô lăng bọc da 3 chấu tích hợp lẩy chuyển số, điều hòa tự động có cửa gió hàng ghế sau,… ✅️Đảm bảo ko đâm đụng, ngập nước. 👍 ✅️Bao test hãng Bao bank, duyệt hồ sơ trong ngày 💨 💰 Giá chỉ : 624tr VND (xem xe có bớt). Ngân hàng hỗ trợ 70%",43000,Có,Đang cập nhật,Đã sử dụng,Bảo hành hãng,2023,Luxury 2.0 AT,Tự động,Xăng,SUV / Cross over,Khác,N/A,N/A,N/A,N/A,N/A,N/A,N/A,N/A,> 1 tấn,> 2 tấn,car_p41_s17_1774767082,https://xe.chotot.com/mua-ban-oto-quan-7-tp-ho-chi-minh/130673926.htm
p41_s18_1774767094,Mazda CX-5 Trắng 2023 bản pre moden 2024,CX-5,770.0,"Mazda CX-5 màu trắng, xe 5 chỗ, động cơ xăng, hộp số tự động.   - Thiết kế hiện đại, nội thất rộng rãi.   - Xe sản xuất tại Việt Nam.   - Vận hành êm ái, tiết kiệm nhiên liệu.",25000,Có,Việt Nam,Đã sử dụng,Bảo hành hãng,2023,2.0 Premium,Tự động,Xăng,SUV / Cross over,Khác,N/A,N/A,N/A,N/A,N/A,N/A,N/A,N/A,> 1 tấn,> 2 tấn,car_p41_s18_1774767094,https://xe.chotot.com/mua-ban-oto-huyen-vu-thu-thai-binh/130670078.htm
p41_s19_1774767105,Mazda 6 2017 Xanh ngọc,Mazda 6,510.0,"Mazda 6 màu xanh ngọc đời 2017, xe chính chủ.  - Xe nữ sử dụng, đi ít, giữ gìn cẩn thận.  - Xe nguyên bản, chưa qua sửa chữa.  - Giá 510 triệu.  - Xem xe tại Gò Vấp.",70000,N/A,Đang cập nhật,Đã sử dụng,Bảo hành hãng,2017,N/A,Tự động,Xăng,N/A,N/A,N/A,N/A,N/A,N/A,N/A,N/A,N/A,N/A,> 1 tấn,> 2 tấn,car_p41_s19_1774767105,https://xe.chotot.com/mua-ban-quan-go-vap-tp-ho-chi-minh/130664699.htm
p42_s0_1774767122,Mazda 6 2025 2.0 Luxury Đỏ 14.000 km,Mazda 6,750.0,"Mazda 6 2.0 Luxury 2025 mới cập bến - Odo: 14.000 km | xe còn như mới 99%, sơn zin 100% bảo dưỡng định kỳ đầy đủ tại hãng. * Trang bị & Công nghệ nổi bật:  - Động cơ SkyActiv-G 2.0L, công suất 154 mã lực, hộp số tự động 6 cấp. * Nội thất & Tiện nghi - Nội thất bọc da cao cấp, Ghế lái chỉnh điện, nhớ 2 vị trí, ghế phụ chỉnh điện. - Màn hình trung tâm 8 inch, hỗ trợ Apple CarPlay / Android Auto, hệ thống Mazda Connect thông minh. - Điều hòa tự động 2 vùng độc lập, cửa gió cho hàng ghế sau. - Phanh tay điện tử, Auto Hold, gạt mưa & đèn pha tự động, Có cửa sổ trời  *An toàn & Hỗ trợ lái:  - Trang bị đầy đủ 6 túi khí, ABS, EBD, BA, cân bằng điện tử DSC, hỗ trợ khởi hành ngang dốc HLA - Cảm biến trước, sau...   *Cam kết: - Xe nguyên bản 100% - Không tai nạn, không ngập nước - Giấy tờ pháp lý đầy đủ – sang tên nhanh chóng - Hỗ trợ kiểm tra tại hãng hoặc gara uy tín  Liên hệ ngay để hẹn xem xe & lái thử trực tiếp thực tế!",14000,Có,Việt Nam,Đã sử dụng,Bảo hành hãng,2025,Luxury 2.0 AT,Tự động,Xăng,Sedan,Khác,N/A,N/A,N/A,N/A,N/A,N/A,N/A,N/A,> 1 tấn,> 2 tấn,car_p42_s0_1774767122,https://xe.chotot.com/mua-ban-oto-thanh-pho-thu-duc-tp-ho-chi-minh/130661955.htm
p42_s1_1774767135,CX5 2.5L premium 2019 model 2020,CX-5,658.0,"#CX5 2.5L premium model 2020 Biển HN 1 chủ đi từ mới Odo hơn 8v km zin keng Full LS bảo dưỡng hãng Sẵn xe và hồ sơ giao ngay Giá tk 6xy còn TL tiếp Ht bank , bao check Ship xe toang quốc  Xem xe tại Long Biên , HN Xin cảm ơn ❤️",88000,N/A,Việt Nam,Đã sử dụng,Bảo hành hãng,2019,2.5 Signature Premium 2WD,Tự động,Xăng,SUV / Cross over,Khác,N/A,N/A,N/A,N/A,N/A,N/A,N/A,N/A,> 1 tấn,> 2 tấn,car_p42_s1_1774767135,https://xe.chotot.com/mua-ban-oto-quan-long-bien-ha-noi/130660586.htm
p42_s2_1774767147,Mazda 3 Lux 2024 Trắng 15830 km,Mazda 3,600.0,Người Nhà Em Cần Ra Đi Mazda 3 Lux 2024 do đổi xe to hơn - Xe đi cực ít 1v5 1 chủ biển HN - Bảo dưỡng đầy đủ  - Các bác quan tâm ib e ép giá ạ zl: ***,15830,N/A,Việt Nam,Đã sử dụng,Bảo hành hãng,2024,1.5L Luxury,Tự động,Xăng,Hatchback,Khác,N/A,N/A,N/A,N/A,N/A,N/A,N/A,N/A,> 1 tấn,> 2 tấn,car_p42_s2_1774767147,https://xe.chotot.com/mua-ban-oto-quan-nam-tu-liem-ha-noi/130658941.htm
p42_s3_1774767156,Mazda BT50 2016 Trắng 12 vạn km,BT-50,350.0,"Cần bán gấp BT50 2016 Xe 1 chủ từ đầu, đã đi dk 12 vạn Xe nguyên bản và zin hết ạ Trang bị đầy đủ về sẵn đi ạ",120000,Có,Đang cập nhật,Đã sử dụng,Bảo hành hãng,2016,3.2L 4x4 AT,Tự động,Dầu,N/A,N/A,N/A,N/A,N/A,N/A,N/A,N/A,N/A,N/A,> 1 tấn,> 2 tấn,car_p42_s3_1774767156,https://xe.chotot.com/mua-ban-oto-quan-hoang-mai-ha-noi/130658428.htm
p42_s4_1774767169,Mazda 3 Sport Premium 2020 Trắng,Mazda 3,580.0,"Chính chủ cần bán xe Mazda 3 Sport Premium - 2020  Xe được bảo dưỡng định kì thường xuyên, có giấy tờ đăng kiểm đầy đủ, xe chỉ đi trong nội thành nên vẫn mới.  Đã đi được khoảng 43000 km  Ai có nhu cầu mua liên hệ SDT: ***",43000,Có,Đang cập nhật,Đã sử dụng,Bảo hành hãng,2020,N/A,Tự động,Xăng,N/A,N/A,N/A,N/A,N/A,N/A,N/A,N/A,N/A,N/A,> 1 tấn,> 2 tấn,car_p42_s4_1774767169,https://xe.chotot.com/mua-ban-oto-quan-hai-ba-trung-ha-noi/130657352.htm
p42_s5_1774767176,Mazda 3 2023 1.5L Sport Luxury - 18000 km,Mazda 3,595.0,"Mazda 3 sx 2023 •Odo: 1v8 km •Lịch sử bảo dưỡng full hãng  •Phiên bản: 1.5 Luxury  •Tình trạng xe: K lỗi, nguyên zin",18000,N/A,Việt Nam,Đã sử dụng,Bảo hành hãng,2023,1.5L Sport Luxury,Tự động,Xăng,Hatchback,5,N/A,N/A,N/A,N/A,N/A,N/A,N/A,N/A,> 1 tấn,> 2 tấn,car_p42_s5_1774767176,https://xe.chotot.com/mua-ban-oto-thanh-pho-di-an-binh-duong/130567851.htm
p42_s6_1774767188,Mazda CX-5 XE Trắng,CX-5,754.0,"🚘MAZDA CX-5 XE SẴN GIAO NGAY🚘 💰 Giá chỉ từ: 754tr  📍Xem xe trực tiếp: 314 Đường Nguyễn Văn Linh, phường Bình Thuận, quận 7, Thành Phố Hồ Chí Minh.",N/A,N/A,Việt Nam,Mới,Bảo hành hãng,2026,N/A,Tự động,Xăng,SUV / Cross over,5,N/A,N/A,N/A,N/A,N/A,N/A,N/A,N/A,N/A,N/A,car_p42_s6_1774767188,https://xe.chotot.com/mua-ban-oto-quan-7-tp-ho-chi-minh/130651524.htm
p42_s7_1774767197,Mazda 626 1994 Vàng,Mazda 6,15.0,maxdaz 626 đời 1994 máy hoạt động ok.giá 15tr giấy tờ hợp pháp.hết đăng kiểm 18 thánh.lh ***,123456,Không,Nhật Bản,Đã sử dụng,Bảo hành hãng,1994,N/A,Số sàn,Xăng,Sedan,4,N/A,N/A,N/A,N/A,N/A,N/A,N/A,N/A,> 1 tấn,> 2 tấn,car_p42_s7_1774767197,https://xe.chotot.com/mua-ban-oto-huyen-hong-ngu-dong-thap/130649754.htm
p42_s8_1774767205,Mazda 3 Luxury Đỏ,Mazda 3,609.0,"🚗 MAZDA 3 LUXURY XE SẴN GIAO NGAY🚗 💰Giá chỉ từ: 609tr 📍Xem xe trực tiếp tại: 314 Đường Nguyễn Văn Linh, phường Bình Thuận, Quận 7, Thành Phố Hồ Chí Minh",N/A,N/A,Việt Nam,Mới,Bảo hành hãng,2026,N/A,Tự động,Xăng,Sedan,5,N/A,N/A,N/A,N/A,N/A,N/A,N/A,N/A,N/A,N/A,car_p42_s8_1774767205,https://xe.chotot.com/mua-ban-oto-quan-7-tp-ho-chi-minh/130644173.htm
p42_s9_1774767216,Mazda CX-5 2025 2.0 Premium Active 6.000 km Đỏ,CX-5,828.0,"Tên xe : Mazda CX-5 2.0 Premium Active 2025 Biển số : 70B 02820 Odo: 6.000 km (nguyên bản) Phiên bản : 2.0 Premium Active Option trang bị thêm: Film cách nhiệt, lót sàn - Tình trạng xe : xe đẹp không lỗi, máy số nguyên zin - Bảo hành : Động cơ + hộp số 6 tháng hoặc 10.000km  💥Giá niêm yết : 828 Triệu đã bao gồm phí rút hồ sơ.",6000,Có,Nước khác,Đã sử dụng,Bảo hành hãng,2025,Premium 2.0 AT,Tự động,Xăng,SUV / Cross over,Khác,N/A,N/A,N/A,N/A,N/A,N/A,N/A,N/A,> 1 tấn,> 2 tấn,car_p42_s9_1774767216,https://xe.chotot.com/mua-ban-oto-thanh-pho-di-an-binh-duong/130642791.htm
p42_s10_1774767231,2023 1.5L AT Standard - 270000 km,Mazda Other,435.0,"🚗 Mazda 2, màu trắng tinh khôi, sản xuất năm 2023, mang đến trải nghiệm lái xe đầy hứng khởi và phong cách. Xe được thiết kế nhỏ gọn, linh hoạt, phù hợp di chuyển trong đô thị đông đúc.  ✨ Đặc điểm nổi bật:  * ⚪️ Màu sơn trắng sang trọng, dễ dàng bảo dưỡng và làm mới. * ✌️ Thiết kế 2 chỗ ngồi độc đáo, tạo không gian riêng tư và thoải mái cho người lái và hành khách. * 📅 Sản xuất năm 2023, đảm bảo xe có công nghệ và tính năng mới nhất. * ⚙️ Vận hành êm ái, tiết kiệm nhiên liệu, phù hợp cho cả nhu cầu đi lại hàng ngày và những chuyến đi ngắn ngày. * 🛡️ Trang bị đầy đủ các tính năng an toàn, giúp bạn yên tâm trên mọi hành trình. * 🎵 Hệ thống giải trí hiện đại, kết nối dễ dàng với điện thoại thông minh, mang đến những phút giây thư giãn tuyệt vời. * 💯 Nội thất được thiết kế tỉ mỉ, sử dụng vật liệu cao cấp, tạo cảm giác thoải mái và sang trọng. * 🔆 Ngoại thất xe được chăm chút đến từng chi tiết, thể hiện sự tinh tế và đẳng cấp của chủ sở hữu. * 🛣️ Khả năng vận hành ổn định trên mọi địa hình, mang đến trải nghiệm lái xe tuyệt vời. * ✔️ Xe được bảo dưỡng định kỳ, đảm bảo hoạt động tốt và bền bỉ.  Mazda 2 là sự lựa chọn hoàn hảo cho những ai yêu thích phong cách trẻ trung, năng động và muốn sở hữu một chiếc xe nhỏ gọn, tiện lợi nhưng vẫn đầy đủ tiện nghi và an toàn. Xe phù hợp với những người độc thân, các cặp đôi trẻ hoặc những ai thường xuyên di chuyển trong thành phố.",270000,N/A,Thái Lan,Đã sử dụng,Bảo hành hãng,2023,1.5L AT Standard,Tự động,Xăng,Sedan,5,FWD,110 HP @ 6000 RPM,144 Nm @ 4000 RPM,1.5,4.73,2,N/A,4,> 1 tấn,> 2 tấn,car_p42_s10_1774767231,https://xe.chotot.com/mua-ban-oto-huyen-soc-son-ha-noi/130635323.htm
p42_s11_1774767240,Mazda 3 2016 Trắng 63.000 km,Mazda 3,362.0,"🚘 Mazda 3 màu trắng  Odo 63.000 km ✅Năm 2016  ✅Option: Dán kính, trải sàn, camera lùi, ghế da, màn hình android,…  ✅Bảo hành chính hãng  🎯 Mua xe tại T Sure - Trung Tâm Mua Bán Xe Cũ Chính Hãng tại Toyota Hiroshima Tân Cảng: ✅Giấy tờ rõ ràng minh bạch đủ điều kiện sang tên ✅Giấy chứng nhận kiểm tra 176 hạng mục ✅ Bảo hành riêng biệt đối với từng dòng xe ✅ Hỗ trợ kỹ thuật 24/7  🏦️ CAM KẾT 3 KHÔNG:  ❌ Không đâm đụng - Không ngập nước. ❌ Không tháo rã động cơ. Không tua km. ❌ Không phạt nguội - Không tranh chấp.",70000,Có,Đang cập nhật,Đã sử dụng,Bảo hành hãng,2016,N/A,Tự động,Xăng,N/A,N/A,N/A,N/A,N/A,N/A,N/A,N/A,N/A,N/A,> 1 tấn,> 2 tấn,car_p42_s11_1774767240,https://xe.chotot.com/mua-ban-oto-quan-binh-thanh-tp-ho-chi-minh/130626940.htm
p42_s12_1774767251,Mazda CX-30 Premium Trắng,CX-30,749.0,"🚘 XE SẴN MAZDA CX-30 PREMIUM TRẮNG NHẬP THÁI 🚗 💰 Giá chỉ từ: 749tr  📍Xem xe trực tiếp tại: 314 đường Nguyễn Văn Linh, phường Bình Thuận, Thành phố Hồ Chí Minh.",N/A,N/A,Thái Lan,Mới,Bảo hành hãng,2025,Premium 2.0 AT,Tự động,Xăng,SUV / Cross over,Khác,N/A,N/A,N/A,N/A,N/A,N/A,N/A,N/A,N/A,N/A,car_p42_s12_1774767251,https://xe.chotot.com/mua-ban-oto-quan-7-tp-ho-chi-minh/130616984.htm
p42_s13_1774767262,Mazda 626 2002 - 1122345 km,Mazda 6,60.0,Xe chạy tốt. Mọi chức năng ok. Bán lại cho ae chạy tết,10245,Không,Nhật Bản,Đã sử dụng,Bảo hành hãng,2002,N/A,Số sàn,Xăng,Sedan,5,N/A,N/A,N/A,N/A,N/A,N/A,N/A,N/A,> 1 tấn,> 2 tấn,car_p42_s13_1774767262,https://xe.chotot.com/mua-ban-oto-huyen-loc-ninh-binh-phuoc/130614559.htm
p42_s14_1774767270,Mazda Familia 2000 Đen,Mazda Other,32.0,kiểm mới máy số êm ái nhẹ nhàn  xe như hình bao chạy xa xem xe gần khu du lịch đại nam  ***,290000,N/A,Việt Nam,Đã sử dụng,Bảo hành hãng,2000,N/A,Số sàn,Xăng,Sedan,5,N/A,N/A,N/A,N/A,N/A,N/A,N/A,N/A,> 1 tấn,> 2 tấn,car_p42_s14_1774767270,https://xe.chotot.com/mua-ban-oto-thi-xa-ben-cat-binh-duong/130610038.htm
p42_s15_1774767280,Mazda BT-50 2017 2.2 Xám,BT-50,379.0,Đổi xe nên cân bán lại mazda bt50 2.2 số tự động sản xuất 2017. Xe hiện tại còn rất đẹp cả nội thất và ngoại thất. Các chứa năng còn hoạt động mượt mà. Xe đã trang bị đầy đủ các hạng mục cần thiết nên về chỉ việc đi ko cần phải làm thêm gì. Vậy ai thiện chí lh,12345,N/A,Thái Lan,Đã sử dụng,Bảo hành hãng,2017,2.2L 4x2 AT,Tự động,Dầu,N/A,N/A,N/A,N/A,N/A,N/A,N/A,N/A,N/A,N/A,> 1 tấn,> 2 tấn,car_p42_s15_1774767280,https://xe.chotot.com/mua-ban-thanh-pho-buon-ma-thuot-dak-lak/130609774.htm
p42_s16_1774767293,Mazda 3 2017 1.5 AT Sedan - 100000 km,Mazda 3,395.0,"🚘Mazda 3 Hatchback Form Mới | Sản Xuất 2017  🛞Số Tự Động - Dung Tích 1.5 🛞Trang Bị : Màn Hình Androi , Cam Hành Trình & Cam Lùi , Phanh Tay Điện Tử , Chế Độ Lái Sport , Gương Gập Điện , Cửa Sổ Trời , Đèn Bi Led  💸Tài Chính : 3xxtr ( Có Thương Lượng ) 📝CAM KẾT VĂN BẢN  👉Xe Không Tai Nạn 👉Xe Không Bị Thuỷ Kích  👉Xe Không Bị Đại Tu Động Cơ Và Hộp Số 👉Xe Có Nguồn Gốc , Xuất Xứ Rõ Ràng 👉Đảm Bảo Giấy Tờ Hợp Lệ Để Mua Bán Sang Tên ☎️Liên Hệ : *** Tuấn Tài 🏠Địa Chỉ : Lê Duẩn - P.Trà Bá - Pleiku Gia Lai",100000,N/A,Việt Nam,Đã sử dụng,Bảo hành hãng,2017,1.5 AT Sedan,Tự động,Xăng,Sedan,5,FWD,112 HP @6000 RPM,144 Nm @4000 RPM,1.5,5,2,160,4,> 1 tấn,> 2 tấn,car_p42_s16_1774767293,https://xe.chotot.com/mua-ban-thanh-pho-pleiku-gia-lai/130605439.htm
p42_s17_1774767306,Mazda 3 1.5L luxury dki 2/2024,Mazda 3,589.0,"#MAZDA3 1.5L luxury dki 2/2024 Sx 2023 lăn bánh 2v km zing keng Full LS hãng + BH 3 năm đến 2027 Dki cá nhân biển HN 1 chủ Sẵn xe giao ngay …. Giá tk chỉ 5xx còn TL Ht bank , bao check Ship xe toàn quốc  Xem xe tại Long Biên , HN Xin cảm ơn ❤️",20000,N/A,Việt Nam,Đã sử dụng,Bảo hành hãng,2023,1.5L Luxury,Tự động,Xăng,Sedan,Khác,N/A,N/A,N/A,N/A,N/A,N/A,N/A,N/A,> 1 tấn,> 2 tấn,car_p42_s17_1774767306,https://xe.chotot.com/mua-ban-quan-long-bien-ha-noi/130601865.htm
p43_s0_1774767328,Mazda 6 2.5L 2015,Mazda 6,420.0,"#MAZDA6 2.5L 2015 Tên cá nhân biển HN từ mới Đẹp keng ko lỗi nhỏ Odo hơn 9v km Sẵn xe giao ngay Giá quanh 400 Xem xe tại Long Biên , HN Xin cảm ơn ❤️",94000,N/A,Đang cập nhật,Đã sử dụng,Bảo hành hãng,2015,2.5 AT,Tự động,Xăng,Sedan,5,FWD,185 HP @5700 RPM,250 Nm @3200 RPM,2.5,6.3,2,165,4,> 1 tấn,> 2 tấn,car_p43_s0_1774767328,https://xe.chotot.com/mua-ban-oto-quan-long-bien-ha-noi/130592307.htm
p43_s1_1774767341,Mazda CX 5 2019 2.0 Luxury - 60000 km,Mazda Other,630.0,"Cx5 luxury 2019 fom mới 6.5 Chạy 5,8v km Xe siêu đẹp, bảo dưỡng định kỳ",60000,N/A,Việt Nam,Đã sử dụng,Bảo hành hãng,2019,2.0 Luxury,Tự động,Xăng,SUV / Cross over,5,N/A,N/A,N/A,N/A,N/A,N/A,N/A,N/A,> 1 tấn,> 2 tấn,car_p43_s1_1774767341,https://xe.chotot.com/mua-ban-oto-quan-cau-giay-ha-noi/130579113.htm
p43_s2_1774767350,Mazda 3 2018 Trắng 80.000 km,Mazda 3,445.0,"Mazda 3 đời 2018 màu trắng, xe gia đình, máy móc nguyên bản.  - Xe một chủ, đi 80.000 km.  - Trang bị màn hình, điều hòa tự động, phanh tay điện tử, camera sau, ghế da.  - Mức tiêu thụ nhiên liệu khoảng 7L/100 Km.  - Bán thu hồi luôn biển số, cần bán người sử dụng",80000,N/A,Việt Nam,Đã sử dụng,Bảo hành hãng,2018,1.5 AT Sedan,Tự động,Xăng,Sedan,5,FWD,112 HP @6000 RPM,144 Nm @4000 RPM,1.5,5,4,160,5,> 1 tấn,> 2 tấn,car_p43_s2_1774767350,https://xe.chotot.com/mua-ban-oto-quan-thanh-khe-da-nang/130590130.htm
p43_s3_1774767362,❤Mazda 3 Luxury 1.5AT như xe mới bao check,Mazda 3,498.0,"Bán Mazda 3 Luxury 1.5AT  Sản xuất : 2021  Lăn bánh : 24000 Km Xe cá nhân 1 đời chủ đứng tên sử dụng , chất xe nội ngoại thất đẹp như xe mới , bao check hãng hoặc garage bất kì Call / zalo : Nghĩa xem xe lái thử",24000,Có,Việt Nam,Đã sử dụng,Bảo hành hãng,2021,1.5 Luxury,Tự động,Xăng,Sedan,Khác,N/A,N/A,N/A,N/A,N/A,N/A,N/A,N/A,> 1 tấn,> 2 tấn,car_p43_s3_1774767362,https://xe.chotot.com/mua-ban-oto-quan-phu-nhuan-tp-ho-chi-minh/130584504.htm
p43_s4_1774767375,Mazda 3 2019 màu Xanh,Mazda 3,430.0,"🚗 BÁN NHANH MAZDA 3 2019 – MÀU XANH, XE ĐẸP  Xe gia đình sử dụng, nguyên bản 100%, không đâm đụng – không ngập nước. Máy móc êm ái, gầm bệ chắc chắn, nội ngoại thất còn rất đẹp. Bảo dưỡng định kỳ đầy đủ, mua về chỉ việc đi.  💰 Giá bán nhanh, mềm hơn thị trường 📞 Liên hệ: ***",130000,Có,Đang cập nhật,Đã sử dụng,Bảo hành hãng,2019,1.5L Luxury,Tự động,Xăng,Sedan,5,N/A,N/A,N/A,N/A,N/A,N/A,N/A,4,> 1 tấn,> 2 tấn,car_p43_s4_1774767375,https://xe.chotot.com/mua-ban-oto-quan-nam-tu-liem-ha-noi/130582936.htm
p43_s5_1774767380,Mazda 2 2024 Đỏ 15893 km,Mazda 2,410.0,"Masda2 nhap Thai Lan, xe chính Chủ Bán , phun noi That, đoi 2024",15893,N/A,Thái Lan,Đã sử dụng,Bảo hành hãng,2024,N/A,Tự động,Xăng,Sedan,5,N/A,N/A,N/A,N/A,N/A,N/A,N/A,N/A,> 1 tấn,> 2 tấn,car_p43_s5_1774767380,https://xe.chotot.com/mua-ban-oto-quan-12-tp-ho-chi-minh/130568028.htm
p43_s6_1774767392,Mazda 3 Trắng 8 vạn,Mazda 3,370.0,"🚘🚘MAÁDA 3 odo 8 vạn siêu hiếm 👉cá nhân biển Hà Nội zin tuyệt đối 👉ngoại thất sơn si bóng đẹp,  👉Nội thất tươi điều hòa mát gầm bệ chắc , đăng   kiểm dài 2026 ,Chủ xe bảo dưỡng định kỳ.  💰💰giá 37x 🏠 Địa chỉ 90 Phạm hùng đối diện tòa Keangnam nam Từ liêm Hà Nội￼ ☎️***",80000,Có,Nước khác,Đã sử dụng,Bảo hành hãng,2016,N/A,Tự động,Xăng,N/A,N/A,N/A,N/A,N/A,N/A,N/A,N/A,N/A,N/A,> 1 tấn,> 2 tấn,car_p43_s6_1774767392,https://xe.chotot.com/mua-ban-oto-quan-nam-tu-liem-ha-noi/130567968.htm
p43_s7_1774767404,Mazda CX5 2.0 Premium 2020,CX-5,685.0,"Hàng cập bến CX5 2020 bản 2.0 Premium. Xe cam kết khung gầm keo chỉ máy móc nguyên bản. Trang bị full công nghệ, ghê lái điện, cửa sổ trời, nhớ ghế, lệch làn, cốp điện, HUD , ….",1,N/A,Đang cập nhật,Đã sử dụng,Bảo hành hãng,2020,2.0 Premium,Tự động,Xăng,SUV / Cross over,Khác,N/A,N/A,N/A,N/A,N/A,N/A,N/A,N/A,> 1 tấn,> 2 tấn,car_p43_s7_1774767404,https://xe.chotot.com/mua-ban-oto-quan-le-chan-hai-phong/130565762.htm
p43_s8_1774767414,Mazda CX5 5 chỗ - Trắng và đỏ giao ngay trước tết,CX-5,709.0,𝐍𝐞𝐰 𝐌𝐚𝐳𝐝𝐚 𝐂𝐱𝟓 - 𝐌𝐚̂̃𝐮 𝐱𝐞 𝟓 𝐜𝐡𝐨̂̃ đ𝐮̛𝐨̛̣𝐜 𝐬𝐚̆𝐧 đ𝐨́𝐧 𝐧𝐡𝐢𝐞̂̀𝐮 𝐧𝐡𝐚̂́𝐭 𝐜𝐮̉𝐚 𝐧𝐡𝐚̀ 𝐌𝐚𝐳𝐝𝐚 Kịp xe giao trước tết !!! chốt ngay từ hôm nay ★ Ưu đãi tặng phụ kiện lên đến 20 triệu đồng  ★ Hỗ trợ vay ngân hàng lên đến 80% giá trị xe ★ Hỗ trợ lái thử tận nha Liên hệ ngay để được tư vấn,N/A,N/A,Việt Nam,Mới,Bảo hành hãng,2026,N/A,Tự động,Xăng,SUV / Cross over,5,N/A,N/A,N/A,N/A,N/A,N/A,N/A,N/A,N/A,N/A,car_p43_s8_1774767414,https://xe.chotot.com/mua-ban-oto-quan-binh-tan-tp-ho-chi-minh/130563484.htm
p43_s9_1774767422,Mazda 3 2004 AT 131000 km Đen,Mazda 3,139.0,Do nhu cầu đổi xe 7 chổ bán xe mazda 3 AT 2004 . Xe đi 131 000 km được trang bị màng hình Android và camera lùi hoặc động ổn định nguyên bản.,131000,Có,Nhật Bản,Đã sử dụng,Bảo hành hãng,2004,1.6 AT,Tự động,Xăng,N/A,7,N/A,N/A,N/A,N/A,N/A,N/A,N/A,4,> 1 tấn,> 2 tấn,car_p43_s9_1774767422,https://xe.chotot.com/mua-ban-oto-huyen-duc-linh-binh-thuan/130562558.htm
p43_s10_1774767427,Xe Mazda 6 2.0 AT 2016 - 420 Triệu,Mazda 6,42.0,"Mazda 6 bản 2.0 AT sx 2016 ODO 9 vạn Xe k đâm đụng ngập nước, bao check tét",90000,N/A,Đang cập nhật,Đã sử dụng,Bảo hành hãng,2016,2.0 AT,Tự động,Xăng,Sedan,5,FWD,153 HP @6000 RPM,210 Nm @4000 RPM,2,6,2,165,4,> 1 tấn,> 2 tấn,car_p43_s10_1774767427,https://xe.chotot.com/mua-ban-oto-quan-cau-giay-ha-noi/130560722.htm
p43_s11_1774767431,This site can’t be reached,Mazda Other,0.0,N/A,N/A,N/A,N/A,N/A,N/A,N/A,N/A,N/A,N/A,N/A,N/A,N/A,N/A,N/A,N/A,N/A,N/A,N/A,N/A,N/A,N/A,car_p43_s11_1774767431,https://xe.chotot.com/mua-ban-oto-thanh-pho-bien-hoa-dong-nai/130559618.htm
p43_s12_1774767433,"Mazda CX-8 2020 Premium sx 2020 siêu lướt 3,7V",CX-8,765.0,"🚘 MAZDA CX-8 PREMIUM 2020 🔹 Màu xám nội thất nâu sang trọng 🔹 Odo: 37.000 km – Bão dưỡng full sẵn sàng giao ngay.  ✨ TRANG BỊ NỔI BẬT: ✔️ Động cơ 2.5L SkyActiv – mạnh mẽ, tiết kiệm ✔️ Hộp số tự động 6 cấp, lẫy chuyển số vô lăng ✔️ Ghế da cao cấp, ghế lái chỉnh điện nhớ ghế ✔️ Màn hình trung tâm lớn, Apple CarPlay / Android Auto ✔️ Camera 360, cảm biến trước – sau ✔️ HUD kính lái hiển thị tốc độ ✔️ Gói an toàn i-Activsense:  • Cảnh báo điểm mù  • Hỗ trợ giữ làn  • Phanh khẩn cấp ✔️ Điều hòa 3 vùng độc lập – 7 chỗ rộng rãi 🛡️ CAM KẾT: ✔️ Không đâm đụng – không ngập nước ✔️ Máy số zin, odo chuẩn ✔️ Hồ sơ pháp lý rõ ràng ✔️ Bao test hãng / gara uy tín ✔️ Sang tên nhanh gọn 💰 Giá: 7xx triệu - Xem xe có giá ***",37000,Có,Đang cập nhật,Đã sử dụng,Bảo hành hãng,2020,Premium,Tự động,Xăng,SUV / Cross over,7,N/A,N/A,N/A,N/A,N/A,N/A,N/A,5,> 1 tấn,> 2 tấn,car_p43_s12_1774767433,https://xe.chotot.com/mua-ban-oto-quan-7-tp-ho-chi-minh/130558421.htm
p43_s13_1774767447,Mazda 6 2.5L Nhập khẩu Nhật Bản,Mazda 6,389.0,"Hàng chất khó tìm - Nhập khẩu Nhật Bản 💎Mazda 6 2.5L nhập Nhật ( lô chính hãng) ✅Công suất 188hp ✅Lẫy chuyển vô lăng, Âm thanh xịn sò 11 loa bosé ✅Cảm biến trước sau, rửa đèn, cân bằng điện tử.....",70000,N/A,Nhật Bản,Đã sử dụng,Bảo hành hãng,2014,N/A,Tự động,Xăng,N/A,N/A,N/A,N/A,N/A,N/A,N/A,N/A,N/A,N/A,> 1 tấn,> 2 tấn,car_p43_s13_1774767447,https://xe.chotot.com/mua-ban-oto-thanh-pho-thu-duc-tp-ho-chi-minh/130557947.htm
p43_s14_1774767454,Cx5 2023 Deluxe 4.5v,CX-5,665.0,"Mazda cx5 2022 bản deluxe máy số nguyên zin. xe đi 4.9vạn.  Form dáng trẻ trung, giá cực dễ tiếp cận  Lh xem xe (hà nội)",49000,Có,Việt Nam,Đã sử dụng,Bảo hành hãng,2023,Deluxe 2.0 AT,Tự động,Xăng,SUV / Cross over,Khác,N/A,N/A,N/A,N/A,N/A,N/A,N/A,N/A,> 1 tấn,> 2 tấn,car_p43_s14_1774767454,https://xe.chotot.com/mua-ban-oto-quan-nam-tu-liem-ha-noi/130546286.htm
p43_s15_1774767462,Mazda BT-50 2019 2 Cầu 4x4,BT-50,497.0,"🚙 MAZDA BT-50 2 CẦU 4x4 2019 – MÁY DẦU – SỐ TỰ ĐỘNG 🔹 Màu: Xanh đen cá tính, mạnh mẽ 🔹 Odo: 87.000 km 💰 Giá bán: 497 triệu ( trước điều chỉnh 515 triệu) ✨ TÌNH TRẠNG XE: ✅ Xe gia đình sử dụng – Giữ gìn kỹ lưỡng ✅ Máy móc, hộp số nguyên bản – Vận hành êm ái ✅ Không đâm đụng – Không ngập nước ✅ Gầm bệ chắc chắn – Sẵn chạy 🛠 TRANG BỊ NỔI BẬT: • Động cơ diesel mạnh mẽ, bền bỉ – tiết kiệm nhiên liệu• Hệ dẫn động 2 cầu 4x4 – đi công trình, offroad tốt • Hộp số tự động mượt mà• Ghế da, điều hòa mát sâu • Màn hình giải trí, camera lùi• Hệ thống an toàn: ABS, EBD, cân bằng điện tử • Mâm đúc thể thao, gương kính chỉnh điện🌟 ƯU ĐIỂM: ✔ Bán tải 2 cầu khỏe – đa dụng công việc & gia đình ✔ Máy dầu bền bỉ – chi phí vận hành thấp ✔ Giá hợp lý trong phân khúc bán tải 4x4 🎯 CAM KẾT: ✔ Không tai nạn ✔ Bao test hãng toàn quốc ✔ Hỗ trợ sang tên nhanh – vay ngân hàng đến 70% 📍 Địa chỉ: Gò Vấp, TP.HCM 📞 ***",87000,N/A,Đang cập nhật,Đã sử dụng,Bảo hành hãng,2019,N/A,Tự động,Dầu,Pick-up (bán tải),N/A,N/A,N/A,N/A,N/A,N/A,N/A,N/A,N/A,> 1 tấn,> 2 tấn,car_p43_s15_1774767462,https://xe.chotot.com/mua-ban-oto-quan-go-vap-tp-ho-chi-minh/130543407.htm
p43_s16_1774767474,Mazda BT 50 2023 - 456 km,Mazda Other,476.0,Cần bán bán tải Mazda BT 50 số sàn 1 cầu còn rất mới xe 1 chủ mua mới từ đầu đăng kiểm bảo hiểm còn dài nội ngoại thất cực đẹp.,456,Có,Thái Lan,Đã sử dụng,Bảo hành hãng,2023,N/A,Số sàn,Dầu,Pick-up (bán tải),5,N/A,N/A,N/A,N/A,N/A,N/A,N/A,N/A,> 1 tấn,> 2 tấn,car_p43_s16_1774767474,https://xe.chotot.com/mua-ban-oto-huyen-duc-trong-lam-dong/130518518.htm
p43_s17_1774767485,Mazda CX5 2019 - 2 CẦU FULL KỊCH PREMIUM QUẬN 8,CX-5,650.0,Bán CX5 MODE 2018 ĐĂNG KÝ 2019 - BẢN 2.5 - 2 CẦU FULL KỊCH - ĐÃ LÊN MÀN HÌNH DÀI ĐẸP - ĐÈN BI CẦU- MÂM CỦA MAXDA6 THÁO XE FORM MỚI RẤT ĐẸP - XE MỚI ĐẸP ZIN KIỂM TRA THOẢI MÁI - GIÁ BÁN 650 TRIỆU BIỂN SỐ SG CHÍNH CHỦ MÌNH ĐỨNG TÊN - MUA BÁN UỶ QUYỀN HAY SANG TÊN ĐỀU OK MÌNH Ở QUẬN 8,80000,Có,Việt Nam,Đã sử dụng,Bảo hành hãng,2019,2.5L AT AWD,Tự động,Xăng,SUV / Cross over,5,AWD,188 HP @5700 RPM,251Nm @4000 RPM,2.5,6.8,N/A,200,5,> 1 tấn,> 2 tấn,car_p43_s17_1774767485,https://xe.chotot.com/mua-ban-quan-binh-tan-tp-ho-chi-minh/130528500.htm
p43_s18_1774767495,𝐌𝐚𝐳𝐝𝐚 𝐂𝐗-𝟖 𝟐.𝟓𝐀𝐓 𝐌𝐨𝐝𝐞𝐥 𝟐𝟎𝟐𝟏 𝐒𝐢𝐞̂𝐮 Đ𝐞̣𝐩,Mazda Other,699.0,"🌸 𝐌𝐚𝐳𝐝𝐚 𝐂𝐗-𝟖 𝟐.𝟓𝐀𝐓 𝐌𝐨𝐝𝐞𝐥 𝟐𝟎𝟐𝟏 𝐒𝐢𝐞̂𝐮 Đ𝐞̣𝐩 🌸  🫐 Xe màu Đen / Nội thất Đen 🗓️ Sản xuất :2020 ⏱️ ODO: 6v km Full Ls Hãng  ⚙️ Xe trang bị: Động cơ Skyactiv-G 2.5L, Hộp số tự động 6 cấp, Hệ thống đèn full LED, Mâm hợp kim 19 inch, Ghế chỉnh điện bọc da cao cấp, Điều hoà 3 vùng độc lập, Màn hình 7 inch kết nối Apple Carplay và Android Auto, 6 Loa, Cốp điện, 6 túi khí, Camera sau,….  ⚙️ Trang bị thêm: Film cách nhiệt, thảm lót sàn,…   𝐂𝐀𝐌 𝐊𝐄̂́𝐓:  🧑‍🔧 Không đâm đụng 💧 Không ngập nước  ⏱️ Không tua Km",62000,Có,Việt Nam,Đã sử dụng,Bảo hành hãng,2020,Deluxe,Tự động,Xăng,SUV / Cross over,7,N/A,N/A,N/A,N/A,N/A,N/A,N/A,5,> 1 tấn,> 2 tấn,car_p43_s18_1774767495,https://xe.chotot.com/mua-ban-thanh-pho-thu-duc-tp-ho-chi-minh/130385986.htm
p44_s0_1774767516,Mazda 3 Premium 2023 Đỏ 22000 km,Mazda 3,625.0,"Bán Mazda 3 Premium đời 2023 màu đỏ, xe 5 chỗ.   - Động cơ xăng, hộp số tự động.   - Thiết kế sang trọng, nội thất tiện nghi.   - Xe vận hành êm ái, tiết kiệm nhiên liệu.  - Tên cá nhân. Biển số Hà Nội 1 chủ  - Xe đi 2vạn2 km. Full lịch sử hãng",24567,Có,Việt Nam,Đã sử dụng,Bảo hành hãng,2023,1.5L Premium,Tự động,Xăng,Hatchback,Khác,N/A,N/A,N/A,N/A,N/A,N/A,N/A,N/A,> 1 tấn,> 2 tấn,car_p44_s0_1774767516,https://xe.chotot.com/mua-ban-oto-quan-long-bien-ha-noi/130392184.htm
p44_s1_1774767528,Mazda 3 Luxury 2025 Trắng 2000 km,Mazda 3,655.0,"Mazda 3 luxury 2025 , odo 2000 km hơn, màu trắng xe đẹp xuất sắc, full bảo dưỡng full đẹp. ✔️Xe được trang bị rất nhiều tính năng. Chìa khoá thông minh, đề nổ, ghế chỉnh điện, màn hình, camera,   ❌Cam kết❌ ✅Bao không ngập nước, không đâm đụng. ✅Bao rút hồ sơ gốc . Hỗ trợ sang tên ✅Bao quay đầu 1 năm 10% theo giá thị trường ✅Có dán tem bảo hành ở các vị trí xung yếu ✅Hỗ trợ vay ngân hàng lãi suất ưu đãi. ✅Bảo hành 6 tháng hoặc 10.000km động cơ, máy móc.  ✅Hỗ trợ test hãng có văn bản _________________________________ ----BOSS CAR----  Địa chỉ: 68 Lê Văn Lương, Thanh Xuân, Hà Nội CHUYÊN MUA BÁN - TRAO ĐỔI XE ĐÃ QUA SỬ DỤNG. XE ĐÃ QUA KIỂM ĐỊNH CHẤT LƯỢNG VÀ CÓ BẢO HÀNH ---------------------- ----------------------",2000,N/A,Đang cập nhật,Đã sử dụng,Bảo hành hãng,2025,1.5L Luxury,Tự động,Xăng,Hatchback,Khác,N/A,N/A,N/A,N/A,N/A,N/A,N/A,N/A,> 1 tấn,> 2 tấn,car_p44_s1_1774767528,https://xe.chotot.com/mua-ban-oto-quan-thanh-xuan-ha-noi/130386862.htm
p44_s2_1774767538,Mazda 3 Xám,Mazda 3,429.0,"Bán Mazda 3 màu xám, xe 5 chỗ, động cơ xăng, hộp số tự động.   - Thiết kế hiện đại, nội thất tiện nghi.   - Vận hành êm ái, tiết kiệm nhiên liệu.   - Xe sẵn sàng lăn bánh.",123,N/A,Đang cập nhật,Đã sử dụng,Bảo hành hãng,2020,N/A,Tự động,Xăng,N/A,5,N/A,N/A,N/A,N/A,N/A,N/A,N/A,N/A,> 1 tấn,> 2 tấn,car_p44_s2_1774767538,https://xe.chotot.com/mua-ban-oto-huyen-xuyen-moc-ba-ria-vung-tau/130389404.htm
p44_s3_1774767547,Mazda 6 2.5 Signature Premium 2022,Mazda 6,700.0,"🚘 Mazda6 2.5 Signature Premium GTCCC Sản xuất : 2022 Odo : 54.000 km Giá : 700tr  Trang bị : Camera hành trình , Phim cách nhiệt , Lót sàn , Da Nappa , Loa Bose , Điều hoà tự động 2 vùng độc lập , Fornt Radar ......  ❌Cam kết❌ ✅Bao không ngập nước, không đâm đụng. ✅Bao rút hồ sơ gốc . Hỗ trợ sang tên ✅Bao quay đầu 1 năm 10% theo giá thị trường ✅Có dán tem bảo hành ở các vị trí xung yếu ✅Hỗ trợ vay ngân hàng lãi suất ưu đãi. ✅Bảo hành 6 tháng hoặc 10.000km động cơ, máy móc.  ✅Bảo dưỡng thay nhớt một lần miễn phí trước khi giao xe.  ✅Hỗ trợ test hãng có văn bản _________________________________ ----THẮNG TRẦN AUTO---- CHUYÊN MUA BÁN - TRAO ĐỔI XE ĐÃ QUA SỬ DỤNG. XE ĐÃ QUA KIỂM ĐỊNH CHẤT LƯỢNG VÀ CÓ BẢO HÀNH ---------------------- ----------------------",54000,N/A,Đang cập nhật,Đã sử dụng,Bảo hành hãng,2022,Signature Premium 2.5 AT,Tự động,Xăng,Sedan,Khác,N/A,N/A,N/A,N/A,N/A,N/A,N/A,N/A,> 1 tấn,> 2 tấn,car_p44_s3_1774767547,https://xe.chotot.com/mua-ban-oto-thanh-pho-thuan-an-binh-duong/130354257.htm
p44_s4_1774767560,Bán Tải BT50 2016 2 cầu số tự Động Máy 3.2 4x4 AT,BT-50,395.0,Bán tải BT50 STD 2 Cầu 2016 3.2 4x4 AT bản cao cấp nhất Màu Xanh mẫu mới đẹp keng chạy cực khỏe lên màn hình anroi cam lùi hành trình ghế da võ lốp dày cui (có nắp thùng thấp) Giá chỉ hơn xe 1 cầu tí 395tr bao rút hồ sơ  🆘✅ 👉 xem xe Bảo Vinh Long Khánh Đồng Nai,97000,Có,Thái Lan,Đã sử dụng,Bảo hành hãng,2016,3.2L 4x4 AT,Tự động,Dầu,Pick-up (bán tải),Khác,N/A,N/A,N/A,N/A,N/A,N/A,N/A,N/A,> 1 tấn,> 2 tấn,car_p44_s4_1774767560,https://xe.chotot.com/mua-ban-oto-thanh-pho-long-khanh-dong-nai/130368854.htm
p44_s5_1774767569,Mazda BT-50 2021 2.2L AT - 1 Cầu Số Tự Động,BT-50,475.0,"BÁN TẢI NHƯ SUV - MAZDA BT-50 2021  Phiên bản 1 cầu số tự động - Nhập Thái  🔥 Cần gả em vợ hai Mazda BT-50 sản xuất 2021, bản 2.2L AT (số tự động) cho anh em thiện chí. Xe đi Odo chuẩn 63.000 Km - Bao Check  Ưu điểm: Xe đời cao, Vận hành mượt mà, cách âm tốt, trang bị sẵn nắp thùng  Cam kết: Không đâm đụng, không ngập nước, máy móc nguyên bản.  Giá bán: Chỉ 4xx triệu (Hỗ trợ trả góp nếu anh em cần).  Xem xe là ưng, lái thử là thích!",63000,Có,Thái Lan,Đã sử dụng,Bảo hành hãng,2021,N/A,Tự động,Dầu,Pick-up (bán tải),5,N/A,N/A,N/A,N/A,N/A,N/A,N/A,N/A,> 1 tấn,> 2 tấn,car_p44_s5_1774767569,https://xe.chotot.com/mua-ban-oto-quan-binh-tan-tp-ho-chi-minh/130436906.htm
p44_s6_1774767577,Mazda CX-5 2024 Premium Sport Đen Siêu Đẹp,CX-5,823.0,"🚗 MAZDA CX-5 2024 PREMIUM SPORT – SIÊU LƯỚT, GIÁ TỐT 🚗  ✨ Xe đời 2024, bản Premium Sport cao cấp 📍 Odo: 16.000 km – đi cực ít, xe còn rất mới 💰 Giá bán: 8xx triệu (làm việc trực tiếp – thiện chí)  🔥 ƯU ĐIỂM NỔI BẬT:  Thiết kế thể thao, sang trọng chuẩn Mazda  Động cơ mạnh mẽ – vận hành êm ái  Nội thất cao cấp, nhiều công nghệ an toàn  Xe cá nhân sử dụng kỹ, bảo dưỡng định kỳ  ✅ CAM KẾT CHẤT LƯỢNG: ✔️ Xe không đâm đụng – không ngập nước ✔️ Máy số nguyên bản, khung gầm chuẩn ✔️ Odo chuẩn, kiểm tra thoải mái ✔️ Hồ sơ pháp lý rõ ràng, sang tên nhanh gọn ✔️ Hỗ trợ kiểm tra hãng / garage uy tín  📞 Liên hệ xem xe 📍 Xem xe trực tiếp – lái thử thoải mái",16000,Có,Việt Nam,Đã sử dụng,Bảo hành hãng,2024,Premium Sport 2.0 AT,Tự động,Xăng,SUV / Cross over,5,N/A,N/A,N/A,N/A,N/A,N/A,N/A,N/A,> 1 tấn,> 2 tấn,car_p44_s6_1774767577,https://xe.chotot.com/mua-ban-oto-quan-tan-phu-tp-ho-chi-minh/130420546.htm
p44_s7_1774767591,Mazda 3 2018 Đỏ 80000 km 2.0 cao cấp,Mazda 3,435.0,mazda 3 2018 odo 8 vạn đã lên ghếp da naspa,80000,N/A,Đang cập nhật,Đã sử dụng,Bảo hành hãng,2018,2.0L,Tự động,Xăng,N/A,N/A,FWD,155 HP @6000 RPM,200 Nm @4000 RPM,2,N/A,6,160,4,> 1 tấn,> 2 tấn,car_p44_s7_1774767591,https://xe.chotot.com/mua-ban-oto-thanh-pho-bien-hoa-dong-nai/130476941.htm
p44_s8_1774767599,Mazda 3 2026 giao xe ngay ***,Mazda 3,609.0,"Mazda 3 Sedan có nhiều ưu đãi hấp dẫn như giảm tiền mặt ,tặng phụ kiện (phim cách nhiệt Llumar, thảm sàn, baga, khay cốp, chụp ống xả), hỗ trợ lãi suất ngân hàng tốt, 5 năm bảo hành, tặng phiếu nhiên liệu, và hỗ trợ vay đến 80-100% tùy đại lý và phiên bản, giúp khách hàng sở hữu xe cao cấp với chi phí tối ưu.  Chi tiết Ưu đãi: Giảm giá trực tiếp: Ưu đãi tiền mặt đáng kể, có nơi giảm 90 triệu đồng (đã bao gồm giảm công bố) tùy phiên bản. Phụ kiện đi kèm: Phim cách nhiệt Llumar (Mỹ) bảo hành 5 năm. Thảm lót sàn, túi cứu hộ, bao tay lái, nước hoa, phủ Nano. Cánh hướng gió, khay lót cốp, chụp ống xả thể thao. Hỗ trợ tài chính: Lãi suất ưu đãi ngân hàng năm đầu, dư nợ giảm dần. Hỗ trợ vay ngân hàng lên đến 80-100%, thời gian vay tới 8 năm. Bảo hành và Dịch vụ: Tặng 5 năm bảo hành chính hãng (150.000 km). Miễn phí tiền công bảo dưỡng. Quà tặng khác: Tặng phiếu nhiên liệu, dù Mazda.",N/A,N/A,Việt Nam,Mới,Bảo hành hãng,2026,N/A,Tự động,Xăng,Sedan,5,N/A,N/A,N/A,N/A,N/A,N/A,N/A,N/A,N/A,N/A,car_p44_s8_1774767599,https://xe.chotot.com/mua-ban-oto-quan-phu-nhuan-tp-ho-chi-minh/130397197.htm
p44_s9_1774767607,Cân bán xe Mazda 626 sx 2003 bản đủ phanh ABS túi,Mazda 6,95.0,"Cân bán xe Mazda 626 sx 2003 bản đủ phanh ABS túi khí an toan… Xe đăng ký tên tư nhân chính chủ Xe Đẹp Không Lỗi Lầm ,máy kim phun,khung gầm chắc,máy móc êm điều hoà mát lạnh, khám dài lốp đẹp,Mới bảo dưỡng ae sẵn về đi",168000,N/A,Việt Nam,Đã sử dụng,Bảo hành hãng,2003,N/A,Số sàn,Xăng,Sedan,5,N/A,N/A,N/A,N/A,N/A,N/A,N/A,N/A,> 1 tấn,> 2 tấn,car_p44_s9_1774767607,https://xe.chotot.com/mua-ban-oto-quan-hoang-mai-ha-noi/122303419.htm
p44_s10_1774767617,Mazda CX-5 2 cầu màu Đỏ,CX-5,34.57,"Xe trước mua 1tỷ mấy bây giờ giá hợp lý lắm luôn , mấy xị thôi ae oi , bản full 2 cầu xe zin tuyệt đối  Mời ae ghé 627 duy tân tp kontum xem xe  Có đỗi xe giao luu bù trừ trả góp đưa 300 tr nhận xe , lh e Huynh bùng binh 627 duy tân tp kontum ạ",10000,N/A,Việt Nam,Đã sử dụng,Bảo hành hãng,2018,2.5 AT AWD,Tự động,Xăng,SUV / Cross over,5,AWD,188 HP @5700 RPM,250Nm @3200 RPM,2.5,6.8,N/A,N/A,5,> 1 tấn,> 2 tấn,car_p44_s10_1774767617,https://xe.chotot.com/mua-ban-oto-thanh-pho-pleiku-gia-lai/130461351.htm
p44_s11_1774767628,xe Mazda CX-8,CX-8,765.0,"xe cx8 đời 2020 còn mới cứng mới đi được 20,000km. còn giấy tờ bảo dưỡng trong hãng, gia đình ít xài vì xe này chỉ đi khi cần chở ba mẹ vì thường ngày gia đình mình đi xe nhỏ 5 chỗ của gia đình. giá chốt 765 triệu không thương lượng nhiều nữa. địa chỉ ở Thạnh lộc q12 hcm  mà ko hiểu sao bị đăng ở long khánh và ko chỉnh dc địa chỉ",21000,Có,Đang cập nhật,Đã sử dụng,Bảo hành hãng,2020,N/A,Tự động,Xăng,SUV / Cross over,8,N/A,N/A,N/A,N/A,N/A,N/A,N/A,N/A,> 1 tấn,> 2 tấn,car_p44_s11_1774767628,https://xe.chotot.com/mua-ban-oto-quan-12-tp-ho-chi-minh/130281493.htm
p44_s12_1774767641,Mazda 3 Luxury ưu đãi tương đương 50% trước bạ,Mazda 3,609.0,"Mazda 3 Luxury như hình:  THÁNG NÀY: 💢Giá 644tr ưu đãi ngay 35tr 👉 sau ưu đãi chỉ còn 609tr 💢Hỗ trợ vay NH 80-85% giá xe, thời gian vay 96 tháng 👉Đưa trước chỉ từ 168tr nhận xe lăn bánh (đã bao gồm toàn bộ, ko còn phát sinh) 👉Tặng full bộ phụ kiện chính hãng: film cách nhiệt, áo trùm, bao tay lái, dù, áo thun, nhiên liệu  ĐẶC BIỆT: hỗ trợ hồ sơ khó/ không chứng minh thu nhập (chỉ cần KHÔNG NỢ XẤU)  Liên hệ ngay để xem xe và đăng kí lái thử miễn phí, tận nhà!  𝐌𝐚𝐳𝐝𝐚 𝐂𝐚̂̀𝐧 𝐓𝐡𝐨̛ | 𝐓𝐫𝐚𝐧𝐠 𝐱𝐞 𝐌𝐚𝐳𝐝𝐚 𝐓𝐮̛ 𝐯𝐚̂́𝐧 𝐧𝐡𝐢𝐞̣̂𝐭 𝐭𝐢̀𝐧𝐡 - 𝐋𝐚̀𝐦 𝐯𝐢𝐞̣̂𝐜 𝐮𝐲 𝐭𝐢́𝐧",N/A,N/A,Việt Nam,Mới,Bảo hành hãng,2025,1.5L Luxury,Tự động,Xăng,Hatchback,Khác,N/A,N/A,N/A,N/A,N/A,N/A,N/A,N/A,N/A,N/A,car_p44_s12_1774767641,https://xe.chotot.com/mua-ban-oto-quan-cai-rang-can-tho/126032374.htm
p44_s13_1774767657,Mazda Tribute 2.3L Tự động nhập khẩu,Mazda Other,180.0,"Mazda Tribute máy 2.3 số tự động,đầy đủ option  - Xe nhập khẩu từ Nhật Bản.   - Thiết kế mạnh mẽ, vận hành ổn định.   - Phù hợp cho gia đình, đi lại hàng ngày. Xe cam kết ko đâm đụng tai nạn,ko thuỷ kích,ngập nước Hỗ trợ mọi thủ tục pháp lí liên quan Tiếp khách mua thiện chí",10000,Có,Nhật Bản,Đã sử dụng,Bảo hành hãng,2009,N/A,Tự động,Xăng,N/A,5,N/A,N/A,N/A,N/A,N/A,N/A,N/A,N/A,> 1 tấn,> 2 tấn,car_p44_s13_1774767657,https://xe.chotot.com/mua-ban-oto-quan-nam-tu-liem-ha-noi/130348244.htm
p44_s14_1774767674,Mazda hai sản xuất hai không 16 tên tư nhân,Mazda Other,388.0,"🚘🚘MASDA2 - 2020 sedan ( bản cao cấp đỏ phale) xe 1 chủ tên tư nhân hà nội 👉cá nhân từ đầu k phải công ty 👉ngoại thất sơn si bóng đẹp,  👉Nội thất tươi chưa thay thể hay sơn phẩy lại gì gầm bệ chắc , phụ tùng sẵn dễ thay thế  Chủ xe bảo dưỡng định kỳ.  xe không tai nạn, k ngập nước, máy số zin đét ạ 🏠 Địa chỉ 90 Phạm hùng đối diện tòa Keangnam nam Từ liêm Hà Nội￼ ☎️***",86000,N/A,Đang cập nhật,Đã sử dụng,Bảo hành hãng,2016,N/A,Tự động,Xăng,N/A,N/A,N/A,N/A,N/A,N/A,N/A,N/A,N/A,N/A,> 1 tấn,> 2 tấn,car_p44_s14_1774767674,https://xe.chotot.com/mua-ban-oto-quan-nam-tu-liem-ha-noi/130527674.htm
p44_s15_1774767686,Mazda 3 2018 1.5 AT Sedan - 76000 km zin đét,Mazda 3,415.0,"Mazda3 1.5 FL Sản xuất : 2018 Odo : 76.000 km  Giá : 415 Tr Trang bị : Cruise Control , Phanh tay điện tử , Cam hành trình , Màn hình hiển thị đa thông tin.....",76000,Có,Đang cập nhật,Đã sử dụng,Bảo hành hãng,2018,1.5 AT Sedan,Tự động,Xăng,Hatchback,5,FWD,112 HP @6000 RPM,144 Nm @4000 RPM,1.5,5,4,160,5,> 1 tấn,> 2 tấn,car_p44_s15_1774767686,https://xe.chotot.com/mua-ban-oto-thanh-pho-thuan-an-binh-duong/120824105.htm
p44_s16_1774767699,Mazda CX-5 2.5AT 2016,CX-5,473.0,"Mazda CX-5 2.5AT sx2016 - một chủ Odo: 94.900km 🔶 Màu trắng, nội thất đen ✍️ CAM KẾT: xe không đâm đụng, không thủy kích, odo chuẩn 🔶 Hotline - Inbox Zalo",94900,N/A,Việt Nam,Đã sử dụng,Bảo hành hãng,2016,2.5 AT,Tự động,Xăng,SUV / Cross over,5,N/A,N/A,N/A,N/A,N/A,N/A,N/A,N/A,> 1 tấn,> 2 tấn,car_p44_s16_1774767699,https://xe.chotot.com/mua-ban-oto-quan-8-tp-ho-chi-minh/130206036.htm
p44_s17_1774767708,"Mazda3 2016 1.5AT Đen , xe nguyên bản hết",Mazda 3,358.0,"Mình bán Mazda3 1.5AT 2016, đi rất ít mới chạy được 11 vạn, bảo dưỡng full hãng nên chất lượng xe còn rất tốt, mọi thứ đều còn nguyên bản hết, 1 dàn lốp Michelin mới  👉 Cam kết máy số nguyên bản ko tai nạn ngập nước Các bác mua nhờ ng qua check test thoải mái ạ Trên đây là hình ảnh xe mình",110000,Có,Đang cập nhật,Đã sử dụng,Bảo hành hãng,2016,1.5 AT Sedan,Tự động,Xăng,Sedan,5,FWD,112 HP @6000 RPM,144 Nm @4000 RPM,1.5,5,2,160,4,> 1 tấn,> 2 tấn,car_p44_s17_1774767708,https://xe.chotot.com/mua-ban-oto-quan-bac-tu-liem-ha-noi/130428911.htm
p44_s18_1774767719,Mazda CX-5 Premium Sport 2.0 AT Đỏ,CX-5,850.0,"Mazda CX-5 Premium màu đỏ, xe 5 chỗ, động cơ xăng, hộp số tự động.   - Thiết kế hiện đại, nội thất tiện nghi.   - Vận hành êm ái, tiết kiệm nhiên liệu.   - Xe sẵn sàng lăn bánh.",10000,N/A,Đang cập nhật,Đã sử dụng,Bảo hành hãng,2025,Premium Sport 2.0 AT,Tự động,Xăng,SUV / Cross over,Khác,N/A,N/A,N/A,N/A,N/A,N/A,N/A,N/A,> 1 tấn,> 2 tấn,car_p44_s18_1774767719,https://xe.chotot.com/mua-ban-oto-quan-cau-giay-ha-noi/130447909.htm
p44_s19_1774767731,Mazda 2 2021 Sport 1.5 Premium,Mazda 2,425.0,"Mazda 2 Premium hatback 2021 - Màu đỏ - Nhập Thái  Mới odo 4 vạn - xe như mới Vì là bản cao nhất nên có đầy đủ tính năng an toàn (chỉ có trên bản Premium) - Màn hình HUD lái - Hệ thống cảnh báo điểm mù - Hệ thống cảnh báo phương tiện cắt ngang - Hê thống cảnh báo lệch làn đường - Hệ thống hổ trợ phanh thông minh - Hệ thống nhắc nhở người lái nghỉ ngơi ✌🏻 Chất xe mới 99% Tất cả các chi tiết nội ngoại thất như mới, rất yêu thương và giữ gìn xe, cam kết check hãng bất kỳ tuỳ chọn.  - Bảo trì bảo dưỡng định kỳ tại hãng. Full lịch sử hãng - xe mới mua bh 2 chiều tới 07/2026 Option đã lắp  ✌🏻 Đã Phủ gầm chống rỉ sét full gầm xe  ✌🏻 Thảm 6D full xe ✌🏻 Áp suất lốp cho xe ✌🏻 Bọc da tapi cửa hạn chế trầy xướt cho xe. Cam kết : tình trạng hoàn hảo, Bao soi rọi dưới mọi hình thức, bao check hãng bất kỳ  Khuyến khích khách mời thợ xịn đến hỗ trợ xem xe hoặc đưa vào hãng Mazda bất kỳ check",43000,Có,Thái Lan,Đã sử dụng,Bảo hành hãng,2021,Sport 1.5 Premium,Tự động,Xăng,Hatchback,Khác,N/A,N/A,N/A,N/A,N/A,N/A,N/A,N/A,> 1 tấn,> 2 tấn,car_p44_s19_1774767731,https://xe.chotot.com/mua-ban-quan-phu-nhuan-tp-ho-chi-minh/127786234.htm
p45_s0_1774767759,Mazda2 Deluxe NHẬP THÁI 123tr nhận xe KO PS,Mazda 2,443.0,"Mazda 2 Deluxe (bản giữa) Dòng Sedan 5 chỗ có cốp rộng rãi Xe NHẬT BẢN nhập khẩu nguyên chiếc THÁI LAN 2025  Xe đẹp, êm, khung gầm cứng cáp đặc biệt tiết kiệm nhiên liệu number one phân khúc  - Hỗ trợ Ngân hàng 80-85% giá xe, thời gian vay 8 năm, lãi suất liên kết nên rất ưu đãi - Hỗ trợ hồ sơ khó, hồ sơ không chứng minh được thu nhập (chỉ cần không nợ xấu) - Vay 85% đưa trước chỉ 123tr nhận xe CAM KẾT KHÔNG PHÁT SINH, mỗi tháng gốc lãi Nh tầm 6,3tr  Trang bị của xe: - Động cơ 1.5 SkyActive tiết kiệm NL - Đèn Led - Gương chiếu hậu chỉnh điện, gập điện - Màn hình AVN, kết nối 🍎Carplay/🤖Auto - Cam lùi - Cảm biến lùi  📍𝐌𝐚𝐳𝐝𝐚 𝐂𝐌𝐓𝟖 (𝐠𝐚̂̀𝐧 𝐜𝐡𝐨̛̣ 𝐀𝐧 𝐓𝐡𝐨̛́𝐢)📍 𝐌𝐚𝐳𝐝𝐚 𝐂𝐚̂̀𝐧 𝐓𝐡𝐨̛ | 𝐓𝐫𝐚𝐧𝐠 𝐱𝐞 𝐌𝐚𝐳𝐝𝐚 𝐓𝐮̛ 𝐯𝐚̂́𝐧 𝐧𝐡𝐢𝐞̣̂𝐭 𝐭𝐢̀𝐧𝐡 - 𝐋𝐚̀𝐦 𝐯𝐢𝐞̣̂𝐜 𝐮𝐲 𝐭𝐢́𝐧",N/A,N/A,Thái Lan,Mới,Bảo hành hãng,2025,N/A,Tự động,Xăng,Sedan,5,N/A,N/A,N/A,N/A,N/A,N/A,N/A,N/A,N/A,N/A,car_p45_s0_1774767759,https://xe.chotot.com/mua-ban-oto-quan-cai-rang-can-tho/127405772.htm
p45_s1_1774767770,Mazda 3 Sport 1.5 Hatback facelift 2018,Mazda 3,439.0,"Mazda 3 - 1.5Sport Hatback facelift sx 2018 - biển hà nội odo 7,9v km zin, chủ xe giữ gìn cực đẹp bảo dưỡng đều gầm bệ đi chắc nịch, lên nhiều đồ hud kính, cảm biến áp suất lốp, ống xả đôi, lốp mới cả dàn... vv - xe bán cam kết chất lượng bằng văn bản, check test theo chỉ định khách hàng. Giá 439",79000,Có,Việt Nam,Đã sử dụng,Bảo hành hãng,2018,1.5 AT Sedan,Tự động,Xăng,Hatchback,5,FWD,112 HP @6000 RPM,144 Nm @4000 RPM,1.5,5,4,160,5,> 1 tấn,> 2 tấn,car_p45_s1_1774767770,https://xe.chotot.com/mua-ban-oto-quan-cau-giay-ha-noi/130114921.htm
p45_s2_1774767784,Mazda 3 AT 2004 xe zin chất cop cc có đổi xe gl,Mazda 3,165.0,"Xe danh cho khach yeu xe zin cop xe moi don them gan 20 tr de di tet : Cần bán xe Mazda 3 số tự động 2004 xe nắp cò chưa ra máy zin êm , mọi chức năng hoặc động rất chuẩn tiếc kiệm xăng máy 1.6 cm phân khíc C bản đủ xe chạy cực kì chất : xem xe p tây nam tp hcm mới bd củ giáp ranh địa đạo củ chi : bán bao rút hồ sơ : hổ trợ ship xe và đổi các loại xe",153000,Có,Việt Nam,Đã sử dụng,Bảo hành hãng,2004,N/A,Tự động,Xăng,Sedan,5,N/A,N/A,N/A,N/A,N/A,N/A,N/A,N/A,> 1 tấn,> 2 tấn,car_p45_s2_1774767784,https://xe.chotot.com/mua-ban-oto-huyen-dau-tieng-binh-duong/128985385.htm
p45_s3_1774767796,Mazda 6 Trắng 40000 km,Mazda 6,400.0,"Mazda 6 màu trắng, xe Nhật Bản, thiết kế sang trọng, vận hành êm ái.  - Xe 5 chỗ, hộp số tự động, dùng nhiên liệu xăng.  - Ngoại hình đẹp, nội thất tiện nghi.  - Xe sẵn sàng lăn bánh. Xe đi chuẩn 4v klm . Bao texxt dưới mọi hình thức  Xem xe hóc môn tp hcm",40000,Có,Nhật Bản,Đã sử dụng,Bảo hành hãng,2015,2.5 AT,Tự động,Xăng,Sedan,5,FWD,185 HP @5700 RPM,250 Nm @3200 RPM,2.5,6.3,2,165,4,> 1 tấn,> 2 tấn,car_p45_s3_1774767796,https://xe.chotot.com/mua-ban-oto-huyen-hoc-mon-tp-ho-chi-minh/130358796.htm
p45_s4_1774767807,Mazda 3 2020 Sport 1.5L Premium - 88000 km,Mazda 3,480.0,"Mazda 3 Sport 1.5L Premium 2020  trang bị cao cấp như nội thất da cao cấp (ghế có thông hơi, ghế lái chỉnh điện nhớ vị trí), màn hình 8.8 inch, kính lái HUD, âm thanh 12 loa Bose, điều hòa 2 vùng có cửa gió sau, camera 360, 7 túi khí, và gói an toàn chủ động i-Activsense với MRCC, SBS, cảnh báo điểm mù, hỗ trợ giữ làn đường. 🛡️ Cam kết: ✅ Không đâm đụng - Không ngập nước - Hồ sơ pháp lý chuẩn  Ace quan tâm liên hệ *** ( xem xe thương lượng trực tiếp )",88000,Có,Việt Nam,Đã sử dụng,Bảo hành hãng,2020,Sport 1.5L Premium,Tự động,Xăng,Hatchback,5,N/A,N/A,N/A,N/A,N/A,N/A,N/A,5,> 1 tấn,> 2 tấn,car_p45_s4_1774767807,https://xe.chotot.com/mua-ban-oto-quan-1-tp-ho-chi-minh/130138201.htm
p45_s5_1774767816,Mazda CX3 Luxury 2022 Đỏ,CX-3,520.0,"MÀN HÌNH LÊN TO CHÀ BÁ: Mazda CX3 2022 Luxury, màu đỏ, NHẬP KHẨU, chạy hơn 4 vạn km. Full lịch sử bảo dưỡng hãng  💫Động cơ SkyActiv ,Lazang 18inch, đèn trước Led,hệ thống Mazda Connect với màn hình cảm ứng 7 inch, kết nối Apple Carplay và Android Auto, phanh tay điện tử và tính năng giữ phanh tự động, gương chống chói tự động, điều hòa tự động...Camera lùi, cảm biến lùi. 6 túi khí....",40000,N/A,Nước khác,Đã sử dụng,Bảo hành hãng,2022,N/A,Tự động,Xăng,N/A,N/A,N/A,N/A,N/A,N/A,N/A,N/A,N/A,N/A,> 1 tấn,> 2 tấn,car_p45_s5_1774767816,https://xe.chotot.com/mua-ban-oto-quan-cau-giay-ha-noi/130097068.htm
p45_s6_1774767830,Mazda CX-5 2.0 Deluxe 2022,CX-5,665.0,Cx5 2.0 sx 2022 deluxe  Odo 4v6 km Mời các bác xem xe Long Biên,46000,N/A,Đang cập nhật,Đã sử dụng,Bảo hành hãng,2022,Deluxe 2.0 AT,Tự động,Xăng,SUV / Cross over,Khác,N/A,N/A,N/A,N/A,N/A,N/A,N/A,N/A,> 1 tấn,> 2 tấn,car_p45_s6_1774767830,https://xe.chotot.com/mua-ban-oto-quan-long-bien-ha-noi/130382825.htm
p45_s7_1774767843,Mazda 2 - 2024 - Chính chủ 43,Mazda 2,386.0,Cần Bán  Mazda 2 AT 1.5 2024 Biển 43 - Nói không với đâm đụng ngập nước - Full lịch sử hãng - Lốp sơ cua chưa hạ - Màn Androi Mec 12ing  - Flim Cách Nhiệt  - Odo 7vạn  Giá 386tr (có thương lượng) LH: *** Toàn  Xe chính chủ ra công chứng sang tên nhanh gọn,70000,N/A,Nước khác,Đã sử dụng,Bảo hành hãng,2022,GLX AT,Tự động,Xăng,Minivan (MPV),7,N/A,N/A,N/A,N/A,N/A,N/A,N/A,5,> 1 tấn,> 2 tấn,car_p45_s7_1774767843,https://xe.chotot.com/mua-ban-oto-quan-lien-chieu-da-nang/130217248.htm
p45_s8_1774767848,🚘 Mazda 2 Sport Luxury 2020 - Trắng - Siêu Đẹp,Mazda 2,399.0,"🌸 𝐌𝐚𝐳𝐝𝐚 𝟐 𝟏.𝟓𝐋 𝐇𝐚𝐭𝐜𝐡𝐛𝐚𝐜𝐤 𝐒𝐩𝐨𝐫𝐭 𝐋𝐮𝐱𝐮𝐫𝐲 𝐌𝐨𝐝𝐞𝐥 𝟐𝟎𝟐𝟏 𝐒𝐢𝐞̂𝐮 Đ𝐞̣𝐩 🌸  🫐 Xe màu Trắng / Nội thất Xám - Đen 🗓️ Sản xuất :2020 ⏱️ ODO: 5v km Full Ls Hãng  ⚙️ Xe trang bị: Động cơ Skyactiv-G 1,5L, Hộp số tự động 6 cấp, Hệ thống đèn full LED, Hệ thống âm thanh 6 loa, Màn hình cảm ứng 7inch, Camera và cảm biến lùi, Đề nổ Start/Stop,…  ⚙️ Trang bị thêm: Film cách nhiệt, thảm lót sàn, Camera hành trình,…  🌸 Giá chào: 3xxTriệu  ✨ 𝐂𝐚𝐦 𝐤𝐞̂́𝐭 bằng văn bản 📝  ⚠️Không đâm đụng  🌊Không ngập nước  ⏱️Không tua km   ✅ Động Cơ, Hộp Số nguyên bản  ✅ Bảo hành 3 tháng hoặc 5.000km  ✅ Test hãng toàn quốc, Giao xe tận nơi.  🏦 𝐇𝐨̂̃ 𝐭𝐫𝐨̛̣ 𝐯𝐚𝐲 𝐧𝐠𝐚̂𝐧 𝐡𝐚̀𝐧𝐠 𝐭𝐨̂́𝐢 đ𝐚 𝟔𝟎-𝟕𝟎% 𝐯𝐨̛́𝐢 𝐥𝐚̃𝐢 𝐬𝐮𝐚̂́𝐭 𝐭𝐨̂́𝐭 𝐧𝐡𝐚̂́𝐭  📲Liên hệ ngay để nhận thêm thông tin và thật nhiều ưu đãi nhé!",50000,Có,Việt Nam,Đã sử dụng,Bảo hành hãng,2020,Sport Luxury,Tự động,Xăng,Hatchback,5,N/A,N/A,N/A,N/A,N/A,N/A,N/A,5,> 1 tấn,> 2 tấn,car_p45_s8_1774767848,https://xe.chotot.com/mua-ban-oto-thanh-pho-thu-duc-tp-ho-chi-minh/130142138.htm
p45_s9_1774767861,Mazda CX3 Trắng 55000 km,CX-3,485.0,"Chào bán MAZDA CX3  nhập khẩu nguyên chiếc từ thái lan tên tư nhân 1 chủ biển hà nội từ đầu cam kết xe không đâm va không ngập nước cam kết keo chỉ đinh tán nguyên zin theo nhà sản xuất cam kết máy số động cơ khung gầm nguyên bản  chạy zin 5,5 vạn kilomet ( không tua ) xe đã được trang bị thêm rất nhiều phụ kiện đồ chơi bao check bao test toàn quốc hỗ trợ bank 70% thủ tục nhanh gọn xin cảm ơn",55000,Có,Thái Lan,Đã sử dụng,Bảo hành hãng,2021,N/A,Tự động,Xăng,Hatchback,N/A,N/A,N/A,N/A,N/A,N/A,N/A,N/A,N/A,> 1 tấn,> 2 tấn,car_p45_s9_1774767861,https://xe.chotot.com/mua-ban-oto-quan-cau-giay-ha-noi/130526140.htm
p45_s10_1774767872,Mazda CX5 2018 xe 1 chủ 9 vạn km,CX-5,545.0,"Em chào bán Mazda CX5 2018 xanh cavansine bản 2.5 2 cầu xe rất đẹp.  Xe đăng ký tên tư nhân 1 chủ từ mới, lăn bánh 9 vạn km.  Máy zin từ nắp giàn cò, hộp số zin.  Keo chỉ , cột kèo , Đinh tán nguyên bản.  Không đâm va, không ngập nước.  Nội ngoại thất mới kính koong.  Chủ xe mới thay 1 giàn lốp michelin mới cứng Lốp sơ cua chưa một lần sử dụng.  Xe không có điểm trừ.  Bao check bên thứ ba theo yêu cầu.  Quý anh chị quan tâm thì gọi cho em để xem xe và lái thử ạ.  Caill: *** Xem xe tại Phạm Hùng- Hà Nội",91000,N/A,Đang cập nhật,Đã sử dụng,Bảo hành hãng,2018,2.5 AT AWD,Tự động,Xăng,SUV / Cross over,5,AWD,188 HP @5700 RPM,250Nm @3200 RPM,2.5,6.8,N/A,N/A,5,> 1 tấn,> 2 tấn,car_p45_s10_1774767872,https://xe.chotot.com/mua-ban-oto-quan-nam-tu-liem-ha-noi/130433527.htm
p45_s11_1774767885,Mazda 3 2022 1.5L Luxury Đỏ,Mazda 3,555.0,"Mazda 3 1.5L Luxury 2022 Đăng ký 11/2024 Odo 29,000 km Xe sử dụng gia đình, full lịch sử bảo dưỡng hãng  Trang bị: Đèn Full LED, mâm hợp kim Ghế da, ghế lái chỉnh điện Màn hình trung tâm hỗ trợ CarPlay Phanh tay điện tử, Auto Hold Điều hòa tự động 2 vùng Camera lùi, Cruise Control  Vui lòng nhắn tin qua Chợ Tốt để trao đổi chi tiết",29000,Có,Việt Nam,Đã sử dụng,Bảo hành hãng,2022,1.5L Luxury,Tự động,Xăng,Sedan,5,N/A,N/A,N/A,N/A,N/A,N/A,N/A,N/A,> 1 tấn,> 2 tấn,car_p45_s11_1774767885,https://xe.chotot.com/mua-ban-oto-quan-long-bien-ha-noi/130388274.htm
p45_s12_1774767901,"MAZDA 6 2.5AT 2016 XE ĐẸP MÁY ZIN, 1 CHỦ MUA MỚI",Mazda 6,395.0,"MAZDA 6 2.5AT 2016 XE GIA ĐÌNH SỬ DỤNG RẤT KĨ, 1 CHỦ MUA MỚI XE ĐẸP MÁY SỐ ZIN 100%, LÊN FULL ĐỒ CHƠI, KHÔNG LỖI.  1️⃣ XE BÁN CÓ BẢO HÀNH 1 NĂM 2️⃣ ODO: 110.000 KM ( ĐẢM BẢO ĐÚNG ĐỒNG HỒ) 3️⃣ MÀU: ĐỎ 4️⃣ BAO RÚT HỒ SƠ THU HỒI BIỂN SỐ 5️⃣ BẢO DƯỠNG HÃNG ĐẦY ĐỦ ĐÚNG ĐỊNH KÌ. 6️⃣ HÌNH THỨC: XE CÁ NHÂN, 1 CHỦ MUA MỚI ⭕ CAM KẾT XE KHÔNG ĐÂM ĐỤN- KHÔNG NGẬP NƯỚC- KHÔNG PHẠT NGUỘI-KHÔNG TRANH CHẤP- THỦ TỤC PHÁP LÍ RÕ RÀNG MINH BẠCH  ✴️ Tình trạng xe: ♻️ SƠN ZIN CÒN 90% KHÔNG LÀM ĐỒNG HOẶC DẶM TUỐT, ĐÃ ĐƯỢC BÊN HÃNG ĐÃ KIỂM ĐỊNH,4 VỎ MỚI THAY. 👉 ĐỘNG CƠ: MÁY ZIN, ÓC 7 MÀU CÒN DẤU CỦA NHÀ SẢN XUẤT. ♻️ PHỤ KIỆN: GHẾ DA,LÓT SÀN, MÀN HÌNH LỚN, CAMMERA HÌNH TRÌNH, CAM TRƯỚC SAU, DÁN FIML,LÓT SÀN….RẤT TIỆN ÍT ♻️ FULL ĐỒ RẤT TIỆN LỢI KHÔNG PHÁT SINH THÊM CHI PHÍ NÀO. ♻️KHUNG GẦM ZIN CÒN RẤT MỚI  ☎ LH: CẢNH (XEM XE & THƯƠNG LƯỢNG GIÁ) 📍 ĐC: 251 Đ SỐ 5, P AN LẠC, Q BÌNH TÂN",110000,Có,Đang cập nhật,Đã sử dụng,Bảo hành hãng,2016,2.5 AT,Tự động,Xăng,Sedan,5,FWD,185 HP @5700 RPM,250 Nm @3200 RPM,2.5,6.3,2,165,4,> 1 tấn,> 2 tấn,car_p45_s12_1774767901,https://xe.chotot.com/mua-ban-oto-quan-binh-tan-tp-ho-chi-minh/130111189.htm
p45_s13_1774767913,Mazda CX3 2022 1.5 Xám,CX-3,444.0,"Gia đình cần bán xe Mazda CX3 1.5, Một dòng xe SUV cở nhỏ mới hiện đại nhất hiện nay , rất gọn gàng, mang lại cảm giác dễ chịu khi lái xe, Sản xuất cuối năm 2021 (nhập Thái) màu xám, bốn vỏ theo xe, máy êm, lạnh buốt, xe chính chủ ký bán nhanh trong ngày",80,N/A,Thái Lan,Đã sử dụng,Bảo hành hãng,2022,N/A,Tự động,Xăng,N/A,N/A,N/A,N/A,N/A,N/A,N/A,N/A,N/A,N/A,> 1 tấn,> 2 tấn,car_p45_s13_1774767913,https://xe.chotot.com/mua-ban-oto-huyen-cu-chi-tp-ho-chi-minh/130028994.htm
p45_s14_1774767925,🌸 𝐌𝐚𝐳𝐝𝐚 𝐂𝐗-𝟖 𝟐.𝟓𝐀𝐓 𝐌𝐨𝐝𝐞𝐥 𝟐𝟎𝟐𝟏 𝐒𝐢𝐞̂𝐮 Đ𝐞̣𝐩 🌸,Mazda Other,719.0,"🌸 𝐌𝐚𝐳𝐝𝐚 𝐂𝐗-𝟖 𝟐.𝟓𝐀𝐓 𝐌𝐨𝐝𝐞𝐥 𝟐𝟎𝟐𝟏 𝐒𝐢𝐞̂𝐮 Đ𝐞̣𝐩 🌸  🫐 Xe màu Đen / Nội thất Đen 🗓️ Sản xuất :2020 ⏱️ ODO: 6v km Full Ls Hãng  ⚙️ Xe trang bị: Động cơ Skyactiv-G 2.5L, Hộp số tự động 6 cấp, Hệ thống đèn full LED, Mâm hợp kim 19 inch, Ghế chỉnh điện bọc da cao cấp, Điều hoà 3 vùng độc lập, Màn hình 7 inch kết nối Apple Carplay và Android Auto, 6 Loa, Cốp điện, 6 túi khí, Camera sau,….  ⚙️ Trang bị thêm: Film cách nhiệt, thảm lót sàn,…   𝐂𝐀𝐌 𝐊𝐄̂́𝐓:  🧑‍🔧 Không đâm đụng 💧 Không ngập nước  ⏱️ Không tua Km  💵 Giá: 719 Triệu _____________________________ 𝐀𝐔𝐓𝐎 𝟗𝐗—𝐗𝐄 𝐋𝐔̛𝐎̛́𝐓 𝐕𝐈𝐄̣̂𝐓 𝐍𝐀𝐌  Đ/c: 792 Nguyễn Thị Định, P.Cát Lái, Tp.HCM (Quận 2 cũ) 📲: ***",60000,Có,Việt Nam,Đã sử dụng,Bảo hành hãng,2020,N/A,Tự động,Xăng,SUV / Cross over,7,N/A,N/A,N/A,N/A,N/A,N/A,N/A,N/A,> 1 tấn,> 2 tấn,car_p45_s14_1774767925,https://xe.chotot.com/mua-ban-oto-thanh-pho-thu-duc-tp-ho-chi-minh/130310135.htm
p45_s15_1774767936,🌸 𝐌𝐚𝐳𝐝𝐚 𝟐 𝟏.𝟓𝐋 𝐇𝐚𝐭𝐜𝐡𝐛𝐚𝐜𝐤 𝐒𝐩𝐨𝐫𝐭 𝐋𝐮𝐱𝐮𝐫𝐲 🌸,Mazda Other,399.0,"🌸 𝐌𝐚𝐳𝐝𝐚 𝟐 𝟏.𝟓𝐋 𝐇𝐚𝐭𝐜𝐡𝐛𝐚𝐜𝐤 𝐒𝐩𝐨𝐫𝐭 𝐋𝐮𝐱𝐮𝐫𝐲 𝐌𝐨𝐝𝐞𝐥 𝟐𝟎𝟐𝟏 𝐒𝐢𝐞̂𝐮 Đ𝐞̣𝐩 🌸  🫐 Xe màu Trắng / Nội thất Xám - Đen 🗓️ Sản xuất :2020 ⏱️ ODO: 5v km Full Ls Hãng  ⚙️ Xe trang bị: Động cơ Skyactiv-G 1,5L, Hộp số tự động 6 cấp, Hệ thống đèn full LED, Hệ thống âm thanh 6 loa, Màn hình cảm ứng 7inch, Camera và cảm biến lùi, Đề nổ Start/Stop,…  ⚙️ Trang bị thêm: Film cách nhiệt, thảm lót sàn, Camera hành trình,…   𝐂𝐀𝐌 𝐊𝐄̂́𝐓:  🧑‍🔧 Không đâm đụng 💧 Không ngập nước  ⏱️ Không tua Km  💵 Giá: 399 Triệu _____________________________ 𝐀𝐔𝐓𝐎 𝟗𝐗—𝐗𝐄 𝐋𝐔̛𝐎̛́𝐓 𝐕𝐈𝐄̣̂𝐓 𝐍𝐀𝐌  Đ/c: 792 Nguyễn Thị Định, P.Cát Lái, Tp.HCM (Quận 2 cũ) 📲: ***",50000,Có,Đang cập nhật,Đã sử dụng,Bảo hành hãng,2020,Sport Luxury,Tự động,Xăng,Hatchback,5,N/A,N/A,N/A,N/A,N/A,N/A,N/A,5,> 1 tấn,> 2 tấn,car_p45_s15_1774767936,https://xe.chotot.com/mua-ban-oto-thanh-pho-thu-duc-tp-ho-chi-minh/130061795.htm
p45_s16_1774767948,Mazda BT 50 2021 AT Luxury 4x2 - 76000 km,Mazda Other,438.0,Xe nhà sử dụng cần bán MAZDA BT50 gầm mái cực êm nội thất đẹp vỏ đẹp bao xe không đâm đụng ngập nước xe zin 95% anh chị em có nhu cầu xin liên hệ,76000,N/A,Thái Lan,Đã sử dụng,Bảo hành hãng,2021,AT Luxury 4x2,Tự động,Dầu,SUV / Cross over,5,N/A,N/A,N/A,N/A,N/A,N/A,N/A,4,> 1 tấn,> 2 tấn,car_p45_s16_1774767948,https://xe.chotot.com/mua-ban-oto-quan-binh-tan-tp-ho-chi-minh/124340506.htm
p45_s17_1774767959,Mazda 3 1.5 2025 - Xe cá nhân 1 chủ lướt 4.500 km,Mazda 3,616.0,"💥💥Mazda 3 1.5 Luxury Sx 2025 - Xe cá nhân 1 chủ siêu lướt không khách gì xe mới🔥🔥 🔹Sản xuất: 2025 🔹Odo: 4.500 km (sai tặng xe) 🔹Màu xe: Xanh cavansite 👉Trang bị: Động cơ 1.5L 111 mã lực, Hộp số tự động 6 cấp, vô lăng bọc da 3 chấu tích hợp lẩy chuyển số, điều hòa tự động có cửa gió hàng ghế sau,…  ✅️Đảm bảo ko đâm đụng, ngập nước. 👍 ✅️Bao test hãng 💯 ✅️Bao bank, duyệt hồ sơ trong ngày 💨 🎁 Tặng gói chăm sóc xe và phủ Ceramic cao cấp 🔥 🏦 Ngân hàng hỗ trợ 70% 💰 Giá chỉ : 616tr VND  🔸 Hotline - Inbox Zalo  📞 : ***(Duy Phương #kingdom_auto) ----------------------------------- 🏨𝐊𝐈𝐍𝐆𝐃𝐎𝐌 𝐀𝐔𝐓𝐎 👨‍💻 Website: *** 📍53 đường số 85, Phường. Tân Hưng, Tphcm. (Gần Lotte Mart Quận 7 cũ) #Kingdom_Auto",4500,Có,Việt Nam,Đã sử dụng,Bảo hành hãng,2025,1.5L Luxury,Tự động,Xăng,Sedan,5,N/A,N/A,N/A,N/A,N/A,N/A,N/A,N/A,> 1 tấn,> 2 tấn,car_p45_s17_1774767959,https://xe.chotot.com/mua-ban-oto-quan-7-tp-ho-chi-minh/130482427.htm
p45_s18_1774767971,Mazda 3 2025 1.5 Luxury 10.000km,Mazda 3,639.0,"Mazda 3 1.5 Luxury sx 2025 . Lướt 10.000km xe mới lắm . Sơn zin cao - Xe đã độ thêm cam 360 , áp suất lốp , cam hành trình trước sau , thảm sàn 6D .... Check thoải mái lỗi trả phí check xem xe tại hà nội",15000,N/A,Nước khác,Đã sử dụng,Bảo hành hãng,2025,N/A,Tự động,Xăng,N/A,N/A,N/A,N/A,N/A,N/A,N/A,N/A,N/A,N/A,> 1 tấn,> 2 tấn,car_p45_s18_1774767971,https://xe.chotot.com/mua-ban-oto-quan-cau-giay-ha-noi/130365383.htm
p45_s19_1774767980,Mazda CX-30 2024 2.0 Premium 3500 km,CX-30,715.0,Cx30 2.0 Premium 2024 siêu lướt 3500km Xe và biển ở SG,3500,N/A,Việt Nam,Đã sử dụng,Bảo hành hãng,2024,N/A,Tự động,Xăng,N/A,N/A,N/A,N/A,N/A,N/A,N/A,N/A,N/A,N/A,> 1 tấn,> 2 tấn,car_p45_s19_1774767980,https://xe.chotot.com/mua-ban-quan-binh-thanh-tp-ho-chi-minh/130513326.htm
p46_s0_1774768001,Mazda CX 5 2018 2.0 AT - 7600 km Mới Nhất Việt Nam,Mazda Other,640.0,CX5 2.0 Sản Xuất 2018 Một Chủ  ODO. 7600km Siêu Lướt Sơn Rin 100% 5 Vỏ rin Theo Như Mới  Giá 6xx Anh chị em q.tâm lh Tân  ☎️ ***. ***.,7600,N/A,Việt Nam,Đã sử dụng,Bảo hành hãng,2018,2.0 AT,Tự động,Xăng,SUV / Cross over,Khác,N/A,N/A,N/A,N/A,N/A,N/A,N/A,N/A,> 1 tấn,> 2 tấn,car_p46_s0_1774768001,https://xe.chotot.com/mua-ban-oto-quan-12-tp-ho-chi-minh/130192844.htm
p46_s1_1774768013,New Mazda CX5 2025 thương lượng + ưu đãi,CX-5,696.0,"💥 Mazda CX-5 không chỉ là một chiếc SUV, mà là người bạn đồng hành lý tưởng cho mọi chuyến đi. Với thiết kế mạnh mẽ, thể thao và tinh tế, CX-5 mang đến cho bạn sự tự tin trong mọi hành trình, dù là đường dài hay đường phố đô thị.  👉Cơ hội sở hữu New Mazda CX-5 nhận ngay ưu đãi cực hấp dẫn từ Mazda trong tháng với mức giá CHỈ TỪ 696 TRIỆU ĐỒNG* - New Mazda CX5 Deluxe: 696TR - New Mazda CX5 Luxury: 746TR - New Mazda CX5 Premium Active: 781TR - New Mazda CX5 Premium Sport: 806TR - New Mazda CX5 Premium Exclusive: 828TR  ✅ Ưu đãi trả sau lên đến 80% giá trị xe! ✅ Thủ tục đơn giản, nhanh chóng  ✅ Bảo hành 5 năm hoặc 150,000 km  ✅ Xe có sẵn, giao ngay!  ➡️Đặt hẹn lái thử, lái thử tại nhà hoàn toàn miễn phí ________________________ - Hỗ trợ vay 85% giá trị xe - Hỗ trợ trả góp lãi suất ưu đãi - Hỗ trợ mọi thủ tục đăng kí xe",N/A,N/A,Hàn Quốc,Mới,Bảo hành hãng,2025,N/A,Tự động,Xăng,SUV / Cross over,5,N/A,N/A,N/A,N/A,N/A,N/A,N/A,N/A,N/A,N/A,car_p46_s1_1774768013,https://xe.chotot.com/mua-ban-oto-thanh-pho-thu-duc-tp-ho-chi-minh/129062469.htm
p46_s2_1774768029,2021 1.5 Luxury - 23000 km 1 chủ từ đầu,Mazda Other,415.0,"Mazda 2 phiên bản 1.5 Luxury, sản xuất năm 2021, màu trắng tinh khôi. Xe 4 chỗ ngồi, phù hợp cho gia đình nhỏ hoặc di chuyển trong thành phố. Đây là một lựa chọn tuyệt vời cho những ai tìm kiếm một chiếc xe nhỏ gọn, phong cách và tiết kiệm nhiên liệu.  ✨ Xe được trang bị nhiều tính năng hiện đại, mang lại trải nghiệm lái xe thoải mái và an toàn:  * Ngoại thất màu trắng sang trọng, không tì vết. * Nội thất rộng rãi, thiết kế tinh tế. * Động cơ 1.5L mạnh mẽ, vận hành êm ái và tiết kiệm nhiên liệu. * Hộp số tự động mượt mà, dễ dàng điều khiển. * Hệ thống giải trí đa phương tiện, kết nối Bluetooth, USB. * Hệ thống an toàn đầy đủ: ABS, EBD, BA, cân bằng điện tử, hỗ trợ khởi hành ngang dốc. * Xe ít sử dụng, bảo dưỡng định kỳ. * Phù hợp cho cả nam và nữ, dễ dàng di chuyển trong phố. * Xe chính chủ, giấy tờ đầy đủ, sang tên nhanh chóng. * Kiểu dáng trẻ trung, năng động, thu hút mọi ánh nhìn.  Xe Mazda 2 1.5 Luxury 2021 là sự kết hợp hoàn hảo giữa thiết kế đẹp mắt, tính năng hiện đại và khả năng vận hành linh hoạt. Đây là một lựa chọn đáng cân nhắc cho những ai đang tìm kiếm một chiếc xe đô thị chất lượng.",23000,N/A,Thái Lan,Đã sử dụng,Bảo hành hãng,2021,1.5 Luxury,Tự động,Xăng,Hatchback,Khác,N/A,N/A,N/A,N/A,N/A,N/A,N/A,N/A,> 1 tấn,> 2 tấn,car_p46_s2_1774768029,https://xe.chotot.com/mua-ban-oto-thanh-pho-bien-hoa-dong-nai/130161826.htm
p46_s3_1774768036,Mazda CX-30 premium 2024 - lướt 3.400km như mới,CX-30,715.0,"✨ Mazda CX-30 Premium 2024 – Xe lướt cực chất 🚗 Odo: 3.400 km – Gần như xe mới 💎 Phiên bản Premium – Đủ đồ, nội thất sang 💰 Giá bán: 7xx triệu 📞 Liên hệ: ***  ✅ Cam kết: ✔️ Xe không tai nạn – không ngập nước ✔️ Odo chuẩn, bao check hãng ✔️ Pháp lý rõ ràng – sang tên nhanh gọn ✔️ Hỗ trợ test xe – xem xe tại chỗ  #MazdaCX30 #CX30Premium #Mazda2024 #Xeluot #XeDepGiaTot #OdoThap #XeGiaDinh #XeGamCao",3400,Có,Thái Lan,Đã sử dụng,Bảo hành hãng,2024,Premium 2.0 AT,Tự động,Xăng,SUV / Cross over,5,N/A,N/A,N/A,N/A,N/A,N/A,N/A,N/A,> 1 tấn,> 2 tấn,car_p46_s3_1774768036,https://xe.chotot.com/mua-ban-oto-quan-tan-phu-tp-ho-chi-minh/130425733.htm
p46_s4_1774768048,Mazda Premacy 2006 Bạc,Mazda Other,79.0,Xe đep khg loi Tất cả hd tốt  Bốn vỏ moi Khg muc mot Số tu đong doi 2006,64000,Có,Đang cập nhật,Đã sử dụng,Bảo hành hãng,2006,N/A,Tự động,Xăng,N/A,N/A,N/A,N/A,N/A,N/A,N/A,N/A,N/A,N/A,> 1 tấn,> 2 tấn,car_p46_s4_1774768048,https://xe.chotot.com/mua-ban-oto-huyen-bau-bang-binh-duong/130465021.htm
p46_s5_1774768058,Cần bán mazda 6 2.0 premium 2017,Mazda 6,440.0,Hiện e cần bán xe mazda 6 gd sữ dụng bản 2.0 premium full option lên mấy chục tiền đồ Tình trạng xe máy số keu chỉ zin ko đâm đụng ngập nước odo 113 ngàn   Giá bán 440tr xem xe đà lạt lâm đồng,111000,Có,Nhật Bản,Đã sử dụng,Bảo hành hãng,2017,2.0 Premium,Tự động,Xăng,Sedan,5,FWD,153 HP @6000 RPM,200 Nm @4000 RPM,2,6,2,165,4,> 1 tấn,> 2 tấn,car_p46_s5_1774768058,https://xe.chotot.com/mua-ban-oto-thanh-pho-da-lat-lam-dong/130226259.htm
p46_s6_1774768070,"Bán xe Mazda 3 2024,xe cực đẹp,ko 1 lỗi nhỏ,giá rẻ",Mazda 3,545.0,"Mình đang cần bán gấp một chiếc xe mazda 3 đời cuối 2024 số tự động. Xanh đậm phadil. Xe chính chủ cá nhân mua mới 1 đời chủ cam kết không đâm đụng, không va chạm sơn zin 100%. Xe được trang bị full option.đề nổ start/stop, thắng tay điện tử, Màn hình zin theo xe, cam hành trình đầy đủ. Cam lùi, cảm biến quanh xe. Dán kim cách nhiệt cao cấp của mỹ 5M, thảm lót sàn, thảm taplo đầy đủ. 4 lốp zin theo xe, lốp sơ cua chưa chạm đất. đảm bảo chưa hề va quẹt đâm đụng, ko thủy kích, máy zin 100%, full lịch sử bảo dưỡng trong hãng, bao check test thoải mái. xe chính chủ cá nhân đứng tên, cà vẹt cầm tay, mua xong ra công chứng liền trong 15p, hỗ trợ rút hồ sơ cho người thiện chí. LH; coi xe gần siêu thị AOEN nhật bản quận tân phú.",30000,Có,Việt Nam,Đã sử dụng,Bảo hành hãng,2024,1.5L Deluxe,Tự động,Xăng,Sedan,Khác,N/A,N/A,N/A,N/A,N/A,N/A,N/A,N/A,> 1 tấn,> 2 tấn,car_p46_s6_1774768070,https://xe.chotot.com/mua-ban-oto-quan-binh-tan-tp-ho-chi-minh/130152113.htm
p46_s7_1774768089,Mazda CX-5 2024 Exclusive 14.000 km Xanh,CX-5,855.0,Cx5 exclusive sx2024 14.000km giữ làn bám đuổi hud kính nhớ ghế cốp điện... Chào 800 máy chục tr Xe gần như đập hộp rẻ dc hơn trăm củ dùng để lì xì năm mới,14000,Có,Việt Nam,Đã sử dụng,Bảo hành hãng,2024,Premium Exclusive 2.0 AT,Tự động,Xăng,SUV / Cross over,5,N/A,N/A,N/A,N/A,N/A,N/A,N/A,N/A,> 1 tấn,> 2 tấn,car_p46_s7_1774768089,https://xe.chotot.com/mua-ban-oto-quan-bac-tu-liem-ha-noi/130534694.htm
p46_s8_1774768099,Mazda CX 5 2017 2.5 AT AWD -,Mazda Other,470.0,"🌈 MAZDA CX5 2017 BẢN FUII 2.5.  ✔️ Dòng xe sang trọng đẳng cấp.  ✔️Tít kiệm nguyên liệu bền Bỉ.  ✔️Khung gầm chắc chắn, cứng cáp ✔️Máy móc nguyên zin êm ái ✔️Bán bảo hành máy 12 tháng. Khi mua xe 💢 Bao rút hồ sơ gốc 🚗 Bao Ship xe tận nhà 💸 Hoa hồng cao cho Quý anh/chị giới thiệu HOẶC GIAO LƯU TRAO ĐỔI CÁC LOẠI XE CỦ.  XE MÁY 🏍️ ĐỔI ÔTÔ. 🚘🚘  ✅. 25 ĐƯỜNG ĐÔNG BẮC PHƯỜNG TÂN CHÁNH HIỆP QUẬN 12. TP.HCM",97000,Có,Việt Nam,Đã sử dụng,Bảo hành hãng,2017,2.5 AT AWD,Tự động,Xăng,SUV / Cross over,5,AWD,188 HP @5700 RPM,250Nm @3200 RPM,2.5,6.8,2,N/A,5,> 1 tấn,> 2 tấn,car_p46_s8_1774768099,https://xe.chotot.com/mua-ban-oto-quan-1-tp-ho-chi-minh/130342398.htm
p46_s9_1774768111,"MAZDA 3 1.5AT LUXURY 2025,ĐÚNG 4300KM,99%",Mazda 3,605.0,"MAZDA 3 1.5AT LUXURY ,số tự động,máy xăng,5 chỗ,màu xanh dương,sx 2025 -Xe TUYỆT ĐẸP,ZIN&MỚI 99%, ĐÚNG 4000km( bao test hãng) -BSTP HCM,SƠN ZIN 100% -Cam kết không ngập nước, không lỗi,HỔ trợ Ngân Hàng 70%.. -Xem xe q 7,HCM..SẼ HOÀN TOÀN ƯNG Ý NGAY...",4000,Có,Việt Nam,Đã sử dụng,Bảo hành hãng,2025,1.5L Luxury,Tự động,Xăng,SUV / Cross over,5,N/A,N/A,N/A,N/A,N/A,N/A,N/A,N/A,> 1 tấn,> 2 tấn,car_p46_s9_1774768111,https://xe.chotot.com/mua-ban-oto-quan-tan-binh-tp-ho-chi-minh/130244417.htm
p46_s10_1774768122,Mazda CX-5 2018 2.5 Nâu 86.000km,CX-5,555.0,"Mazda CX-5 sx: 2018 model 2.5 nguyên zin từng chi tiết   Chuẩn ODO: 86.000km màu nâu, xe 5 chỗ, số tự động.   - Thiết kế hiện đại, nội thất rộng rãi.   - Vận hành êm ái, tiết kiệm nhiên liệu.   - Xe sẵn sàng lăn bánh.",86000,N/A,Đang cập nhật,Đã sử dụng,Bảo hành hãng,2018,2.5 AT AWD,Tự động,Xăng,SUV / Cross over,5,AWD,188 HP @5700 RPM,250Nm @3200 RPM,2.5,6.8,N/A,N/A,5,> 1 tấn,> 2 tấn,car_p46_s10_1774768122,https://xe.chotot.com/mua-ban-oto-quan-kien-an-hai-phong/130379232.htm
p46_s11_1774768130,Mazda Mazda3 2022 Luxury Đỏ 62572 km,Mazda 3,525.0,"Cần bán Mazda3 -2022 luxury cực đẹp , nguyên zin từng chi tiết",62572,N/A,Đang cập nhật,Đã sử dụng,Bảo hành hãng,2022,1.5L Luxury,Tự động,Xăng,Hatchback,Khác,N/A,N/A,N/A,N/A,N/A,N/A,N/A,N/A,> 1 tấn,> 2 tấn,car_p46_s11_1774768130,https://xe.chotot.com/mua-ban-oto-quan-kien-an-hai-phong/130326086.htm
p46_s12_1774768138,Mazda 2 2016 1.5 AT Sedan - 112000 km,Mazda 2,273.0,"xe hiện tại đang cắm giấy tờ xe , ai nhu cầu thì mình đi chuộc về , mình cũng muốn đổi lên xe điện đi",112000,N/A,Việt Nam,Đã sử dụng,Bảo hành hãng,2016,1.5 AT Sedan,Tự động,Xăng,Sedan,5,FWD,102 HP @6000 RPM,135 Nm @4000 RPM,1.5,5,2,143,5,> 1 tấn,> 2 tấn,car_p46_s12_1774768138,https://xe.chotot.com/mua-ban-oto-quan-hoang-mai-ha-noi/130243006.htm
p46_s13_1774768147,mada3 2017 tư nhân 65000km,Mazda Other,378.0,Tư nhân sử dụng sx 2017 Số tự động xe đẹp máy số nguyên bản a chị có nhu cầu lh xem xe,65000,N/A,Việt Nam,Đã sử dụng,Bảo hành hãng,2017,1.5 AT Sedan,Tự động,Xăng,Sedan,5,FWD,112 HP @6000 RPM,144 Nm @4000 RPM,1.5,5,2,160,4,> 1 tấn,> 2 tấn,car_p46_s13_1774768147,https://xe.chotot.com/mua-ban-oto-huyen-dong-anh-ha-noi/124097667.htm
p46_s14_1774768160,2025 Premium 2.0 AT - 3000 km,Mazda Other,855.0,"Mazda CX 5, màu đỏ quyến rũ, sản xuất năm 2025. Xe thuộc phiên bản Premium 2.0 AT, thiết kế sang trọng và hiện đại. Nội thất rộng rãi với 4 chỗ ngồi thoải mái, phù hợp cho gia đình nhỏ hoặc những người yêu thích phong cách cá tính. Thiết kế ngoại thất cuốn hút với màu đỏ nổi bật, tạo ấn tượng mạnh mẽ và thu hút mọi ánh nhìn trên đường phố. * Nội thất tiện nghi, trang bị đầy đủ các tính năng hiện đại, mang đến trải nghiệm lái xe thoải mái và thú vị. * Động cơ mạnh mẽ, vận hành êm ái và tiết kiệm nhiên liệu, giúp bạn tự tin chinh phục mọi hành trình.* Hệ thống an toàn tiên tiến, đảm bảo an toàn tối đa cho người lái và hành khách trên mọi nẻo đường.Phiên bản Premium 2.0 AT với nhiều trang bị cao cấp, mang đến trải nghiệm lái xe tuyệt vời và đẳng cấp. * Xe được bảo dưỡng định kỳ, tình trạng hoạt động tốt, sẵn sàng đồng hành cùng bạn trên mọi chuyến đi.Kiểu dáng SUV năng động, phù hợp với nhiều mục đích sử dụng, từ đi làm hàng ngày đến những chuyến du lịch xa. Không gian nội thất rộng rãi, thoải mái cho cả người lái và hành khách phía sau, tạo cảm giác thư giãn trên mọi hành trình. * Hệ thống giải trí hiện đại, kết nối dễ dàng với điện thoại thông minh, giúp bạn tận hưởng những giây phút giải trí tuyệt vời. Vô lăng tích hợp nhiều phím chức năng, giúp người lái dễ dàng điều khiển và tập trung vào việc lái xe.Màu đỏ thể hiện sự cá tính và năng động của chủ sở hữu.Mazda CX 5 là sự lựa chọn hoàn hảo cho những ai yêu thích sự sang trọng, tiện nghi và an toàn.",300,N/A,Việt Nam,Đã sử dụng,Bảo hành hãng,2025,Premium 2.0 AT,Tự động,Xăng,SUV / Cross over,Khác,N/A,N/A,N/A,N/A,N/A,N/A,N/A,N/A,> 1 tấn,> 2 tấn,car_p46_s14_1774768160,https://xe.chotot.com/mua-ban-oto-quan-cau-giay-ha-noi/130174760.htm
p46_s15_1774768172,Mazda3 Facelift Premium 2.0 Full Option cuối 2018,Mazda 3,455.0,"Gia đình mình cần bán xe Mazda3 Facelip Premium bản 2.0 Full Option màu trắng cuối 2018 đi cực thích và tiết kiệm nhiên liệu, Option đầy đủ hơn bản 1.5 rất nhiều như Hud kính lái, ghế điện, vành 18 inch..vv.. và đắt hơn 150tr lúc mua mới, xe của nhà mình cực mới & giữ gìn, chỉ đi làm trong phố 3km và cuối tuần lên nội ngoại hoặc cafe cùng bạn bè chưa đi xa bao giờ, các bạn xem qua là biết ngay, mới đi được hơn 9v km xịn, sản xuất & đ/ký cuối 2018* Biển Hà Nội 30:xxxx Đi rất có lộc & gặp nhiều may mắn * xe đi rất giữ gìn, toàn để trong nhà nên tránh được mưa và nắng, 2 khóa mới cứng, đăng kiểm & phí đường bộ đến tận cuối năm 2027 mới phải đóng, mình đã lắp thêm một số đồ hết hơn 20tr: Lên dàn loa trung tâm loại tốt nhất của Marshall nghe cực hay, lên 4 Lốp Michelin đi cực thích, mua thêm lót sàn 6D trong hãng, kích hoạt Full tính năng ẩn, hack xem Video cho màn hình trung tâm để dễ dàng điều khiển, tính cẩn thận nên mình thay dầu & bảo dưỡng định kỳ theo chế độ trong hãng Mazda, Xe nguyên bản 100% nên các bạn có thể test thoải mái ở bất kỳ đâu nếu sai mình xin tặng cả xe, trước mua mới gần 1tỷ, nay gia đình mình bán giá rất hợp lý 455tr * Có thương lượng nhiệt tình cho bạn nào mua về sử dụng * No SMS.",90000,N/A,Việt Nam,Đã sử dụng,Bảo hành hãng,2018,2.0 AT,Tự động,Xăng,N/A,N/A,N/A,N/A,N/A,N/A,N/A,N/A,N/A,N/A,> 1 tấn,> 2 tấn,car_p46_s15_1774768172,https://xe.chotot.com/mua-ban-oto-quan-hai-ba-trung-ha-noi/130462264.htm
p46_s16_1774768183,Mazda 3 2015 1.5 AT Sedan - 101235 km.,Mazda 3,340.0,"Auto Phát Thịnh vừa về Mazđa 3 sx 2015 màu xanh,bản full xe cực đẹp, chủ nữ công chức sd cẩn thận nên mọi chi tiết còn zin hêt, cam kết không đâm đụng ngập nước máy móc keo chỉ zin, giá hợp lý ,xem xe tại 92 Hồng Đô, Phú Đô, gần Svđ Mỹ đình HN",101235,N/A,Việt Nam,Đã sử dụng,Bảo hành hãng,2015,1.5 AT Sedan,Tự động,Xăng,Sedan,5,FWD,112 HP @6000 RPM,144 Nm @4000 RPM,1.5,5,2,160,4,> 1 tấn,> 2 tấn,car_p46_s16_1774768183,https://xe.chotot.com/mua-ban-oto-quan-nam-tu-liem-ha-noi/130501755.htm
p46_s17_1774768194,Mazda Mazda 6 2016 Đỏ,Mazda 6,398.0,"Mazda 6 tự động 2016 ,xe trang bị 2 ghế điện ,nhớ ghế 2 vị trí ,của sổ trời Máy móc nguyên rin ,keo chỉ rin ,xe không đâm đụng ngập nước ,bao test thoải mái  Bao rút hồ sơ cho người mua",92452,Có,Nhật Bản,Đã sử dụng,Bảo hành hãng,2016,2.0L Premium,Tự động,Xăng,N/A,5,N/A,N/A,N/A,N/A,N/A,N/A,N/A,N/A,> 1 tấn,> 2 tấn,car_p46_s17_1774768194,https://xe.chotot.com/mua-ban-oto-huyen-dai-loc-quang-nam/130443190.htm
p46_s18_1774768207,Mazda BT-50 2018 2.2 Trắng,BT-50,430.0,"Mazda BT-50 đời 2018, phiên bản 2.2, màu trắng.   - Xe đã lắp camera 360   - xe gia đình ít sử dụng . 36.000 km  - màu sơn chưa dặm tuốt còn nguyên zin - bánh secua chưa dử dụng  - xe chưa sửa chữa ốc tán còn zin , ae thiện chí mua đến xem xe thương lượng, mình kg nhận trả giá qua tin nhắn .",36000,N/A,Đang cập nhật,Đã sử dụng,Bảo hành hãng,2018,N/A,Tự động,Dầu,N/A,5,N/A,N/A,N/A,N/A,N/A,N/A,N/A,N/A,> 1 tấn,> 2 tấn,car_p46_s18_1774768207,https://xe.chotot.com/mua-ban-oto-huyen-nha-be-tp-ho-chi-minh/130365340.htm
p46_s19_1774768217,Mazda CX-5 2017 2.5G AT AWD Hồ Sơ Gốc Cầm Tay,CX-5,475.0,"Bán Xe Mazda CX-5 2017 Bản 2.5G AT AWD màu xanh, xe 5 chỗ, nội thất bọc da sang trọng.   - Động cơ xăng, hộp số tự động.   - Thiết kế hiện đại, vận hành êm ái.   - Xe gầm cao, phù hợp nhiều địa hình.",97847,Có,Đang cập nhật,Đã sử dụng,Bảo hành hãng,2017,N/A,Tự động,Xăng,N/A,5,N/A,N/A,N/A,N/A,N/A,N/A,N/A,N/A,> 1 tấn,> 2 tấn,car_p46_s19_1774768217,https://xe.chotot.com/mua-ban-quan-binh-thanh-tp-ho-chi-minh/130355404.htm
p47_s0_1774768240,Mazda 2 2021 1.5 Premium - 18000 km,Mazda 2,399.0,Xe ít đi nên mới 99% . Odo :18000km và bánh dư phòng chưa hạ,18000,N/A,Thái Lan,Đã sử dụng,Bảo hành hãng,2021,1.5 Premium,Tự động,Xăng,Sedan,5,N/A,N/A,N/A,N/A,N/A,N/A,N/A,N/A,> 1 tấn,> 2 tấn,car_p47_s0_1774768240,https://xe.chotot.com/mua-ban-oto-thanh-pho-tuy-hoa-phu-yen/130195875.htm
p47_s1_1774768250,Gia đình cần bán xe Mazda CX-3 SX 2024,CX-3,495.0,"Gia đình sắp xuất cảnh cần bán xe đang sử dụng hiệu Mazda CX-3 SX 2024 bản cao cấp full option, có chế độ Cruiser Control, Auto Light, chế độ iStop, số Sport, màn hình Navi, phanh điện tử, kính xếp điện... tình trạng mới 95%, xe trùm mền sơ-cua chưa xài đến, biển số Sài Gòn, chính chủ đứng tên xe bán. Ai có nhu cầu xin liên hệ xem xe tại chợ Gò Vấp . Xin miễn tiếp giới buôn xe nhé. Thanks👍",40000,N/A,Thái Lan,Đã sử dụng,Bảo hành hãng,2024,N/A,Tự động,Xăng,Hatchback,5,N/A,N/A,N/A,N/A,N/A,N/A,N/A,N/A,> 1 tấn,> 2 tấn,car_p47_s1_1774768250,https://xe.chotot.com/mua-ban-oto-quan-go-vap-tp-ho-chi-minh/130489878.htm
p47_s2_1774768261,Mazda CX-30 2023 Premium 2.0 AT - màu đỏ,CX-30,635.0,MAZDA CX30 2022 PREMIUM MÀU ĐỎ THỐNG SỐ XE • ODO : 9 VẠN • ĐỘNG CƠ : 2.0 • Đề nổ . Cửa nóc . Phanh tay điện tử . Auto hold . Nhớ ghế . Cốp điện . Cảnh báo điểm mù . Điều hoà tự động .. Cruise Control . Chống trơn trượt . Màn hình cam lùi .  : — BONAUTO SAU BIG C LONG BIÊN  SỐ 8 VŨ ĐỨC THẬN - PHƯỜNG VIỆT HƯNG - LONG BIÊN - HÀ NỘI,90000,Có,Thái Lan,Đã sử dụng,Bảo hành hãng,2023,Premium 2.0 AT,Tự động,Xăng,SUV / Cross over,Khác,N/A,N/A,N/A,N/A,N/A,N/A,N/A,N/A,> 1 tấn,> 2 tấn,car_p47_s2_1774768261,https://xe.chotot.com/mua-ban-oto-quan-long-bien-ha-noi/130475971.htm
p47_s3_1774768272,Mazda CX-8 2023 Premium Vàng cát Chính chủ,CX-8,935.0,"Mazda CX-8 Premium sản xuất tháng 08/2023 màu vàng cát.  - Xe đi 20.500 km, bảo dưỡng hãng đầy đủ.  - Nội thất da Nappa mới, đã gắn áp suất lốp.  - Xe một chủ giữ gìn cẩn thận, không đâm đụng, không ngập nước.  - Xe tại Quận Bình Thạnh, TP.HCM.",20500,Có,Việt Nam,Đã sử dụng,Bảo hành hãng,2023,Premium,Tự động,Xăng,SUV / Cross over,7,N/A,N/A,N/A,N/A,N/A,N/A,N/A,N/A,> 1 tấn,> 2 tấn,car_p47_s3_1774768272,https://xe.chotot.com/mua-ban-oto-quan-binh-thanh-tp-ho-chi-minh/130499163.htm
p47_s4_1774768282,Mazda CX 3 2023 1.5 Deluxe - 25000 km,Mazda 3,500.0,"➖Mazda CX3 Deluxe sản xuất 2023 nhập khẩu Xe chạy chuẩn hơn 2v km full lịch sử bảo dưỡng hang  Đăng ký tư nhân 1 chủ từ mới  Lốp theo xe cả dàn, sơ cua chưa 1 lần chạm đất  Xe cam kết bao check test bất cứ idol nào",25000,N/A,Đang cập nhật,Đã sử dụng,Bảo hành hãng,2023,1.5 Deluxe,Tự động,Xăng,SUV / Cross over,5,FWD,110 HP @ 6000,144 Nm @ 4000,1.496,6.1,6,155,5,> 1 tấn,> 2 tấn,car_p47_s4_1774768282,https://xe.chotot.com/mua-ban-oto-huyen-dong-anh-ha-noi/130530422.htm
p47_s5_1774768293,Mazda 3 2016 1.5 AT full đồ chơi,Mazda 3,355.0,"e cần bán mazda 3 2016 xe đẹp ko lỗi máy số zin keo chỉ zin xe đã lên full cam 360 màn zettech xịn vô lăng cabon,,led nội thất..ghế điện 2 bên..đèn trước sau full led.. pô on off nổ cực tê..mâm lốp thể thao  xe chính chủ bao uỷ quyền cho ae hoặc rút hồ sơ luôn đều được..",730000,N/A,Việt Nam,Đã sử dụng,Bảo hành hãng,2016,1.5 AT Sedan,Tự động,Xăng,Sedan,5,FWD,112 HP @6000 RPM,144 Nm @4000 RPM,1.5,5,2,160,4,> 1 tấn,> 2 tấn,car_p47_s5_1774768293,https://xe.chotot.com/mua-ban-oto-thanh-pho-buon-ma-thuot-dak-lak/130391439.htm
p47_s6_1774768304,cx5-2017 bản full 2.5 chính chủ 2 cầu,CX-5,495.0,"e bán chiếc xe chính chủ cx5-2017 phanh tay điện tử Awd bản 2.5 full kịch. xe nguyên bản,check tét thoải mái.xe chính chủ liên hệ trực tiếp ạ.",85000,Có,Đang cập nhật,Đã sử dụng,Bảo hành hãng,2017,N/A,Tự động,Xăng,N/A,N/A,N/A,N/A,N/A,N/A,N/A,N/A,N/A,N/A,> 1 tấn,> 2 tấn,car_p47_s6_1774768304,https://xe.chotot.com/mua-ban-oto-quan-bac-tu-liem-ha-noi/130318181.htm
p47_s7_1774768314,Mazda 3 2019 mẫu mới sport 1 chủ cực đẹp giá rẻ,Mazda 3,455.0,"Bán nhanh xe Mazda 3 2019 mẫu mới sport full cao cấp 1 chủ cực đẹp zin, xe 1 chủ cực chất nguyên zin như hãng , keo chỉ máy số zin  Dòng xe 5 chỗ cao cấp sang trọng cho mọi gia đình, Full chức năng , bảo dưỡng tốt nên gầm máy số đi cực kỳ êm sướng nhẹ bốc như mới Giá dân sử dụng như lái buôn ưu tiên bà con sử dụng Có trao đổi các loại xe khác  Hồ sơ cầm tay nhập tên chính chủ ngay nhanh gọn  Ai cần alô trực tiếp không nhắn tin  Bao tét hãng thợ thầy các kiểu Giấy tờ chính chủ ký giao dịch ngay",65258,N/A,Việt Nam,Đã sử dụng,Bảo hành hãng,2019,Sport 1.5L Luxury,Tự động,Xăng,Hatchback,5,N/A,N/A,N/A,N/A,N/A,N/A,N/A,5,> 1 tấn,> 2 tấn,car_p47_s7_1774768314,https://xe.chotot.com/mua-ban-oto-thanh-pho-thuan-an-binh-duong/130099411.htm
p47_s8_1774768326,Mazda 3 Sport Premium 2020 Đỏ,Mazda 3,533.0,"Nam Dương Auto vừa về Mazda 3 Sport Premium. Xe sản xuất 2020. Xe có va chạm hông sau bên phải, cốp sau ảnh hưởng 40cm keo chỉ, thay kính chắn gió chính hãng. Không thuỷ kích, ngập nước, động cơ hộp số nguyên zin, bảo dưỡng định kỳ. Khi mua sắm tại Công Ty CP Ô tô Nam Dương, Quý Khách sẽ được những quyền lợi đặc biệt sau: - Thông báo trung thực, chi tiết tình trạng, chất lượng của xe. Quý khách được ký hợp đồng với công ty để việc cam kết đúng quy định và được pháp luật bảo vệ quyền lợi. - Không cần đặt cọc, quý khách được mang xe đi check/ test bất kỳ đâu nếu ưng mới thanh toán, ký hợp đồng. - Ký hợp đồng bảo hành xe tuỳ từng xe từ 06-36 tháng. - Tặng gói bảo dưỡng xe nên quý khách sẽ không tốn thêm chi phí nào khác khi mua sắm tại Nam Dương Auto. - Kiểm tra định kỳ miễn phí và thay dầu miễn phí 1 năm. - Hỗ trợ trả góp với lãi suất thấp, nhanh gọn - Check xe và định giá miễn miễn phí cho khách hàng có nhu cầu bán hoặc đổi xe - Nhận xử lý phạt nguội, sang tên, thay thế phụ tùng Và rất nhiều chính sách hậu mãi cực kỳ tuyệt vời khác. Quý Khách vui lòng gọi điện tới Hotline hoặc qua showroom để nghe tư vấn miễn phí.",84119,N/A,Đang cập nhật,Đã sử dụng,Bảo hành hãng,2020,Sport 1.5L Premium,Tự động,Xăng,Hatchback,5,N/A,N/A,N/A,N/A,N/A,N/A,N/A,5,> 1 tấn,> 2 tấn,car_p47_s8_1774768326,https://xe.chotot.com/mua-ban-oto-quan-bac-tu-liem-ha-noi/130250498.htm
p47_s9_1774768338,Mazda 626 mới kiểm giá rẻ có đổi xe,Mazda 6,39.5,"Mazda 626 nhập Nhật 97 Máy số êm, lạnh sâu Màn hình camera de, âm thanh đầy đủ Nội ngoại thất sạch đẹp Xe mới kiểm 06/26, bảo hiểm mới Bán nhanh giá rẻ, có giao xe trong vòng 200km Mua bán bao tranh chấp toàn quốc Xin gọi hoặc nt Hải 🤩🤩🤩 Mua bán trao đổi mọi loại xe",150000,Có,Nhật Bản,Đã sử dụng,Bảo hành hãng,1997,N/A,Số sàn,Xăng,Sedan,5,N/A,N/A,N/A,N/A,N/A,N/A,N/A,N/A,> 1 tấn,> 2 tấn,car_p47_s9_1774768338,https://xe.chotot.com/mua-ban-oto-quan-cai-rang-can-tho/130007561.htm
p47_s10_1774768348,Mazda 3 2022 1.5L Luxury,Mazda 3,535.0,"MAZDA 3 1.5L Luxury sx 2022 xanh canvansite, tên tư nhân 1 chủ, lốp theo xe cả dàn, sơ cua chưa hạ, ghế da trải sàn, fim 3M, ghế điện nhớ 2 vị trí, điều hoà auto 2 vùng độc lập, phanh tay điện tử, gẩy số thể thao, tích hợp volang, ga tự động, full 2 chìa smarkey.   “Chẳng có gì là tự nhiên rẻ. Đã rẻ thì không có xe đẹp, đã đẹp thì không có rẻ” ⭐️5 TIÊU CHÍ VÀNG Tại VĨNH CƯỜNG AUTO 1.Xe không bị tai nạn. 2.Xe không đại tu động cơ và hộp số. 3.Xe không bị thuỷ kích. 4.Xe không bị phạt nguội. 5.Giấy tờ theo xe hợp lệ,đủ điều kiện mua, bán, sang tên. ⭐️HOÀN TIỀN NẾU SAI 5 TIÊU CHÍ VÀNG 👉Hỗ trợ Bank lên tới 75%. 👉Rút hồ sơ miễn phí.",47000,Có,Việt Nam,Đã sử dụng,Bảo hành hãng,2022,1.5L Luxury,Tự động,Xăng,Sedan,Khác,N/A,N/A,N/A,N/A,N/A,N/A,N/A,N/A,> 1 tấn,> 2 tấn,car_p47_s10_1774768348,https://xe.chotot.com/mua-ban-oto-huyen-soc-son-ha-noi/130136591.htm
p47_s11_1774768361,Mazda 3 sx 218,Mazda 3,424.0,"Tôi cần bán xe 1 chủ gốc HN từ mới , xe đưpj cam kết nguyên bản . Ai càn lh trực tiếp cho tôi theo sđt trên . Cảm ơn",12,N/A,Việt Nam,Đã sử dụng,Bảo hành hãng,2018,1.5 CVT,Tự động,Xăng,Sedan,5,FWD,118 HP @6600 RPM,145 Nm @4600 RPM,1.5,5.8,2,135,4,> 1 tấn,> 2 tấn,car_p47_s11_1774768361,https://xe.chotot.com/mua-ban-oto-quan-nam-tu-liem-ha-noi/130005726.htm
p47_s12_1774768372,"bán mazda3 2017 fl chính chủ, không bớt, không bơt",Mazda 3,370.0,"Đổi xe nên cần bán mazda3 sản xuất 2017 lăn bánh 2018, xe chính chủ chạy đi học hàng ngày, xe zin 98% do nước sơn có trầy ít. Dòng xe có cửa sổ trời thắng tay điện tử, có trang bị thêm đèn biled, lót sàn, gập gương tự động lên kính, dán cách âm cách nhiệt, xe vừa mới bảo dưỡng hết 10tr",90000,N/A,Đang cập nhật,Đã sử dụng,Bảo hành hãng,2017,N/A,Tự động,Xăng,N/A,N/A,N/A,N/A,N/A,N/A,N/A,N/A,N/A,N/A,> 1 tấn,> 2 tấn,car_p47_s12_1774768372,https://xe.chotot.com/mua-ban-oto-quan-binh-thuy-can-tho/130044792.htm
p47_s13_1774768383,Mazda CX5 2.0 AT Deluxe 2021 Màu Trắng,CX-5,669.0,"Tiếp tục về hàng hot: Mazda CX5 2.0 AT Deluxe sx 2021 - xe 1 chủ từ mới biển Hà Nội, odo 5 vạn km zin, nội ngoại thất nét căng, lốp vẫn còn theo xe sơ cua chưa hạ. - cam kết chất lượng xe bằng văn bản, check test đâu cũng được. Giá 669 tr. Đc: Nghĩa Đô, Hà Nội.",50000,N/A,Việt Nam,Đã sử dụng,Bảo hành hãng,2021,Deluxe 2.0 AT,Tự động,Xăng,SUV / Cross over,Khác,N/A,N/A,N/A,N/A,N/A,N/A,N/A,N/A,> 1 tấn,> 2 tấn,car_p47_s13_1774768383,https://xe.chotot.com/mua-ban-oto-quan-cau-giay-ha-noi/130402307.htm
p47_s14_1774768393,Mazda CX-5 2.0AT Deluxe 2024,CX-5,690.0,"🔥 BÁN MAZDA CX-5 2.0AT DELUXE 2024 1 CHỦ – MÀU ĐỎ PHA LÊ CỰC ĐẸP 🔥  📌 Hãng xe: Mazda CX-5 📌 Phiên bản: 2.0AT Deluxe 📌 Năm sản xuất: 2024 📌 Màu: Đỏ pha lê – nhìn ngoài cực sang 📌 Hộp số: Tự động 📌 Tình trạng: Xe đẹp như mới, sử dụng rất giữ gìn  ✨ Trang bị nổi bật: ✔️ Động cơ 2.0 SkyActiv mạnh mẽ, tiết kiệm nhiên liệu ✔️ Màn hình giải trí, camera lùi, cảm biến hỗ trợ đỗ xe ✔️ Ghế da, cốp điện, vô lăng tích hợp phím điều khiển ✔️ Điều hoà tự động, khởi động nút bấm ✔️ Cân bằng điện tử, hỗ trợ khởi hành ngang dốc  ✅ Xe đi gia đình, nội ngoại thất cực đẹp ✅ Máy số zin, gầm bệ chắc chắn ✅ Bao check test đâm đụng ngập nước thuỷ kích bổ máy, hồ sơ pháp lý đầy đủ  💰 Giá: 6xx do xe có móp gò phần đầu ca bô, sắt si cột kèo đinh tán nguyên bản  👉 Anh em quan tâm inbox hoặc gọi trực tiếp để xem xe và lái thử! Odo : 36.000km Giá : 690tr",36000,Có,Việt Nam,Đã sử dụng,Bảo hành hãng,2024,Deluxe 2.0 AT,Tự động,Xăng,SUV / Cross over,5,N/A,N/A,N/A,N/A,N/A,N/A,N/A,N/A,> 1 tấn,> 2 tấn,car_p47_s14_1774768393,https://xe.chotot.com/mua-ban-oto-quan-thanh-xuan-ha-noi/130376225.htm
p47_s15_1774768406,Mazda 3 1.5L Hatchback 2019 Đi 26.000km Cực Đẹp,Mazda 3,485.0,"*** Mazda 3 1.5L FL Hatchback 2019 *** + Động cơ xăng 1.5L, Phiên bản Sport Premium Hatchback + Sản xuất 2019, Màu đỏ Pha Lê. + Xe cá nhân đứng tên, 1 Chủ từ đầu, Biển TP.HCM + Odo: 26.000km ( Sai tặng xe) + Giá: 485.000.000 ( Bớt lộc khi khách hàng đến xem xe trực tiếp). + Option: Film cách nhiệt cao cấp, Lót sàn, Màn hình cảm ứng - Camera de - Camera hành trình, Cửa sổ trời, Nút đề Startop Chìa khóa thông minh,....... + Thủ tục sang tên đổi chủ nhanh gọn. + Hỗ trợ trả góp lên đến 70% giá trị xe. + Cam kết: KHÔNG ĐÂM ĐỤNG – KHÔNG NGẬP NƯỚC – ODO ZIN ----------------------------------------------------------- +++ AUTO PHÚ MỸ HƯNG 419 Đào Trí, Phường Phú Thuận, Quận 7, TP.HCM",26000,Có,Việt Nam,Đã sử dụng,Bảo hành hãng,2019,1.5L Sport Premium,Tự động,Xăng,Hatchback,5,N/A,N/A,N/A,N/A,N/A,N/A,N/A,N/A,> 1 tấn,> 2 tấn,car_p47_s15_1774768406,https://xe.chotot.com/mua-ban-oto-quan-7-tp-ho-chi-minh/130510557.htm
p47_s16_1774768418,Mazda 3 2025 1.5L Luxury - 2000 km Siêu mới,Mazda 3,640.0,"Mazda 3 1.5 Sedan Luxury sx và đki 2025 đklđ 17/11/2025  💫Đăng kí tên tư nhân 1 chủ từ mới  💫Odo : 2000km sai 1 mét đốt xe  💫Full lịch sử bảo dưỡng hãng 💫Trang bị : Start/Stop , Ghế lái chỉnh điện nhớ vị trí kết hợp gương chiếu hậu chỉnh điện, gập điện, nhớ vị trí,..., Động cơ 1.5L kèm hộp số tự động 6 cấp, lẫy chuyển số trên vô lăng ,chế độ lái Sport . Màn hình 8.8 inch tích hợp camera lùi , 8 loa 7 túi khi",2000,N/A,Việt Nam,Đã sử dụng,Bảo hành hãng,2025,1.5L Luxury,Tự động,Xăng,Hatchback,Khác,N/A,N/A,N/A,N/A,N/A,N/A,N/A,N/A,> 1 tấn,> 2 tấn,car_p47_s16_1774768418,https://xe.chotot.com/mua-ban-oto-quan-cau-giay-ha-noi/130477221.htm
p47_s17_1774768430,Mazda CX 5 2025 Premium 2.0 AT - 4000 km,Mazda Other,850.0,"MAZDA CX5 2025 PREMIUM ACTIVE chạy 4000km, màu đỏ, model mới nhất cửa nóc... full lich sử bảo dưỡng hãng lốp theo xe cả dàn sơ cua chưa hạ, phiên bản Premium với gói an toàn Sky của Mazda như cảnh báo va chạm, …. Chìa khoá thông minh, cốp điện, điểm mù. Thiếu cái hộp là thành xe mới. Còn nguyên bảo hành hãng. CHỈ BÀN VỀ GIÁ!  THU AE 840 TR CHÀO 855 Gt @All",4000,N/A,Việt Nam,Đã sử dụng,Bảo hành hãng,2025,Premium 2.0 AT,Tự động,Xăng,SUV / Cross over,Khác,N/A,N/A,N/A,N/A,N/A,N/A,N/A,N/A,> 1 tấn,> 2 tấn,car_p47_s17_1774768430,https://xe.chotot.com/mua-ban-oto-quan-cau-giay-ha-noi/130416817.htm
p47_s18_1774768444,Mazda 6 2.0 Premium 2023 (Full TCCC),Mazda 6,719.0,"Mazda 6 2.0 Premium 2023 – Full TCCC – Giá 750 triệu  Mazda 6 2.0 Premium 2023 (Full TCCC), odo 24.000km, màu đỏ Soul Red, nội thất cao cấp. Xe 1 chủ sử dụng, bảo dưỡng định kỳ, không đâm đụng – không ngập nước – không tua km.  Trang bị nổi bật: – Gói an toàn i-Activsense (radar) – Ga tự động thích ứng, cảnh báo & hỗ trợ giữ làn – HUD kính lái – Ghế da chỉnh điện nhớ ghế – Phanh tay điện tử, Auto Hold – Màn hình giải trí hỗ trợ Apple CarPlay / Android Auto  Xe nguyên bản, máy móc – khung gầm zin. Bao check test, giấy tờ đầy đủ, sang tên nhanh.",24000,Có,Việt Nam,Đã sử dụng,Bảo hành hãng,2023,Premium 2.0 AT,Tự động,Xăng,Sedan,Khác,N/A,N/A,N/A,N/A,N/A,N/A,N/A,N/A,> 1 tấn,> 2 tấn,car_p47_s18_1774768444,https://xe.chotot.com/mua-ban-oto-quan-8-tp-ho-chi-minh/130453834.htm
p47_s19_1774768455,Mazda 6 2021 2.0 Premium (Full TCCC),Mazda 6,620.0,"Mazda 6 2.0 Premium 2021, màu xanh, odo 65.000km. Xe full gói an toàn TCCC (i-Activsense), 1 chủ sử dụng, bảo dưỡng đầy đủ. Trang bị HUD, ghế da chỉnh điện nhớ ghế, phanh tay điện tử Auto Hold, màn hình CarPlay/Android Auto. Xe nguyên bản, không đâm đụng, không ngập nước. Bao check test, sang tên nhanh.",65000,Có,Việt Nam,Đã sử dụng,Bảo hành hãng,2021,2.0 Premium GTCCC,Tự động,Xăng,Sedan,Khác,N/A,N/A,N/A,N/A,N/A,N/A,N/A,N/A,> 1 tấn,> 2 tấn,car_p47_s19_1774768455,https://xe.chotot.com/mua-ban-quan-8-tp-ho-chi-minh/130455210.htm
p48_s0_1774768479,Mazda 6 đăng kí 2015 Xăng Tự động Đen,Mazda 6,350.0,"✨ Sedan hạng D – Sang trọng, đầm chắc, bền bỉ 🔹 Năm sản xuất: 2014 🔹 Động cơ: 2.0 xăng 🔹 Hộp số: Tự động    •   Máy móc – hộp số hoạt động êm ái, ổn định    •   Khung gầm chắc chắn, vận hành đầm    •   Nội ngoại thất giữ gìn, Ghế da zin theo xe. Điều hòa mát sâu, đầy đủ tiện nghi. Xe không ngập nước, không tai nạn",140000,N/A,Đang cập nhật,Đã sử dụng,Bảo hành hãng,2014,2.0 AT,Tự động,Xăng,Sedan,5,FWD,153 Hp @6000 RPM,210 Nm @4000 RPM,2,N/A,2,165,4,> 1 tấn,> 2 tấn,car_p48_s0_1774768479,https://xe.chotot.com/mua-ban-oto-quan-hai-ba-trung-ha-noi/130407366.htm
p48_s1_1774768491,Mazda CX 5 2016 2.5 AT AWD - 78000 km,Mazda Other,470.0,"Auto Ngọc Lân địa chỉ : Ngã Ba Ngoài , Ninh Hoà , Khánh Hoà Mới về em Mazda Cx5 đời 2016 , 1 chủ mua mới  Odo 7 vạn nội thất nguyên bản theo xe  Cam kết keo chỉ máy số rin , không đâm đụng hay thuỷ kích  Xe đã lên màn hình , lốp sơ cua chưa hạ chủ xe giữ kỹ nên xe còn rất đẹp mời quý khách hàng đến xem xe để cảm nhận 🥰 Bao kí rút hồ sơ , hỗ trợ sang tên bấm biển số mới Alo e Vững *** để được giá tốt Trân trọng !!!",78000,N/A,Việt Nam,Đã sử dụng,Bảo hành hãng,2016,2.5 AT AWD,Tự động,Xăng,SUV / Cross over,5,AWD,185 HP @5700 RPM,250Nm @3200 RPM,2.5,6.8,2,N/A,5,> 1 tấn,> 2 tấn,car_p48_s1_1774768491,https://xe.chotot.com/mua-ban-oto-thi-xa-ninh-hoa-khanh-hoa/130418517.htm
p48_s2_1774768503,Mazda 3 2010 - 75000 km,Mazda 3,250.0,"bán mazda 3 nhập khẩu 2010 mẫu mới thể thao, màu tím khoai môn cực đẹp , xe rin hết máy số khung gầm zin tiếp khách thiện chi",75000,N/A,Đài Loan,Đã sử dụng,Bảo hành hãng,2010,N/A,Tự động,Xăng,N/A,5,N/A,N/A,N/A,N/A,N/A,N/A,N/A,N/A,> 1 tấn,> 2 tấn,car_p48_s2_1774768503,https://xe.chotot.com/mua-ban-oto-quan-cam-le-da-nang/130493824.htm
p48_s3_1774768517,Mazda 3 2025 1.5L Luxury - 6400 km,Mazda 3,615.0,"_ Ông hoàng trong phân khúc có doanh số bán *** phân khúc C 𝐌𝐚𝐳𝐝𝐚 𝟑 𝟐𝟎𝟐𝟓 𝐋𝐮𝐱𝐮𝐫𝐲 siêu lướt . Xe mới đăng ký 2 tháng . Lăn bánh chuẩn 6.400km . Nội - ngoại thất - lốp còn nguyên rin 100% theo xe . Tiết kiệm gần 100tr so vs xe mới . TT 170tr nhận xe . Thời hạn vay 8 năm . Lãi suất 7,65%|năm . Gốc 4tr6 . Lãi 2tr8 . Tháng góp 7tr400k . 🍀 Option : Thiết kế ngôn ngữ kodo sang trọng , lịch lãm , động cơ Skyactive thế hệ mới đi kèm hộp số 6 cấp bền bỉ - tiết kiệm nhiên liệu *** phân khúc , hệ thống chiếu sáng tự động bật tắt , chìa khoá thông minh , khởi động xe bằng nút bấm Start Stop , nội thất bọc da , phanh tay điện tử , dừng xe tự động Auto Hold , xe có 2 chế độ lái , màn hình trung tâm 10 inch kết nối Apple Carplay - Androi Auto , điều hoà 2 vùng độc lập , hệ thống an toàn 6 túi khí , camera lùi , cảm biến va chạm sau , phanh điện tử ABS ,... 💥 𝐊𝐡𝐨𝐚 𝐂𝐡𝐮̛𝐨̛𝐧𝐠 𝐀𝐮𝐭𝐨 "" Đẳng cấp xe lướt"" 🔹 Bên em chuyên trao đổi ô tô đã qua sử dụng , xe ô tô đời mới (lướt) 🔹 Bảo hành khi mua xe tại showroom lên đến 2 năm  🔹 Hổ trợ vay ngân hàng lãi suất thấp - thủ tục nhanh gọn .𝐃𝐮𝐲𝐞̣̂𝐭 𝐡𝐨̂̀ 𝐬𝐨̛ 𝐯𝐚𝐲 𝐭𝐫𝐨𝐧𝐠 𝐯𝐨̀𝐧𝐠 𝟓 𝐏𝐡𝐮́𝐭 . Không cần chứng minh thu nhập. 🔹 Nói không với xe đâm đụng - ngập nước tại showroom KC Auto. 🔹 Hoàn trả 100% tiền nếu phát hiện lỗi ở toàn quốc .  🔸 Hổ trợ vay ngân hàng đối với khách hàng bị nợ xấu lãi suất tốt . 🌍 Địa chỉ : 38-40 Nguyễn Phước Lan - TP Đà Nẵng",6400,Có,Việt Nam,Đã sử dụng,Bảo hành hãng,2025,1.5L Luxury,Tự động,Xăng,Sedan,5,N/A,N/A,N/A,N/A,N/A,N/A,N/A,N/A,> 1 tấn,> 2 tấn,car_p48_s3_1774768517,https://xe.chotot.com/mua-ban-oto-quan-cam-le-da-nang/130279410.htm
p48_s4_1774768528,Mazda 3 1.5 Luxury 2024 Đỏ,Mazda 3,595.0,"Mazda 3 Luxury 1.5 đỏ pha lê - Sx 2024 - Odo 3,1 v km, xe đẹp nguyên bản nội ngoại thất như mới. - Xe bán có cam kết chất lượng bằng văn bản, check test theo chỉ định khách hàng. - Có trao đổi xe có hỗ trợ trả góp 50-70 % giá trị xe. - Khách hàng thiện trí hỗ trợ giá tốt. Giá 595 tr. Đc: Nghĩa Đô, Hà Nội.",31023,N/A,Đang cập nhật,Đã sử dụng,Bảo hành hãng,2024,1.5L Luxury,Tự động,Xăng,Hatchback,Khác,N/A,N/A,N/A,N/A,N/A,N/A,N/A,N/A,> 1 tấn,> 2 tấn,car_p48_s4_1774768528,https://xe.chotot.com/mua-ban-oto-quan-cau-giay-ha-noi/130315610.htm
p48_s5_1774768540,2019 - 50000 km,Mazda Other,599.0,"CX5 2.0 2019 form mới xăng số tự động , trên 5 vạn zin, 599trđ.  Lh: *** trao đổi kĩ thông tin và xem xe tại 1197 Giải phóng - Hoàng Mai - Hà Nội  #CX5 #mazda",50000,N/A,Việt Nam,Đã sử dụng,Bảo hành hãng,2019,N/A,Tự động,Xăng,SUV / Cross over,5,N/A,N/A,N/A,N/A,N/A,N/A,N/A,N/A,> 1 tấn,> 2 tấn,car_p48_s5_1774768540,https://xe.chotot.com/mua-ban-oto-quan-hoang-mai-ha-noi/130395420.htm
p48_s6_1774768551,Mazda 2 2016 1.5AT Sport Hatchback - 65000 km,Mazda 2,290.0,"Mazda 2 Sport , màu vàng cát, kiểu dáng hatchback rất trẻ trung, năng động.   - Biển số SG gốc 1 chủ, - Xe nhỏ gọn, dễ di chuyển trong phố.- Tiết kiệm nhiên liệu, vận hành ổn định. Máy 1.5 mazda cũng đủ mạnh khi đi đường trường.  - Đã đi 65 ngàn km (cam kết đúng km), Chú chủ xe l���� cb quân đội nên ít đi vì toàn đi xe cơ quan. - Máy số bao zin, không tai nạn hay ngập. Đã đại bảo dưỡng ở 60k (Thay 4 phuộc mới, các cao su chân máy, rotuyen càng…) Xe về chỉ đổ xăng đi không cần suy nghĩ. - Bản sport nên Option cũng nhiều, đèn led sáng, nội thất da zin đẹp. - Giá bán 3xxtr có TL ít, chỉ bán cho ngừoi dùng, (Xem xe tại p15 GV địa chỉ khớp Cavet nên an tâm nha).",65000,N/A,Việt Nam,Đã sử dụng,Bảo hành hãng,2016,1.5 AT Hatchback,Tự động,Xăng,Hatchback,5,FWD,109 HP @6000 RPM,141 Nm @4000 RPM,1.5,5,N/A,N/A,5,> 1 tấn,> 2 tấn,car_p48_s6_1774768551,https://xe.chotot.com/mua-ban-oto-quan-go-vap-tp-ho-chi-minh/130154778.htm
p48_s7_1774768563,Mazda 3 2025 Luxury siêu lướt 4000km 1 chủ,Mazda 3,615.0,"🔥🚙 Mazda 3 Luxury 2025 – Siêu lướt 4.000km, đẹp như mới  🚗 Thông tin xe: . Phiên bản: Mazda 3 Luxury 2025 . Màu ngoại thất: Xanh . Nội thất: Đen . Odo: 4.000 km (xe gần như mới) . Giá bán: 6xx triệu  ✨ Điểm nổi bật: . Thiết kế trẻ trung, thể thao, chuẩn gu xe đô thị . Nội thất sang trọng, cách âm tốt, cảm giác lái mượt . Động cơ tiết kiệm nhiên liệu, chi phí sử dụng thấp . Xe còn mới tinh, mua về chạy ngay không cần làm gì thêm  📞 Liên hệ: *** 📍 Xe sẵn – xem xe trực tiếp, hỗ trợ sang tên nhanh gọn  #Mazda3 #Mazda3Luxury #Mazda3_2025 #XeLuot #SedanHangC #XeGiaDinh #BanXeCu #OtoCuChatLuong",4000,Có,Việt Nam,Đã sử dụng,Bảo hành hãng,2025,1.5L Luxury,Tự động,Xăng,Sedan,5,N/A,N/A,N/A,N/A,N/A,N/A,N/A,N/A,> 1 tấn,> 2 tấn,car_p48_s7_1774768563,https://xe.chotot.com/mua-ban-oto-quan-go-vap-tp-ho-chi-minh/130272107.htm
p48_s8_1774768577,Siêu Lướt Mazda 3 Luxury 2025 Trắng 2000 km,Mazda 3,628.0,"Siêu lướt Mazda3 1.5 Luxury - 2025 Màu : Trắng Odo: 2000 km  Giá : 628 triệu thương lượng Trang bị: Lót thảm sàn da, Flim cách nhiệt, Camera hành trình, BHTV  Tình trạng xe : Xe 1 chủ mua mới, 2 chìa khoá zin theo xe, Sơn zin 99% , Keo chỉ zin 100% Cam kết: Không đâm đụng ảnh hưởng đến khung xương xe, Không ngập nước, Máy móc nguyên bản, pháp lý rỏ ràng Check thoải mái theo đơn vị thứ 3 Xem Xe Thảo Điền, Q2 cũ",1888,Có,Đang cập nhật,Đã sử dụng,Bảo hành hãng,2025,1.5L Luxury,Tự động,Xăng,Hatchback,Khác,N/A,N/A,N/A,N/A,N/A,N/A,N/A,N/A,> 1 tấn,> 2 tấn,car_p48_s8_1774768577,https://xe.chotot.com/mua-ban-oto-thanh-pho-thu-duc-tp-ho-chi-minh/130499955.htm
p48_s9_1774768593,Mazda 3 1.5L AT sedan Đỏ,Mazda 3,379.0,"Mazda 3 1.5L AT sedan Xe sử dụng cá nhân đúng 1 chủ từ đầu mới mua đến nay, ko đâm đụng ngập nước, xe có dặm tút do trầy xước, bảo dưỡng chính hãng suốt từ lúc mua mới, trang bị thêm film cách nhiệt, áp suất lốp vs cảnh váo điểm mù tích hợp màn hình, dán bảo về sơn PDf quý khqchd có nhu cầu mua xe vui lòng gọi trực tiếp ạh",114000,Có,Đang cập nhật,Đã sử dụng,Bảo hành hãng,2017,1.5 AT Sedan,Tự động,Xăng,Sedan,5,FWD,112 HP @6000 RPM,144 Nm @4000 RPM,1.5,5,2,160,4,> 1 tấn,> 2 tấn,car_p48_s9_1774768593,https://xe.chotot.com/mua-ban-oto-quan-12-tp-ho-chi-minh/130343288.htm
p48_s10_1774768606,Mazda CX-5 2024 Premium Exclusive,CX-5,855.0,🚘🚘 AUTO BÌNH VĨNH PHÚ 🚘🚘 💥💥 XE MỚI VỀ 💥💥 👉 Mazda CX-5 Premium Exclusive đăng ký tháng 12/2024 một chủ mua mới từ đầu chạy chuẩn 12 ngàn km full lịch sử bao test.  855 ☎️ *** BÌNH 79/13 KP ĐÔNG P VĨNH PHÚ-THUẬN AN BÌNH DƯƠNG,12000,Có,Việt Nam,Đã sử dụng,Bảo hành hãng,2024,Premium Exclusive 2.0 AT,Tự động,Xăng,SUV / Cross over,5,N/A,N/A,N/A,N/A,N/A,N/A,N/A,N/A,> 1 tấn,> 2 tấn,car_p48_s10_1774768606,https://xe.chotot.com/mua-ban-oto-thanh-pho-thu-duc-tp-ho-chi-minh/130368976.htm
p48_s11_1774768617,Mazda 3 Luxury màu Đỏ,Mazda 3,550.0,Tôi cần bán chiếc xe Mazda 320 24 ai có nhu cầu alô cho tôi nhé xe chính chủ tôi,30000,N/A,Việt Nam,Đã sử dụng,Bảo hành hãng,2024,N/A,Tự động,Xăng,N/A,5,N/A,N/A,N/A,N/A,N/A,N/A,N/A,N/A,> 1 tấn,> 2 tấn,car_p48_s11_1774768617,https://xe.chotot.com/mua-ban-oto-huyen-dong-anh-ha-noi/130293061.htm
p48_s12_1774768628,"Mazda BT 50 2017 2.2L 4x2 AT - 8v- siu cọp, hiếm",Mazda Other,368.8,"Bán tải Mazda BT50 số tự động – 1 chủ đập thùng Siu keng cọp   • Đăng ký lần đầu 2017 – biển Sài Gòn • 1 chủ từ đầu, xe còn zin, form cực đẹp • Màu xanh nhớt hiếm • Ae nhìn kỹ nắp thùng, gầm, máy, ốc tán bảy màu còn nguyên, trần còn keng → xe đẹp hiếm gặp  Trang bị thêm: • Màn hình Android • Vỏ zin hết date chủ thay 4 Michelin mới keng  📍 Xem xe: 1268 Kha Vạn Cân, Thủ Đức 🤝 Có giao lưu – trả góp đầy đủ  💰 Zá : 3xx (Chi tiết gọi trực tiếp cho nhanh) 📞 *** — Xe nhà dùng, để bán khách, không sang lái nha ae",80000,Có,Thái Lan,Đã sử dụng,Bảo hành hãng,2017,2.2L 4x2 AT,Tự động,Dầu,Pick-up (bán tải),Khác,N/A,N/A,N/A,N/A,N/A,N/A,N/A,N/A,> 1 tấn,> 2 tấn,car_p48_s12_1774768628,https://xe.chotot.com/mua-ban-oto-thanh-pho-thu-duc-tp-ho-chi-minh/130212982.htm
p48_s13_1774768642,Mazda 2 2022 1.5L AT Standard - 50000 km,Mazda 2,370.0,"🚘 Mazda2 , sx 2022 . Odo : 5v km . Xe tư nhân 1 chủ từ đầu , full lịch sử bảo dưỡng tại hãng . Bao check hãng toàn quốc . 💰 Giá : 395 tr 📍 Xem xe : hoà cường, đà nẵng 📞 *** (Hiếu) #madaz2 #Mazda2 #mazda22023",50000,N/A,Thái Lan,Đã sử dụng,Bảo hành hãng,2022,1.5L AT Standard,Tự động,Xăng,Sedan,5,FWD,110 HP @ 6000 RPM,144 Nm @ 4000 RPM,1.5,4.73,2,N/A,4,> 1 tấn,> 2 tấn,car_p48_s13_1774768642,https://xe.chotot.com/mua-ban-oto-quan-hai-chau-da-nang/129982235.htm
p48_s14_1774768653,Mazda 6 - 2015 - Odo chuẩn 4v6,Mazda 6,400.0,Mazda 6 sản xuất năm 2015  • Odo chuẩn 4v6 Trang bị:  • Loa Bose cao cấp  • Màn hình Android giải trí   • Xe không lỗi nhỏ  Cam kết 3 KHÔNG:  • Không đâm đụng  • Không ngập nước  • Không tua odo * BAO CHECK TEST MỌI NƠI  • tp Hồ Chí Minh  • Liên hệ xem xe và thương lượng giá,46272,Có,Việt Nam,Đã sử dụng,Bảo hành hãng,2015,2.5 AT,Tự động,Xăng,Sedan,5,FWD,185 HP @5700 RPM,250 Nm @3200 RPM,2.5,6.3,2,165,4,> 1 tấn,> 2 tấn,car_p48_s14_1774768653,https://xe.chotot.com/mua-ban-oto-huyen-hoc-mon-tp-ho-chi-minh/129087947.htm
p48_s15_1774768666,MAZDA 3 LUXURY 2025 1.999KM,Mazda 3,628.0,"Mazda 3 Luxury 2025 Trắng Đen Lướt 1.999Km (1 viên trên thị trường) - Tiết kiệm 50 Triệu so lấy mới tại hãng  💵 Hỗ trợ bank tuỳ theo mức thu nhập từ 60% - 70% 📝 Cam kết: Không đâm đụng, không ngập nước, odo chuẩn (Bao check)  📲 Liên hệ xem xe, báo giá & tình trạng xe thực tế 🏢 Xem xe tại Quận 2 HCM",1999,Có,Việt Nam,Đã sử dụng,Bảo hành hãng,2025,1.5L Luxury,Tự động,Xăng,Sedan,Khác,N/A,N/A,N/A,N/A,N/A,N/A,N/A,N/A,> 1 tấn,> 2 tấn,car_p48_s15_1774768666,https://xe.chotot.com/mua-ban-oto-quan-binh-tan-tp-ho-chi-minh/130290381.htm
p48_s16_1774768679,Mazda 3 1.5L premium 2023,Mazda 3,625.0,"#Mazda3 1.5L premium 2023 Dki cá nhân HN 1 chủ Odo 2v km zin full LS Mới kính koong zin cả xe Giá tk quanh 600 có TL Ht bank , bao check  Xem xe tại Long Biên , HN Xin cảm ơn ❤️❤️",20000,N/A,Việt Nam,Đã sử dụng,Bảo hành hãng,2023,1.5L Premium,Tự động,Xăng,Sedan,5,N/A,N/A,N/A,N/A,N/A,N/A,N/A,N/A,> 1 tấn,> 2 tấn,car_p48_s16_1774768679,https://xe.chotot.com/mua-ban-oto-quan-long-bien-ha-noi/130073568.htm
p48_s17_1774768690,Mazda CX8 Premium 2020 - 37000km xuất hoá đơn,CX-8,759.0,"🚘 MAZDA CX-8 PREMIUM 2020  🔹 Màu xám sang trọng 🔹 Odo: 37.000 km – xe gia đình đi kỹ 💰 Giá: 7xx triệu (thương lượng thiện chí)  ✨ TRANG BỊ NỔI BẬT: ✔️ Động cơ 2.5L SkyActiv – mạnh mẽ, tiết kiệm ✔️ Hộp số tự động 6 cấp, lẫy chuyển số vô lăng ✔️ Ghế da cao cấp, ghế lái chỉnh điện nhớ ghế ✔️ Màn hình trung tâm lớn, Apple CarPlay / Android Auto ✔️ Camera 360, cảm biến trước – sau ✔️ HUD kính lái hiển thị tốc độ ✔️ Gói an toàn i-Activsense:  • Cảnh báo điểm mù  • Hỗ trợ giữ làn  • Phanh khẩn cấp ✔️ Điều hòa 3 vùng độc lập – 7 chỗ rộng rãi  🛡️ CAM KẾT: ✔️ Không đâm đụng – không ngập nước ✔️ Máy số zin, odo chuẩn ✔️ Hồ sơ pháp lý rõ ràng ✔️ Bao test hãng / gara uy tín ✔️ Sang tên nhanh gọn  #MazdaCX8 #CX8Premium #SUV7Cho #XeGiaDinh #XeCuChatLuong #MazdaCu #XeDepGiaTot",37000,N/A,Việt Nam,Đã sử dụng,Bảo hành hãng,2020,Premium,Tự động,Xăng,SUV / Cross over,7,N/A,N/A,N/A,N/A,N/A,N/A,N/A,5,> 1 tấn,> 2 tấn,car_p48_s17_1774768690,https://xe.chotot.com/mua-ban-oto-quan-binh-tan-tp-ho-chi-minh/130533983.htm
p48_s18_1774768707,"Mazda 2 Sport 1.5AT, Vàng cát, đi ít, nguyên bản.",Mazda 2,289.0,"Xe đi cẩn thận nên đã bảo dưỡng nhiều thứ dưới gầm giá trị lên tới mấy chục triệu cách đây nửa năm. Số máy nguyên bản, chuẩn số odo 65 ngàn km, không ngập nước hay va đụng gì, keo chỉ kính zin. Chính chủ, 1 chủ sx 2016 bstp và chỉ bán cho ngừoi dùng. Giá tôt so với chất xe.",65050,Có,Việt Nam,Đã sử dụng,Bảo hành hãng,2016,1.5 AT Hatchback,Tự động,Xăng,Hatchback,5,FWD,109 HP @6000 RPM,141 Nm @4000 RPM,1.5,5,N/A,N/A,5,> 1 tấn,> 2 tấn,car_p48_s18_1774768707,https://xe.chotot.com/mua-ban-oto-quan-go-vap-tp-ho-chi-minh/130393311.htm
p48_s19_1774768720,"Mazda CX-8 2.5L Premium 2020 - 38,000km",CX-8,765.0,"Mazda CX-8 2.5L Premium 2020 màu xám, xe 7 chỗ rộng rãi, tiện nghi.   - ODO 38,000 km, xe đi ít, giữ gìn cẩn thận.   - Động cơ xăng, hộp số tự động mượt mà.   - Xe sẵn sàng lăn bánh. - Xe 1 chủ mua mới, 4 lốp mới thay date 2025 - Xe công ty XHD cao",38000,N/A,Đang cập nhật,Đã sử dụng,Bảo hành hãng,2020,Premium FWD,Tự động,Xăng,SUV / Cross over,7,N/A,N/A,N/A,N/A,N/A,N/A,N/A,5,> 1 tấn,> 2 tấn,car_p48_s19_1774768720,https://xe.chotot.com/mua-ban-quan-7-tp-ho-chi-minh/130501483.htm
p49_s0_1774768742,Mazda 3 2019 Xanh đen,Mazda 3,430.0,"Mazda 3 2019 màu xanh đen, xe 5 chỗ, động cơ xăng, số tự động.   - Thiết kế hiện đại, nội thất tiện nghi.   - Vận hành êm ái, tiết kiệm nhiên liệu.   - Xe 1 chủ từ khi mua, xem xe tại đình thôn Cam kết ko va đụng , chỉ xước sơn hàng năm sơn lại . Ko tual km .",150000,N/A,Đang cập nhật,Đã sử dụng,Bảo hành hãng,2019,1.5L Luxury,Tự động,Xăng,Sedan,5,N/A,N/A,N/A,N/A,N/A,N/A,N/A,4,> 1 tấn,> 2 tấn,car_p49_s0_1774768742,https://xe.chotot.com/mua-ban-oto-quan-nam-tu-liem-ha-noi/130440476.htm
p49_s1_1774768748,Mazda 3 2022 1.5L Luxury - 59000 km,Mazda 3,495.0,Bán hoặc đổi xe mazda 3 luxury 2022 tình trạng xe còn mới hỗ trợ rút hồ sơ ra tên hỗ trợ bank 70% ( xem xe ở buôn ma thuột),59000,N/A,Việt Nam,Đã sử dụng,Bảo hành hãng,2022,1.5L Luxury,Tự động,Xăng,Hatchback,Khác,N/A,N/A,N/A,N/A,N/A,N/A,N/A,N/A,> 1 tấn,> 2 tấn,car_p49_s1_1774768748,https://xe.chotot.com/mua-ban-oto-thanh-pho-buon-ma-thuot-dak-lak/128726647.htm
p49_s2_1774768759,Mazda CX 5 2017 2.5 AT 2WD - 75000 km,Mazda Other,540.0,"Cx5 2.5 1cầu sản xuất 2017 đăng ký T12/2017 tư nhân 1 chủ sử dụng từ mới,xe zin toàn bộ xe anh chị em thiện chí alo em ạ!",75000,N/A,Việt Nam,Đã sử dụng,Bảo hành hãng,2017,2.5 AT 2WD,Tự động,Xăng,SUV / Cross over,5,2WD,188 HP @5700 RPM,250Nm @3200 RPM,2.5,6.7,2,N/A,5,> 1 tấn,> 2 tấn,car_p49_s2_1774768759,https://xe.chotot.com/mua-ban-oto-quan-hoang-mai-ha-noi/130238371.htm
p49_s3_1774768773,MAZDA CX8 2.5 PREMIUM SX 2020 ODO 5 VẠN,CX-8,748.0,"THẾ GIỚI Ô TÔ về :   🚘 Mazda Cx8 Premium 1 cầu lướt 5 vạn km, sản xuất 2020 🔸Bảo dưỡng đầy đủ tại Hãng Mazda  🔸️Gói công nghệ an toàn cao cấp I -Activsense  .Động cơ xăng 2.5L, công suất tối đa 188 mã lực, mô men xoắn cực đại 251 Nm, hộp số tự động 6 cấp .Thế hệ sử dụng hệ thống điều hòa tự động 3 vùng độc lập .10 Loa Bose .Màn hình kết nối Bluetooth , AUX, USB, APPLE CARPLAY/ Android Auto  .Cảm biến trước sau , camera 360   💰: 748.000.000 đ  📍Hỗ trợ BANK - Kiểm tra xe bên đơn vị thứ 3   Cảm ơn Anh/chị đã đọc tin, vui lòng liên hệ để có thông tin chi tiết: ———————————————— SHOWROOM THẾ GIỚI Ô TÔ 🏠: 342- 344 PHẠM VĂN ĐỒNG F HẠNH THÔNG THÀNH PHỐ HỒ CHÍ MINH  ☎️Hotline: EM NINH - ***",50000,Có,Việt Nam,Đã sử dụng,Bảo hành hãng,2020,Premium,Tự động,Xăng,SUV / Cross over,7,N/A,N/A,N/A,N/A,N/A,N/A,N/A,5,> 1 tấn,> 2 tấn,car_p49_s3_1774768773,https://xe.chotot.com/mua-ban-oto-quan-go-vap-tp-ho-chi-minh/130495246.htm
p49_s4_1774768785,Mazda CX5 2025 2.0AT Premium Exclusive,CX-5,889.0,"Đang về Mazda Cx5 2.0AT Premium Exclusive 2025 Odo: 4800km -> sơn zin 100% - Xe bao đẹp bao check test tẹt ga tất cả mọi nơi - Cam kết nói không với xe đâm đụng, ngập nước - Hỗ trợ vay bank lên tới 70% LH Để Đc giá tốt",4800,N/A,Việt Nam,Đã sử dụng,Bảo hành hãng,2025,Premium Exclusive 2.0 AT,Tự động,Xăng,SUV / Cross over,Khác,N/A,N/A,N/A,N/A,N/A,N/A,N/A,N/A,> 1 tấn,> 2 tấn,car_p49_s4_1774768785,https://xe.chotot.com/mua-ban-oto-huyen-thanh-tri-ha-noi/130371815.htm
p49_s5_1774768798,Mazda CX5 2.5 Signature AWD . chỉ hơn 10 ngìn km,CX-5,876.0,"👌 Mazda … ( phiên bản đặt hàng rất it xe) 🚙 Cx5 2.5 signature 2 cầu full cao cấp. - sx cuối 23 DKld 2024. - chạy lướt hơn 10 ngìn klm ( chất xe như mới ạ) - full ls bảo dưỡng hãng-( sơn zin còn 99,99%) - Chất xe miển bàn ạ  - gia e bán 8xxtr còn bớt lọc ạ  ACE thiện chí alo ngay cho e ak để dc giá iu nhất 👌 lh 09e bình. Xem xe Q12.TP.HCM.",10000,Có,Việt Nam,Đã sử dụng,Bảo hành hãng,2024,Signature Exclusive 2.5 AT,Tự động,Xăng,SUV / Cross over,Khác,N/A,N/A,N/A,N/A,N/A,N/A,N/A,N/A,> 1 tấn,> 2 tấn,car_p49_s5_1774768798,https://xe.chotot.com/mua-ban-oto-quan-12-tp-ho-chi-minh/130416679.htm
p49_s6_1774768809,Mazda Cx8 2020 Premium 1 cầu odo 6 vạn,CX-8,748.0,"THẾ GIỚI Ô TÔ về :   🚘 Mazda Cx8 Premium 1 cầu lướt 6 vạn km, sản xuất 2020 🔹1 đời chủ sử dụng  🔸Bảo dưỡng đầy đủ tại Hãng Mazda khách làm thêm dán phim , phủ gầm, bệ bước, camera hành trình  🔸️Gói công nghệ an toàn cao cấp I -Activsense  .Động cơ xăng 2.5L, công suất tối đa 188 mã lực, mô men xoắn cực đại 251 Nm, hộp số tự động 6 cấp .Thế hệ sử dụng hệ thống điều hòa tự động 3 vùng độc lập .10 Loa Bose .Màn hình kết nối Bluetooth , AUX, USB, APPLE CARPLAY/ Android Auto  .Cảm biến trước sau , camera 360   💰: 748.000.000 đ  📍Hỗ trợ BANK - Kiểm tra xe bên đơn vị thứ 3   Cảm ơn Anh/chị đã đọc tin, vui lòng liên hệ để có thông tin chi tiết: ———————————————————— SHOWROOM THẾ GIỚI Ô TÔ 🏠: 342- 344 PHẠM VĂN ĐỒNG F HẠNH THÔNG THÀNH PHỐ HỒ CHÍ MINH  ☎️Hotline: EM NINH - ***",60000,N/A,Đang cập nhật,Đã sử dụng,Bảo hành hãng,2020,N/A,Tự động,Xăng,N/A,N/A,N/A,N/A,N/A,N/A,N/A,N/A,N/A,N/A,> 1 tấn,> 2 tấn,car_p49_s6_1774768809,https://xe.chotot.com/mua-ban-oto-quan-go-vap-tp-ho-chi-minh/130401617.htm
p49_s7_1774768820,Mazda 6 2018 2.0L Premium - 61 km,Mazda 6,460.0,Xe gia đình cần bán Mazda 6 bản 2.0 premium cao cấp.gia đình mua mới ít sử dụng .gầm máy còn 7 màu nội thất da zin theo xe còn như mới. Mới thay cặp vỏ đầu vỏ sao còn theo xe.vỏ dự phòng chư sử dụng.Sơn zin còn 80%.ACE có nhu cầu sử dụng ĐT trực tiếp TL xin cảm ơn.,61,N/A,Việt Nam,Đã sử dụng,Bảo hành hãng,2018,2.0L Premium,Tự động,Xăng,Sedan,5,FWD,153 HP @6000 RPM,200 Nm @4000 RPM,2,6,6,165,4,> 1 tấn,> 2 tấn,car_p49_s7_1774768820,https://xe.chotot.com/mua-ban-oto-huyen-cu-chi-tp-ho-chi-minh/130295907.htm
p49_s8_1774768832,Mazda 6 11/2017 2.0 Premium - 8v5 chuẩn 1 chủ,Mazda 6,475.0,Em bán Mazda 6 2.0 premium . Xe một chủ bssg .  Xe đẹp bảo dưỡng kĩ nội thất giữ gìn.  Đã vừa bảo dưỡng mốc 8v chính hãng mazda .  Cam kết km chuẩn không tua. Xe đẹp đã bảo dưỡng vỏ lốp new và trang bị film cách nhiệt + camera xịn. Khách thiện chí liên hệ trực tiếp xem xe thương lượng cho khách nhanh gọn. Cam kết odo chuẩnvà chất lượng xe đâm đụng tai nạn thuỷ kích bằng văn bản. bao rút hố sơ cho khách mua giao xe tận nơi KV Gần Miền Nam,85000,N/A,Việt Nam,Đã sử dụng,Bảo hành hãng,2017,2.0 Premium,Tự động,Xăng,Sedan,5,FWD,153 HP @6000 RPM,200 Nm @4000 RPM,2,6,2,165,4,> 1 tấn,> 2 tấn,car_p49_s8_1774768832,https://xe.chotot.com/mua-ban-oto-thanh-pho-thu-duc-tp-ho-chi-minh/130450831.htm
p49_s9_1774768842,M3 Đỏ Sporty 2017 đẹp như Hiếu Thứ Tư,Mazda Other,369.0,Mazda 3 Sporty 2017 full lịch sử hãng Odo chuẩn 104.000km không 1 lỗi nhỏ 369tr bao sang tên toàn quốc Sơn zin đẹp long lanh như Hiếu Thứ Tư Nhận trao đổi giao lưu lên đời tất cả các dòng Alo em nhanh để lấy xe về ***,104000,N/A,Đang cập nhật,Đã sử dụng,Bảo hành hãng,2017,N/A,Tự động,Xăng,N/A,N/A,N/A,N/A,N/A,N/A,N/A,N/A,N/A,N/A,> 1 tấn,> 2 tấn,car_p49_s9_1774768842,https://xe.chotot.com/mua-ban-oto-quan-12-tp-ho-chi-minh/130393552.htm
p49_s10_1774768853,Mazda Mazda3 2022 Deluxe xanh,Mazda 3,495.0,Mazda3 2022 deluxe  Xe chất zin nguyên Xe đi gia đình  Hỗ trợ bank 70%  AE mua yên tâm,80000,Có,Việt Nam,Đã sử dụng,Bảo hành hãng,2022,1.5L Deluxe,Tự động,Xăng,Sedan,5,FWD,110 HP @ 6000 RPM,146 Nm @ 3500 RPM,1.5,7.59,7,N/A,4,> 1 tấn,> 2 tấn,car_p49_s10_1774768853,https://xe.chotot.com/mua-ban-oto-quan-nam-tu-liem-ha-noi/130332524.htm
p49_s11_1774768865,Mazda CX 5 2025 Deluxe 2.0 AT,Mazda Other,709.0,"MAZDA CX5 ƯU ĐÃI GIẢM GIÁ CỰC SỐC CUỐI NĂM.  👉Cơ hội sở hữu New Mazda CX-5 nhận ngay ưu đãi cực hấp dẫn:  - Tặng BHVC xe. - Phim cách nhiệt Allumar. - Phụ kiện chính hãng: Lót sàn, Dù Mazda, Bộ đồ nghề ( túi cứu hộ, phản quang, đèn pin,...) - Hỗ Trợ bank ngân hàng 80-85% giá trị xe với mức lãi suất ưu đãi  - Bảo hành 5 năm hoặc 150.000Km ( tùy vào điều kiện đến trước )  👉 Mazda Cx5 gồm có các phiên bản: - New Mazda CX5 Deluxe: 709 Triệu đồng  - New Mazda CX5 Luxury: 754 Triệu đồng  - New Mazda CX5 Premium Active: 794 Triệu đồng  - New Mazda CX5 Premium Sport: 819 Triệu đồng  - New Mazda CX5 Premium Exclusive: 849 Triệu đồng  => Giá trên chưa bao gồm giá lăn bánh. Mọi thông tin chi tiết vui lòng liên hệ : *** ( Lộc Kia Mazda Hồ Chí Minh )  Zalo Liên hệ: ***",N/A,N/A,Việt Nam,Mới,Bảo hành hãng,2025,Deluxe 2.0 AT,Tự động,Xăng,SUV / Cross over,Khác,N/A,N/A,N/A,N/A,N/A,N/A,N/A,N/A,N/A,N/A,car_p49_s11_1774768865,https://xe.chotot.com/mua-ban-oto-thanh-pho-thu-duc-tp-ho-chi-minh/128591038.htm
p49_s12_1774768876,bán xe Mazda 3 2016 full cực đẹp bản full,Mazda 3,358.0,"Bán hoặc gluu xe Mazda 3 2016 cực đẹp đi đúng 7v km như mới,rất ít đi,máy móc nguyên zin siêu chất,keo chỉ zin cả xe ko va quệt bao h,mới thay 1 dàn lốp mít về chỉ việc đi luôn,giá 358tr ra lộc cho ae thiện chí call",70000,N/A,Việt Nam,Đã sử dụng,Bảo hành hãng,2016,1.5 AT Sedan,Tự động,Xăng,Sedan,5,FWD,112 HP @6000 RPM,144 Nm @4000 RPM,1.5,5,2,160,4,> 1 tấn,> 2 tấn,car_p49_s12_1774768876,https://xe.chotot.com/mua-ban-oto-quan-le-chan-hai-phong/130522878.htm
p49_s13_1774768886,Mazda BT 50 2017 - 80000 km siêu cọp,Mazda Other,378.0,"Bán Mazda BT-50 số tự động – sản xuất 2017 🚗 Xe đi 80.000 km, sử dụng kỹ ✨ Sơn zin còn rất đẹp, bóng loáng 🔧 Máy số zin nguyên bản, vận hành êm ái ❌ Cam kết không cấn đụng – không ngập nước 💰 Giá bán: 378 triệu",80000,N/A,Thái Lan,Đã sử dụng,Bảo hành hãng,2017,N/A,Tự động,Dầu,N/A,N/A,N/A,N/A,N/A,N/A,N/A,N/A,N/A,N/A,> 1 tấn,> 2 tấn,car_p49_s13_1774768886,https://xe.chotot.com/mua-ban-oto-quan-12-tp-ho-chi-minh/130377633.htm
p49_s14_1774768898,Mazda 3S AT sedan 12/2013,Mazda 3,268.0,"Mazda 3S AT sedan 12/2013  - động cơ 1.6 số tự động. - 1 chủ mua mới  - Full lịch sử hãng - 2 chìa khoá zin - Phân khúc C chạy đầm, cửa sổ trời, chi phí sửa chữa thâp - tình trạng xe máy số zin, keo chỉ.  - pháp lý chuẩn bao rút hồ sơ  Giá 280 tr xem xe",118000,Có,Đang cập nhật,Đã sử dụng,Bảo hành hãng,2013,S 1.6 AT Sedan,Tự động,Xăng,Sedan,5,FWD,103 HP @6000 RPM,147 Nm @4000 RPM,1.6,7.8,2,160,4,> 1 tấn,> 2 tấn,car_p49_s14_1774768898,https://xe.chotot.com/mua-ban-oto-quan-go-vap-tp-ho-chi-minh/130124474.htm
p49_s15_1774768908,Mazda 3 2020 Sport 1.5L Luxury - 80000 km,Mazda 3,500.0,"Mazda 3 1.5AT luxury SX 2020  Odo 80000km Chuẩn zin  Xe zin ko lỗi, máy số zin thuỷ kích zin  Ko tai nạn đâm đụng  ☎️ ***.",80000,N/A,Việt Nam,Đã sử dụng,Bảo hành hãng,2020,Sport 1.5L Luxury,Tự động,Xăng,Sedan,5,N/A,N/A,N/A,N/A,N/A,N/A,N/A,4,> 1 tấn,> 2 tấn,car_p49_s15_1774768908,https://xe.chotot.com/mua-ban-oto-quan-12-tp-ho-chi-minh/130193362.htm
p49_s16_1774768919,Mazda BT50 1.9L 4x2 AT 2021,BT-50,480.0,"Mazda BT-50 1.9 AT Sản xuất: 2021 Xuất xứ : Thái Lan Odo : KM Giá : 480 TR Trang bị : đàm thoại rảnh tay, ra lệnh bằng giọng nói, ga tự động cruise contro, màn hình giải trí kết nối bluetooth, hỗ trợ đổ đèo, cảm biến và camera lùi, camera hành trình......  ❌Cam kết❌ ✅Bao không ngập nước, không đâm đụng. ✅Bao rút hồ sơ gốc . Hỗ trợ sang tên ✅Bao quay đầu 1 năm 10% theo giá thị trường ✅Có dán tem bảo hành ở các vị trí xung yếu ✅Hỗ trợ vay ngân hàng lãi suất ưu đãi. ✅Bảo hành 6 tháng hoặc 10.000km động cơ, máy móc.  ✅Bảo dưỡng thay nhớt một lần miễn phí trước khi giao xe.  ✅Hỗ trợ test hãng có văn bản _________________________________ ----THẮNG TRẦN AUTO---- CHUYÊN MUA BÁN - TRAO ĐỔI XE ĐÃ QUA SỬ DỤNG. XE ĐÃ QUA KIỂM ĐỊNH CHẤT LƯỢNG VÀ CÓ BẢO HÀNH ---------------------- ----------------------",110000,N/A,Đang cập nhật,Đã sử dụng,Bảo hành hãng,2021,1.9 AT 4x2,Tự động,Dầu,Pick-up (bán tải),Khác,N/A,N/A,N/A,N/A,N/A,N/A,N/A,N/A,> 1 tấn,> 2 tấn,car_p49_s16_1774768919,https://xe.chotot.com/mua-ban-oto-thanh-pho-thuan-an-binh-duong/126436719.htm
p49_s17_1774768931,Mazda 3 2016 2.0 AT Sedan - 90000 km,Mazda 3,379.0,"Cần bán Madaza 3 2016 bản 2.0 số tự động nội thất nguyên bản theo xe . Nghế điện UD kính . Bản Full máy móc nguyên bản. Xe ko gập nước ko đâm va cam kết chất lượng.  - ODO 90.000 km, sản xuất tại Việt Nam.   - Thiết kế thể thao, nội thất tiện nghi.   -",90000,N/A,Việt Nam,Đã sử dụng,Bảo hành hãng,2016,2.0 AT Sedan,Tự động,Xăng,Sedan,5,FWD,155 HP @6000 RPM,200 Nm @4000 RPM,2,N/A,2,160,4,> 1 tấn,> 2 tấn,car_p49_s17_1774768931,https://xe.chotot.com/mua-ban-oto-quan-bac-tu-liem-ha-noi/130437170.htm
p49_s18_1774768942,Mazda BT-50 prenium AT 2 cầu đỗi xe,BT-50,333.33,"Mazda BT-50 màu đen, xe bán tải 5 chỗ nhập khẩu Thái Lan.  - Động cơ dầu mạnh mẽ, hộp số tự động.  - Thiết kế nam tính, nội thất rộng rãi.  - Phù hợp đi công trường, chở hàng hoặc gia đình.",9000,N/A,Thái Lan,Đã sử dụng,Bảo hành hãng,2020,Premium 3.2L 4x4 AT,Tự động,Dầu,Pick-up (bán tải),Khác,N/A,N/A,N/A,N/A,N/A,N/A,N/A,N/A,> 1 tấn,> 2 tấn,car_p49_s18_1774768942,https://xe.chotot.com/mua-ban-oto-thanh-pho-pleiku-gia-lai/130534094.htm
p49_s19_1774768951,Mazda 3 2019 1.5AT Đỏ 100000 km,Mazda 3,448.0,"Mazda 3 2019 1.5AT chạy 10 vạn km một chủ sử dụng từ mới. Bảo dưỡng full tại hãng. Xe không đâm, không ngập",100000,Có,Đang cập nhật,Đã sử dụng,Bảo hành hãng,2019,1.5L Premium,Tự động,Xăng,Sedan,5,N/A,N/A,N/A,N/A,N/A,N/A,N/A,4,> 1 tấn,> 2 tấn,car_p49_s19_1774768951,https://xe.chotot.com/mua-ban-quan-hoang-mai-ha-noi/130514076.htm
p50_s0_1774768970,Mazda CX 5 Premium 2.0 AT - giao xe trước Tết,Mazda Other,789.0,"🎉ƯU ĐÃI GIẢM GIÁ LÊN ĐẾN 45 TRIỆU🎉 - Tặng Bảo hiểm -  ✨ Phiên bản sang trọng – lựa chọn của người tinh tế  Mazda CX-5 – không chỉ là một chiếc SUV, mà là biểu tượng của đẳng cấp và cảm xúc sau tay lái. 📍 Thiết kế KODO sang trọng 📍 Nội thất tinh tế 📍 Cảm giác lái mượt mà chuẩn Mazda ✔️ Sẵn xe giao ngay ✔️ Trả góp 80-85% lãi suất siêu ưu đãi,hỗ trợ hồ sơ nhanh gọn ✔️ Bảo hành chính hãng 5 năm/150.000Km",N/A,N/A,Việt Nam,Mới,Bảo hành hãng,2025,Premium 2.0 AT,Tự động,Xăng,SUV / Cross over,5,N/A,N/A,N/A,N/A,N/A,N/A,N/A,N/A,N/A,N/A,car_p50_s0_1774768970,https://xe.chotot.com/mua-ban-oto-quan-phu-nhuan-tp-ho-chi-minh/130191478.htm
p50_s1_1774768983,mazda 2 sport zin 1 chủ chạy kỹ hò sơ cầm tay,Mazda 2,295.0,"Mazda 2-2016 1 chủ từ đầu  Bản spoort hatbank  1 chủ chạy kỹ bảo dưỡng full lịch sử hãng  Bao không lỗi , máy số nguyên  Zin , đẹp không tùy vết  Bstp ngay chủ bao ký giấy thu hồi liền cho ae về bấm số  Gia bán 295 tr Xem Xe quan 12 ngã tư ga  Bao check toàn quốc  Alo Dũng.",106000,Có,Việt Nam,Đã sử dụng,Bảo hành hãng,2016,1.5 AT Hatchback,Tự động,Xăng,Hatchback,5,FWD,109 HP @6000 RPM,141 Nm @4000 RPM,1.5,5,N/A,N/A,5,> 1 tấn,> 2 tấn,car_p50_s1_1774768983,https://xe.chotot.com/mua-ban-oto-quan-12-tp-ho-chi-minh/130122722.htm
p50_s2_1774768997,Mazda 3 Hatchback 2016 1 chủ rất đẹp!!,Mazda 3,348.0,"Mazda 3 Hatchback đời 2016 màu xám, xe một chủ, bảo dưỡng đầy đủ. - Odo 68.000 Km, sơn zin, 4 vỏ mới. - Gầm máy, nội thất còn mới. - Xe 5 chỗ, tiện nghi, vận hành êm ái.",68000,Có,Việt Nam,Đã sử dụng,Bảo hành hãng,2016,1.5 AT Hatchback,Tự động,Xăng,Hatchback,5,FWD,112 HP @6000 RPM,144 Nm @4000 RPM,1.5,5,2,160,5,> 1 tấn,> 2 tấn,car_p50_s2_1774768997,https://xe.chotot.com/mua-ban-oto-quan-go-vap-tp-ho-chi-minh/130530018.htm
p50_s3_1774769014,Mazda 3s 2013 Đen 110000 km,Mazda 3,268.0,Mazda 3s 2013 đăng ký 12/2013 xe zin nguyên bản odo 11v xe zin đẹp ko lỗi ko đâm đụng ngập nước 1 chủ mua mới  bao check test bao rút hô sơ hố trợ sang tên nhanh chóng Giá 268tr thương lượng xem xe ở quân 12 tphcm Lh hoặc ib zalo,110000,N/A,Việt Nam,Đã sử dụng,Bảo hành hãng,2013,1.6 AT Sedan,Tự động,Xăng,Sedan,5,FWD,103 HP @6000 RPM,147 Nm @4000 RPM,1.6,7.8,2,160,4,> 1 tấn,> 2 tấn,car_p50_s3_1774769014,https://xe.chotot.com/mua-ban-oto-quan-go-vap-tp-ho-chi-minh/130528666.htm
p50_s4_1774769026,MAZDA 3 2024 LUXURY SIÊU ĐẸP,Mazda 3,615.0,"✨ MAZDA 3 LUXURY 2024 – XE LƯỚT CỰC ĐẸP, GIÁ HỜI ✨  🔰 Mazda 3 Luxury 2024 📍 Odo: 16.000 km – xe chạy lướt, còn rất mới 💰 Giá: 627 – lựa chọn quá tốt trong phân khúc sedan hạng C  🔥 Điểm nổi bật:  Thiết kế KODO hiện đại, trẻ trung, form xe thể thao  Động cơ 1.5L vận hành êm ái – tiết kiệm nhiên liệu  Hộp số tự động mượt mà, phù hợp đi phố & đường dài  Nội thất sang trọng: ghế da, màn hình trung tâm, vô lăng tích hợp phím chức năng  An toàn vượt trội: Cruise Control, Camera lùi, cảm biến, cân bằng điện tử, hỗ trợ khởi hành ngang dốc…  ✅ Cam kết:  Xe chuẩn pháp lý, không tai nạn, không thủy kích  Odo chuẩn – bao check test hãng/toàn quốc  Hỗ trợ sang tên nhanh gọn  📩 Quan tâm inbox hoặc gọi ngay *** để xem xe & thương lượng giá tốt!",16000,Có,Việt Nam,Đã sử dụng,Bảo hành hãng,2024,1.5L Luxury,Tự động,Xăng,Hatchback,Khác,N/A,N/A,N/A,N/A,N/A,N/A,N/A,N/A,> 1 tấn,> 2 tấn,car_p50_s4_1774769026,https://xe.chotot.com/mua-ban-oto-quan-tan-phu-tp-ho-chi-minh/130119537.htm
p50_s5_1774769037,Mazda 626 Đen Số sàn,Mazda 6,58.0,"Bán xe Mazda 626 màu đen, số sàn.  - Xe vận hành tốt, máy móc ổn định.  - Thiết kế cổ điển, bền bỉ.  - Phù hợp cho người thích xe số sàn.",20000,Có,Đang cập nhật,Đã sử dụng,Bảo hành hãng,1995,N/A,Số sàn,Xăng,N/A,5,N/A,N/A,N/A,N/A,N/A,N/A,N/A,N/A,> 1 tấn,> 2 tấn,car_p50_s5_1774769037,https://xe.chotot.com/mua-ban-oto-quan-cam-le-da-nang/130527200.htm
p50_s6_1774769045,Mazda 3 Vàng cát 5 chỗ,Mazda 3,350.0,"Gia đình lên đời can bán mazda 3 AT đời 2016, odo 105 vạn",105000,N/A,Đang cập nhật,Đã sử dụng,Bảo hành hãng,2016,1.5 AT Sedan,Tự động,Xăng,Sedan,5,FWD,112 HP @6000 RPM,144 Nm @4000 RPM,1.5,5,2,160,4,> 1 tấn,> 2 tấn,car_p50_s6_1774769045,https://xe.chotot.com/mua-ban-oto-thanh-pho-buon-ma-thuot-dak-lak/130525495.htm
p50_s7_1774769053,Mazda CX5 2022 2.5L Premium 53.000km,CX-5,755.0,"🚘MAZDA CX5 bản 2.5L Premium  🍀 Sản xuất: 2022 🍀 ODO: 53.000km  🍀 Màu: Trắng 🍀 Động cơ: Xăng  🍀 Biển số: Tỉnh ⚡️ Xe trang bị: Dán phim cách nhiệt, sàn, cam 360,…. ⚡️ Xe cam kết chất lượng: không đâm đụng, không ngập nước, odo chuẩn, pháp lý chuẩn. - 𝕋𝕙𝕦 𝕞𝕦𝕒 𝕩𝕖 𝕥𝕒̣̂𝕟 𝕟𝕠̛𝕚,𝕙𝕠̂̃ 𝕥𝕣𝕠̛̣ 𝕥𝕣𝕒̉ 𝕘𝕠́𝕡.  - ℕ𝕙𝕒̣̂𝕟 𝕔𝕒́𝕡 đ𝕠̂̉𝕚, 𝕓𝕦̀ 𝕥𝕣𝕦̛̀ 𝕥𝕒̂́𝕥 𝕔𝕒̉ 𝕔𝕒́𝕔 𝕕𝕠̀𝕟𝕘 𝕩𝕖 𝕢𝕦𝕒 𝕤𝕦̛̉ 𝕕𝕦̣𝕟𝕘.  - 𝕏𝕖 𝕔𝕠̣𝕡 𝕩𝕖 𝕝𝕦̛𝕠̛́𝕥 𝕞𝕦𝕒 𝕔𝕒𝕠 𝕙𝕠̛𝕟 𝕥𝕦̛̀ 𝟙𝟘- 30tr",53000,N/A,Nước khác,Đã sử dụng,Bảo hành hãng,2022,Signature Premium 2.5 AT AWD I-Activ,Tự động,Xăng,SUV / Cross over,Khác,N/A,N/A,N/A,N/A,N/A,N/A,N/A,N/A,> 1 tấn,> 2 tấn,car_p50_s7_1774769053,https://xe.chotot.com/mua-ban-oto-thanh-pho-thu-duc-tp-ho-chi-minh/130491775.htm
p50_s8_1774769066,Mazda 3 2017 1.5 AT Sedan - 12000 km,Mazda 3,400.0,"Ban xe Mazda 3 cuối 2017 bản pilip phanh tay điện tử , xe nguyên bản từ a_z bảo dưỡng định kỳ  Xe bán cam kết nguyên bản bao chếch tét toan quoc , xem xe tại Hải phòng",12000,N/A,Việt Nam,Đã sử dụng,Bảo hành hãng,2017,1.5 AT Sedan,Tự động,Xăng,Sedan,5,FWD,112 HP @6000 RPM,144 Nm @4000 RPM,1.5,5,2,160,4,> 1 tấn,> 2 tấn,car_p50_s8_1774769066,https://xe.chotot.com/mua-ban-oto-huyen-an-lao-hai-phong/130523379.htm
p50_s9_1774769077,Mazda CX5 2.0L 2015 Một chủ mua từ mới - Xe đẹp,CX-5,399.0,"Bán Mazda CX5 2.0L 5 chỗ số tự động Sx 10/2015  Xe một chủ mua mới  Xe có ghế chỉnh điện, gương gập điện, điều hoà 2 vùng độc lập, nút bấm tích hợp trên vô lăng… Xe đẹp anh chị mua xài an tâm",79000,Có,Việt Nam,Đã sử dụng,Bảo hành hãng,2015,2.0 AT,Tự động,Xăng,SUV / Cross over,Khác,N/A,N/A,N/A,N/A,N/A,N/A,N/A,N/A,> 1 tấn,> 2 tấn,car_p50_s9_1774769077,https://xe.chotot.com/mua-ban-oto-thanh-pho-thu-duc-tp-ho-chi-minh/130523319.htm
p50_s10_1774769090,Mazda CX5 2022 2.5L Premium 53.000km,CX-5,755.0,"🚘MAZDA CX5 bản 2.5L Premium  🍀 Sản xuất: 2022 🍀 ODO: 53.000km  🍀 Màu: Trắng 🍀 Động cơ: Xăng  🍀 Biển số: Tỉnh ⚡️ Xe trang bị: Dán phim cách nhiệt, sàn, cam 360,…. ⚡️ Xe cam kết chất lượng: không đâm đụng, không ngập nước, odo chuẩn, pháp lý chuẩn. 💵💵 Giá Bán: 755tr",53000,N/A,Nước khác,Đã sử dụng,Bảo hành hãng,2022,Premium,Tự động,Xăng,SUV / Cross over,7,FWD,154 HP (115 kW),200 Nm,2,N/A,6,N/A,5,> 1 tấn,> 2 tấn,car_p50_s10_1774769090,https://xe.chotot.com/mua-ban-oto-thanh-pho-thu-duc-tp-ho-chi-minh/130489691.htm
p50_s11_1774769103,Mazda CX-5 2022 Đen 6 vạn km,CX-5,655.0,"SẮM OTO SANG - ĐÓN TẾT HOÀNH TRÁNG  📲Mazda CX-5 2022   ✴️Xe phố chính chủ công chứng ra tên bấm biển cái rẹt ✴️Odo 6 vạn - Máy móc nguyên zinn ✴️Ngoại hình còn đẹp ạ ✴️Xe chưa đâm đụng ngập nước ạ  🔥NHANH TAY NÀOOOOOOO🔥 🔥RƯỚC EM NÓ VỀ DU XUÂN THÔI 🔥  ⭕️ Giá : ib mình sẽ có giá *** nhé ➖➖➖➖➖➖➖➖➖➖➖➖➖➖ 📌 𝐇Ỗ 𝐓𝐑𝐎̛̣ 𝐓𝐑𝐀̉ 𝐆𝐎́𝐏 𝐔̛𝐔 Đ𝐀̃𝐈:   💰 Trả góp 0đ - không cần trả trước   ✔ Duyệt hs nhanh – Không thẩm định người thân   ✔ Hỗ trợ cả khách có nợ xấu  ➖➖➖➖➖➖➖➖➖➖➖➖➖➖➖ ✨ 🏪 CẦM ĐỒ NINA – CỨ ĐƯA LÀ CẦM ✨  🔒 An toàn – Minh bạch – Thủ tục nhanh gọn ➖➖➖➖➖➖➖➖➖➖➖➖➖➖➖ 📌 DỊCH VỤ ĐA DẠNG: 🛑 Công nghệ - Điện tử: • Máy tính, laptop • Máy ảnh, máy quay phim • Máy chiếu, console game • Đồ chơi công nghệ cao 🛑 Phương tiện giao thông: • Xe đạp, xe máy • Ô tô, xe tải 🛑 Tài sản giá trị: • Vàng, trang sức • Bằng lái xe các loại 🛑 Khác: • Sim số đẹp • Đồ dùng văn phòng • Đồ điện gia dụng ━━━━━━━━━━━━━━━━━━━━ 📞 GỌI NGAY/ZALO: ***-*** 📍 Địa chỉ: 106a Cách Mạng Tháng 8 - Pleiku- Gia Lai 📍 Địa chỉ: 04 Nguyễn Tất Thành - Pleiku- Gia Lai 📍 Địa chỉ: 292 Lê Duẩn - Pleiku- Gia Lai 🛡FB : CẦM ĐỒ NINA 🔰 HỖ TRỢ NHIỆT TÌNH – ĐỊNH GIÁ NHANH – BẢO QUẢN TÀI SẢN AN TOÀN #MáyTính #Laptop #Macbook #PC #MáyẢnh #MáyQuay #MáyChiếu #Loa #Amply #ConsoleGame #Nintendo #Sim #XeMáy #Ôtô #XeTải #XeĐạp #TrangSức #ĐồngHồ #Casio #MáyIn #MáyFax #Tivi #TủLạnh #MáyGiặt #ĐiềuHoà",60000,Có,Đang cập nhật,Đã sử dụng,Bảo hành hãng,2022,Deluxe 2.0 AT,Tự động,Xăng,SUV / Cross over,Khác,N/A,N/A,N/A,N/A,N/A,N/A,N/A,N/A,> 1 tấn,> 2 tấn,car_p50_s11_1774769103,https://xe.chotot.com/mua-ban-oto-thanh-pho-pleiku-gia-lai/130519919.htm
p50_s12_1774769111,Mazda 3 2015 1.5 AT Vàng cam,Mazda 3,359.0,"SẮM OTO ĐI TẾT ANH EM ƠIIIIIIII  📲MAZDA 3 2015 1.5 AT xe gốc Gia Lai 1 chủ mua mới từ đầu Odo 6 vạn chuẩn  ✴️Xe phố chính chủ dễ dàng sang tên ✴️Máy móc zin nguyên êm ru ✴️Xe chưa đâm đụng ngập nước ✴️Đã lên màu cực dễ thương  🔥NHANH TAY NÀOOOOOOO🔥  ⭕️ Giá : ib mình sẽ có giá *** nhé ➖➖➖➖➖➖➖➖➖➖➖➖➖➖ 📌 𝐇Ỗ 𝐓𝐑𝐎̛̣ 𝐓𝐑𝐀̉ 𝐆𝐎́𝐏 𝐔̛𝐔 Đ𝐀̃𝐈:   💰 Trả góp 0đ - không cần trả trước   ✔ Duyệt hs nhanh – Không thẩm định người thân   ✔ Hỗ trợ cả khách có nợ xấu  ➖➖➖➖➖➖➖➖➖➖➖➖➖➖➖ ✨ 🏪 CẦM ĐỒ NINA – CỨ ĐƯA LÀ CẦM ✨  🔒 An toàn – Minh bạch – Thủ tục nhanh gọn ➖➖➖➖➖➖➖➖➖➖➖➖➖➖➖ 📌 DỊCH VỤ ĐA DẠNG: 🛑 Công nghệ - Điện tử: • Máy tính, laptop • Máy ảnh, máy quay phim • Máy chiếu, console game • Đồ chơi công nghệ cao 🛑 Phương tiện giao thông: • Xe đạp, xe máy • Ô tô, xe tải 🛑 Tài sản giá trị: • Vàng, trang sức • Bằng lái xe các loại 🛑 Khác: • Sim số đẹp • Đồ dùng văn phòng • Đồ điện gia dụng ━━━━━━━━━━━━━━━━━━━━ 📞 GỌI NGAY/ZALO: ***-*** 📍 Địa chỉ: 106a Cách Mạng Tháng 8 - Pleiku- Gia Lai 📍 Địa chỉ: 04 Nguyễn Tất Thành - Pleiku- Gia Lai 📍 Địa chỉ: 292 Lê Duẩn - Pleiku- Gia Lai 🛡FB : CẦM ĐỒ NINA 🔰 HỖ TRỢ NHIỆT TÌNH – ĐỊNH GIÁ NHANH – BẢO QUẢN TÀI SẢN AN TOÀN #MáyTính #Laptop #Macbook #PC #MáyẢnh #MáyQuay #MáyChiếu #Loa #Amply #ConsoleGame #Nintendo #Sim #XeMáy #Ôtô #XeTải #XeĐạp #TrangSức #ĐồngHồ #Casio #MáyIn #MáyFax #Tivi #TủLạnh #MáyGiặt #ĐiềuHoà",60000,Có,Nước khác,Đã sử dụng,Bảo hành hãng,2015,1.5 AT Hatchback,Tự động,Xăng,Hatchback,5,FWD,112 HP @6000 RPM,144 Nm @4000 RPM,1.5,5,2,160,5,> 1 tấn,> 2 tấn,car_p50_s12_1774769111,https://xe.chotot.com/mua-ban-oto-thanh-pho-pleiku-gia-lai/130519840.htm
p50_s13_1774769120,Mazda Cx8 mẫu xe 7 chỗ,CX-8,944.0,"‼️ 💌🌟 NEW MAZDA CX-8 – DẪN LỐI ĐẲNG CẤP MỚI  G i á ưu đãi cuối năm - 944 Triệu   Bước sang hành trình mới với New Mazda CX-8, biểu tượng của sự tinh tế và đẳng cấp trong từng đường nét. Khoác lên mình ngôn ngữ thiết kế KODO – Linh hồn của sự chuyển động, CX-8 mang đến vẻ đẹp sang trọng, mạnh mẽ và đầy cuốn hút.  MAZDA BÌNH TRIỆU  📲 𝐇𝐨𝐭𝐥𝐢𝐧𝐞: *** ( Lộc Kia Mazda HCM)",N/A,N/A,Nhật Bản,Mới,Bảo hành hãng,2025,Premium,Tự động,Xăng,SUV / Cross over,7,N/A,N/A,N/A,N/A,N/A,N/A,N/A,N/A,N/A,N/A,car_p50_s13_1774769120,https://xe.chotot.com/mua-ban-oto-thanh-pho-thu-duc-tp-ho-chi-minh/130094776.htm
p50_s14_1774769129,Mazda CX5 2018 bản 2.5 xanh cavansise,CX-5,528.0,"madaz cx5 sản xuất 2018 bản cao cấp 2.5 full xăng ( 2 ghế điện) 👏👏👏 keo chỉ nguyên zin, máy zin, số zin, không đấm bốc, k bơi lội 🤝🤝🤝 nội thất theo xe hoàn toàn chưa phải mông má bọc lại gì hêt giá bình ổn 528 triệu",95000,N/A,Đang cập nhật,Đã sử dụng,Bảo hành hãng,2016,2.5 AT 2WD,Tự động,Xăng,SUV / Cross over,5,2WD,185 HP @5700 RPM,250Nm @3200 RPM,2.5,6.7,2,N/A,5,> 1 tấn,> 2 tấn,car_p50_s14_1774769129,https://xe.chotot.com/mua-ban-oto-quan-nam-tu-liem-ha-noi/130384816.htm
p50_s15_1774769141,Mazda 3 2018 1.5AT Trắng 80000 km,Mazda 3,420.0,"Mazda 3 2018 1.5AT màu trắng biển Hà Nội, xe gia đình sử dụng chạy 8 vạn km, không lỗi lầm, bao check mọi nơi theo yêu cầu",80000,Có,Việt Nam,Đã sử dụng,Bảo hành hãng,2018,1.5 AT Sedan,Tự động,Xăng,Hatchback,5,FWD,112 HP @6000 RPM,144 Nm @4000 RPM,1.5,5,4,160,5,> 1 tấn,> 2 tấn,car_p50_s15_1774769141,https://xe.chotot.com/mua-ban-oto-quan-hoang-mai-ha-noi/130514131.htm
p50_s16_1774769153,Mazda CX-5 2024 Premium 6000 km,CX-5,785.0,"🚗 MAZDA CX-5 PREMIUM 2024 – SIÊU LƯỚT NHƯ XE MỚI  Em chào bán Mazda CX-5 bản Premium 2024 ✔️ Odo chỉ 6.000 km – xe chạy cực ít ✔️ Xe lướt xịn, còn chưa bốc nilon ✔️ Form dáng đẹp, nội ngoại thất gần như xe mới  🔒 Cam kết rõ ràng: – Không đâm đụng – Không ngập nước – Không thuỷ kích – Xe nguyên zin theo xe, bao check mọi nơi  💰 Giá chào: 7xx triệu 👉 Thương lượng nhẹ cho quý anh/chị thiện chí 🥰  📍 Xem xe trực tiếp: Hoà An – Tuy Hoà – Phú Yên 📲 Liên hệ: *** (em Sơn) để được tư vấn chi tiết",6000,Có,Việt Nam,Đã sử dụng,Bảo hành hãng,2024,Premium 2.0 AT,Tự động,Xăng,SUV / Cross over,Khác,N/A,N/A,N/A,N/A,N/A,N/A,N/A,N/A,> 1 tấn,> 2 tấn,car_p50_s16_1774769153,https://xe.chotot.com/mua-ban-oto-thanh-pho-tuy-hoa-phu-yen/130513117.htm
p50_s17_1774769166,Mazda BT 50 2019 Premium 3.2L 4x4 AT - 95000 km,Mazda Other,500.0,"Full lịch sử bảo dưỡng hãng , 4 vỏ mới thay mới",95000,Có,Thái Lan,Đã sử dụng,Bảo hành hãng,2019,Premium 3.2L 4x4 AT,Tự động,Dầu,Pick-up (bán tải),Khác,N/A,N/A,N/A,N/A,N/A,N/A,N/A,N/A,> 1 tấn,> 2 tấn,car_p50_s17_1774769166,https://xe.chotot.com/mua-ban-oto-thanh-pho-di-an-binh-duong/130512018.htm
p50_s18_1774769175,Mazda 6 2016 2.5 AT - 109000 km,Mazda 6,395.0,Mazda 6 2.5AT sản xuất 2016 ✅ xe 1 chủ gia đình mua mới ✅4 vỏ mới tinh ✅Bảo dưỡng định kì đầy đủ ✅Option trang bị cơ bản  ✅Bán xe cam kết : không lỗi Ace nào qtam lh e,109000,Có,Việt Nam,Đã sử dụng,Bảo hành hãng,2016,2.5 AT,Tự động,Xăng,Sedan,5,FWD,185 HP @5700 RPM,250 Nm @3200 RPM,2.5,6.3,2,165,4,> 1 tấn,> 2 tấn,car_p50_s18_1774769175,https://xe.chotot.com/mua-ban-oto-quan-binh-tan-tp-ho-chi-minh/130157403.htm
p50_s19_1774769187,Mazda CX-30 2022 Luxury 2.0 AT - 80000 km,CX-30,600.0,"Xe nhập thái 1 chủ từ đầu xe bảo dưỡng hãng từ đầu , bao ko đâm đụng ko ngập nước .",80000,N/A,Thái Lan,Đã sử dụng,Bảo hành hãng,2022,Luxury 2.0 AT,Tự động,Xăng,SUV / Cross over,Khác,N/A,N/A,N/A,N/A,N/A,N/A,N/A,N/A,> 1 tấn,> 2 tấn,car_p50_s19_1774769187,https://xe.chotot.com/mua-ban-quan-8-tp-ho-chi-minh/130147286.htm
p30_s3_1774764661,Mazda 626 1992 Đen,Mazda 6,40.0,mazda 626.đời 1992. mạnh.lạnh.tốt. nội thất đẹp. giá cao nhé. bốn..chục triệu. vì xe rất chuẩn...,250000,N/A,Đang cập nhật,Đã sử dụng,Bảo hành hãng,1992,N/A,Số sàn,Xăng,N/A,5,N/A,N/A,N/A,N/A,N/A,N/A,N/A,N/A,> 1 tấn,> 2 tấn,car_p30_s3_1774764661,https://xe.chotot.com/mua-ban-oto-huyen-krong-a-na-dak-lak/131148983.htm